"num","domain_name","query_time","create_date","update_date","expiry_date","domain_registrar_id","domain_registrar_name","domain_registrar_whois","domain_registrar_url","registrant_name","registrant_company","registrant_address","registrant_city","registrant_state","registrant_zip","registrant_country","registrant_email","registrant_phone","registrant_fax","administrative_name","administrative_company","administrative_address","administrative_city","administrative_state","administrative_zip","administrative_country","administrative_email","administrative_phone","administrative_fax","technical_name","technical_company","technical_address","technical_city","technical_state","technical_zip","technical_country","technical_email","technical_phone","technical_fax","billing_name","billing_company","billing_address","billing_city","billing_state","billing_zip","billing_country","billing_email","billing_phone","billing_fax","name_server_1","name_server_2","name_server_3","name_server_4","domain_status_1","domain_status_2","domain_status_3","domain_status_4"
"1","bihui18.cc","2021-07-08 15:56:56","2021-06-29","2021-06-29","2022-06-29","146","GoDaddy.com, LLC","whois.godaddy.com","http://registrar.godaddy.com","","","","","","","","","","","","","","","","","","","","","","","","","","","","","","","","","","","","","","","","","ns35.domaincontrol.com","ns36.domaincontrol.com","","","clientDeleteProhibited","clientRenewProhibited","clientTransferProhibited","clientUpdateProhibited"
"2","blacklivesmatterlicensing.us","2021-07-08 15:54:10","2021-06-29","2021-07-04","2022-06-29","146","GoDaddy.com, LLC","whois.godaddy.com","http://registrar.godaddy.com","Shontae Savage","SAVVY SYNERGIES, LLC","295 Washington Ave, Apt 2D","Brooklyn","New York","11205","United States","shontaesavage@hotmail.com","+1.3475137993","","Shontae Savage","SAVVY SYNERGIES, LLC","295 Washington Ave, Apt 2D","Brooklyn","New York","11205","United States","shontaesavage@hotmail.com","+1.3475137993","","Shontae Savage","SAVVY SYNERGIES, LLC","295 Washington Ave, Apt 2D","Brooklyn","New York","11205","United States","shontaesavage@hotmail.com","+1.3475137993","","","","","","","","","","","","ns51.domaincontrol.com","ns52.domaincontrol.com","","","clientDeleteProhibited","clientRenewProhibited","clientTransferProhibited","clientUpdateProhibited"
"3","btc-lucro.com","2021-07-08 14:33:43","2021-06-29","2021-07-05","2022-06-29","1917","MainReg Inc.","whois.mainreg.com","","Domain Admin","Whois protection, this company does not own this domain name s.r.o.","Jaurisova 515/4","Praha 4","","14000","Czech Republic","btc-lucro.com@whoisprotection.domains","+420.226517351","+420.226517341","Domain Admin","Whois protection, this company does not own this domain name s.r.o.","Jaurisova 515/4","Praha 4","","14000","Czech Republic","btc-lucro.com@whoisprotection.domains","+420.226517351","+420.226517341","Domain Tech","Whois protection, this company does not own this domain name s.r.o.","Jaurisova 515/4","Praha 4","","14000","Czech Republic","btc-lucro.com@whoisprotection.domains","+420.226517351","+420.226517341","","","","","","","","","","","boyd.ns.cloudflare.com","brenda.ns.cloudflare.com","","","OK","","",""
"4","btclucro.com","2021-07-08 17:54:52","2021-06-29","2021-07-05","2022-06-29","1917","MainReg Inc.","whois.mainreg.com","","Domain Admin","Whois protection, this company does not own this domain name s.r.o.","Jaurisova 515/4","Praha 4","","14000","Czech Republic","btclucro.com@whoisprotection.domains","+420.226517351","+420.226517341","Domain Admin","Whois protection, this company does not own this domain name s.r.o.","Jaurisova 515/4","Praha 4","","14000","Czech Republic","btclucro.com@whoisprotection.domains","+420.226517351","+420.226517341","Domain Tech","Whois protection, this company does not own this domain name s.r.o.","Jaurisova 515/4","Praha 4","","14000","Czech Republic","btclucro.com@whoisprotection.domains","+420.226517351","+420.226517341","","","","","","","","","","","marty.ns.cloudflare.com","vida.ns.cloudflare.com","","","OK","","",""
"5","currlock.com","2021-07-08 11:55:07","2021-06-29","2021-06-29","2022-06-29","440","Wild West Domains, LLC","whois.wildwestdomains.com","http://www.wildwestdomains.com","Registration Private","Domains By Proxy, LLC","DomainsByProxy.com 2155 E Warner Rd","Tempe","Arizona","85284","United States","currlock.com@domainsbyproxy.com","+1.4806242599","+1.4806242598","Registration Private","Domains By Proxy, LLC","DomainsByProxy.com 2155 E Warner Rd","Tempe","Arizona","85284","United States","currlock.com@domainsbyproxy.com","+1.4806242599","+1.4806242598","Registration Private","Domains By Proxy, LLC","DomainsByProxy.com 2155 E Warner Rd","Tempe","Arizona","85284","United States","currlock.com@domainsbyproxy.com","+1.4806242599","+1.4806242598","","","","","","","","","","","evelyn.ns.cloudflare.com","jim.ns.cloudflare.com","","","clientDeleteProhibited","clientRenewProhibited","clientTransferProhibited","clientUpdateProhibited"
"6","customwinecoolers.ca","2021-07-08 09:45:47","2021-06-29","2021-07-04","2022-06-29","","","","","REDACTED FOR PRIVACY","REDACTED FOR PRIVACY","REDACTED FOR PRIVACY","REDACTED FOR PRIVACY","REDACTED FOR PRIVACY","REDACTED FOR PRIVACY","REDACTED FOR PRIVACY","","REDACTED FOR PRIVACY","REDACTED FOR PRIVACY","REDACTED FOR PRIVACY","REDACTED FOR PRIVACY","REDACTED FOR PRIVACY","REDACTED FOR PRIVACY","REDACTED FOR PRIVACY","REDACTED FOR PRIVACY","REDACTED FOR PRIVACY","","REDACTED FOR PRIVACY","REDACTED FOR PRIVACY","REDACTED FOR PRIVACY","REDACTED FOR PRIVACY","REDACTED FOR PRIVACY","REDACTED FOR PRIVACY","REDACTED FOR PRIVACY","REDACTED FOR PRIVACY","REDACTED FOR PRIVACY","","REDACTED FOR PRIVACY","REDACTED FOR PRIVACY","REDACTED FOR PRIVACY","REDACTED FOR PRIVACY","REDACTED FOR PRIVACY","REDACTED FOR PRIVACY","REDACTED FOR PRIVACY","REDACTED FOR PRIVACY","REDACTED FOR PRIVACY","","REDACTED FOR PRIVACY","REDACTED FOR PRIVACY","ns21.domaincontrol.com","ns22.domaincontrol.com","","","clientDeleteProhibited","clientTransferProhibited","clientUpdateProhibited","serverTransferProhibited"
"7","douceheuredumonde.fr","2021-07-08 01:52:15","2021-06-29","","2022-06-29","","","","","Douce Heure","","Douce Heure Grande rue de la Halle 40 38460 CREMIEU","","","","France","christel0975@yahoo.fr","+33.608843307","","Douce Heure","","Douce Heure Grande rue de la Halle 40 38460 CREMIEU","","","","France","christel0975@yahoo.fr","+33.608843307","","1&1 Internet SARL","","1&1 Internet SARL 7, place de la Gare 57200 Sarreguemines","","","","France","hostmaster@1and1.fr","+33 9 70 80 89 11","+33 3 87 95 99 74","","","","","","","","","","","ns1016.ui-dns.org","ns1017.ui-dns.biz","ns1030.ui-dns.com","ns1048.ui-dns.de","ACTIVE","","",""
"8","fabemon.co","2021-07-08 11:20:49","2021-06-29","2021-07-04","2022-06-29","146","GoDaddy.com, LLC","whois.godaddy.com","http://registrar.godaddy.com","REDACTED FOR PRIVACY","","REDACTED FOR PRIVACY REDACTED FOR PRIVACY REDACTED FOR PRIVACY","REDACTED FOR PRIVACY","Uttar Pradesh","REDACTED FOR PRIVACY","India","","REDACTED FOR PRIVACY","REDACTED FOR PRIVACY","REDACTED FOR PRIVACY","REDACTED FOR PRIVACY","REDACTED FOR PRIVACY REDACTED FOR PRIVACY REDACTED FOR PRIVACY","REDACTED FOR PRIVACY","REDACTED FOR PRIVACY","REDACTED FOR PRIVACY","REDACTED FOR PRIVACY","","REDACTED FOR PRIVACY","REDACTED FOR PRIVACY","REDACTED FOR PRIVACY","REDACTED FOR PRIVACY","REDACTED FOR PRIVACY REDACTED FOR PRIVACY REDACTED FOR PRIVACY","REDACTED FOR PRIVACY","REDACTED FOR PRIVACY","REDACTED FOR PRIVACY","REDACTED FOR PRIVACY","","REDACTED FOR PRIVACY","REDACTED FOR PRIVACY","","","","","","","","","","","ns57.domaincontrol.com","ns58.domaincontrol.com","","","clientDeleteProhibited","clientRenewProhibited","clientTransferProhibited","clientUpdateProhibited"
"9","fldkkckliofkleidfoieklfdkeoilk.me","2021-07-08 06:11:33","2021-06-29","","2022-06-29","141","Cronon AG","whois.cronon.net","http://www.cronon.net","","","","","","","France","","","","","","","","","","","","","","","","","","","","","","","","","","","","","","","","","","docks08.rzone.de","shades06.rzone.de","","","serverTransferProhibited","","",""
"10","glanceyouth.us","2021-07-09 00:13:14","2021-06-29","2021-07-07","2022-06-29","1068","NameCheap, Inc.","whois.namecheap.com","http://www.namecheap.com","Lea Jones","","3294 Briercliff Road","Bronx","NY","10459","United States","admin@storagesblogs.com","+1.7186176767","","Lea Jones","","3294 Briercliff Road","Bronx","NY","10459","United States","admin@storagesblogs.com","+1.7186176767","","Lea Jones","","3294 Briercliff Road","Bronx","NY","10459","United States","admin@storagesblogs.com","+1.7186176767","","","","","","","","","","","","ns1.glanceyouth.us","ns2.glanceyouth.us","","","clientTransferProhibited","","",""
"11","gorishiba.com","2021-07-08 16:37:02","2021-06-29","2021-06-29","2022-06-29","49","GMO Internet Inc.","whois.discount-domain.com","http://www.onamae.com","Whois Privacy Protection Service by onamae.com","Whois Privacy Protection Service by onamae.com","26-1 Sakuragaoka-cho Cerulean Tower 11F","Shibuya-ku","Tokyo","150-8512","Japan","proxy@whoisprotectservice.com","+81.354562560","","Whois Privacy Protection Service by onamae.com","Whois Privacy Protection Service by onamae.com","26-1 Sakuragaoka-cho Cerulean Tower 11F","Shibuya-ku","Tokyo","150-8512","Japan","proxy@whoisprotectservice.com","+81.354562560","","Whois Privacy Protection Service by onamae.com","Whois Privacy Protection Service by onamae.com","26-1 Sakuragaoka-cho Cerulean Tower 11F","Shibuya-ku","Tokyo","150-8512","Japan","proxy@whoisprotectservice.com","+81.354562560","","","","","","","","","","","","ns1.dns.ne.jp","ns2.dns.ne.jp","","","OK","","",""
"12","gszdsd.com","2021-07-08 16:36:00","2021-06-29","2021-06-29","2022-06-29","1556","Chengdu West Dimension Digital Technology Co., Ltd.","whois.west263.com","http://www.west263.com","REDACTED FOR PRIVACY","REDACTED FOR PRIVACY","REDACTED FOR PRIVACY","REDACTED FOR PRIVACY","Gan Su","REDACTED FOR PRIVACY","China","","REDACTED FOR PRIVACY","REDACTED FOR PRIVACY","REDACTED FOR PRIVACY","REDACTED FOR PRIVACY","REDACTED FOR PRIVACY","REDACTED FOR PRIVACY","REDACTED FOR PRIVACY","REDACTED FOR PRIVACY","REDACTED FOR PRIVACY","","REDACTED FOR PRIVACY","REDACTED FOR PRIVACY","REDACTED FOR PRIVACY","REDACTED FOR PRIVACY","REDACTED FOR PRIVACY","REDACTED FOR PRIVACY","REDACTED FOR PRIVACY","REDACTED FOR PRIVACY","REDACTED FOR PRIVACY","","REDACTED FOR PRIVACY","REDACTED FOR PRIVACY","","","","","","","","","","","ns5.myhostadmin.net","ns6.myhostadmin.net","","","OK","","",""
"13","healthbrokersacademy.co","2021-07-08 09:53:56","2021-06-29","2021-07-04","2022-06-29","1068","NameCheap, Inc.","whois.namecheap.com","http://www.namecheap.com","REDACTED FOR PRIVACY","","REDACTED FOR PRIVACY REDACTED FOR PRIVACY REDACTED FOR PRIVACY","REDACTED FOR PRIVACY","MS","REDACTED FOR PRIVACY","United States","","REDACTED FOR PRIVACY","REDACTED FOR PRIVACY","REDACTED FOR PRIVACY","REDACTED FOR PRIVACY","REDACTED FOR PRIVACY REDACTED FOR PRIVACY REDACTED FOR PRIVACY","REDACTED FOR PRIVACY","REDACTED FOR PRIVACY","REDACTED FOR PRIVACY","REDACTED FOR PRIVACY","","REDACTED FOR PRIVACY","REDACTED FOR PRIVACY","REDACTED FOR PRIVACY","REDACTED FOR PRIVACY","REDACTED FOR PRIVACY REDACTED FOR PRIVACY REDACTED FOR PRIVACY","REDACTED FOR PRIVACY","REDACTED FOR PRIVACY","REDACTED FOR PRIVACY","REDACTED FOR PRIVACY","","REDACTED FOR PRIVACY","REDACTED FOR PRIVACY","","","","","","","","","","","dns1.registrar-servers.com","dns2.registrar-servers.com","","","OK","","",""
"14","k2comptoir.fr","2021-07-08 16:56:12","2021-06-29","2021-06-29","2022-06-29","","","","","ANFPP","","10 rue TESSON 75010 PARIS","","","","France","anfppparis@wanadoo.fr","+33.142065900","","Ludovic Quercy","","LINWARE France 18 rue Sainte Anne 78200 MANTES LA JOLIE","","","","France","hebergement@linware.fr","+33.185500122","","Ludovic Quercy","","LINWARE France 18 rue Sainte Anne 78200 MANTES LA JOLIE","","","","France","hebergement@linware.fr","+33.185500122","","","","","","","","","","","","ns1.netim.net","ns2.netim.net","ns3.netim.net","","ACTIVE","","",""
"15","lampart.top","2021-07-08 15:02:11","2021-06-29","","2022-06-29","1599","Alibaba Cloud Computing Ltd. d/b/a HiChina (www.net.cn)","http://whois.hichina.com/","http://www.net.cn","REDACTED FOR PRIVACY","li hao ran","REDACTED FOR PRIVACY","REDACTED FOR PRIVACY","si chuan","REDACTED FOR PRIVACY","China","","REDACTED FOR PRIVACY","REDACTED FOR PRIVACY","REDACTED FOR PRIVACY","REDACTED FOR PRIVACY","REDACTED FOR PRIVACY","REDACTED FOR PRIVACY","REDACTED FOR PRIVACY","REDACTED FOR PRIVACY","REDACTED FOR PRIVACY","","REDACTED FOR PRIVACY","REDACTED FOR PRIVACY","REDACTED FOR PRIVACY","REDACTED FOR PRIVACY","REDACTED FOR PRIVACY","REDACTED FOR PRIVACY","REDACTED FOR PRIVACY","REDACTED FOR PRIVACY","REDACTED FOR PRIVACY","","REDACTED FOR PRIVACY","REDACTED FOR PRIVACY","","","","","","","","","","","dns29.hichina.com","dns30.hichina.com","","","OK","","",""
"16","matter.madrid","2021-07-08 14:47:50","2021-06-29","2021-07-05","2022-07-05","379","Arsys Internet, S.L. dba NICLINE.COM","whois.nicline.com","http://www.nicline.com","","","","","Barcelona","","Spain","","","","","","","","","","","","","","","","","","","","","","","","","","","","","","","","","","dns41.servidoresdns.net","dns42.servidoresdns.net","","","addPeriod","clientTransferProhibited","serverTransferProhibited",""
"17","nvbe.fr","2021-07-08 06:26:45","2021-06-29","2021-06-29","2022-06-29","","","","","Ei Pierre-Henri POIRET","","Ei Pierre-Henri POIRET 70 bis rue du General Leclerc 59350 Saint Andre-lez-Lille","","","","France","sdsq0330iaemhczzag1v@m.o-w-o.info","+33.618941438","","Ano Nymous","","","","","","","","","","OVH NET","","OVH 140, quai du Sartel 59100 Roubaix","","","","France","tech@ovh.net","+33 8 99 70 17 61","","","","","","","","","","","","dns106.ovh.net","ns106.ovh.net","","","ACTIVE","","",""
"18","out-fund.co","2021-07-08 16:24:24","2021-06-29","2021-07-04","2022-06-29","146","GoDaddy.com, LLC","whois.godaddy.com","http://registrar.godaddy.com","REDACTED FOR PRIVACY","","REDACTED FOR PRIVACY REDACTED FOR PRIVACY REDACTED FOR PRIVACY","REDACTED FOR PRIVACY","London","REDACTED FOR PRIVACY","United Kingdom","","REDACTED FOR PRIVACY","REDACTED FOR PRIVACY","REDACTED FOR PRIVACY","REDACTED FOR PRIVACY","REDACTED FOR PRIVACY REDACTED FOR PRIVACY REDACTED FOR PRIVACY","REDACTED FOR PRIVACY","REDACTED FOR PRIVACY","REDACTED FOR PRIVACY","REDACTED FOR PRIVACY","","REDACTED FOR PRIVACY","REDACTED FOR PRIVACY","REDACTED FOR PRIVACY","REDACTED FOR PRIVACY","REDACTED FOR PRIVACY REDACTED FOR PRIVACY REDACTED FOR PRIVACY","REDACTED FOR PRIVACY","REDACTED FOR PRIVACY","REDACTED FOR PRIVACY","REDACTED FOR PRIVACY","","REDACTED FOR PRIVACY","REDACTED FOR PRIVACY","","","","","","","","","","","ns35.domaincontrol.com","ns36.domaincontrol.com","","","clientDeleteProhibited","clientRenewProhibited","clientTransferProhibited","clientUpdateProhibited"
"19","redatoch.com","2021-07-08 16:12:15","2021-06-29","2021-07-05","2022-06-29","48","eNom, Inc.","whois.enom.com","http://www.enom.com","REDACTED FOR PRIVACY","REDACTED FOR PRIVACY","REDACTED FOR PRIVACY","REDACTED FOR PRIVACY","MD","REDACTED FOR PRIVACY","United States","","REDACTED FOR PRIVACY","REDACTED FOR PRIVACY","REDACTED FOR PRIVACY","REDACTED FOR PRIVACY","REDACTED FOR PRIVACY","REDACTED FOR PRIVACY","REDACTED FOR PRIVACY","REDACTED FOR PRIVACY","REDACTED FOR PRIVACY","","REDACTED FOR PRIVACY","REDACTED FOR PRIVACY","REDACTED FOR PRIVACY","REDACTED FOR PRIVACY","REDACTED FOR PRIVACY","REDACTED FOR PRIVACY","REDACTED FOR PRIVACY","REDACTED FOR PRIVACY","REDACTED FOR PRIVACY","","REDACTED FOR PRIVACY","REDACTED FOR PRIVACY","","","","","","","","","","","ns117.cloudracked.com","ns118.cloudracked.com","","","clientTransferProhibited","","",""
"20","refaccionesclubcar.com","2021-07-08 16:11:32","2021-06-29","2021-07-05","2026-06-29","1705","Network Information Center Mexico, S.C.","whois.inregistry.in","http://www.akky.mx","Redacted for Privacy (Redactado por Privacidad)","Agencias Mercantiles, SA de CV","Redacted for Privacy (Redactado por Privacidad)","Redacted for Privacy (Redactado por Privacidad)","Yucatan","Redacted for Privacy (Redactad","Mexico","","Redacted for Privacy (Redactad","Redacted for Privacy (Redactad","","","","","","","","","","","","","","","","","","","","","","","","","","","","","","","ns1.akkyservicios.mx","ns2.akkyservicios.mx","ns3.akkyservicios.mx","","clientTransferProhibited","","",""
"21","ridingbeach.fr","2021-07-08 05:29:11","2021-06-29","","2022-06-29","","","","","Ridingbeach","","Ridingbeach Quai des americains 6 59140 Dunkerque","","","","France","adriendenis22@gmail.com","+33.612875004","","Ridingbeach","","Ridingbeach Quai des americains 6 59140 Dunkerque","","","","France","adriendenis22@gmail.com","+33.612875004","","1&1 Internet SARL","","1&1 Internet SARL 7, place de la Gare 57200 Sarreguemines","","","","France","hostmaster@1and1.fr","+33 9 70 80 89 11","+33 3 87 95 99 74","","","","","","","","","","","ns1017.ui-dns.de","ns1027.ui-dns.com","ns1050.ui-dns.org","ns1087.ui-dns.biz","ACTIVE","","",""
"22","theboyscout1.com","2021-07-08 06:03:42","2021-06-29","2021-07-05","2022-06-29","3775","ALIBABA.COM SINGAPORE E-COMMERCE PRIVATE LIMITED","","","","","","","Zhong Qing Shi","","China","","","","","","","","","","","","","","","","","","","","","","","","","","","","","","","","","","cloe.ns.cloudflare.com","sergi.ns.cloudflare.com","","","OK","","",""
"23","theonesbeauty.com","2021-07-08 17:09:14","2021-06-29","2021-07-08","2022-06-29","2374","Hosting Ukraine LLC","whois.afilias.info","http://www.ukraine.com.ua","Privacy Protection","Hosting Ukraine LLC","PO Box 65","Kiev","Kiev Region","04112","Ukraine","aa31e2bc65a8585072@privacyprotected.net","+380.443927433","","Privacy Protection","Hosting Ukraine LLC","PO Box 65","Kiev","Kiev Region","04112","Ukraine","aa31e2bc65a8585072@privacyprotected.net","+380.443927433","","Privacy Protection","Hosting Ukraine LLC","PO Box 65","Kiev","Kiev Region","04112","Ukraine","aa31e2bc65a8585072@privacyprotected.net","+380.443927433","","","","","","","","","","","","ns110.inhostedns.com","ns210.inhostedns.net","ns310.inhostedns.org","","OK","","",""
"24","tryngo.me","2021-07-08 04:17:48","2021-06-29","2021-07-03","2022-06-29","1068","NameCheap, Inc.","whois.namecheap.com","http://www.namecheap.com","Privacy service provided by Withheld for Privacy ehf","Privacy service provided by Withheld for Privacy ehf","","","Capital Region","","Iceland","","","","","","","","","","","","","","","","","","","","","","","","","","","","","","","","","","dns1.namecheaphosting.com","dns2.namecheaphosting.com","","","clientTransferProhibited","serverTransferProhibited","",""
"25","unityfestival.fr","2021-07-08 17:40:24","2021-06-29","2021-06-29","2022-06-29","","","","","EVENSTAR","","EVENSTAR 10 rue Octave Voyer 85100 Les Sables d'Olonne","","","","France","70vp505pgkpkh1er9lp2@b.o-w-o.info","+33.186860281","","EVENSTAR","","EVENSTAR 10 rue Octave Voyer 85100 Les Sables d'Olonne","","","","France","z28ek7fq82cjlspqfm1l@q.o-w-o.info","+33.186860281","","OVH NET","","OVH 140, quai du Sartel 59100 Roubaix","","","","France","tech@ovh.net","+33 8 99 70 17 61","","","","","","","","","","","","ns1.o2switch.net","ns2.o2switch.net","","","ACTIVE","","",""
"26","vameta.co","2021-07-08 06:12:35","2021-06-29","2021-07-04","2022-06-29","146","GoDaddy.com, LLC","whois.godaddy.com","http://registrar.godaddy.com","REDACTED FOR PRIVACY","","REDACTED FOR PRIVACY REDACTED FOR PRIVACY REDACTED FOR PRIVACY","REDACTED FOR PRIVACY","California","REDACTED FOR PRIVACY","United States","","REDACTED FOR PRIVACY","REDACTED FOR PRIVACY","REDACTED FOR PRIVACY","REDACTED FOR PRIVACY","REDACTED FOR PRIVACY REDACTED FOR PRIVACY REDACTED FOR PRIVACY","REDACTED FOR PRIVACY","REDACTED FOR PRIVACY","REDACTED FOR PRIVACY","REDACTED FOR PRIVACY","","REDACTED FOR PRIVACY","REDACTED FOR PRIVACY","REDACTED FOR PRIVACY","REDACTED FOR PRIVACY","REDACTED FOR PRIVACY REDACTED FOR PRIVACY REDACTED FOR PRIVACY","REDACTED FOR PRIVACY","REDACTED FOR PRIVACY","REDACTED FOR PRIVACY","REDACTED FOR PRIVACY","","REDACTED FOR PRIVACY","REDACTED FOR PRIVACY","","","","","","","","","","","ns21.domaincontrol.com","ns22.domaincontrol.com","","","clientDeleteProhibited","clientRenewProhibited","clientTransferProhibited","clientUpdateProhibited"
"27","zzzhuochen.top","2021-07-08 14:53:18","2021-06-29","","2022-06-29","1469","Jiangsu Bangning Science and technology Co. Ltd.","whois.55hl.com","http://www.55hl.com","REDACTED FOR PRIVACY","????????????","REDACTED FOR PRIVACY","REDACTED FOR PRIVACY","Henan","REDACTED FOR PRIVACY","China","","REDACTED FOR PRIVACY","REDACTED FOR PRIVACY","REDACTED FOR PRIVACY","REDACTED FOR PRIVACY","REDACTED FOR PRIVACY","REDACTED FOR PRIVACY","REDACTED FOR PRIVACY","REDACTED FOR PRIVACY","REDACTED FOR PRIVACY","","REDACTED FOR PRIVACY","REDACTED FOR PRIVACY","REDACTED FOR PRIVACY","REDACTED FOR PRIVACY","REDACTED FOR PRIVACY","REDACTED FOR PRIVACY","REDACTED FOR PRIVACY","REDACTED FOR PRIVACY","REDACTED FOR PRIVACY","","REDACTED FOR PRIVACY","REDACTED FOR PRIVACY","","","","","","","","","","","ns3.4cun.com","ns4.4cun.com","","","OK","","",""