"num","domain_name","query_time","create_date","update_date","expiry_date","domain_registrar_id","domain_registrar_name","domain_registrar_whois","domain_registrar_url","registrant_name","registrant_company","registrant_address","registrant_city","registrant_state","registrant_zip","registrant_country","registrant_email","registrant_phone","registrant_fax","administrative_name","administrative_company","administrative_address","administrative_city","administrative_state","administrative_zip","administrative_country","administrative_email","administrative_phone","administrative_fax","technical_name","technical_company","technical_address","technical_city","technical_state","technical_zip","technical_country","technical_email","technical_phone","technical_fax","billing_name","billing_company","billing_address","billing_city","billing_state","billing_zip","billing_country","billing_email","billing_phone","billing_fax","name_server_1","name_server_2","name_server_3","name_server_4","domain_status_1","domain_status_2","domain_status_3","domain_status_4"
"1","athometutor.pro","2021-07-08 14:49:49","2021-07-05","2021-07-05","2022-07-05","1011","101domain, Inc.","whois.101domain.com","http://www.101domain.com","At Home Tutor LLC","At Home Tutor LLC","","","NV","","United States","","","","","","","","","","","","","","","","","","","","","","","","","","","","","","","","","","ns1.101domain.com","ns2.101domain.com","","","addPeriod","clientTransferProhibited","serverTransferProhibited",""
"2","aubeewv.com","2021-07-08 16:57:19","2021-07-05","2021-07-06","2022-07-05","1011","101domain, Inc.","whois.101domain.com","http://www.101domain.com","Private Registrant","Digital Privacy Corporation","3220 Executive Ridge Drive, Suite 101. C/O AUBEEWV.COM","Vista","CA","92081","United States","28ccfa.rimjjinn3xnh@digitalprivacy.co","+1.7604482392","","Private Registrant","Digital Privacy Corporation","3220 Executive Ridge Drive, Suite 101. C/O AUBEEWV.COM","Vista","CA","92081","United States","28ccfa.rimjjinn3xnh@digitalprivacy.co","+1.7604482392","","Private Registrant","Digital Privacy Corporation","3220 Executive Ridge Drive, Suite 101. C/O AUBEEWV.COM","Vista","CA","92081","United States","28ccfa.rimjjinn3xnh@digitalprivacy.co","+1.7604482392","","","","","","","","","","","","ns1.fornex.com","ns2.fornex.com","","","clientTransferProhibited","","",""
"3","auslots-casino.com","2021-07-08 16:57:09","2021-07-05","2021-07-05","2022-07-05","1011","101domain, Inc.","whois.101domain.com","http://www.101domain.com","Private Registrant","Digital Privacy Corporation","3220 Executive Ridge Drive, Suite 101. C/O AUSLOTS-CASINO.COM","Vista","CA","92081","United States","28cd6c.rimjixuthe6@digitalprivacy.co","+1.7604482392","","Private Registrant","Digital Privacy Corporation","3220 Executive Ridge Drive, Suite 101. C/O AUSLOTS-CASINO.COM","Vista","CA","92081","United States","28cd6c.rimjixuthe6@digitalprivacy.co","+1.7604482392","","Private Registrant","Digital Privacy Corporation","3220 Executive Ridge Drive, Suite 101. C/O AUSLOTS-CASINO.COM","Vista","CA","92081","United States","28cd6c.rimjixuthe6@digitalprivacy.co","+1.7604482392","","","","","","","","","","","","ns1.101domain.com","ns2.101domain.com","","","clientTransferProhibited","","",""
"4","btc.jobs","2021-07-08 15:40:59","2021-07-05","2021-07-06","2022-07-05","1011","101domain, Inc.","whois.101domain.com","http://www.101domain.com","REDACTED FOR PRIVACY","ROFLCOPTER, Inc.","REDACTED FOR PRIVACY REDACTED FOR PRIVACY REDACTED FOR PRIVACY","REDACTED FOR PRIVACY","CA","REDACTED FOR PRIVACY","United States","","REDACTED FOR PRIVACY","REDACTED FOR PRIVACY","REDACTED FOR PRIVACY","REDACTED FOR PRIVACY","REDACTED FOR PRIVACY REDACTED FOR PRIVACY REDACTED FOR PRIVACY","REDACTED FOR PRIVACY","REDACTED FOR PRIVACY","REDACTED FOR PRIVACY","REDACTED FOR PRIVACY","","REDACTED FOR PRIVACY","REDACTED FOR PRIVACY","REDACTED FOR PRIVACY","REDACTED FOR PRIVACY","REDACTED FOR PRIVACY REDACTED FOR PRIVACY REDACTED FOR PRIVACY","REDACTED FOR PRIVACY","REDACTED FOR PRIVACY","REDACTED FOR PRIVACY","REDACTED FOR PRIVACY","","REDACTED FOR PRIVACY","REDACTED FOR PRIVACY","REDACTED FOR PRIVACY","REDACTED FOR PRIVACY","REDACTED FOR PRIVACY REDACTED FOR PRIVACY REDACTED FOR PRIVACY","REDACTED FOR PRIVACY","REDACTED FOR PRIVACY","REDACTED FOR PRIVACY","REDACTED FOR PRIVACY","","REDACTED FOR PRIVACY","REDACTED FOR PRIVACY","ns1.101domain.com","ns2.101domain.com","","","OK","","",""
"5","consultoneltd.com","2021-07-08 16:50:22","2021-07-05","2021-07-05","2022-07-05","1011","101domain, Inc.","whois.101domain.com","http://www.101domain.com","Private Registrant","Digital Privacy Corporation","3220 Executive Ridge Drive, Suite 101. C/O CONSULTONELTD.COM","Vista","CA","92081","United States","28ce1c.rimjixeu7zlb@digitalprivacy.co","+1.7604482392","","Private Registrant","Digital Privacy Corporation","3220 Executive Ridge Drive, Suite 101. C/O CONSULTONELTD.COM","Vista","CA","92081","United States","28ce1c.rimjixeu7zlb@digitalprivacy.co","+1.7604482392","","Private Registrant","Digital Privacy Corporation","3220 Executive Ridge Drive, Suite 101. C/O CONSULTONELTD.COM","Vista","CA","92081","United States","28ce1c.rimjixeu7zlb@digitalprivacy.co","+1.7604482392","","","","","","","","","","","","ns1.101domain.com","ns2.101domain.com","","","clientTransferProhibited","","",""
"6","emdata.info","2021-07-08 15:46:15","2021-07-06","2021-07-06","2022-07-06","1011","101domain, Inc.","whois.101domain.com","http://www.101domain.com","Digital Privacy Corporation","Digital Privacy Corporation","","","CA","","United States","","","","","","","","","","","","","","","","","","","","","","","","","","","","","","","","","","ns1.101domain.com","ns2.101domain.com","","","addPeriod","clientTransferProhibited","serverTransferProhibited",""
"7","fbs-tr-broker.com","2021-07-08 16:41:14","2021-07-05","2021-07-05","2022-07-05","1011","101domain, Inc.","whois.101domain.com","http://www.101domain.com","Private Registrant","Digital Privacy Corporation","3220 Executive Ridge Drive, Suite 101. C/O FBS-TR-BROKER.COM","Vista","CA","92081","United States","28ccc9.rimjjiirjfb@digitalprivacy.co","+1.7604482392","","Private Registrant","Digital Privacy Corporation","3220 Executive Ridge Drive, Suite 101. C/O FBS-TR-BROKER.COM","Vista","CA","92081","United States","28ccc9.rimjjiirjfb@digitalprivacy.co","+1.7604482392","","Private Registrant","Digital Privacy Corporation","3220 Executive Ridge Drive, Suite 101. C/O FBS-TR-BROKER.COM","Vista","CA","92081","United States","28ccc9.rimjjiirjfb@digitalprivacy.co","+1.7604482392","","","","","","","","","","","","daisy.ns.cloudflare.com","damon.ns.cloudflare.com","","","clientTransferProhibited","","",""
"8","fbs-tr-invest.com","2021-07-08 16:41:14","2021-07-05","2021-07-05","2022-07-05","1011","101domain, Inc.","whois.101domain.com","http://www.101domain.com","Private Registrant","Digital Privacy Corporation","3220 Executive Ridge Drive, Suite 101. C/O FBS-TR-INVEST.COM","Vista","CA","92081","United States","28ccc0.rimjjiisgfwv@digitalprivacy.co","+1.7604482392","","Private Registrant","Digital Privacy Corporation","3220 Executive Ridge Drive, Suite 101. C/O FBS-TR-INVEST.COM","Vista","CA","92081","United States","28ccc0.rimjjiisgfwv@digitalprivacy.co","+1.7604482392","","Private Registrant","Digital Privacy Corporation","3220 Executive Ridge Drive, Suite 101. C/O FBS-TR-INVEST.COM","Vista","CA","92081","United States","28ccc0.rimjjiisgfwv@digitalprivacy.co","+1.7604482392","","","","","","","","","","","","daisy.ns.cloudflare.com","damon.ns.cloudflare.com","","","clientTransferProhibited","","",""
"9","fbs-trbroker.com","2021-07-08 16:41:17","2021-07-05","2021-07-05","2022-07-05","1011","101domain, Inc.","whois.101domain.com","http://www.101domain.com","Private Registrant","Digital Privacy Corporation","3220 Executive Ridge Drive, Suite 101. C/O FBS-TRBROKER.COM","Vista","CA","92081","United States","28cccf.rimjjiiqh9lw@digitalprivacy.co","+1.7604482392","","Private Registrant","Digital Privacy Corporation","3220 Executive Ridge Drive, Suite 101. C/O FBS-TRBROKER.COM","Vista","CA","92081","United States","28cccf.rimjjiiqh9lw@digitalprivacy.co","+1.7604482392","","Private Registrant","Digital Privacy Corporation","3220 Executive Ridge Drive, Suite 101. C/O FBS-TRBROKER.COM","Vista","CA","92081","United States","28cccf.rimjjiiqh9lw@digitalprivacy.co","+1.7604482392","","","","","","","","","","","","daisy.ns.cloudflare.com","damon.ns.cloudflare.com","","","clientTransferProhibited","","",""
"10","fbs-trinvest.com","2021-07-08 16:41:14","2021-07-05","2021-07-05","2022-07-05","1011","101domain, Inc.","whois.101domain.com","http://www.101domain.com","Private Registrant","Digital Privacy Corporation","3220 Executive Ridge Drive, Suite 101. C/O FBS-TRINVEST.COM","Vista","CA","92081","United States","28ccc3.rimjjiisjzop@digitalprivacy.co","+1.7604482392","","Private Registrant","Digital Privacy Corporation","3220 Executive Ridge Drive, Suite 101. C/O FBS-TRINVEST.COM","Vista","CA","92081","United States","28ccc3.rimjjiisjzop@digitalprivacy.co","+1.7604482392","","Private Registrant","Digital Privacy Corporation","3220 Executive Ridge Drive, Suite 101. C/O FBS-TRINVEST.COM","Vista","CA","92081","United States","28ccc3.rimjjiisjzop@digitalprivacy.co","+1.7604482392","","","","","","","","","","","","daisy.ns.cloudflare.com","damon.ns.cloudflare.com","","","clientTransferProhibited","","",""
"11","fbs-turkey-broker.com","2021-07-08 16:41:19","2021-07-05","2021-07-05","2022-07-05","1011","101domain, Inc.","whois.101domain.com","http://www.101domain.com","Private Registrant","Digital Privacy Corporation","3220 Executive Ridge Drive, Suite 101. C/O FBS-TURKEY-BROKER.COM","Vista","CA","92081","United States","28cce1.rimjjiifi0i7@digitalprivacy.co","+1.7604482392","","Private Registrant","Digital Privacy Corporation","3220 Executive Ridge Drive, Suite 101. C/O FBS-TURKEY-BROKER.COM","Vista","CA","92081","United States","28cce1.rimjjiifi0i7@digitalprivacy.co","+1.7604482392","","Private Registrant","Digital Privacy Corporation","3220 Executive Ridge Drive, Suite 101. C/O FBS-TURKEY-BROKER.COM","Vista","CA","92081","United States","28cce1.rimjjiifi0i7@digitalprivacy.co","+1.7604482392","","","","","","","","","","","","daisy.ns.cloudflare.com","damon.ns.cloudflare.com","","","clientTransferProhibited","","",""
"12","fbs-turkey-invest.com","2021-07-08 16:41:24","2021-07-05","2021-07-05","2022-07-05","1011","101domain, Inc.","whois.101domain.com","http://www.101domain.com","Private Registrant","Digital Privacy Corporation","3220 Executive Ridge Drive, Suite 101. C/O FBS-TURKEY-INVEST.COM","Vista","CA","92081","United States","28ccd5.rimjjiiqgfv6@digitalprivacy.co","+1.7604482392","","Private Registrant","Digital Privacy Corporation","3220 Executive Ridge Drive, Suite 101. C/O FBS-TURKEY-INVEST.COM","Vista","CA","92081","United States","28ccd5.rimjjiiqgfv6@digitalprivacy.co","+1.7604482392","","Private Registrant","Digital Privacy Corporation","3220 Executive Ridge Drive, Suite 101. C/O FBS-TURKEY-INVEST.COM","Vista","CA","92081","United States","28ccd5.rimjjiiqgfv6@digitalprivacy.co","+1.7604482392","","","","","","","","","","","","daisy.ns.cloudflare.com","damon.ns.cloudflare.com","","","clientTransferProhibited","","",""
"13","fbs-turkeybroker.com","2021-07-08 16:41:19","2021-07-05","2021-07-05","2022-07-05","1011","101domain, Inc.","whois.101domain.com","http://www.101domain.com","Private Registrant","Digital Privacy Corporation","3220 Executive Ridge Drive, Suite 101. C/O FBS-TURKEYBROKER.COM","Vista","CA","92081","United States","28cce7.rimjjiieovrx@digitalprivacy.co","+1.7604482392","","Private Registrant","Digital Privacy Corporation","3220 Executive Ridge Drive, Suite 101. C/O FBS-TURKEYBROKER.COM","Vista","CA","92081","United States","28cce7.rimjjiieovrx@digitalprivacy.co","+1.7604482392","","Private Registrant","Digital Privacy Corporation","3220 Executive Ridge Drive, Suite 101. C/O FBS-TURKEYBROKER.COM","Vista","CA","92081","United States","28cce7.rimjjiieovrx@digitalprivacy.co","+1.7604482392","","","","","","","","","","","","daisy.ns.cloudflare.com","damon.ns.cloudflare.com","","","clientTransferProhibited","","",""
"14","fbs-turkeyinvest.com","2021-07-08 16:41:19","2021-07-05","2021-07-05","2022-07-05","1011","101domain, Inc.","whois.101domain.com","http://www.101domain.com","Private Registrant","Digital Privacy Corporation","3220 Executive Ridge Drive, Suite 101. C/O FBS-TURKEYINVEST.COM","Vista","CA","92081","United States","28ccdb.rimjjiifkv98@digitalprivacy.co","+1.7604482392","","Private Registrant","Digital Privacy Corporation","3220 Executive Ridge Drive, Suite 101. C/O FBS-TURKEYINVEST.COM","Vista","CA","92081","United States","28ccdb.rimjjiifkv98@digitalprivacy.co","+1.7604482392","","Private Registrant","Digital Privacy Corporation","3220 Executive Ridge Drive, Suite 101. C/O FBS-TURKEYINVEST.COM","Vista","CA","92081","United States","28ccdb.rimjjiifkv98@digitalprivacy.co","+1.7604482392","","","","","","","","","","","","daisy.ns.cloudflare.com","damon.ns.cloudflare.com","","","clientTransferProhibited","","",""
"15","fbstr-broker.com","2021-07-08 16:41:24","2021-07-05","2021-07-05","2022-07-05","1011","101domain, Inc.","whois.101domain.com","http://www.101domain.com","Private Registrant","Digital Privacy Corporation","3220 Executive Ridge Drive, Suite 101. C/O FBSTR-BROKER.COM","Vista","CA","92081","United States","28cccc.rimjjiirkmnx@digitalprivacy.co","+1.7604482392","","Private Registrant","Digital Privacy Corporation","3220 Executive Ridge Drive, Suite 101. C/O FBSTR-BROKER.COM","Vista","CA","92081","United States","28cccc.rimjjiirkmnx@digitalprivacy.co","+1.7604482392","","Private Registrant","Digital Privacy Corporation","3220 Executive Ridge Drive, Suite 101. C/O FBSTR-BROKER.COM","Vista","CA","92081","United States","28cccc.rimjjiirkmnx@digitalprivacy.co","+1.7604482392","","","","","","","","","","","","daisy.ns.cloudflare.com","damon.ns.cloudflare.com","","","clientTransferProhibited","","",""
"16","fbstrbroker.com","2021-07-08 16:41:18","2021-07-05","2021-07-05","2022-07-05","1011","101domain, Inc.","whois.101domain.com","http://www.101domain.com","Private Registrant","Digital Privacy Corporation","3220 Executive Ridge Drive, Suite 101. C/O FBSTRBROKER.COM","Vista","CA","92081","United States","28ccd2.rimjjiiqgpdl@digitalprivacy.co","+1.7604482392","","Private Registrant","Digital Privacy Corporation","3220 Executive Ridge Drive, Suite 101. C/O FBSTRBROKER.COM","Vista","CA","92081","United States","28ccd2.rimjjiiqgpdl@digitalprivacy.co","+1.7604482392","","Private Registrant","Digital Privacy Corporation","3220 Executive Ridge Drive, Suite 101. C/O FBSTRBROKER.COM","Vista","CA","92081","United States","28ccd2.rimjjiiqgpdl@digitalprivacy.co","+1.7604482392","","","","","","","","","","","","daisy.ns.cloudflare.com","damon.ns.cloudflare.com","","","clientTransferProhibited","","",""
"17","fbstrinvest.com","2021-07-08 16:41:23","2021-07-05","2021-07-05","2022-07-05","1011","101domain, Inc.","whois.101domain.com","http://www.101domain.com","Private Registrant","Digital Privacy Corporation","3220 Executive Ridge Drive, Suite 101. C/O FBSTRINVEST.COM","Vista","CA","92081","United States","28ccc6.rimjjiirihx2@digitalprivacy.co","+1.7604482392","","Private Registrant","Digital Privacy Corporation","3220 Executive Ridge Drive, Suite 101. C/O FBSTRINVEST.COM","Vista","CA","92081","United States","28ccc6.rimjjiirihx2@digitalprivacy.co","+1.7604482392","","Private Registrant","Digital Privacy Corporation","3220 Executive Ridge Drive, Suite 101. C/O FBSTRINVEST.COM","Vista","CA","92081","United States","28ccc6.rimjjiirihx2@digitalprivacy.co","+1.7604482392","","","","","","","","","","","","daisy.ns.cloudflare.com","damon.ns.cloudflare.com","","","clientTransferProhibited","","",""
"18","fbsturkey-broker.com","2021-07-08 16:41:13","2021-07-05","2021-07-05","2022-07-05","1011","101domain, Inc.","whois.101domain.com","http://www.101domain.com","Private Registrant","Digital Privacy Corporation","3220 Executive Ridge Drive, Suite 101. C/O FBSTURKEY-BROKER.COM","Vista","CA","92081","United States","28cce4.rimjjiiepvnu@digitalprivacy.co","+1.7604482392","","Private Registrant","Digital Privacy Corporation","3220 Executive Ridge Drive, Suite 101. C/O FBSTURKEY-BROKER.COM","Vista","CA","92081","United States","28cce4.rimjjiiepvnu@digitalprivacy.co","+1.7604482392","","Private Registrant","Digital Privacy Corporation","3220 Executive Ridge Drive, Suite 101. C/O FBSTURKEY-BROKER.COM","Vista","CA","92081","United States","28cce4.rimjjiiepvnu@digitalprivacy.co","+1.7604482392","","","","","","","","","","","","daisy.ns.cloudflare.com","damon.ns.cloudflare.com","","","clientTransferProhibited","","",""
"19","fbsturkey-invest.com","2021-07-08 16:41:18","2021-07-05","2021-07-05","2022-07-05","1011","101domain, Inc.","whois.101domain.com","http://www.101domain.com","Private Registrant","Digital Privacy Corporation","3220 Executive Ridge Drive, Suite 101. C/O FBSTURKEY-INVEST.COM","Vista","CA","92081","United States","28ccd8.rimjjiifkhv4@digitalprivacy.co","+1.7604482392","","Private Registrant","Digital Privacy Corporation","3220 Executive Ridge Drive, Suite 101. C/O FBSTURKEY-INVEST.COM","Vista","CA","92081","United States","28ccd8.rimjjiifkhv4@digitalprivacy.co","+1.7604482392","","Private Registrant","Digital Privacy Corporation","3220 Executive Ridge Drive, Suite 101. C/O FBSTURKEY-INVEST.COM","Vista","CA","92081","United States","28ccd8.rimjjiifkhv4@digitalprivacy.co","+1.7604482392","","","","","","","","","","","","daisy.ns.cloudflare.com","damon.ns.cloudflare.com","","","clientTransferProhibited","","",""
"20","fbsturkeybroker.com","2021-07-08 16:41:14","2021-07-05","2021-07-05","2022-07-05","1011","101domain, Inc.","whois.101domain.com","http://www.101domain.com","Private Registrant","Digital Privacy Corporation","3220 Executive Ridge Drive, Suite 101. C/O FBSTURKEYBROKER.COM","Vista","CA","92081","United States","28ccea.rimjjiierw4i@digitalprivacy.co","+1.7604482392","","Private Registrant","Digital Privacy Corporation","3220 Executive Ridge Drive, Suite 101. C/O FBSTURKEYBROKER.COM","Vista","CA","92081","United States","28ccea.rimjjiierw4i@digitalprivacy.co","+1.7604482392","","Private Registrant","Digital Privacy Corporation","3220 Executive Ridge Drive, Suite 101. C/O FBSTURKEYBROKER.COM","Vista","CA","92081","United States","28ccea.rimjjiierw4i@digitalprivacy.co","+1.7604482392","","","","","","","","","","","","daisy.ns.cloudflare.com","damon.ns.cloudflare.com","","","clientTransferProhibited","","",""
"21","fbsturkeyinvest.com","2021-07-08 16:41:19","2021-07-05","2021-07-05","2022-07-05","1011","101domain, Inc.","whois.101domain.com","http://www.101domain.com","Private Registrant","Digital Privacy Corporation","3220 Executive Ridge Drive, Suite 101. C/O FBSTURKEYINVEST.COM","Vista","CA","92081","United States","28ccde.rimjjiiflodb@digitalprivacy.co","+1.7604482392","","Private Registrant","Digital Privacy Corporation","3220 Executive Ridge Drive, Suite 101. C/O FBSTURKEYINVEST.COM","Vista","CA","92081","United States","28ccde.rimjjiiflodb@digitalprivacy.co","+1.7604482392","","Private Registrant","Digital Privacy Corporation","3220 Executive Ridge Drive, Suite 101. C/O FBSTURKEYINVEST.COM","Vista","CA","92081","United States","28ccde.rimjjiiflodb@digitalprivacy.co","+1.7604482392","","","","","","","","","","","","daisy.ns.cloudflare.com","damon.ns.cloudflare.com","","","clientTransferProhibited","","",""
"22","frequency.wtf","2021-07-08 14:51:43","2021-07-05","2021-07-05","2022-07-05","1011","101domain, Inc.","whois.101domain.com","http://www.101domain.com","REDACTED FOR PRIVACY","Digital Privacy Corporation","REDACTED FOR PRIVACY","REDACTED FOR PRIVACY","CA","REDACTED FOR PRIVACY","United States","","REDACTED FOR PRIVACY","REDACTED FOR PRIVACY","","","","","","","","","","","","","","","","","","","","","","","","","","","","","","","","","","","addPeriod","clientTransferProhibited","",""
"23","gardenersconstruction.com","2021-07-08 16:38:19","2021-07-05","2021-07-06","2024-07-05","1011","101domain, Inc.","whois.101domain.com","http://www.101domain.com","Private Registrant","Digital Privacy Corporation","3220 Executive Ridge Drive, Suite 101. C/O GARDENERSCONSTRUCTION.COM","Vista","CA","92081","United States","28ce2b.rimjixevaubs@digitalprivacy.co","+1.7604482392","","Private Registrant","Digital Privacy Corporation","3220 Executive Ridge Drive, Suite 101. C/O GARDENERSCONSTRUCTION.COM","Vista","CA","92081","United States","28ce2b.rimjixevaubs@digitalprivacy.co","+1.7604482392","","Private Registrant","Digital Privacy Corporation","3220 Executive Ridge Drive, Suite 101. C/O GARDENERSCONSTRUCTION.COM","Vista","CA","92081","United States","28ce2b.rimjixevaubs@digitalprivacy.co","+1.7604482392","","","","","","","","","","","","ns1.101domain.com","ns2.101domain.com","","","clientTransferProhibited","","",""
"24","internetlao.com","2021-07-08 16:33:59","2021-07-05","2021-07-05","2022-07-05","1011","101domain, Inc.","whois.101domain.com","http://www.101domain.com","Private Registrant","Digital Privacy Corporation","3220 Executive Ridge Drive, Suite 101. C/O INTERNETLAO.COM","Vista","CA","92081","United States","28cd21.rimjjinjajoc@digitalprivacy.co","+1.7604482392","","Private Registrant","Digital Privacy Corporation","3220 Executive Ridge Drive, Suite 101. C/O INTERNETLAO.COM","Vista","CA","92081","United States","28cd21.rimjjinjajoc@digitalprivacy.co","+1.7604482392","","Private Registrant","Digital Privacy Corporation","3220 Executive Ridge Drive, Suite 101. C/O INTERNETLAO.COM","Vista","CA","92081","United States","28cd21.rimjjinjajoc@digitalprivacy.co","+1.7604482392","","","","","","","","","","","","ns1.101domain.com","ns2.101domain.com","","","clientTransferProhibited","","",""
"25","isbrewupdating.info","2021-07-08 15:44:46","2021-07-06","2021-07-06","2022-07-06","1011","101domain, Inc.","whois.101domain.com","http://www.101domain.com","","","","","YOR","","United Kingdom","","","","","","","","","","","","","","","","","","","","","","","","","","","","","","","","","","ns1.linode.com","ns2.linode.com","","","addPeriod","clientTransferProhibited","serverTransferProhibited",""
"26","litefinance-fa.com","2021-07-08 16:26:01","2021-07-05","2021-07-05","2022-07-05","1011","101domain, Inc.","whois.101domain.com","http://www.101domain.com","Private Registrant","Digital Privacy Corporation","3220 Executive Ridge Drive, Suite 101. C/O LITEFINANCE-FA.COM","Vista","CA","92081","United States","28cc45.rimjjieyacw@digitalprivacy.co","+1.7604482392","","Private Registrant","Digital Privacy Corporation","3220 Executive Ridge Drive, Suite 101. C/O LITEFINANCE-FA.COM","Vista","CA","92081","United States","28cc45.rimjjieyacw@digitalprivacy.co","+1.7604482392","","Private Registrant","Digital Privacy Corporation","3220 Executive Ridge Drive, Suite 101. C/O LITEFINANCE-FA.COM","Vista","CA","92081","United States","28cc45.rimjjieyacw@digitalprivacy.co","+1.7604482392","","","","","","","","","","","","kanye.ns.cloudflare.com","sonia.ns.cloudflare.com","","","clientTransferProhibited","","",""
"27","loot81.bet","2021-07-08 14:17:06","2021-07-05","2021-07-05","2022-07-05","1011","101domain, Inc.","whois.101domain.com","http://www.101domain.com","Digital Privacy Corporation","Digital Privacy Corporation","","","CA","","United States","","","","","","","","","","","","","","","","","","","","","","","","","","","","","","","","","","brit.ns.cloudflare.com","doug.ns.cloudflare.com","","","addPeriod","clientTransferProhibited","serverTransferProhibited",""
"28","loot82.bet","2021-07-08 14:17:01","2021-07-05","2021-07-05","2022-07-05","1011","101domain, Inc.","whois.101domain.com","http://www.101domain.com","Digital Privacy Corporation","Digital Privacy Corporation","","","CA","","United States","","","","","","","","","","","","","","","","","","","","","","","","","","","","","","","","","","brit.ns.cloudflare.com","doug.ns.cloudflare.com","","","addPeriod","clientTransferProhibited","serverTransferProhibited",""
"29","loot83.bet","2021-07-08 14:17:01","2021-07-05","2021-07-05","2022-07-05","1011","101domain, Inc.","whois.101domain.com","http://www.101domain.com","Digital Privacy Corporation","Digital Privacy Corporation","","","CA","","United States","","","","","","","","","","","","","","","","","","","","","","","","","","","","","","","","","","brit.ns.cloudflare.com","doug.ns.cloudflare.com","","","addPeriod","clientTransferProhibited","serverTransferProhibited",""
"30","loot84.bet","2021-07-08 14:17:07","2021-07-05","2021-07-05","2022-07-05","1011","101domain, Inc.","whois.101domain.com","http://www.101domain.com","Digital Privacy Corporation","Digital Privacy Corporation","","","CA","","United States","","","","","","","","","","","","","","","","","","","","","","","","","","","","","","","","","","brit.ns.cloudflare.com","doug.ns.cloudflare.com","","","addPeriod","clientTransferProhibited","serverTransferProhibited",""
"31","loot85.bet","2021-07-08 14:17:07","2021-07-05","2021-07-05","2022-07-05","1011","101domain, Inc.","whois.101domain.com","http://www.101domain.com","Digital Privacy Corporation","Digital Privacy Corporation","","","CA","","United States","","","","","","","","","","","","","","","","","","","","","","","","","","","","","","","","","","brit.ns.cloudflare.com","doug.ns.cloudflare.com","","","addPeriod","clientTransferProhibited","serverTransferProhibited",""
"32","loot86.bet","2021-07-08 14:17:06","2021-07-05","2021-07-05","2022-07-05","1011","101domain, Inc.","whois.101domain.com","http://www.101domain.com","Digital Privacy Corporation","Digital Privacy Corporation","","","CA","","United States","","","","","","","","","","","","","","","","","","","","","","","","","","","","","","","","","","brit.ns.cloudflare.com","doug.ns.cloudflare.com","","","addPeriod","clientTransferProhibited","serverTransferProhibited",""
"33","loot87.bet","2021-07-08 14:17:01","2021-07-05","2021-07-05","2022-07-05","1011","101domain, Inc.","whois.101domain.com","http://www.101domain.com","Digital Privacy Corporation","Digital Privacy Corporation","","","CA","","United States","","","","","","","","","","","","","","","","","","","","","","","","","","","","","","","","","","brit.ns.cloudflare.com","doug.ns.cloudflare.com","","","addPeriod","clientTransferProhibited","serverTransferProhibited",""
"34","loot88.bet","2021-07-08 14:17:01","2021-07-05","2021-07-05","2022-07-05","1011","101domain, Inc.","whois.101domain.com","http://www.101domain.com","Digital Privacy Corporation","Digital Privacy Corporation","","","CA","","United States","","","","","","","","","","","","","","","","","","","","","","","","","","","","","","","","","","brit.ns.cloudflare.com","doug.ns.cloudflare.com","","","addPeriod","clientTransferProhibited","serverTransferProhibited",""
"35","loot89.bet","2021-07-08 14:17:01","2021-07-05","2021-07-05","2022-07-05","1011","101domain, Inc.","whois.101domain.com","http://www.101domain.com","Digital Privacy Corporation","Digital Privacy Corporation","","","CA","","United States","","","","","","","","","","","","","","","","","","","","","","","","","","","","","","","","","","brit.ns.cloudflare.com","doug.ns.cloudflare.com","","","addPeriod","clientTransferProhibited","serverTransferProhibited",""
"36","loot90.bet","2021-07-08 14:17:01","2021-07-05","2021-07-05","2022-07-05","1011","101domain, Inc.","whois.101domain.com","http://www.101domain.com","Digital Privacy Corporation","Digital Privacy Corporation","","","CA","","United States","","","","","","","","","","","","","","","","","","","","","","","","","","","","","","","","","","brit.ns.cloudflare.com","doug.ns.cloudflare.com","","","addPeriod","clientTransferProhibited","serverTransferProhibited",""
"37","mannabeef.com","2021-07-08 16:23:25","2021-07-05","2021-07-05","2023-07-05","1011","101domain, Inc.","whois.101domain.com","http://www.101domain.com","Private Registrant","Digital Privacy Corporation","3220 Executive Ridge Drive, Suite 101. C/O MANNABEEF.COM","Vista","CA","92081","United States","28cd61.rimjixuuzkii@digitalprivacy.co","+1.7604482392","","Private Registrant","Digital Privacy Corporation","3220 Executive Ridge Drive, Suite 101. C/O MANNABEEF.COM","Vista","CA","92081","United States","28cd61.rimjixuuzkii@digitalprivacy.co","+1.7604482392","","Private Registrant","Digital Privacy Corporation","3220 Executive Ridge Drive, Suite 101. C/O MANNABEEF.COM","Vista","CA","92081","United States","28cd61.rimjixuuzkii@digitalprivacy.co","+1.7604482392","","","","","","","","","","","","ns1.101domain.com","ns2.101domain.com","","","clientTransferProhibited","","",""
"38","mannameat.com","2021-07-08 16:23:26","2021-07-05","2021-07-05","2023-07-05","1011","101domain, Inc.","whois.101domain.com","http://www.101domain.com","Private Registrant","Digital Privacy Corporation","3220 Executive Ridge Drive, Suite 101. C/O MANNAMEAT.COM","Vista","CA","92081","United States","28cd5a.rimjixuuywzm@digitalprivacy.co","+1.7604482392","","Private Registrant","Digital Privacy Corporation","3220 Executive Ridge Drive, Suite 101. C/O MANNAMEAT.COM","Vista","CA","92081","United States","28cd5a.rimjixuuywzm@digitalprivacy.co","+1.7604482392","","Private Registrant","Digital Privacy Corporation","3220 Executive Ridge Drive, Suite 101. C/O MANNAMEAT.COM","Vista","CA","92081","United States","28cd5a.rimjixuuywzm@digitalprivacy.co","+1.7604482392","","","","","","","","","","","","ns1.101domain.com","ns2.101domain.com","","","clientTransferProhibited","","",""
"39","marnotaur.com","2021-07-08 16:23:08","2021-07-05","2021-07-05","2022-07-05","1011","101domain, Inc.","whois.101domain.com","http://www.101domain.com","Private Registrant","Digital Privacy Corporation","3220 Executive Ridge Drive, Suite 101. C/O MARNOTAUR.COM","Vista","CA","92081","United States","28cd08.rimjjinkofil@digitalprivacy.co","+1.7604482392","","Private Registrant","Digital Privacy Corporation","3220 Executive Ridge Drive, Suite 101. C/O MARNOTAUR.COM","Vista","CA","92081","United States","28cd08.rimjjinkofil@digitalprivacy.co","+1.7604482392","","Private Registrant","Digital Privacy Corporation","3220 Executive Ridge Drive, Suite 101. C/O MARNOTAUR.COM","Vista","CA","92081","United States","28cd08.rimjjinkofil@digitalprivacy.co","+1.7604482392","","","","","","","","","","","","buck.ns.cloudflare.com","etta.ns.cloudflare.com","","","clientTransferProhibited","","",""
"40","miss.vegas","2021-07-08 14:53:10","2021-07-05","2021-07-05","2022-07-05","1011","101domain, Inc.","whois.101domain.com","http://www.101domain.com","Random Consulting","Random Consulting","","","","","Malta","","","","","","","","","","","","","","","","","","","","","","","","","","","","","","","","","","ns1.101domain.com","ns2.101domain.com","","","addPeriod","clientTransferProhibited","serverTransferProhibited",""
"41","n1-app.com","2021-07-08 16:18:33","2021-07-05","2021-07-05","2022-07-05","1011","101domain, Inc.","whois.101domain.com","http://www.101domain.com","Private Registrant","Digital Privacy Corporation","3220 Executive Ridge Drive, Suite 101. C/O N1-APP.COM","Vista","CA","92081","United States","28cc57.rimjjie0i16m@digitalprivacy.co","+1.7604482392","","Private Registrant","Digital Privacy Corporation","3220 Executive Ridge Drive, Suite 101. C/O N1-APP.COM","Vista","CA","92081","United States","28cc57.rimjjie0i16m@digitalprivacy.co","+1.7604482392","","Private Registrant","Digital Privacy Corporation","3220 Executive Ridge Drive, Suite 101. C/O N1-APP.COM","Vista","CA","92081","United States","28cc57.rimjjie0i16m@digitalprivacy.co","+1.7604482392","","","","","","","","","","","","ram.ns.cloudflare.com","sue.ns.cloudflare.com","","","clientTransferProhibited","","",""
"42","random.vegas","2021-07-08 14:53:09","2021-07-05","2021-07-05","2022-07-05","1011","101domain, Inc.","whois.101domain.com","http://www.101domain.com","Random Consulting","Random Consulting","","","","","Malta","","","","","","","","","","","","","","","","","","","","","","","","","","","","","","","","","","ns1.101domain.com","ns2.101domain.com","","","addPeriod","clientTransferProhibited","serverTransferProhibited",""
"43","reprogramming.info","2021-07-08 15:43:23","2021-07-06","2021-07-06","2022-07-06","1011","101domain, Inc.","whois.101domain.com","http://www.101domain.com","","","","","HNS","","United Kingdom","","","","","","","","","","","","","","","","","","","","","","","","","","","","","","","","","","ns1.101domain.com","ns2.101domain.com","","","addPeriod","clientTransferProhibited","serverTransferProhibited",""
"44","sexspb.red","2021-07-08 14:49:45","2021-07-05","2021-07-05","2022-07-05","1011","101domain, Inc.","whois.101domain.com","http://www.101domain.com","Digital Privacy Corporation","Digital Privacy Corporation","","","CA","","United States","","","","","","","","","","","","","","","","","","","","","","","","","","","","","","","","","","ns1.digitalocean.com","ns2.digitalocean.com","ns3.digitalocean.com","","addPeriod","clientTransferProhibited","serverTransferProhibited",""
"45","skymarkrefuelersmea.com","2021-07-08 16:05:42","2021-07-05","2021-07-05","2022-07-05","1011","101domain, Inc.","whois.101domain.com","http://www.101domain.com","Private Registrant","Digital Privacy Corporation","3220 Executive Ridge Drive, Suite 101. C/O SKYMARKREFUELERSMEA.COM","Vista","CA","92081","United States","28ccfd.rimjjinn3l7b@digitalprivacy.co","+1.7604482392","","Private Registrant","Digital Privacy Corporation","3220 Executive Ridge Drive, Suite 101. C/O SKYMARKREFUELERSMEA.COM","Vista","CA","92081","United States","28ccfd.rimjjinn3l7b@digitalprivacy.co","+1.7604482392","","Private Registrant","Digital Privacy Corporation","3220 Executive Ridge Drive, Suite 101. C/O SKYMARKREFUELERSMEA.COM","Vista","CA","92081","United States","28ccfd.rimjjinn3l7b@digitalprivacy.co","+1.7604482392","","","","","","","","","","","","ns1.101domain.com","ns2.101domain.com","","","clientTransferProhibited","","",""
"46","tapit.one","2021-07-08 15:28:06","2021-07-05","2021-07-05","2022-07-05","1011","101domain, Inc.","whois.101domain.com","http://www.101domain.com","REDACTED FOR PRIVACY","Known Pty Ltd","REDACTED FOR PRIVACY REDACTED FOR PRIVACY REDACTED FOR PRIVACY","REDACTED FOR PRIVACY","NSW","REDACTED FOR PRIVACY","Australia","","REDACTED FOR PRIVACY","REDACTED FOR PRIVACY","REDACTED FOR PRIVACY","REDACTED FOR PRIVACY","REDACTED FOR PRIVACY REDACTED FOR PRIVACY REDACTED FOR PRIVACY","REDACTED FOR PRIVACY","REDACTED FOR PRIVACY","REDACTED FOR PRIVACY","REDACTED FOR PRIVACY","","REDACTED FOR PRIVACY","REDACTED FOR PRIVACY","REDACTED FOR PRIVACY","REDACTED FOR PRIVACY","REDACTED FOR PRIVACY REDACTED FOR PRIVACY REDACTED FOR PRIVACY","REDACTED FOR PRIVACY","REDACTED FOR PRIVACY","REDACTED FOR PRIVACY","REDACTED FOR PRIVACY","","REDACTED FOR PRIVACY","REDACTED FOR PRIVACY","","","","","","","","","","","ns1.101domain.com","ns2.101domain.com","","","addPeriod","clientTransferProhibited","",""
"47","tr-fbs-broker.com","2021-07-08 16:00:47","2021-07-05","2021-07-05","2022-07-05","1011","101domain, Inc.","whois.101domain.com","http://www.101domain.com","Private Registrant","Digital Privacy Corporation","3220 Executive Ridge Drive, Suite 101. C/O TR-FBS-BROKER.COM","Vista","CA","92081","United States","28cc9f.rimjjiivk4qw@digitalprivacy.co","+1.7604482392","","Private Registrant","Digital Privacy Corporation","3220 Executive Ridge Drive, Suite 101. C/O TR-FBS-BROKER.COM","Vista","CA","92081","United States","28cc9f.rimjjiivk4qw@digitalprivacy.co","+1.7604482392","","Private Registrant","Digital Privacy Corporation","3220 Executive Ridge Drive, Suite 101. C/O TR-FBS-BROKER.COM","Vista","CA","92081","United States","28cc9f.rimjjiivk4qw@digitalprivacy.co","+1.7604482392","","","","","","","","","","","","daisy.ns.cloudflare.com","damon.ns.cloudflare.com","","","clientTransferProhibited","","",""
"48","tr-fbs-invest.com","2021-07-08 16:00:52","2021-07-05","2021-07-05","2022-07-05","1011","101domain, Inc.","whois.101domain.com","http://www.101domain.com","Private Registrant","Digital Privacy Corporation","3220 Executive Ridge Drive, Suite 101. C/O TR-FBS-INVEST.COM","Vista","CA","92081","United States","28cc93.rimjjiiwn2x@digitalprivacy.co","+1.7604482392","","Private Registrant","Digital Privacy Corporation","3220 Executive Ridge Drive, Suite 101. C/O TR-FBS-INVEST.COM","Vista","CA","92081","United States","28cc93.rimjjiiwn2x@digitalprivacy.co","+1.7604482392","","Private Registrant","Digital Privacy Corporation","3220 Executive Ridge Drive, Suite 101. C/O TR-FBS-INVEST.COM","Vista","CA","92081","United States","28cc93.rimjjiiwn2x@digitalprivacy.co","+1.7604482392","","","","","","","","","","","","daisy.ns.cloudflare.com","damon.ns.cloudflare.com","","","clientTransferProhibited","","",""
"49","tr-fbsbroker.com","2021-07-08 16:00:47","2021-07-05","2021-07-05","2022-07-05","1011","101domain, Inc.","whois.101domain.com","http://www.101domain.com","Private Registrant","Digital Privacy Corporation","3220 Executive Ridge Drive, Suite 101. C/O TR-FBSBROKER.COM","Vista","CA","92081","United States","28cca5.rimjjiivizfe@digitalprivacy.co","+1.7604482392","","Private Registrant","Digital Privacy Corporation","3220 Executive Ridge Drive, Suite 101. C/O TR-FBSBROKER.COM","Vista","CA","92081","United States","28cca5.rimjjiivizfe@digitalprivacy.co","+1.7604482392","","Private Registrant","Digital Privacy Corporation","3220 Executive Ridge Drive, Suite 101. C/O TR-FBSBROKER.COM","Vista","CA","92081","United States","28cca5.rimjjiivizfe@digitalprivacy.co","+1.7604482392","","","","","","","","","","","","daisy.ns.cloudflare.com","damon.ns.cloudflare.com","","","clientTransferProhibited","","",""
"50","tr-fbsinvest.com","2021-07-08 16:00:51","2021-07-05","2021-07-05","2022-07-05","1011","101domain, Inc.","whois.101domain.com","http://www.101domain.com","Private Registrant","Digital Privacy Corporation","3220 Executive Ridge Drive, Suite 101. C/O TR-FBSINVEST.COM","Vista","CA","92081","United States","28cc99.rimjjiiwmzes@digitalprivacy.co","+1.7604482392","","Private Registrant","Digital Privacy Corporation","3220 Executive Ridge Drive, Suite 101. C/O TR-FBSINVEST.COM","Vista","CA","92081","United States","28cc99.rimjjiiwmzes@digitalprivacy.co","+1.7604482392","","Private Registrant","Digital Privacy Corporation","3220 Executive Ridge Drive, Suite 101. C/O TR-FBSINVEST.COM","Vista","CA","92081","United States","28cc99.rimjjiiwmzes@digitalprivacy.co","+1.7604482392","","","","","","","","","","","","daisy.ns.cloudflare.com","damon.ns.cloudflare.com","","","clientTransferProhibited","","",""
"51","trfbs-broker.com","2021-07-08 16:00:25","2021-07-05","2021-07-05","2022-07-05","1011","101domain, Inc.","whois.101domain.com","http://www.101domain.com","Private Registrant","Digital Privacy Corporation","3220 Executive Ridge Drive, Suite 101. C/O TRFBS-BROKER.COM","Vista","CA","92081","United States","28cca2.rimjjiivlumt@digitalprivacy.co","+1.7604482392","","Private Registrant","Digital Privacy Corporation","3220 Executive Ridge Drive, Suite 101. C/O TRFBS-BROKER.COM","Vista","CA","92081","United States","28cca2.rimjjiivlumt@digitalprivacy.co","+1.7604482392","","Private Registrant","Digital Privacy Corporation","3220 Executive Ridge Drive, Suite 101. C/O TRFBS-BROKER.COM","Vista","CA","92081","United States","28cca2.rimjjiivlumt@digitalprivacy.co","+1.7604482392","","","","","","","","","","","","daisy.ns.cloudflare.com","damon.ns.cloudflare.com","","","clientTransferProhibited","","",""
"52","trfbs-invest.com","2021-07-08 16:00:24","2021-07-05","2021-07-05","2022-07-05","1011","101domain, Inc.","whois.101domain.com","http://www.101domain.com","Private Registrant","Digital Privacy Corporation","3220 Executive Ridge Drive, Suite 101. C/O TRFBS-INVEST.COM","Vista","CA","92081","United States","28cc96.rimjjiiwmmq1@digitalprivacy.co","+1.7604482392","","Private Registrant","Digital Privacy Corporation","3220 Executive Ridge Drive, Suite 101. C/O TRFBS-INVEST.COM","Vista","CA","92081","United States","28cc96.rimjjiiwmmq1@digitalprivacy.co","+1.7604482392","","Private Registrant","Digital Privacy Corporation","3220 Executive Ridge Drive, Suite 101. C/O TRFBS-INVEST.COM","Vista","CA","92081","United States","28cc96.rimjjiiwmmq1@digitalprivacy.co","+1.7604482392","","","","","","","","","","","","daisy.ns.cloudflare.com","damon.ns.cloudflare.com","","","clientTransferProhibited","","",""
"53","trfbsbroker.com","2021-07-08 16:00:29","2021-07-05","2021-07-05","2022-07-05","1011","101domain, Inc.","whois.101domain.com","http://www.101domain.com","Private Registrant","Digital Privacy Corporation","3220 Executive Ridge Drive, Suite 101. C/O TRFBSBROKER.COM","Vista","CA","92081","United States","28cca8.rimjjiiukvuw@digitalprivacy.co","+1.7604482392","","Private Registrant","Digital Privacy Corporation","3220 Executive Ridge Drive, Suite 101. C/O TRFBSBROKER.COM","Vista","CA","92081","United States","28cca8.rimjjiiukvuw@digitalprivacy.co","+1.7604482392","","Private Registrant","Digital Privacy Corporation","3220 Executive Ridge Drive, Suite 101. C/O TRFBSBROKER.COM","Vista","CA","92081","United States","28cca8.rimjjiiukvuw@digitalprivacy.co","+1.7604482392","","","","","","","","","","","","daisy.ns.cloudflare.com","damon.ns.cloudflare.com","","","clientTransferProhibited","","",""
"54","trfbsinvest.com","2021-07-08 16:00:29","2021-07-05","2021-07-05","2022-07-05","1011","101domain, Inc.","whois.101domain.com","http://www.101domain.com","Private Registrant","Digital Privacy Corporation","3220 Executive Ridge Drive, Suite 101. C/O TRFBSINVEST.COM","Vista","CA","92081","United States","28cc9c.rimjjiivkbbf@digitalprivacy.co","+1.7604482392","","Private Registrant","Digital Privacy Corporation","3220 Executive Ridge Drive, Suite 101. C/O TRFBSINVEST.COM","Vista","CA","92081","United States","28cc9c.rimjjiivkbbf@digitalprivacy.co","+1.7604482392","","Private Registrant","Digital Privacy Corporation","3220 Executive Ridge Drive, Suite 101. C/O TRFBSINVEST.COM","Vista","CA","92081","United States","28cc9c.rimjjiivkbbf@digitalprivacy.co","+1.7604482392","","","","","","","","","","","","daisy.ns.cloudflare.com","damon.ns.cloudflare.com","","","clientTransferProhibited","","",""
"55","turkey-fbs-invest.com","2021-07-08 15:59:32","2021-07-05","2021-07-05","2022-07-05","1011","101domain, Inc.","whois.101domain.com","http://www.101domain.com","Private Registrant","Digital Privacy Corporation","3220 Executive Ridge Drive, Suite 101. C/O TURKEY-FBS-INVEST.COM","Vista","CA","92081","United States","28ccab.rimjjiiuloaf@digitalprivacy.co","+1.7604482392","","Private Registrant","Digital Privacy Corporation","3220 Executive Ridge Drive, Suite 101. C/O TURKEY-FBS-INVEST.COM","Vista","CA","92081","United States","28ccab.rimjjiiuloaf@digitalprivacy.co","+1.7604482392","","Private Registrant","Digital Privacy Corporation","3220 Executive Ridge Drive, Suite 101. C/O TURKEY-FBS-INVEST.COM","Vista","CA","92081","United States","28ccab.rimjjiiuloaf@digitalprivacy.co","+1.7604482392","","","","","","","","","","","","daisy.ns.cloudflare.com","damon.ns.cloudflare.com","","","clientTransferProhibited","","",""
"56","turkey-fbsbroker.com","2021-07-08 15:59:37","2021-07-05","2021-07-05","2022-07-05","1011","101domain, Inc.","whois.101domain.com","http://www.101domain.com","Private Registrant","Digital Privacy Corporation","3220 Executive Ridge Drive, Suite 101. C/O TURKEY-FBSBROKER.COM","Vista","CA","92081","United States","28ccba.rimjjiishiag@digitalprivacy.co","+1.7604482392","","Private Registrant","Digital Privacy Corporation","3220 Executive Ridge Drive, Suite 101. C/O TURKEY-FBSBROKER.COM","Vista","CA","92081","United States","28ccba.rimjjiishiag@digitalprivacy.co","+1.7604482392","","Private Registrant","Digital Privacy Corporation","3220 Executive Ridge Drive, Suite 101. C/O TURKEY-FBSBROKER.COM","Vista","CA","92081","United States","28ccba.rimjjiishiag@digitalprivacy.co","+1.7604482392","","","","","","","","","","","","daisy.ns.cloudflare.com","damon.ns.cloudflare.com","","","clientTransferProhibited","","",""
"57","turkey-fbsinvest.com","2021-07-08 15:59:32","2021-07-05","2021-07-05","2022-07-05","1011","101domain, Inc.","whois.101domain.com","http://www.101domain.com","Private Registrant","Digital Privacy Corporation","3220 Executive Ridge Drive, Suite 101. C/O TURKEY-FBSINVEST.COM","Vista","CA","92081","United States","28ccb1.rimjjiitjhwi@digitalprivacy.co","+1.7604482392","","Private Registrant","Digital Privacy Corporation","3220 Executive Ridge Drive, Suite 101. C/O TURKEY-FBSINVEST.COM","Vista","CA","92081","United States","28ccb1.rimjjiitjhwi@digitalprivacy.co","+1.7604482392","","Private Registrant","Digital Privacy Corporation","3220 Executive Ridge Drive, Suite 101. C/O TURKEY-FBSINVEST.COM","Vista","CA","92081","United States","28ccb1.rimjjiitjhwi@digitalprivacy.co","+1.7604482392","","","","","","","","","","","","daisy.ns.cloudflare.com","damon.ns.cloudflare.com","","","clientTransferProhibited","","",""
"58","turkeyfbs-broker.com","2021-07-08 15:59:42","2021-07-05","2021-07-05","2022-07-05","1011","101domain, Inc.","whois.101domain.com","http://www.101domain.com","Private Registrant","Digital Privacy Corporation","3220 Executive Ridge Drive, Suite 101. C/O TURKEYFBS-BROKER.COM","Vista","CA","92081","United States","28ccb7.rimjjiitiojs@digitalprivacy.co","+1.7604482392","","Private Registrant","Digital Privacy Corporation","3220 Executive Ridge Drive, Suite 101. C/O TURKEYFBS-BROKER.COM","Vista","CA","92081","United States","28ccb7.rimjjiitiojs@digitalprivacy.co","+1.7604482392","","Private Registrant","Digital Privacy Corporation","3220 Executive Ridge Drive, Suite 101. C/O TURKEYFBS-BROKER.COM","Vista","CA","92081","United States","28ccb7.rimjjiitiojs@digitalprivacy.co","+1.7604482392","","","","","","","","","","","","daisy.ns.cloudflare.com","damon.ns.cloudflare.com","","","clientTransferProhibited","","",""
"59","turkeyfbs-invest.com","2021-07-08 15:59:32","2021-07-05","2021-07-05","2022-07-05","1011","101domain, Inc.","whois.101domain.com","http://www.101domain.com","Private Registrant","Digital Privacy Corporation","3220 Executive Ridge Drive, Suite 101. C/O TURKEYFBS-INVEST.COM","Vista","CA","92081","United States","28ccae.rimjjiium0s4@digitalprivacy.co","+1.7604482392","","Private Registrant","Digital Privacy Corporation","3220 Executive Ridge Drive, Suite 101. C/O TURKEYFBS-INVEST.COM","Vista","CA","92081","United States","28ccae.rimjjiium0s4@digitalprivacy.co","+1.7604482392","","Private Registrant","Digital Privacy Corporation","3220 Executive Ridge Drive, Suite 101. C/O TURKEYFBS-INVEST.COM","Vista","CA","92081","United States","28ccae.rimjjiium0s4@digitalprivacy.co","+1.7604482392","","","","","","","","","","","","daisy.ns.cloudflare.com","damon.ns.cloudflare.com","","","clientTransferProhibited","","",""
"60","turkeyfbsbroker.com","2021-07-08 15:59:37","2021-07-05","2021-07-05","2022-07-05","1011","101domain, Inc.","whois.101domain.com","http://www.101domain.com","Private Registrant","Digital Privacy Corporation","3220 Executive Ridge Drive, Suite 101. C/O TURKEYFBSBROKER.COM","Vista","CA","92081","United States","28ccbd.rimjjiishdtw@digitalprivacy.co","+1.7604482392","","Private Registrant","Digital Privacy Corporation","3220 Executive Ridge Drive, Suite 101. C/O TURKEYFBSBROKER.COM","Vista","CA","92081","United States","28ccbd.rimjjiishdtw@digitalprivacy.co","+1.7604482392","","Private Registrant","Digital Privacy Corporation","3220 Executive Ridge Drive, Suite 101. C/O TURKEYFBSBROKER.COM","Vista","CA","92081","United States","28ccbd.rimjjiishdtw@digitalprivacy.co","+1.7604482392","","","","","","","","","","","","daisy.ns.cloudflare.com","damon.ns.cloudflare.com","","","clientTransferProhibited","","",""
"61","turkeyfbsinvest.com","2021-07-08 15:59:42","2021-07-05","2021-07-05","2022-07-05","1011","101domain, Inc.","whois.101domain.com","http://www.101domain.com","Private Registrant","Digital Privacy Corporation","3220 Executive Ridge Drive, Suite 101. C/O TURKEYFBSINVEST.COM","Vista","CA","92081","United States","28ccb4.rimjjiiti4f@digitalprivacy.co","+1.7604482392","","Private Registrant","Digital Privacy Corporation","3220 Executive Ridge Drive, Suite 101. C/O TURKEYFBSINVEST.COM","Vista","CA","92081","United States","28ccb4.rimjjiiti4f@digitalprivacy.co","+1.7604482392","","Private Registrant","Digital Privacy Corporation","3220 Executive Ridge Drive, Suite 101. C/O TURKEYFBSINVEST.COM","Vista","CA","92081","United States","28ccb4.rimjjiiti4f@digitalprivacy.co","+1.7604482392","","","","","","","","","","","","daisy.ns.cloudflare.com","damon.ns.cloudflare.com","","","clientTransferProhibited","","",""
"62","txchlnow.com","2021-07-08 14:18:13","2021-07-05","2021-07-05","2022-07-05","1011","101domain, Inc.","whois.101domain.com","http://www.101domain.com","Private Registrant","Digital Privacy Corporation","3220 Executive Ridge Drive, Suite 101. C/O TXCHLNOW.COM","Vista","CA","92081","United States","28cd74.rimjixusesjj@digitalprivacy.co","+1.7604482392","","Private Registrant","Digital Privacy Corporation","3220 Executive Ridge Drive, Suite 101. C/O TXCHLNOW.COM","Vista","CA","92081","United States","28cd74.rimjixusesjj@digitalprivacy.co","+1.7604482392","","Private Registrant","Digital Privacy Corporation","3220 Executive Ridge Drive, Suite 101. C/O TXCHLNOW.COM","Vista","CA","92081","United States","28cd74.rimjixusesjj@digitalprivacy.co","+1.7604482392","","","","","","","","","","","","ns1.101domain.com","ns2.101domain.com","","","clientTransferProhibited","","",""
"63","uni.bid","2021-07-08 14:17:01","2021-07-05","2021-07-05","2022-07-05","1011","101domain, Inc.","whois.101domain.com","http://www.101domain.com","REDACTED FOR PRIVACY","","REDACTED FOR PRIVACY REDACTED FOR PRIVACY REDACTED FOR PRIVACY","REDACTED FOR PRIVACY","","REDACTED FOR PRIVACY","Kuwait","","REDACTED FOR PRIVACY","REDACTED FOR PRIVACY","REDACTED FOR PRIVACY","REDACTED FOR PRIVACY","REDACTED FOR PRIVACY REDACTED FOR PRIVACY REDACTED FOR PRIVACY","REDACTED FOR PRIVACY","REDACTED FOR PRIVACY","REDACTED FOR PRIVACY","REDACTED FOR PRIVACY","","REDACTED FOR PRIVACY","REDACTED FOR PRIVACY","REDACTED FOR PRIVACY","REDACTED FOR PRIVACY","REDACTED FOR PRIVACY REDACTED FOR PRIVACY REDACTED FOR PRIVACY","REDACTED FOR PRIVACY","REDACTED FOR PRIVACY","REDACTED FOR PRIVACY","REDACTED FOR PRIVACY","","REDACTED FOR PRIVACY","REDACTED FOR PRIVACY","","","","","","","","","","","ns1.101domain.com","ns2.101domain.com","","","addPeriod","clientTransferProhibited","",""
"64","yebo-online-casino.com","2021-07-08 15:52:39","2021-07-05","2021-07-05","2022-07-05","1011","101domain, Inc.","whois.101domain.com","http://www.101domain.com","Private Registrant","Digital Privacy Corporation","3220 Executive Ridge Drive, Suite 101. C/O YEBO-ONLINE-CASINO.COM","Vista","CA","92081","United States","28cd0b.rimjjinlvgcd@digitalprivacy.co","+1.7604482392","","Private Registrant","Digital Privacy Corporation","3220 Executive Ridge Drive, Suite 101. C/O YEBO-ONLINE-CASINO.COM","Vista","CA","92081","United States","28cd0b.rimjjinlvgcd@digitalprivacy.co","+1.7604482392","","Private Registrant","Digital Privacy Corporation","3220 Executive Ridge Drive, Suite 101. C/O YEBO-ONLINE-CASINO.COM","Vista","CA","92081","United States","28cd0b.rimjjinlvgcd@digitalprivacy.co","+1.7604482392","","","","","","","","","","","","chloe.ns.cloudflare.com","rick.ns.cloudflare.com","","","clientTransferProhibited","","",""