"num","domain_name","query_time","create_date","update_date","expiry_date","domain_registrar_id","domain_registrar_name","domain_registrar_whois","domain_registrar_url","registrant_name","registrant_company","registrant_address","registrant_city","registrant_state","registrant_zip","registrant_country","registrant_email","registrant_phone","registrant_fax","administrative_name","administrative_company","administrative_address","administrative_city","administrative_state","administrative_zip","administrative_country","administrative_email","administrative_phone","administrative_fax","technical_name","technical_company","technical_address","technical_city","technical_state","technical_zip","technical_country","technical_email","technical_phone","technical_fax","billing_name","billing_company","billing_address","billing_city","billing_state","billing_zip","billing_country","billing_email","billing_phone","billing_fax","name_server_1","name_server_2","name_server_3","name_server_4","domain_status_1","domain_status_2","domain_status_3","domain_status_4"
"1","xn--4gqsa13b19gprlopv9ll88piuv8h2a.xn--czru2d","2021-07-08 14:51:37","2021-07-02","","2023-07-02","1914","Beijing Zhuoyue Shengming Technologies Company Ltd.","whois.zhuoyue.wang","","REDACTED FOR PRIVACY","zcz","REDACTED FOR PRIVACY","REDACTED FOR PRIVACY","??","REDACTED FOR PRIVACY","China","","REDACTED FOR PRIVACY","REDACTED FOR PRIVACY","REDACTED FOR PRIVACY","REDACTED FOR PRIVACY","REDACTED FOR PRIVACY","REDACTED FOR PRIVACY","REDACTED FOR PRIVACY","REDACTED FOR PRIVACY","REDACTED FOR PRIVACY","","REDACTED FOR PRIVACY","REDACTED FOR PRIVACY","REDACTED FOR PRIVACY","REDACTED FOR PRIVACY","REDACTED FOR PRIVACY","REDACTED FOR PRIVACY","REDACTED FOR PRIVACY","REDACTED FOR PRIVACY","REDACTED FOR PRIVACY","","REDACTED FOR PRIVACY","REDACTED FOR PRIVACY","","","","","","","","","","","ns.zhuoyue.wang","ns2.zhuoyue.wang","","","OK","","",""
"2","xn--6nq212a99n5fe7g.xn--czru2d","2021-07-08 14:51:39","2021-07-02","","2023-07-02","1914","Beijing Zhuoyue Shengming Technologies Company Ltd.","whois.zhuoyue.wang","","REDACTED FOR PRIVACY","wzy","REDACTED FOR PRIVACY","REDACTED FOR PRIVACY","??","REDACTED FOR PRIVACY","China","","REDACTED FOR PRIVACY","REDACTED FOR PRIVACY","REDACTED FOR PRIVACY","REDACTED FOR PRIVACY","REDACTED FOR PRIVACY","REDACTED FOR PRIVACY","REDACTED FOR PRIVACY","REDACTED FOR PRIVACY","REDACTED FOR PRIVACY","","REDACTED FOR PRIVACY","REDACTED FOR PRIVACY","REDACTED FOR PRIVACY","REDACTED FOR PRIVACY","REDACTED FOR PRIVACY","REDACTED FOR PRIVACY","REDACTED FOR PRIVACY","REDACTED FOR PRIVACY","REDACTED FOR PRIVACY","","REDACTED FOR PRIVACY","REDACTED FOR PRIVACY","","","","","","","","","","","ns.zhuoyue.wang","ns2.zhuoyue.wang","","","OK","","",""
"3","xn--dqr652b3yocon.xn--czru2d","2021-07-08 14:51:39","2021-07-02","2021-07-02","2026-07-02","1914","Beijing Zhuoyue Shengming Technologies Company Ltd.","whois.zhuoyue.wang","","REDACTED FOR PRIVACY","sqg","REDACTED FOR PRIVACY","REDACTED FOR PRIVACY","??","REDACTED FOR PRIVACY","China","","REDACTED FOR PRIVACY","REDACTED FOR PRIVACY","REDACTED FOR PRIVACY","REDACTED FOR PRIVACY","REDACTED FOR PRIVACY","REDACTED FOR PRIVACY","REDACTED FOR PRIVACY","REDACTED FOR PRIVACY","REDACTED FOR PRIVACY","","REDACTED FOR PRIVACY","REDACTED FOR PRIVACY","REDACTED FOR PRIVACY","REDACTED FOR PRIVACY","REDACTED FOR PRIVACY","REDACTED FOR PRIVACY","REDACTED FOR PRIVACY","REDACTED FOR PRIVACY","REDACTED FOR PRIVACY","","REDACTED FOR PRIVACY","REDACTED FOR PRIVACY","","","","","","","","","","","ns.zhuoyue.wang","ns2.zhuoyue.wang","","","clientTransferProhibited","","",""
"4","xn--wlqq2mmjn0h8qzq6b0z5ade5atb7a66e.xn--czru2d","2021-07-08 14:51:38","2021-07-02","","2023-07-02","1914","Beijing Zhuoyue Shengming Technologies Company Ltd.","whois.zhuoyue.wang","","REDACTED FOR PRIVACY","zcz","REDACTED FOR PRIVACY","REDACTED FOR PRIVACY","??","REDACTED FOR PRIVACY","China","","REDACTED FOR PRIVACY","REDACTED FOR PRIVACY","REDACTED FOR PRIVACY","REDACTED FOR PRIVACY","REDACTED FOR PRIVACY","REDACTED FOR PRIVACY","REDACTED FOR PRIVACY","REDACTED FOR PRIVACY","REDACTED FOR PRIVACY","","REDACTED FOR PRIVACY","REDACTED FOR PRIVACY","REDACTED FOR PRIVACY","REDACTED FOR PRIVACY","REDACTED FOR PRIVACY","REDACTED FOR PRIVACY","REDACTED FOR PRIVACY","REDACTED FOR PRIVACY","REDACTED FOR PRIVACY","","REDACTED FOR PRIVACY","REDACTED FOR PRIVACY","","","","","","","","","","","ns.zhuoyue.wang","ns2.zhuoyue.wang","","","OK","","",""
"5","xn--wlqy1i3r3aczd06t.xn--czru2d","2021-07-08 14:51:42","2021-07-05","","2023-07-05","1914","Beijing Zhuoyue Shengming Technologies Company Ltd.","whois.zhuoyue.wang","","REDACTED FOR PRIVACY","???","REDACTED FOR PRIVACY","REDACTED FOR PRIVACY","???","REDACTED FOR PRIVACY","China","","REDACTED FOR PRIVACY","REDACTED FOR PRIVACY","REDACTED FOR PRIVACY","REDACTED FOR PRIVACY","REDACTED FOR PRIVACY","REDACTED FOR PRIVACY","REDACTED FOR PRIVACY","REDACTED FOR PRIVACY","REDACTED FOR PRIVACY","","REDACTED FOR PRIVACY","REDACTED FOR PRIVACY","REDACTED FOR PRIVACY","REDACTED FOR PRIVACY","REDACTED FOR PRIVACY","REDACTED FOR PRIVACY","REDACTED FOR PRIVACY","REDACTED FOR PRIVACY","REDACTED FOR PRIVACY","","REDACTED FOR PRIVACY","REDACTED FOR PRIVACY","","","","","","","","","","","ns.zhuoyue.wang","ns2.zhuoyue.wang","","","addPeriod","ok","",""