"num","domain_name","query_time","create_date","update_date","expiry_date","domain_registrar_id","domain_registrar_name","domain_registrar_whois","domain_registrar_url","registrant_name","registrant_company","registrant_address","registrant_city","registrant_state","registrant_zip","registrant_country","registrant_email","registrant_phone","registrant_fax","administrative_name","administrative_company","administrative_address","administrative_city","administrative_state","administrative_zip","administrative_country","administrative_email","administrative_phone","administrative_fax","technical_name","technical_company","technical_address","technical_city","technical_state","technical_zip","technical_country","technical_email","technical_phone","technical_fax","billing_name","billing_company","billing_address","billing_city","billing_state","billing_zip","billing_country","billing_email","billing_phone","billing_fax","name_server_1","name_server_2","name_server_3","name_server_4","domain_status_1","domain_status_2","domain_status_3","domain_status_4"
"1","bjdsjx.com","2021-07-08 14:27:54","2021-07-05","2021-07-06","2022-07-05","2233","Desert Sand Domains, LLC","whois.desertsanddomains.com","http://www.desertsanddomains.com","zhai liu","liu zhai","wu ji xian, bei su zhen, peng jia zhuang cun, kang","shi jia zhuang shi","he bei","052400","China","liuzhai123@outlook.com","+86.0311","+86.0311","zhai liu","liu zhai","wu ji xian, bei su zhen, peng jia zhuang cun, kang","shi jia zhuang shi","he bei","052400","China","liuzhai123@outlook.com","+86.0311","+86.0311","zhai liu","liu zhai","wu ji xian, bei su zhen, peng jia zhuang cun, kang","shi jia zhuang shi","he bei","052400","China","liuzhai123@outlook.com","+86.0311","+86.0311","","","","","","","","","","","jm1.dns.com","jm2.dns.com","","","OK","","",""
"2","chiccrib.com","2021-07-08 18:31:36","2021-07-05","2021-07-05","2022-07-05","2233","Desert Sand Domains, LLC","whois.desertsanddomains.com","http://www.desertsanddomains.com","New Ventures Services, Corp","New Ventures Services, Corp","PO BOX 459 Drums","Drums","PA","18222","United States","admin@newvcorp.com","+1.8558971723","","New Ventures Services, Corp","New Ventures Services, Corp","PO BOX 459 Drums","Drums","PA","18222","United States","admin@newvcorp.com","+1.8558971723","","New Ventures Services, Corp","New Ventures Services, Corp","PO BOX 459 Drums","Drums","PA","18222","United States","admin@newvcorp.com","+1.8558971723","","","","","","","","","","","","ns1626.ztomy.com","ns2626.ztomy.com","","","OK","","",""
"3","hmjkys.com","2021-07-08 17:37:03","2021-07-05","2021-07-06","2022-07-05","2233","Desert Sand Domains, LLC","whois.desertsanddomains.com","http://www.desertsanddomains.com","zhai liu","liu zhai","wu ji xian, bei su zhen, peng jia zhuang cun, kang","shi jia zhuang shi","he bei","052400","China","liuzhai123@outlook.com","+86.0311","+86.0311","zhai liu","liu zhai","wu ji xian, bei su zhen, peng jia zhuang cun, kang","shi jia zhuang shi","he bei","052400","China","liuzhai123@outlook.com","+86.0311","+86.0311","zhai liu","liu zhai","wu ji xian, bei su zhen, peng jia zhuang cun, kang","shi jia zhuang shi","he bei","052400","China","liuzhai123@outlook.com","+86.0311","+86.0311","","","","","","","","","","","jm1.alidns.com","jm2.alidns.com","","","OK","","",""
"4","immediateproject.com","2021-07-08 17:37:37","2021-07-05","2021-07-05","2022-07-05","2233","Desert Sand Domains, LLC","whois.desertsanddomains.com","http://www.desertsanddomains.com","New Ventures Services, Corp","New Ventures Services, Corp","PO BOX 459 Drums","Drums","PA","18222","United States","admin@newvcorp.com","+1.8558971723","","New Ventures Services, Corp","New Ventures Services, Corp","PO BOX 459 Drums","Drums","PA","18222","United States","admin@newvcorp.com","+1.8558971723","","New Ventures Services, Corp","New Ventures Services, Corp","PO BOX 459 Drums","Drums","PA","18222","United States","admin@newvcorp.com","+1.8558971723","","","","","","","","","","","","ns1626.ztomy.com","ns2626.ztomy.com","","","OK","","",""
"5","intechoil.com","2021-07-08 17:25:57","2021-07-05","2021-07-05","2022-07-05","2233","Desert Sand Domains, LLC","whois.desertsanddomains.com","http://www.desertsanddomains.com","New Ventures Services, Corp","New Ventures Services, Corp","PO BOX 459 Drums","Drums","PA","18222","United States","admin@newvcorp.com","+1.8558971723","","New Ventures Services, Corp","New Ventures Services, Corp","PO BOX 459 Drums","Drums","PA","18222","United States","admin@newvcorp.com","+1.8558971723","","New Ventures Services, Corp","New Ventures Services, Corp","PO BOX 459 Drums","Drums","PA","18222","United States","admin@newvcorp.com","+1.8558971723","","","","","","","","","","","","ns1626.ztomy.com","ns2626.ztomy.com","","","OK","","",""
"6","lv857.com","2021-07-08 14:31:34","2021-07-05","2021-07-05","2022-07-05","2233","Desert Sand Domains, LLC","whois.desertsanddomains.com","http://www.desertsanddomains.com","New Ventures Services, Corp","New Ventures Services, Corp","PO BOX 459 Drums","Drums","PA","18222","United States","admin@newvcorp.com","+1.8558971723","","New Ventures Services, Corp","New Ventures Services, Corp","PO BOX 459 Drums","Drums","PA","18222","United States","admin@newvcorp.com","+1.8558971723","","New Ventures Services, Corp","New Ventures Services, Corp","PO BOX 459 Drums","Drums","PA","18222","United States","admin@newvcorp.com","+1.8558971723","","","","","","","","","","","","ns1626.ztomy.com","ns2626.ztomy.com","","","OK","","",""
"7","myscatshop.com","2021-07-08 17:25:03","2021-07-05","2021-07-05","2022-07-05","2233","Desert Sand Domains, LLC","whois.desertsanddomains.com","http://www.desertsanddomains.com","PERFECT PRIVACY, LLC","","5335 Gate Parkway","Jacksonville","FL","32256","United States","6ej3qvm4e0h3k8e03fghtc108s@domaindiscreet.com","+1.9027492701","","PERFECT PRIVACY, LLC","","5335 Gate Parkway","Jacksonville","FL","32256","United States","6ej3qvm4e0h3k8e03fghtc108s@domaindiscreet.com","+1.9027492701","","PERFECT PRIVACY, LLC","","5335 Gate Parkway","Jacksonville","FL","32256","United States","6ej3qvm4e0h3k8e03fghtc108s@domaindiscreet.com","+1.9027492701","","","","","","","","","","","","ns15.above.com","ns16.above.com","","","OK","","",""
"8","rabbitplanet.com","2021-07-08 18:25:43","2021-07-05","2021-07-05","2022-07-05","2233","Desert Sand Domains, LLC","whois.desertsanddomains.com","http://www.desertsanddomains.com","PERFECT PRIVACY, LLC","","5335 Gate Parkway","Jacksonville","FL","32256","United States","4vste1lqs8ge686g8bcjlr1s68@domaindiscreet.com","+1.9027492701","","PERFECT PRIVACY, LLC","","5335 Gate Parkway","Jacksonville","FL","32256","United States","4vste1lqs8ge686g8bcjlr1s68@domaindiscreet.com","+1.9027492701","","PERFECT PRIVACY, LLC","","5335 Gate Parkway","Jacksonville","FL","32256","United States","4vste1lqs8ge686g8bcjlr1s68@domaindiscreet.com","+1.9027492701","","","","","","","","","","","","buy.internettraffic.com","sell.internettraffic.com","","","OK","","",""
"9","rcloft.com","2021-07-08 18:27:19","2021-07-05","2021-07-05","2022-07-05","2233","Desert Sand Domains, LLC","whois.desertsanddomains.com","http://www.desertsanddomains.com","New Ventures Services, Corp","New Ventures Services, Corp","PO BOX 459 Drums","Drums","PA","18222","United States","admin@newvcorp.com","+1.8558971723","","New Ventures Services, Corp","New Ventures Services, Corp","PO BOX 459 Drums","Drums","PA","18222","United States","admin@newvcorp.com","+1.8558971723","","New Ventures Services, Corp","New Ventures Services, Corp","PO BOX 459 Drums","Drums","PA","18222","United States","admin@newvcorp.com","+1.8558971723","","","","","","","","","","","","ns1626.ztomy.com","ns2626.ztomy.com","","","OK","","",""
"10","theppeguys.com","2021-07-08 14:31:14","2021-07-05","2021-07-06","2022-07-05","2233","Desert Sand Domains, LLC","whois.desertsanddomains.com","http://www.desertsanddomains.com","PERFECT PRIVACY, LLC","","5335 Gate Parkway","Jacksonville","FL","32256","United States","93ogcqgk8ki15830eus7da23ft@domaindiscreet.com","+1.9027492701","","PERFECT PRIVACY, LLC","","5335 Gate Parkway","Jacksonville","FL","32256","United States","93ogcqgk8ki15830eus7da23ft@domaindiscreet.com","+1.9027492701","","PERFECT PRIVACY, LLC","","5335 Gate Parkway","Jacksonville","FL","32256","United States","93ogcqgk8ki15830eus7da23ft@domaindiscreet.com","+1.9027492701","","","","","","","","","","","","buy.internettraffic.com","sell.internettraffic.com","","","OK","","",""