"num","domain_name","query_time","create_date","update_date","expiry_date","domain_registrar_id","domain_registrar_name","domain_registrar_whois","domain_registrar_url","registrant_name","registrant_company","registrant_address","registrant_city","registrant_state","registrant_zip","registrant_country","registrant_email","registrant_phone","registrant_fax","administrative_name","administrative_company","administrative_address","administrative_city","administrative_state","administrative_zip","administrative_country","administrative_email","administrative_phone","administrative_fax","technical_name","technical_company","technical_address","technical_city","technical_state","technical_zip","technical_country","technical_email","technical_phone","technical_fax","billing_name","billing_company","billing_address","billing_city","billing_state","billing_zip","billing_country","billing_email","billing_phone","billing_fax","name_server_1","name_server_2","name_server_3","name_server_4","domain_status_1","domain_status_2","domain_status_3","domain_status_4"
"1","28m7.com","2021-07-08 14:20:56","2021-07-05","2021-07-05","2022-07-05","1529","DomainLocal LLC","whois.domainlocal.com","http://www.domainlocal.com","Redacted for GDPR privacy","si hai hui","Redacted for GDPR privacy","Redacted for GDPR privacy","Taiwan","Redacted for GDPR privacy","Taiwan","28m7.com@namebrightprivacy.com","Redacted for GDPR privacy","Redacted for GDPR privacy","Redacted for GDPR privacy","Redacted for GDPR privacy","Redacted for GDPR privacy","Redacted for GDPR privacy","Redacted for GDPR privacy","Redacted for GDPR privacy","Redacted for GDPR privacy","28m7.com@namebrightprivacy.com","Redacted for GDPR privacy","Redacted for GDPR privacy","Redacted for GDPR privacy","Redacted for GDPR privacy","Redacted for GDPR privacy","Redacted for GDPR privacy","Redacted for GDPR privacy","Redacted for GDPR privacy","Redacted for GDPR privacy","28m7.com@namebrightprivacy.com","Redacted for GDPR privacy","Redacted for GDPR privacy","","","","","","","","","","","","","","","clientTransferProhibited","","",""
"2","albamarketbakery.com","2021-07-08 17:26:12","2021-07-05","2021-07-05","2022-07-05","1529","DomainLocal LLC","whois.domainlocal.com","http://www.domainlocal.com","Redacted for GDPR privacy","","Redacted for GDPR privacy","Redacted for GDPR privacy","Budapest","Redacted for GDPR privacy","Hungary","albamarketbakery.com@namebrightprivacy.com","Redacted for GDPR privacy","Redacted for GDPR privacy","Redacted for GDPR privacy","Redacted for GDPR privacy","Redacted for GDPR privacy","Redacted for GDPR privacy","Redacted for GDPR privacy","Redacted for GDPR privacy","Redacted for GDPR privacy","albamarketbakery.com@namebrightprivacy.com","Redacted for GDPR privacy","Redacted for GDPR privacy","Redacted for GDPR privacy","Redacted for GDPR privacy","Redacted for GDPR privacy","Redacted for GDPR privacy","Redacted for GDPR privacy","Redacted for GDPR privacy","Redacted for GDPR privacy","albamarketbakery.com@namebrightprivacy.com","Redacted for GDPR privacy","Redacted for GDPR privacy","","","","","","","","","","","","","","","clientTransferProhibited","","",""
"3","infusionbcps.com","2021-07-08 18:25:20","2021-07-05","2021-07-05","2022-07-05","1529","DomainLocal LLC","whois.domainlocal.com","http://www.domainlocal.com","Private Registration","NameBrightPrivacy.com","2635 Walnut Street","Denver","CO","80205","United States","infusionbcps.com@namebrightprivacy.com","+1.7204960020","","Private Registration","NameBrightPrivacy.com","2635 Walnut Street","Denver","CO","80205","United States","infusionbcps.com@namebrightprivacy.com","+1.7204960020","","Private Registration","NameBrightPrivacy.com","2635 Walnut Street","Denver","CO","80205","United States","infusionbcps.com@namebrightprivacy.com","+1.7204960020","","","","","","","","","","","","","","","","clientTransferProhibited","","",""
"4","mhfaireland.com","2021-07-08 18:17:24","2021-07-05","2021-07-05","2022-07-05","1529","DomainLocal LLC","whois.domainlocal.com","http://www.domainlocal.com","le li","","shuogangzhenhuliuqiaocunsanzu","huangmeixian","hubeisheng","435500","China","1822718043@qq.com","+86.13026899484","","le li","","shuogangzhenhuliuqiaocunsanzu","huangmeixian","hubeisheng","435500","China","1822718043@qq.com","+86.13026899484","","le li","","shuogangzhenhuliuqiaocunsanzu","huangmeixian","hubeisheng","435500","China","1822718043@qq.com","+86.13026899484","","","","","","","","","","","","","","","","clientTransferProhibited","","",""
"5","myprivateva.com","2021-07-08 18:40:27","2021-07-05","2021-07-05","2022-07-05","1529","DomainLocal LLC","whois.domainlocal.com","http://www.domainlocal.com","Domain Admin / This Domain is For Sale","HugeDomains.com","2635 Walnut Street","Denver","CO","80205","United States","domains@hugedomains.com","+1.3038930552","","Domain Admin / This Domain is For Sale","HugeDomains.com","2635 Walnut Street","Denver","CO","80205","United States","domains@hugedomains.com","+1.3038930552","","Domain Admin / This Domain is For Sale","HugeDomains.com","2635 Walnut Street","Denver","CO","80205","United States","domains@hugedomains.com","+1.3038930552","","","","","","","","","","","","","","","","clientTransferProhibited","","",""
"6","watchmovies2021.com","2021-07-08 14:31:25","2021-07-05","2021-07-05","2022-07-05","1529","DomainLocal LLC","whois.domainlocal.com","http://www.domainlocal.com","Domain Admin","Domain Privacy Ltd","PO Box 189","Marblehead","MA","01945","United States","whois@x23.com","+1.2532528582","","Domain Admin","Domain Privacy Ltd","PO Box 189","Marblehead","MA","01945","United States","whois@x23.com","+1.2532528582","","Domain Admin","Domain Privacy Ltd","PO Box 189","Marblehead","MA","01945","United States","whois@x23.com","+1.2532528582","","","","","","","","","","","","","","","","clientTransferProhibited","","",""