"num","domain_name","query_time","create_date","update_date","expiry_date","domain_registrar_id","domain_registrar_name","domain_registrar_whois","domain_registrar_url","registrant_name","registrant_company","registrant_address","registrant_city","registrant_state","registrant_zip","registrant_country","registrant_email","registrant_phone","registrant_fax","administrative_name","administrative_company","administrative_address","administrative_city","administrative_state","administrative_zip","administrative_country","administrative_email","administrative_phone","administrative_fax","technical_name","technical_company","technical_address","technical_city","technical_state","technical_zip","technical_country","technical_email","technical_phone","technical_fax","billing_name","billing_company","billing_address","billing_city","billing_state","billing_zip","billing_country","billing_email","billing_phone","billing_fax","name_server_1","name_server_2","name_server_3","name_server_4","domain_status_1","domain_status_2","domain_status_3","domain_status_4"
"1","9886j.com","2021-07-08 14:28:27","2021-07-05","2021-07-05","2022-07-05","1684","DomainPicking LLC","whois.nic.ir","http://www.domainpicking.com","lian ying zhou","zhou lian ying","dao li qu, dao li qu, fen dou xin qu, 201 shi","ha er bin shi","hei long jiang","150000","China","apgjun2@163.com","+86.18403688828","","lian ying zhou","zhou lian ying","dao li qu, dao li qu, fen dou xin qu, 201 shi","ha er bin shi","hei long jiang","150000","China","apgjun2@163.com","+86.18403688828","","lian ying zhou","zhou lian ying","dao li qu, dao li qu, fen dou xin qu, 201 shi","ha er bin shi","hei long jiang","150000","China","apgjun2@163.com","+86.18403688828","","","","","","","","","","","","","","","","clientTransferProhibited","","",""
"2","betterzg.com","2021-07-08 17:56:49","2021-07-05","2021-07-05","2022-07-05","1684","DomainPicking LLC","whois.nic.ir","http://www.domainpicking.com","Domain Admin / This Domain is For Sale","HugeDomains.com","2635 Walnut Street","Denver","CO","80205","United States","domains@hugedomains.com","+1.3038930552","","Domain Admin / This Domain is For Sale","HugeDomains.com","2635 Walnut Street","Denver","CO","80205","United States","domains@hugedomains.com","+1.3038930552","","Domain Admin / This Domain is For Sale","HugeDomains.com","2635 Walnut Street","Denver","CO","80205","United States","domains@hugedomains.com","+1.3038930552","","","","","","","","","","","","","","","","clientTransferProhibited","","",""
"3","brotmaninteriors.com","2021-07-08 18:41:08","2021-07-05","2021-07-05","2022-07-05","1684","DomainPicking LLC","whois.nic.ir","http://www.domainpicking.com","Redacted for GDPR privacy","","Redacted for GDPR privacy","Redacted for GDPR privacy","Budapest","Redacted for GDPR privacy","Hungary","brotmaninteriors.com@namebrightprivacy.com","Redacted for GDPR privacy","Redacted for GDPR privacy","Redacted for GDPR privacy","Redacted for GDPR privacy","Redacted for GDPR privacy","Redacted for GDPR privacy","Redacted for GDPR privacy","Redacted for GDPR privacy","Redacted for GDPR privacy","brotmaninteriors.com@namebrightprivacy.com","Redacted for GDPR privacy","Redacted for GDPR privacy","Redacted for GDPR privacy","Redacted for GDPR privacy","Redacted for GDPR privacy","Redacted for GDPR privacy","Redacted for GDPR privacy","Redacted for GDPR privacy","Redacted for GDPR privacy","brotmaninteriors.com@namebrightprivacy.com","Redacted for GDPR privacy","Redacted for GDPR privacy","","","","","","","","","","","","","","","clientTransferProhibited","","",""
"4","groceryloan.com","2021-07-08 17:29:49","2021-07-05","2021-07-05","2022-07-05","1684","DomainPicking LLC","whois.nic.ir","http://www.domainpicking.com","Domain Admin / This Domain is For Sale","HugeDomains.com","2635 Walnut Street","Denver","CO","80205","United States","domains@hugedomains.com","+1.3038930552","","Domain Admin / This Domain is For Sale","HugeDomains.com","2635 Walnut Street","Denver","CO","80205","United States","domains@hugedomains.com","+1.3038930552","","Domain Admin / This Domain is For Sale","HugeDomains.com","2635 Walnut Street","Denver","CO","80205","United States","domains@hugedomains.com","+1.3038930552","","","","","","","","","","","","","","","","clientTransferProhibited","","",""
"5","gst999.com","2021-07-08 18:24:10","2021-07-05","2021-07-05","2022-07-05","1684","DomainPicking LLC","whois.nic.ir","http://www.domainpicking.com","zi xin tan","tan zi xin","jiang cheng qu, ping gang zhen, dong er cun w","yang jiang shi","guang dong","529500","China","archer0608@126.com","+86.18580904820","","zi xin tan","tan zi xin","jiang cheng qu, ping gang zhen, dong er cun w","yang jiang shi","guang dong","529500","China","archer0608@126.com","+86.18580904820","","zi xin tan","tan zi xin","jiang cheng qu, ping gang zhen, dong er cun w","yang jiang shi","guang dong","529500","China","archer0608@126.com","+86.18580904820","","","","","","","","","","","","","","","","clientTransferProhibited","","",""
"6","itsmixed.com","2021-07-08 17:46:27","2021-07-05","2021-07-05","2022-07-05","1684","DomainPicking LLC","whois.nic.ir","http://www.domainpicking.com","Domain Admin / This Domain is For Sale","HugeDomains.com","2635 Walnut Street","Denver","CO","80205","United States","domains@hugedomains.com","+1.3038930552","","Domain Admin / This Domain is For Sale","HugeDomains.com","2635 Walnut Street","Denver","CO","80205","United States","domains@hugedomains.com","+1.3038930552","","Domain Admin / This Domain is For Sale","HugeDomains.com","2635 Walnut Street","Denver","CO","80205","United States","domains@hugedomains.com","+1.3038930552","","","","","","","","","","","","","","","","clientTransferProhibited","","",""
"7","rongchuan.net","2021-07-08 14:46:44","2021-07-04","2021-07-04","2022-07-04","1684","DomainPicking LLC","whois.nic.ir","http://www.domainpicking.com","han xiao zhu","zhu han xiao","kai jiang xian, xin ning zhen, xin ning lu, 2","da zhou shi","si chuan","636250","China","3400381235@qq.com","+86.13083516195","","han xiao zhu","zhu han xiao","kai jiang xian, xin ning zhen, xin ning lu, 2","da zhou shi","si chuan","636250","China","3400381235@qq.com","+86.13083516195","","han xiao zhu","zhu han xiao","kai jiang xian, xin ning zhen, xin ning lu, 2","da zhou shi","si chuan","636250","China","3400381235@qq.com","+86.13083516195","","","","","","","","","","","","","","","","clientTransferProhibited","","",""
"8","seo134.com","2021-07-08 17:37:12","2021-07-05","2021-07-05","2022-07-05","1684","DomainPicking LLC","whois.nic.ir","http://www.domainpicking.com","jing yao fan","fan jing yao","he ping qu, ye cun, da tong lu, 988 hao","shen yang shi","LIAO NING","110000","China","baidupingjia@qq.com","+86.13686877889","","jing yao fan","fan jing yao","he ping qu, ye cun, da tong lu, 988 hao","shen yang shi","LIAO NING","110000","China","baidupingjia@qq.com","+86.13686877889","","jing yao fan","fan jing yao","he ping qu, ye cun, da tong lu, 988 hao","shen yang shi","LIAO NING","110000","China","baidupingjia@qq.com","+86.13686877889","","","","","","","","","","","","","","","","clientTransferProhibited","","",""
"9","taxingdigital.com","2021-07-08 14:30:01","2021-07-05","2021-07-05","2022-07-05","1684","DomainPicking LLC","whois.nic.ir","http://www.domainpicking.com","Domain Admin / This Domain is For Sale","HugeDomains.com","2635 Walnut Street","Denver","CO","80205","United States","domains@hugedomains.com","+1.3038930552","","Domain Admin / This Domain is For Sale","HugeDomains.com","2635 Walnut Street","Denver","CO","80205","United States","domains@hugedomains.com","+1.3038930552","","Domain Admin / This Domain is For Sale","HugeDomains.com","2635 Walnut Street","Denver","CO","80205","United States","domains@hugedomains.com","+1.3038930552","","","","","","","","","","","","","","","","clientTransferProhibited","","",""
"10","transliguria.com","2021-07-08 17:25:02","2021-07-05","2021-07-05","2022-07-05","1684","DomainPicking LLC","whois.nic.ir","http://www.domainpicking.com","Domain Admin / This Domain is For Sale","HugeDomains.com","2635 Walnut Street","Denver","CO","80205","United States","domains@hugedomains.com","+1.3038930552","","Domain Admin / This Domain is For Sale","HugeDomains.com","2635 Walnut Street","Denver","CO","80205","United States","domains@hugedomains.com","+1.3038930552","","Domain Admin / This Domain is For Sale","HugeDomains.com","2635 Walnut Street","Denver","CO","80205","United States","domains@hugedomains.com","+1.3038930552","","","","","","","","","","","","","","","","clientTransferProhibited","","",""
"11","twittana.com","2021-07-08 18:37:47","2021-07-05","2021-07-05","2022-07-05","1684","DomainPicking LLC","whois.nic.ir","http://www.domainpicking.com","Domain Admin / This Domain is For Sale","HugeDomains.com","2635 Walnut Street","Denver","CO","80205","United States","domains@hugedomains.com","+1.3038930552","","Domain Admin / This Domain is For Sale","HugeDomains.com","2635 Walnut Street","Denver","CO","80205","United States","domains@hugedomains.com","+1.3038930552","","Domain Admin / This Domain is For Sale","HugeDomains.com","2635 Walnut Street","Denver","CO","80205","United States","domains@hugedomains.com","+1.3038930552","","","","","","","","","","","","","","","","clientTransferProhibited","","",""
"12","xxxmcu.com","2021-07-08 17:30:12","2021-07-05","2021-07-05","2022-07-05","1684","DomainPicking LLC","whois.nic.ir","http://www.domainpicking.com","Redacted for GDPR privacy","","Redacted for GDPR privacy","Redacted for GDPR privacy","Fujian","Redacted for GDPR privacy","China","xxxmcu.com@namebrightprivacy.com","Redacted for GDPR privacy","Redacted for GDPR privacy","Redacted for GDPR privacy","Redacted for GDPR privacy","Redacted for GDPR privacy","Redacted for GDPR privacy","Redacted for GDPR privacy","Redacted for GDPR privacy","Redacted for GDPR privacy","xxxmcu.com@namebrightprivacy.com","Redacted for GDPR privacy","Redacted for GDPR privacy","Redacted for GDPR privacy","Redacted for GDPR privacy","Redacted for GDPR privacy","Redacted for GDPR privacy","Redacted for GDPR privacy","Redacted for GDPR privacy","Redacted for GDPR privacy","xxxmcu.com@namebrightprivacy.com","Redacted for GDPR privacy","Redacted for GDPR privacy","","","","","","","","","","","","","","","clientTransferProhibited","","",""
"13","zqshzsgs.com","2021-07-08 18:27:29","2021-07-05","2021-07-05","2022-07-05","1684","DomainPicking LLC","whois.nic.ir","http://www.domainpicking.com","bin Zhong","Zheng Zhou Long Ming Wang Luo Ke Ji You Xian Gong Si","Jin Shui Qu Nong Ye Lu Dong 1Hao Yu Bo Da Xia 6Ceng 618Shi","Zhengzhoushi","HENAN","450000","China","temporary-template@longming.com","+86.37156665556","+86.37156665556","bin Zhong","Zheng Zhou Long Ming Wang Luo Ke Ji You Xian Gong Si","Jin Shui Qu Nong Ye Lu Dong 1Hao Yu Bo Da Xia 6Ceng 618Shi","Zhengzhoushi","HENAN","450000","China","temporary-template@longming.com","+86.37156665556","+86.37156665556","bin Zhong","Zheng Zhou Long Ming Wang Luo Ke Ji You Xian Gong Si","Jin Shui Qu Nong Ye Lu Dong 1Hao Yu Bo Da Xia 6Ceng 618Shi","Zhengzhoushi","HENAN","450000","China","temporary-template@longming.com","+86.37156665556","+86.37156665556","","","","","","","","","","","","","","","clientTransferProhibited","","",""