"num","domain_name","query_time","create_date","update_date","expiry_date","domain_registrar_id","domain_registrar_name","domain_registrar_whois","domain_registrar_url","registrant_name","registrant_company","registrant_address","registrant_city","registrant_state","registrant_zip","registrant_country","registrant_email","registrant_phone","registrant_fax","administrative_name","administrative_company","administrative_address","administrative_city","administrative_state","administrative_zip","administrative_country","administrative_email","administrative_phone","administrative_fax","technical_name","technical_company","technical_address","technical_city","technical_state","technical_zip","technical_country","technical_email","technical_phone","technical_fax","billing_name","billing_company","billing_address","billing_city","billing_state","billing_zip","billing_country","billing_email","billing_phone","billing_fax","name_server_1","name_server_2","name_server_3","name_server_4","domain_status_1","domain_status_2","domain_status_3","domain_status_4"
"1","cmhrj.com","2021-07-08 16:51:11","2021-07-05","2021-07-05","2022-07-05","1660","Domainshype.com, Inc.","whois.domainshype.com","http://www.domainshype.com","Narayan Lohar","Narayan Lohar","pipliya raoji manasa","manasa","Madhya Pradesh","458110","India","valley.editor@gmail.com","+91.9755265255","","Narayan Lohar","Narayan Lohar","pipliya raoji manasa","manasa","Madhya Pradesh","458110","India","valley.editor@gmail.com","+91.9755265255","","Narayan Lohar","Narayan Lohar","pipliya raoji manasa","manasa","Madhya Pradesh","458110","India","valley.editor@gmail.com","+91.9755265255","","","","","","","","","","","","ns1.cp-46.hostgatorwebservers.com","ns2.cp-46.hostgatorwebservers.com","","","clientTransferProhibited","","",""
"2","dcafeandrestaurant.com","2021-07-08 16:47:50","2021-07-05","2021-07-07","2022-07-05","1660","Domainshype.com, Inc.","whois.domainshype.com","http://www.domainshype.com","D Cafe & restaurant","","optimize elegance","ahmedabad","1721","380054","India","dcaferestaurant2021@gmail.com","+91.7687888777","","D Cafe & restaurant","","optimize elegance","ahmedabad","1721","380054","India","dcaferestaurant2021@gmail.com","+91.7687888777","","D Cafe & restaurant","","optimize elegance","ahmedabad","1721","380054","India","dcaferestaurant2021@gmail.com","+91.7687888777","","","","","","","","","","","","sns399.hostgator.in","sns400.hostgator.in","","","clientTransferProhibited","","",""
"3","decoratingtechnique.com","2021-07-08 17:29:44","2021-07-05","2021-07-05","2022-07-05","1660","Domainshype.com, Inc.","whois.domainshype.com","http://www.domainshype.com","This Domain For Sale Worldwide 339 222 5132","Buydomains.com","738 Main Street, #389","Waltham","Massachusetts","02451","United States","brokerage@buydomains.com","+1.3392225132","+1.7818392801","This Domain For Sale Worldwide 339 222 5132","Buydomains.com","738 Main Street, #389","Waltham","Massachusetts","02451","United States","brokerage@buydomains.com","+1.3392225132","+1.7818392801","This Domain For Sale Worldwide 339 222 5132","Buydomains.com","738 Main Street, #389","Waltham","Massachusetts","02451","United States","brokerage@buydomains.com","+1.3392225132","+1.7818392801","","","","","","","","","","","ns.buydomains.com","this-domain-for-sale.com","","","clientTransferProhibited","","",""
"4","drsurajgupte.com","2021-07-08 18:31:57","2021-07-05","2021-07-05","2022-07-05","1660","Domainshype.com, Inc.","whois.domainshype.com","http://www.domainshype.com","Manu  Gupte","Royale Global Beverages","Lajpat Nagar, New Delhi","jammu","Delhi","180001","India","manugupte@gmail.com","+91.9697777786","","Manu  Gupte","Royale Global Beverages","Lajpat Nagar, New Delhi","jammu","Delhi","180001","India","manugupte@gmail.com","+91.9697777786","","Manu  Gupte","Royale Global Beverages","Lajpat Nagar, New Delhi","jammu","Delhi","180001","India","manugupte@gmail.com","+91.9697777786","","","","","","","","","","","","dns1.hostgator.in","dns2.hostgator.in","dns3.hostgator.in","dns4.hostgator.in","clientTransferProhibited","","",""
"5","galliuminorganics.com","2021-07-08 17:34:31","2021-07-05","2021-07-05","2022-07-05","1660","Domainshype.com, Inc.","whois.domainshype.com","http://www.domainshype.com","Topbean Technologies","","No 198 VKV Building 3rd Floor","COIMBATORE","Tamil Nadu","641027","India","topbeantechnologies@gmail.com","+91.9944228168","","Topbean Technologies","","No 198 VKV Building 3rd Floor","COIMBATORE","Tamil Nadu","641027","India","topbeantechnologies@gmail.com","+91.9944228168","","Topbean Technologies","","No 198 VKV Building 3rd Floor","COIMBATORE","Tamil Nadu","641027","India","topbeantechnologies@gmail.com","+91.9944228168","","","","","","","","","","","","ns1.md-in-74.hostgatorwebservers.com","ns2.md-in-74.hostgatorwebservers.com","","","clientTransferProhibited","","",""
"6","indialoansprovider.com","2021-07-08 16:34:24","2021-07-05","2021-07-05","2022-07-05","1660","Domainshype.com, Inc.","whois.domainshype.com","http://www.domainshype.com","Raushan Rajput","","Vimannagar","Pune","Maharashtra","411014","India","raushanaj0321@gmail.com","+91.7044246077","","Raushan Rajput","","Vimannagar","Pune","Maharashtra","411014","India","raushanaj0321@gmail.com","+91.7044246077","","Raushan Rajput","","Vimannagar","Pune","Maharashtra","411014","India","raushanaj0321@gmail.com","+91.7044246077","","","","","","","","","","","","dns1.hostgator.in","dns2.hostgator.in","dns3.hostgator.in","dns4.hostgator.in","clientTransferProhibited","","",""
"7","jeanier.com","2021-07-08 14:30:32","2021-07-05","2021-07-05","2022-07-05","1660","Domainshype.com, Inc.","whois.domainshype.com","http://www.domainshype.com","This Domain For Sale Worldwide 339 222 5132","Buydomains.com","738 Main Street, #389","Waltham","Massachusetts","02451","United States","brokerage@buydomains.com","+1.3392225132","+1.7818392801","This Domain For Sale Worldwide 339 222 5132","Buydomains.com","738 Main Street, #389","Waltham","Massachusetts","02451","United States","brokerage@buydomains.com","+1.3392225132","+1.7818392801","This Domain For Sale Worldwide 339 222 5132","Buydomains.com","738 Main Street, #389","Waltham","Massachusetts","02451","United States","brokerage@buydomains.com","+1.3392225132","+1.7818392801","","","","","","","","","","","ns.buydomains.com","this-domain-for-sale.com","","","clientTransferProhibited","","",""
"8","jeyaar.com","2021-07-08 16:32:14","2021-07-05","2021-07-05","2022-07-05","1660","Domainshype.com, Inc.","whois.domainshype.com","http://www.domainshype.com","Prakash Gopal","Prakash Gopal","Aditya Infotech SasthamcottaRoad Thoppilmukku","Kollam","Kerala","691538","India","adisoftca@gmail.com","+91.9961488226","","Prakash Gopal","Prakash Gopal","Aditya Infotech SasthamcottaRoad Thoppilmukku","Kollam","Kerala","691538","India","adisoftca@gmail.com","+91.9961488226","","Prakash Gopal","Prakash Gopal","Aditya Infotech SasthamcottaRoad Thoppilmukku","Kollam","Kerala","691538","India","adisoftca@gmail.com","+91.9961488226","","","","","","","","","","","","dns1.hostgator.in","dns2.hostgator.in","dns3.hostgator.in","dns4.hostgator.in","clientTransferProhibited","","",""
"9","jivancharya.com","2021-07-08 16:31:50","2021-07-05","2021-07-05","2023-07-05","1660","Domainshype.com, Inc.","whois.domainshype.com","http://www.domainshype.com","sudhansu singh","","Nagpur highway road","Wardha","Uttar Pradesh","442001","India","sudhansu.singh13@apu.edu.in","+91.9739722127","","sudhansu singh","","Nagpur highway road","Wardha","Uttar Pradesh","442001","India","sudhansu.singh13@apu.edu.in","+91.9739722127","","sudhansu singh","","Nagpur highway road","Wardha","Uttar Pradesh","442001","India","sudhansu.singh13@apu.edu.in","+91.9739722127","","","","","","","","","","","","dns1.hostgator.in","dns2.hostgator.in","dns3.hostgator.in","dns4.hostgator.in","clientTransferProhibited","","",""
"10","localyouths.com","2021-07-08 18:06:43","2021-07-05","2021-07-05","2022-07-05","1660","Domainshype.com, Inc.","whois.domainshype.com","http://www.domainshype.com","This Domain For Sale Worldwide 339 222 5132","Buydomains.com","738 Main Street, #389","Waltham","Massachusetts","02451","United States","brokerage@buydomains.com","+1.3392225132","+1.7818392801","This Domain For Sale Worldwide 339 222 5132","Buydomains.com","738 Main Street, #389","Waltham","Massachusetts","02451","United States","brokerage@buydomains.com","+1.3392225132","+1.7818392801","This Domain For Sale Worldwide 339 222 5132","Buydomains.com","738 Main Street, #389","Waltham","Massachusetts","02451","United States","brokerage@buydomains.com","+1.3392225132","+1.7818392801","","","","","","","","","","","ns.buydomains.com","this-domain-for-sale.com","","","clientTransferProhibited","","",""
"11","majidtyres.com","2021-07-08 16:23:44","2021-07-05","2021-07-05","2022-07-05","1660","Domainshype.com, Inc.","whois.domainshype.com","http://www.domainshype.com","Nishon a j","","Alangadan house Challikavattaom vennala","Ernakulam","Kerala","682028","India","nishonalangadan@gmail.com","+91.9020992218","","Nishon a j","","Alangadan house Challikavattaom vennala","Ernakulam","Kerala","682028","India","nishonalangadan@gmail.com","+91.9020992218","","Nishon a j","","Alangadan house Challikavattaom vennala","Ernakulam","Kerala","682028","India","nishonalangadan@gmail.com","+91.9020992218","","","","","","","","","","","","ns1.md-in-38.webhostbox.net","ns2.md-in-38.webhostbox.net","","","clientTransferProhibited","","",""
"12","nalkem.com","2021-07-08 16:18:28","2021-07-05","2021-07-05","2023-07-05","1660","Domainshype.com, Inc.","whois.domainshype.com","http://www.domainshype.com","Nalkem Pharma","","Hyderabad","Hyderabad","Telangana","500084","India","rakeshlakkimsetty@gmail.com","+91.6304799999","","Nalkem Pharma","","Hyderabad","Hyderabad","Telangana","500084","India","rakeshlakkimsetty@gmail.com","+91.6304799999","","Nalkem Pharma","","Hyderabad","Hyderabad","Telangana","500084","India","rakeshlakkimsetty@gmail.com","+91.6304799999","","","","","","","","","","","","dns1.hostgator.in","dns2.hostgator.in","dns3.hostgator.in","dns4.hostgator.in","clientTransferProhibited","","",""
"13","saintpetersclothing.com","2021-07-08 16:09:27","2021-07-05","2021-07-05","2023-07-05","1660","Domainshype.com, Inc.","whois.domainshype.com","http://www.domainshype.com","INTERLINK CONSULTANT","","203 2 ND FLOOR TRAPINEX HOUSE","MUMBAI","Maharashtra","400009","India","imran_rgit@hotmail.com","+91.9323818985","","INTERLINK CONSULTANT","","203 2 ND FLOOR TRAPINEX HOUSE","MUMBAI","Maharashtra","400009","India","imran_rgit@hotmail.com","+91.9323818985","","INTERLINK CONSULTANT","","203 2 ND FLOOR TRAPINEX HOUSE","MUMBAI","Maharashtra","400009","India","imran_rgit@hotmail.com","+91.9323818985","","","","","","","","","","","","dns1.hostgator.in","dns2.hostgator.in","dns3.hostgator.in","dns4.hostgator.in","clientTransferProhibited","","",""
"14","shreyanshsblog.com","2021-07-08 17:30:35","2021-07-05","2021-07-05","2022-07-05","1660","Domainshype.com, Inc.","whois.domainshype.com","http://www.domainshype.com","Shreyansh Dedhia","Shreyansh Dedhia","Ekdant Heights Coop HSG SOC LTD Behind Shani Mandir Chogle Nagar","Mumbai","Maharashtra","400066","India","shreyansh07dedhia@gmail.com","+91.9167933003","","Shreyansh Dedhia","Shreyansh Dedhia","Ekdant Heights Coop HSG SOC LTD Behind Shani Mandir Chogle Nagar","Mumbai","Maharashtra","400066","India","shreyansh07dedhia@gmail.com","+91.9167933003","","Shreyansh Dedhia","Shreyansh Dedhia","Ekdant Heights Coop HSG SOC LTD Behind Shani Mandir Chogle Nagar","Mumbai","Maharashtra","400066","India","shreyansh07dedhia@gmail.com","+91.9167933003","","","","","","","","","","","","ns1.cp-46.hostgatorwebservers.com","ns2.cp-46.hostgatorwebservers.com","","","clientTransferProhibited","","",""
"15","takeupworld.com","2021-07-08 16:02:01","2021-07-05","2021-07-05","2022-07-05","1660","Domainshype.com, Inc.","whois.domainshype.com","http://www.domainshype.com","Shanthan kumar","Shanthan kumar","Laxmi Villas Shivaji nagar","Nalgonda","Telangana","508001","India","techub4world@gmail.com","+91.9494967959","","Shanthan kumar","Shanthan kumar","Laxmi Villas Shivaji nagar","Nalgonda","Telangana","508001","India","techub4world@gmail.com","+91.9494967959","","Shanthan kumar","Shanthan kumar","Laxmi Villas Shivaji nagar","Nalgonda","Telangana","508001","India","techub4world@gmail.com","+91.9494967959","","","","","","","","","","","","ns1.cp-46.hostgatorwebservers.com","ns2.cp-46.hostgatorwebservers.com","","","clientTransferProhibited","","",""
"16","thecsuiteexec.com","2021-07-08 14:44:54","2021-07-05","2021-07-05","2022-07-05","1660","Domainshype.com, Inc.","whois.domainshype.com","http://www.domainshype.com","Tech Conjurer","","18C, Ananda Palit Road, Entally","Kolkata","Other","700014","India","techconjurer@gmail.com","+91.9836021132","","Tech Conjurer","","18C, Ananda Palit Road, Entally","Kolkata","Other","700014","India","techconjurer@gmail.com","+91.9836021132","","Tech Conjurer","","18C, Ananda Palit Road, Entally","Kolkata","Other","700014","India","techconjurer@gmail.com","+91.9836021132","","","","","","","","","","","","dns1.hostgator.in","dns2.hostgator.in","dns3.hostgator.in","dns4.hostgator.in","clientTransferProhibited","","",""
"17","theeasyonline.com","2021-07-08 18:20:43","2021-07-05","2021-07-05","2022-07-05","1660","Domainshype.com, Inc.","whois.domainshype.com","http://www.domainshype.com","chandra sekhar. T","chandra sekhar. T","Venkatasai residency Tulasinagar 4th lane kanuru surya school near rekula maszid sanat nagar","Vijayawada","Andhra Pradesh","520007","India","chandratvja@gmail.com","+91.9059080747","","chandra sekhar. T","chandra sekhar. T","Venkatasai residency Tulasinagar 4th lane kanuru surya school near rekula maszid sanat nagar","Vijayawada","Andhra Pradesh","520007","India","chandratvja@gmail.com","+91.9059080747","","chandra sekhar. T","chandra sekhar. T","Venkatasai residency Tulasinagar 4th lane kanuru surya school near rekula maszid sanat nagar","Vijayawada","Andhra Pradesh","520007","India","chandratvja@gmail.com","+91.9059080747","","","","","","","","","","","","ns1.cp-46.hostgatorwebservers.com","ns2.cp-46.hostgatorwebservers.com","","","clientTransferProhibited","","",""
"18","ubiodx.com","2021-07-08 15:59:17","2021-07-05","2021-07-05","2022-07-05","1660","Domainshype.com, Inc.","whois.domainshype.com","http://www.domainshype.com","Bishor Ibrahim","","ubio Biotechnology Systems Pvt Ltd, #15A, KINFRA Hitech park","ERNAKULAM","Other","683503","India","bishor@ubio.in","+91.9744122269","","Bishor Ibrahim","","ubio Biotechnology Systems Pvt Ltd, #15A, KINFRA Hitech park","ERNAKULAM","Other","683503","India","bishor@ubio.in","+91.9744122269","","Bishor Ibrahim","","ubio Biotechnology Systems Pvt Ltd, #15A, KINFRA Hitech park","ERNAKULAM","Other","683503","India","bishor@ubio.in","+91.9744122269","","","","","","","","","","","","dns1.hostgator.in","dns2.hostgator.in","dns3.hostgator.in","dns4.hostgator.in","clientTransferProhibited","","",""
"19","viponlinebook.com","2021-07-08 15:57:36","2021-07-05","2021-07-05","2022-07-05","1660","Domainshype.com, Inc.","whois.domainshype.com","http://www.domainshype.com","Domain Admin","Privacy Protect, LLC (PrivacyProtect.org)","10 Corporate Drive","Burlington","MA","01803","United States","contact@privacyprotect.org","+1.8022274003","","Domain Admin","Privacy Protect, LLC (PrivacyProtect.org)","10 Corporate Drive","Burlington","MA","01803","United States","contact@privacyprotect.org","+1.8022274003","","Domain Admin","Privacy Protect, LLC (PrivacyProtect.org)","10 Corporate Drive","Burlington","MA","01803","United States","contact@privacyprotect.org","+1.8022274003","","","","","","","","","","","","ns1.cp-46.hostgatorwebservers.com","ns2.cp-46.hostgatorwebservers.com","","","clientTransferProhibited","","",""
"20","wdwebagency.com","2021-07-08 15:56:19","2021-07-05","2021-07-07","2022-07-05","1660","Domainshype.com, Inc.","whois.domainshype.com","http://www.domainshype.com","sonu kumar","","DEVISARAI BIHAR SARIF NALANDA","BIHAR SHARIF","1715","803101","India","sonuraj5643@gmail.com","+91.7013908860","","sonu kumar","","DEVISARAI BIHAR SARIF NALANDA","BIHAR SHARIF","1715","803101","India","sonuraj5643@gmail.com","+91.7013908860","","sonu kumar","","DEVISARAI BIHAR SARIF NALANDA","BIHAR SHARIF","1715","803101","India","sonuraj5643@gmail.com","+91.7013908860","","","","","","","","","","","","ns1.price11.com","ns2.price11.com","","","clientTransferProhibited","","",""
"21","wekartllc.com","2021-07-08 15:56:06","2021-07-05","2021-07-07","2022-07-05","1660","Domainshype.com, Inc.","whois.domainshype.com","http://www.domainshype.com","Wekart Incorporation","Wekart Incorporation","P-183, C.I.T. SCHEME NO - VII(M) Kolkata - 700054, India","Kolkata","West Bengal","700054","India","info@wekart.co.in","+91.9874402831","","Wekart Incorporation","Wekart Incorporation","P-183, C.I.T. SCHEME NO - VII(M) Kolkata - 700054, India","Kolkata","West Bengal","700054","India","info@wekart.co.in","+91.9874402831","","Wekart Incorporation","Wekart Incorporation","P-183, C.I.T. SCHEME NO - VII(M) Kolkata - 700054, India","Kolkata","West Bengal","700054","India","info@wekart.co.in","+91.9874402831","","","","","","","","","","","","ns1.md-8.webhostbox.net","ns2.md-8.webhostbox.net","","","clientTransferProhibited","","",""