"num","domain_name","query_time","create_date","update_date","expiry_date","domain_registrar_id","domain_registrar_name","domain_registrar_whois","domain_registrar_url","registrant_name","registrant_company","registrant_address","registrant_city","registrant_state","registrant_zip","registrant_country","registrant_email","registrant_phone","registrant_fax","administrative_name","administrative_company","administrative_address","administrative_city","administrative_state","administrative_zip","administrative_country","administrative_email","administrative_phone","administrative_fax","technical_name","technical_company","technical_address","technical_city","technical_state","technical_zip","technical_country","technical_email","technical_phone","technical_fax","billing_name","billing_company","billing_address","billing_city","billing_state","billing_zip","billing_country","billing_email","billing_phone","billing_fax","name_server_1","name_server_2","name_server_3","name_server_4","domain_status_1","domain_status_2","domain_status_3","domain_status_4"
"1","freudenberg-fuel-cell-systems.com","2021-07-08 16:39:02","2021-07-05","2021-07-05","2022-07-05","73","Domaininfo AB, aka domaininfo.com","whois.domaininfo.com","http://www.domaininfo.com","Freudenberg Fuel Cell e-Power Systems GmbH","Freudenberg Fuel Cell e-Power Systems GmbH","","","","","Germany","","","","","","","","","","","","","","","","","","","","","","","","","","","","","","","","","","dns01.dipcon.com","dns02.ports.se","dns03.ports.se","dns04.ports.net","OK","","",""
"2","freudenbergfuelcellsystems.com","2021-07-08 16:39:06","2021-07-05","2021-07-05","2022-07-05","73","Domaininfo AB, aka domaininfo.com","whois.domaininfo.com","http://www.domaininfo.com","Freudenberg Fuel Cell e-Power Systems GmbH","Freudenberg Fuel Cell e-Power Systems GmbH","","","","","Germany","","","","","","","","","","","","","","","","","","","","","","","","","","","","","","","","","","dns01.dipcon.com","dns02.ports.se","dns03.ports.se","dns04.ports.net","OK","","",""
"3","grevtureplan.com","2021-07-08 16:36:08","2021-07-05","2021-07-05","2022-07-05","73","Domaininfo AB, aka domaininfo.com","whois.domaininfo.com","http://www.domaininfo.com","Vasakronan AB","Vasakronan AB","","","","","Sweden","","","","","","","","","","","","","","","","","","","","","","","","","","","","","","","","","","a.portsdns.se","b.portsdns.net","","","OK","","",""
"4","lahiboksi.com","2021-07-08 16:28:09","2021-07-05","2021-07-05","2022-07-05","73","Domaininfo AB, aka domaininfo.com","whois.domaininfo.com","http://www.domaininfo.com","PostNord Group AB","PostNord Group AB","","","","","Sweden","","","","","","","","","","","","","","","","","","","","","","","","","","","","","","","","","","dns01.dipcon.com","dns02.ports.se","dns03.ports.se","dns04.ports.net","OK","","",""
"5","playcelillabommen.com","2021-07-08 16:15:34","2021-07-05","2021-07-05","2022-07-05","73","Domaininfo AB, aka domaininfo.com","whois.domaininfo.com","http://www.domaininfo.com","Vasakronan AB","Vasakronan AB","","","","","Sweden","","","","","","","","","","","","","","","","","","","","","","","","","","","","","","","","","","a.portsdns.se","b.portsdns.net","","","OK","","",""