"num","domain_name","query_time","create_date","update_date","expiry_date","domain_registrar_id","domain_registrar_name","domain_registrar_whois","domain_registrar_url","registrant_name","registrant_company","registrant_address","registrant_city","registrant_state","registrant_zip","registrant_country","registrant_email","registrant_phone","registrant_fax","administrative_name","administrative_company","administrative_address","administrative_city","administrative_state","administrative_zip","administrative_country","administrative_email","administrative_phone","administrative_fax","technical_name","technical_company","technical_address","technical_city","technical_state","technical_zip","technical_country","technical_email","technical_phone","technical_fax","billing_name","billing_company","billing_address","billing_city","billing_state","billing_zip","billing_country","billing_email","billing_phone","billing_fax","name_server_1","name_server_2","name_server_3","name_server_4","domain_status_1","domain_status_2","domain_status_3","domain_status_4"
"1","hzxtw.com","2021-07-08 18:24:03","2021-07-05","2021-07-05","2022-07-05","2008","DropCatch.com 528 LLC","whois.namebright.com","http://www.dropcatch528.com","zhai liu","liu zhai","wu ji xian, bei su zhen, peng jia zhuang cun,","shi jia zhuang shi","he bei","052400","China","liuzhai123@outlook.com","+86.3113216321","","zhai liu","liu zhai","wu ji xian, bei su zhen, peng jia zhuang cun,","shi jia zhuang shi","he bei","052400","China","liuzhai123@outlook.com","+86.3113216321","","zhai liu","liu zhai","wu ji xian, bei su zhen, peng jia zhuang cun,","shi jia zhuang shi","he bei","052400","China","liuzhai123@outlook.com","+86.3113216321","","","","","","","","","","","","","","","","clientTransferProhibited","","",""
"2","khpos.net","2021-07-08 15:35:15","2021-07-04","2021-07-04","2022-07-04","2008","DropCatch.com 528 LLC","whois.namebright.com","http://www.dropcatch528.com","Redacted for GDPR privacy","","Redacted for GDPR privacy","Redacted for GDPR privacy","Hunan","Redacted for GDPR privacy","China","khpos.net@namebrightprivacy.com","Redacted for GDPR privacy","Redacted for GDPR privacy","Redacted for GDPR privacy","Redacted for GDPR privacy","Redacted for GDPR privacy","Redacted for GDPR privacy","Redacted for GDPR privacy","Redacted for GDPR privacy","Redacted for GDPR privacy","khpos.net@namebrightprivacy.com","Redacted for GDPR privacy","Redacted for GDPR privacy","Redacted for GDPR privacy","Redacted for GDPR privacy","Redacted for GDPR privacy","Redacted for GDPR privacy","Redacted for GDPR privacy","Redacted for GDPR privacy","Redacted for GDPR privacy","khpos.net@namebrightprivacy.com","Redacted for GDPR privacy","Redacted for GDPR privacy","","","","","","","","","","","","","","","clientTransferProhibited","","",""
"3","picturestoryblog.com","2021-07-08 18:39:08","2021-07-05","2021-07-05","2022-07-05","2008","DropCatch.com 528 LLC","whois.namebright.com","http://www.dropcatch528.com","Antony Deroshan","Webdart Pte.Ltd","68, circular road,, #02-01,","Singapore","Central Singapore","049422","Singapore","webdartio@gmail.com","+91.8508910700","","Antony Deroshan","Webdart Pte.Ltd","68, circular road,, #02-01,","Singapore","Central Singapore","049422","Singapore","webdartio@gmail.com","+91.8508910700","","Antony Deroshan","Webdart Pte.Ltd","68, circular road,, #02-01,","Singapore","Central Singapore","049422","Singapore","webdartio@gmail.com","+91.8508910700","","","","","","","","","","","","","","","","clientTransferProhibited","","",""
"4","thrivecreators.com","2021-07-08 18:20:37","2021-07-05","2021-07-05","2022-07-05","2008","DropCatch.com 528 LLC","whois.namebright.com","http://www.dropcatch528.com","This domain was caught by DropCatch.com on behalf of a DropCatch customer","Pending backorder/auction delivery at www.DropCatch.com","2635 Walnut Street","Denver","CO","80205","United States","support@dropcatch.com","+1.3035029098","","This domain was caught by DropCatch.com on behalf of a DropCatch customer","Pending backorder/auction delivery at www.DropCatch.com","2635 Walnut Street","Denver","CO","80205","United States","support@dropcatch.com","+1.3035029098","","This domain was caught by DropCatch.com on behalf of a DropCatch customer","Pending backorder/auction delivery at www.DropCatch.com","2635 Walnut Street","Denver","CO","80205","United States","support@dropcatch.com","+1.3035029098","","","","","","","","","","","","","","","","clientTransferProhibited","","",""
"5","weijuwang.com","2021-07-08 17:50:51","2021-07-05","2021-07-05","2022-07-05","2008","DropCatch.com 528 LLC","whois.namebright.com","http://www.dropcatch528.com","Domain Admin / This Domain is For Sale","HugeDomains.com","2635 Walnut Street","Denver","CO","80205","United States","domains@hugedomains.com","+1.3038930552","","Domain Admin / This Domain is For Sale","HugeDomains.com","2635 Walnut Street","Denver","CO","80205","United States","domains@hugedomains.com","+1.3038930552","","Domain Admin / This Domain is For Sale","HugeDomains.com","2635 Walnut Street","Denver","CO","80205","United States","domains@hugedomains.com","+1.3038930552","","","","","","","","","","","","","","","","clientTransferProhibited","","",""
"6","zevstates.com","2021-07-08 14:25:45","2021-07-05","2021-07-05","2022-07-05","2008","DropCatch.com 528 LLC","whois.namebright.com","http://www.dropcatch528.com","Domain Admin / This Domain is For Sale","HugeDomains.com","2635 Walnut Street","Denver","CO","80205","United States","domains@hugedomains.com","+1.3038930552","","Domain Admin / This Domain is For Sale","HugeDomains.com","2635 Walnut Street","Denver","CO","80205","United States","domains@hugedomains.com","+1.3038930552","","Domain Admin / This Domain is For Sale","HugeDomains.com","2635 Walnut Street","Denver","CO","80205","United States","domains@hugedomains.com","+1.3038930552","","","","","","","","","","","","","","","","clientTransferProhibited","","",""