"num","domain_name","query_time","create_date","update_date","expiry_date","domain_registrar_id","domain_registrar_name","domain_registrar_whois","domain_registrar_url","registrant_name","registrant_company","registrant_address","registrant_city","registrant_state","registrant_zip","registrant_country","registrant_email","registrant_phone","registrant_fax","administrative_name","administrative_company","administrative_address","administrative_city","administrative_state","administrative_zip","administrative_country","administrative_email","administrative_phone","administrative_fax","technical_name","technical_company","technical_address","technical_city","technical_state","technical_zip","technical_country","technical_email","technical_phone","technical_fax","billing_name","billing_company","billing_address","billing_city","billing_state","billing_zip","billing_country","billing_email","billing_phone","billing_fax","name_server_1","name_server_2","name_server_3","name_server_4","domain_status_1","domain_status_2","domain_status_3","domain_status_4"
"1","dfrj6.com","2021-07-08 18:08:03","2021-07-05","2021-07-05","2022-07-05","3490","DropCatch.com 1281 LLC","","","Redacted for GDPR privacy","","Redacted for GDPR privacy","Redacted for GDPR privacy","Hunan","Redacted for GDPR privacy","China","dfrj6.com@namebrightprivacy.com","Redacted for GDPR privacy","Redacted for GDPR privacy","Redacted for GDPR privacy","Redacted for GDPR privacy","Redacted for GDPR privacy","Redacted for GDPR privacy","Redacted for GDPR privacy","Redacted for GDPR privacy","Redacted for GDPR privacy","dfrj6.com@namebrightprivacy.com","Redacted for GDPR privacy","Redacted for GDPR privacy","Redacted for GDPR privacy","Redacted for GDPR privacy","Redacted for GDPR privacy","Redacted for GDPR privacy","Redacted for GDPR privacy","Redacted for GDPR privacy","Redacted for GDPR privacy","dfrj6.com@namebrightprivacy.com","Redacted for GDPR privacy","Redacted for GDPR privacy","","","","","","","","","","","","","","","clientTransferProhibited","","",""
"2","dickidot.com","2021-07-08 18:09:46","2021-07-05","2021-07-05","2022-07-05","3490","DropCatch.com 1281 LLC","","","Domain Admin / This Domain is For Sale","HugeDomains.com","2635 Walnut Street","Denver","CO","80205","United States","domains@hugedomains.com","+1.3038930552","","Domain Admin / This Domain is For Sale","HugeDomains.com","2635 Walnut Street","Denver","CO","80205","United States","domains@hugedomains.com","+1.3038930552","","Domain Admin / This Domain is For Sale","HugeDomains.com","2635 Walnut Street","Denver","CO","80205","United States","domains@hugedomains.com","+1.3038930552","","","","","","","","","","","","","","","","clientTransferProhibited","","",""
"3","lyabsd.com","2021-07-08 18:13:48","2021-07-05","2021-07-05","2022-07-05","3490","DropCatch.com 1281 LLC","","","jianfeng wu","","hefeishi,luyangqu,caifuguangchangshouzuo,1107hao","hefei","Anhui Sheng","230001","China","admin@juming.com","+86.4009972996","","jianfeng wu","","hefeishi,luyangqu,caifuguangchangshouzuo,1107hao","hefei","Anhui Sheng","230001","China","admin@juming.com","+86.4009972996","","jianfeng wu","","hefeishi,luyangqu,caifuguangchangshouzuo,1107hao","hefei","Anhui Sheng","230001","China","admin@juming.com","+86.4009972996","","","","","","","","","","","","","","","","clientTransferProhibited","","",""
"4","ntzyth.com","2021-07-08 14:25:08","2021-07-05","2021-07-05","2022-07-05","3490","DropCatch.com 1281 LLC","","","fan zhang","zhang fan","sha shi qu, bei jing dong lu, zhang hang su s","jing zhou shi","hu bei","434000","China","wyh_2015@163.com","+86.71688889999","","fan zhang","zhang fan","sha shi qu, bei jing dong lu, zhang hang su s","jing zhou shi","hu bei","434000","China","wyh_2015@163.com","+86.71688889999","","fan zhang","zhang fan","sha shi qu, bei jing dong lu, zhang hang su s","jing zhou shi","hu bei","434000","China","wyh_2015@163.com","+86.71688889999","","","","","","","","","","","","","","","","clientTransferProhibited","","",""
"5","portaleone.com","2021-07-08 18:08:07","2021-07-05","2021-07-05","2022-07-05","3490","DropCatch.com 1281 LLC","","","Domain Admin / This Domain is For Sale","HugeDomains.com","2635 Walnut Street","Denver","CO","80205","United States","domains@hugedomains.com","+1.3038930552","","Domain Admin / This Domain is For Sale","HugeDomains.com","2635 Walnut Street","Denver","CO","80205","United States","domains@hugedomains.com","+1.3038930552","","Domain Admin / This Domain is For Sale","HugeDomains.com","2635 Walnut Street","Denver","CO","80205","United States","domains@hugedomains.com","+1.3038930552","","","","","","","","","","","","","","","","clientTransferProhibited","","",""
"6","smilestressrelief.com","2021-07-08 14:31:19","2021-07-05","2021-07-05","2022-07-05","3490","DropCatch.com 1281 LLC","","","Domain Admin / This Domain is For Sale","HugeDomains.com","2635 Walnut Street","Denver","CO","80205","United States","domains@hugedomains.com","+1.3038930552","","Domain Admin / This Domain is For Sale","HugeDomains.com","2635 Walnut Street","Denver","CO","80205","United States","domains@hugedomains.com","+1.3038930552","","Domain Admin / This Domain is For Sale","HugeDomains.com","2635 Walnut Street","Denver","CO","80205","United States","domains@hugedomains.com","+1.3038930552","","","","","","","","","","","","","","","","clientTransferProhibited","","",""
"7","wznanian.com","2021-07-08 14:30:36","2021-07-05","2021-07-05","2022-07-05","3490","DropCatch.com 1281 LLC","","","tao jiang","jiang tao","dong cheng qu, bei jing shi, bei jing shi, do","bei jing shi","bei jing","100000","China","juming666@sina.com","+86.101825674","","tao jiang","jiang tao","dong cheng qu, bei jing shi, bei jing shi, do","bei jing shi","bei jing","100000","China","juming666@sina.com","+86.101825674","","tao jiang","jiang tao","dong cheng qu, bei jing shi, bei jing shi, do","bei jing shi","bei jing","100000","China","juming666@sina.com","+86.101825674","","","","","","","","","","","","","","","","clientTransferProhibited","","",""