"num","domain_name","query_time","create_date","update_date","expiry_date","domain_registrar_id","domain_registrar_name","domain_registrar_whois","domain_registrar_url","registrant_name","registrant_company","registrant_address","registrant_city","registrant_state","registrant_zip","registrant_country","registrant_email","registrant_phone","registrant_fax","administrative_name","administrative_company","administrative_address","administrative_city","administrative_state","administrative_zip","administrative_country","administrative_email","administrative_phone","administrative_fax","technical_name","technical_company","technical_address","technical_city","technical_state","technical_zip","technical_country","technical_email","technical_phone","technical_fax","billing_name","billing_company","billing_address","billing_city","billing_state","billing_zip","billing_country","billing_email","billing_phone","billing_fax","name_server_1","name_server_2","name_server_3","name_server_4","domain_status_1","domain_status_2","domain_status_3","domain_status_4"
"1","crackshotkennel.com","2021-07-08 18:16:51","2021-07-05","2021-07-05","2022-07-05","2603","DROPCATCH.COM 844 LLC","whois.namebright.com","http://www.namebright.com","Domain Administrator","","202, 28 Guanri road","Xiamen","Fujian","361008","China","dotmedia3@dotmedia.com","+86.5925990220","","Domain Administrator","","202, 28 Guanri road","Xiamen","Fujian","361008","China","dotmedia3@dotmedia.com","+86.5925990220","","Domain Administrator","","202, 28 Guanri road","Xiamen","Fujian","361008","China","dotmedia3@dotmedia.com","+86.5925990220","","","","","","","","","","","","","","","","clientTransferProhibited","","",""
"2","cvwedding.com","2021-07-08 17:25:25","2021-07-05","2021-07-05","2022-07-05","2603","DROPCATCH.COM 844 LLC","whois.namebright.com","http://www.namebright.com","Domain Admin / This Domain is For Sale","HugeDomains.com","2635 Walnut Street","Denver","CO","80205","United States","domains@hugedomains.com","+1.3038930552","","Domain Admin / This Domain is For Sale","HugeDomains.com","2635 Walnut Street","Denver","CO","80205","United States","domains@hugedomains.com","+1.3038930552","","Domain Admin / This Domain is For Sale","HugeDomains.com","2635 Walnut Street","Denver","CO","80205","United States","domains@hugedomains.com","+1.3038930552","","","","","","","","","","","","","","","","clientTransferProhibited","","",""
"3","dyygsm.com","2021-07-08 18:18:44","2021-07-05","2021-07-05","2022-07-05","2603","DROPCATCH.COM 844 LLC","whois.namebright.com","http://www.namebright.com","jin xu","xu jin","xiao shan qu, cheng xiang jie dao hua yuan, 1","hang zhou shi","zhe jiang","311200","China","jimmy.20202020@outlook.com","+86.18613059227","","jin xu","xu jin","xiao shan qu, cheng xiang jie dao hua yuan, 1","hang zhou shi","zhe jiang","311200","China","jimmy.20202020@outlook.com","+86.18613059227","","jin xu","xu jin","xiao shan qu, cheng xiang jie dao hua yuan, 1","hang zhou shi","zhe jiang","311200","China","jimmy.20202020@outlook.com","+86.18613059227","","","","","","","","","","","","","","","","clientTransferProhibited","","",""
"4","glutenfreefranchise.com","2021-07-08 18:27:15","2021-07-05","2021-07-05","2022-07-05","2603","DROPCATCH.COM 844 LLC","whois.namebright.com","http://www.namebright.com","Domain Admin / This Domain is For Sale","HugeDomains.com","2635 Walnut Street","Denver","CO","80205","United States","domains@hugedomains.com","+1.3038930552","","Domain Admin / This Domain is For Sale","HugeDomains.com","2635 Walnut Street","Denver","CO","80205","United States","domains@hugedomains.com","+1.3038930552","","Domain Admin / This Domain is For Sale","HugeDomains.com","2635 Walnut Street","Denver","CO","80205","United States","domains@hugedomains.com","+1.3038930552","","","","","","","","","","","","","","","","clientTransferProhibited","","",""
"5","gsyzrcb.net","2021-07-08 15:33:46","2021-07-04","2021-07-04","2022-07-04","2603","DROPCATCH.COM 844 LLC","whois.namebright.com","http://www.namebright.com","jin xu","xu jin","xiao shan qu, cheng xiang jie dao hua yuan, 1","hang zhou shi","zhe jiang","311200","China","jimmy.20202020@outlook.com","+86.18613059227","","jin xu","xu jin","xiao shan qu, cheng xiang jie dao hua yuan, 1","hang zhou shi","zhe jiang","311200","China","jimmy.20202020@outlook.com","+86.18613059227","","jin xu","xu jin","xiao shan qu, cheng xiang jie dao hua yuan, 1","hang zhou shi","zhe jiang","311200","China","jimmy.20202020@outlook.com","+86.18613059227","","","","","","","","","","","","","","","","clientTransferProhibited","","",""
"6","homesscent.com","2021-07-08 14:31:28","2021-07-05","2021-07-05","2022-07-05","2603","DROPCATCH.COM 844 LLC","whois.namebright.com","http://www.namebright.com","Domain Admin / This Domain is For Sale","HugeDomains.com","2635 Walnut Street","Denver","CO","80205","United States","domains@hugedomains.com","+1.3038930552","","Domain Admin / This Domain is For Sale","HugeDomains.com","2635 Walnut Street","Denver","CO","80205","United States","domains@hugedomains.com","+1.3038930552","","Domain Admin / This Domain is For Sale","HugeDomains.com","2635 Walnut Street","Denver","CO","80205","United States","domains@hugedomains.com","+1.3038930552","","","","","","","","","","","","","","","","clientTransferProhibited","","",""
"7","houstonautobodyservice.com","2021-07-08 18:42:07","2021-07-05","2021-07-05","2022-07-05","2603","DROPCATCH.COM 844 LLC","whois.namebright.com","http://www.namebright.com","Redacted for GDPR privacy","","Redacted for GDPR privacy","Redacted for GDPR privacy","Budapest","Redacted for GDPR privacy","Hungary","houstonautobodyservice.com@namebrightprivacy.com","Redacted for GDPR privacy","Redacted for GDPR privacy","Redacted for GDPR privacy","Redacted for GDPR privacy","Redacted for GDPR privacy","Redacted for GDPR privacy","Redacted for GDPR privacy","Redacted for GDPR privacy","Redacted for GDPR privacy","houstonautobodyservice.com@namebrightprivacy.com","Redacted for GDPR privacy","Redacted for GDPR privacy","Redacted for GDPR privacy","Redacted for GDPR privacy","Redacted for GDPR privacy","Redacted for GDPR privacy","Redacted for GDPR privacy","Redacted for GDPR privacy","Redacted for GDPR privacy","houstonautobodyservice.com@namebrightprivacy.com","Redacted for GDPR privacy","Redacted for GDPR privacy","","","","","","","","","","","","","","","clientTransferProhibited","","",""
"8","idrawz.com","2021-07-08 18:27:36","2021-07-05","2021-07-05","2022-07-05","2603","DROPCATCH.COM 844 LLC","whois.namebright.com","http://www.namebright.com","Domain Admin / This Domain is For Sale","HugeDomains.com","2635 Walnut Street","Denver","CO","80205","United States","domains@hugedomains.com","+1.3038930552","","Domain Admin / This Domain is For Sale","HugeDomains.com","2635 Walnut Street","Denver","CO","80205","United States","domains@hugedomains.com","+1.3038930552","","Domain Admin / This Domain is For Sale","HugeDomains.com","2635 Walnut Street","Denver","CO","80205","United States","domains@hugedomains.com","+1.3038930552","","","","","","","","","","","","","","","","clientTransferProhibited","","",""