"num","domain_name","query_time","create_date","update_date","expiry_date","domain_registrar_id","domain_registrar_name","domain_registrar_whois","domain_registrar_url","registrant_name","registrant_company","registrant_address","registrant_city","registrant_state","registrant_zip","registrant_country","registrant_email","registrant_phone","registrant_fax","administrative_name","administrative_company","administrative_address","administrative_city","administrative_state","administrative_zip","administrative_country","administrative_email","administrative_phone","administrative_fax","technical_name","technical_company","technical_address","technical_city","technical_state","technical_zip","technical_country","technical_email","technical_phone","technical_fax","billing_name","billing_company","billing_address","billing_city","billing_state","billing_zip","billing_country","billing_email","billing_phone","billing_fax","name_server_1","name_server_2","name_server_3","name_server_4","domain_status_1","domain_status_2","domain_status_3","domain_status_4"
"1","hnzydb.net","2021-07-08 15:35:21","2021-07-04","2021-07-04","2022-07-04","2695","DropCatch.com 936 LLC","whois.namebright.com","http://www.dropcatch936.com","meng zhen duan","duan meng zhen","que shan xian, he nan sheng, que shan xian, x","zhu ma dian shi","he nan","463200","China","864501111@qq.com","+86.18259195597","","meng zhen duan","duan meng zhen","que shan xian, he nan sheng, que shan xian, x","zhu ma dian shi","he nan","463200","China","864501111@qq.com","+86.18259195597","","meng zhen duan","duan meng zhen","que shan xian, he nan sheng, que shan xian, x","zhu ma dian shi","he nan","463200","China","864501111@qq.com","+86.18259195597","","","","","","","","","","","","","","","","clientTransferProhibited","","",""
"2","originback.com","2021-07-08 14:30:53","2021-07-05","2021-07-05","2022-07-05","2695","DropCatch.com 936 LLC","whois.namebright.com","http://www.dropcatch936.com","Domain Admin / This Domain is For Sale","HugeDomains.com","2635 Walnut Street","Denver","CO","80205","United States","domains@hugedomains.com","+1.3038930552","","Domain Admin / This Domain is For Sale","HugeDomains.com","2635 Walnut Street","Denver","CO","80205","United States","domains@hugedomains.com","+1.3038930552","","Domain Admin / This Domain is For Sale","HugeDomains.com","2635 Walnut Street","Denver","CO","80205","United States","domains@hugedomains.com","+1.3038930552","","","","","","","","","","","","","","","","clientTransferProhibited","","",""
"3","perfanalytics.com","2021-07-08 18:44:10","2021-07-05","2021-07-05","2022-07-05","2695","DropCatch.com 936 LLC","whois.namebright.com","http://www.dropcatch936.com","Domain Admin / This Domain is For Sale","HugeDomains.com","2635 Walnut Street","Denver","CO","80205","United States","domains@hugedomains.com","+1.3038930552","","Domain Admin / This Domain is For Sale","HugeDomains.com","2635 Walnut Street","Denver","CO","80205","United States","domains@hugedomains.com","+1.3038930552","","Domain Admin / This Domain is For Sale","HugeDomains.com","2635 Walnut Street","Denver","CO","80205","United States","domains@hugedomains.com","+1.3038930552","","","","","","","","","","","","","","","","clientTransferProhibited","","",""
"4","travelras.com","2021-07-08 17:28:47","2021-07-05","2021-07-05","2022-07-05","2695","DropCatch.com 936 LLC","whois.namebright.com","http://www.dropcatch936.com","Domain Admin / This Domain is For Sale","HugeDomains.com","2635 Walnut Street","Denver","CO","80205","United States","domains@hugedomains.com","+1.3038930552","","Domain Admin / This Domain is For Sale","HugeDomains.com","2635 Walnut Street","Denver","CO","80205","United States","domains@hugedomains.com","+1.3038930552","","Domain Admin / This Domain is For Sale","HugeDomains.com","2635 Walnut Street","Denver","CO","80205","United States","domains@hugedomains.com","+1.3038930552","","","","","","","","","","","","","","","","clientTransferProhibited","","",""
"5","yuxuanxing.com","2021-07-08 18:19:53","2021-07-05","2021-07-05","2022-07-05","2695","DropCatch.com 936 LLC","whois.namebright.com","http://www.dropcatch936.com","Redacted for GDPR privacy","","Redacted for GDPR privacy","Redacted for GDPR privacy","Singapore","Redacted for GDPR privacy","Singapore","yuxuanxing.com@namebrightprivacy.com","Redacted for GDPR privacy","Redacted for GDPR privacy","Redacted for GDPR privacy","Redacted for GDPR privacy","Redacted for GDPR privacy","Redacted for GDPR privacy","Redacted for GDPR privacy","Redacted for GDPR privacy","Redacted for GDPR privacy","yuxuanxing.com@namebrightprivacy.com","Redacted for GDPR privacy","Redacted for GDPR privacy","Redacted for GDPR privacy","Redacted for GDPR privacy","Redacted for GDPR privacy","Redacted for GDPR privacy","Redacted for GDPR privacy","Redacted for GDPR privacy","Redacted for GDPR privacy","yuxuanxing.com@namebrightprivacy.com","Redacted for GDPR privacy","Redacted for GDPR privacy","","","","","","","","","","","","","","","clientTransferProhibited","","",""