"num","domain_name","query_time","create_date","update_date","expiry_date","domain_registrar_id","domain_registrar_name","domain_registrar_whois","domain_registrar_url","registrant_name","registrant_company","registrant_address","registrant_city","registrant_state","registrant_zip","registrant_country","registrant_email","registrant_phone","registrant_fax","administrative_name","administrative_company","administrative_address","administrative_city","administrative_state","administrative_zip","administrative_country","administrative_email","administrative_phone","administrative_fax","technical_name","technical_company","technical_address","technical_city","technical_state","technical_zip","technical_country","technical_email","technical_phone","technical_fax","billing_name","billing_company","billing_address","billing_city","billing_state","billing_zip","billing_country","billing_email","billing_phone","billing_fax","name_server_1","name_server_2","name_server_3","name_server_4","domain_status_1","domain_status_2","domain_status_3","domain_status_4"
"1","adaptedcash.com","2021-07-08 17:26:01","2021-07-05","2021-07-05","2022-07-05","1852","DropCatch.com 441 LLC","whois.namebright.com","http://www.dropcatch441.com","Domain Admin / This Domain is For Sale","HugeDomains.com","2635 Walnut Street","Denver","CO","80205","United States","domains@hugedomains.com","+1.3038930552","","Domain Admin / This Domain is For Sale","HugeDomains.com","2635 Walnut Street","Denver","CO","80205","United States","domains@hugedomains.com","+1.3038930552","","Domain Admin / This Domain is For Sale","HugeDomains.com","2635 Walnut Street","Denver","CO","80205","United States","domains@hugedomains.com","+1.3038930552","","","","","","","","","","","","","","","","clientTransferProhibited","","",""
"2","athleteascent.com","2021-07-08 14:28:38","2021-07-05","2021-07-05","2022-07-05","1852","DropCatch.com 441 LLC","whois.namebright.com","http://www.dropcatch441.com","Domain Admin / This Domain is For Sale","HugeDomains.com","2635 Walnut Street","Denver","CO","80205","United States","domains@hugedomains.com","+1.3038930552","","Domain Admin / This Domain is For Sale","HugeDomains.com","2635 Walnut Street","Denver","CO","80205","United States","domains@hugedomains.com","+1.3038930552","","Domain Admin / This Domain is For Sale","HugeDomains.com","2635 Walnut Street","Denver","CO","80205","United States","domains@hugedomains.com","+1.3038930552","","","","","","","","","","","","","","","","clientTransferProhibited","","",""
"3","greenbeejuicery.com","2021-07-08 18:20:22","2021-07-05","2021-07-05","2022-07-05","1852","DropCatch.com 441 LLC","whois.namebright.com","http://www.dropcatch441.com","Private Registration","NameBrightPrivacy.com","2635 Walnut Street","Denver","CO","80205","United States","greenbeejuicery.com@namebrightprivacy.com","+1.7204960020","","Private Registration","NameBrightPrivacy.com","2635 Walnut Street","Denver","CO","80205","United States","greenbeejuicery.com@namebrightprivacy.com","+1.7204960020","","Private Registration","NameBrightPrivacy.com","2635 Walnut Street","Denver","CO","80205","United States","greenbeejuicery.com@namebrightprivacy.com","+1.7204960020","","","","","","","","","","","","","","","","clientTransferProhibited","","",""
"4","jsxtdl.com","2021-07-08 17:55:12","2021-07-05","2021-07-05","2022-07-05","1852","DropCatch.com 441 LLC","whois.namebright.com","http://www.dropcatch441.com","jin xu","xu jin","xiao shan qu, cheng xiang jie dao hua yuan, 1","hang zhou shi","zhe jiang","311200","China","jimmy.20202020@outlook.com","+86.18613059227","","jin xu","xu jin","xiao shan qu, cheng xiang jie dao hua yuan, 1","hang zhou shi","zhe jiang","311200","China","jimmy.20202020@outlook.com","+86.18613059227","","jin xu","xu jin","xiao shan qu, cheng xiang jie dao hua yuan, 1","hang zhou shi","zhe jiang","311200","China","jimmy.20202020@outlook.com","+86.18613059227","","","","","","","","","","","","","","","","clientTransferProhibited","","",""
"5","karambs.com","2021-07-08 14:30:17","2021-07-05","2021-07-05","2022-07-05","1852","DropCatch.com 441 LLC","whois.namebright.com","http://www.dropcatch441.com","Domain Admin / This Domain is For Sale","HugeDomains.com","2635 Walnut Street","Denver","CO","80205","United States","domains@hugedomains.com","+1.3038930552","","Domain Admin / This Domain is For Sale","HugeDomains.com","2635 Walnut Street","Denver","CO","80205","United States","domains@hugedomains.com","+1.3038930552","","Domain Admin / This Domain is For Sale","HugeDomains.com","2635 Walnut Street","Denver","CO","80205","United States","domains@hugedomains.com","+1.3038930552","","","","","","","","","","","","","","","","clientTransferProhibited","","",""