"num","domain_name","query_time","create_date","update_date","expiry_date","domain_registrar_id","domain_registrar_name","domain_registrar_whois","domain_registrar_url","registrant_name","registrant_company","registrant_address","registrant_city","registrant_state","registrant_zip","registrant_country","registrant_email","registrant_phone","registrant_fax","administrative_name","administrative_company","administrative_address","administrative_city","administrative_state","administrative_zip","administrative_country","administrative_email","administrative_phone","administrative_fax","technical_name","technical_company","technical_address","technical_city","technical_state","technical_zip","technical_country","technical_email","technical_phone","technical_fax","billing_name","billing_company","billing_address","billing_city","billing_state","billing_zip","billing_country","billing_email","billing_phone","billing_fax","name_server_1","name_server_2","name_server_3","name_server_4","domain_status_1","domain_status_2","domain_status_3","domain_status_4"
"1","aryshopping.com","2021-07-08 14:30:52","2021-07-05","2021-07-05","2022-07-05","2147","DropCatch.com 667 LLC","whois.namebright.com","http://www.dropcatch667.com","Domain Admin / This Domain is For Sale","HugeDomains.com","2635 Walnut Street","Denver","CO","80205","United States","domains@hugedomains.com","+1.3038930552","","Domain Admin / This Domain is For Sale","HugeDomains.com","2635 Walnut Street","Denver","CO","80205","United States","domains@hugedomains.com","+1.3038930552","","Domain Admin / This Domain is For Sale","HugeDomains.com","2635 Walnut Street","Denver","CO","80205","United States","domains@hugedomains.com","+1.3038930552","","","","","","","","","","","","","","","","clientTransferProhibited","","",""
"2","citizensupplies.com","2021-07-08 18:12:32","2021-07-05","2021-07-05","2022-07-05","2147","DropCatch.com 667 LLC","whois.namebright.com","http://www.dropcatch667.com","Domain Admin / This Domain is For Sale","HugeDomains.com","2635 Walnut Street","Denver","CO","80205","United States","domains@hugedomains.com","+1.3038930552","","Domain Admin / This Domain is For Sale","HugeDomains.com","2635 Walnut Street","Denver","CO","80205","United States","domains@hugedomains.com","+1.3038930552","","Domain Admin / This Domain is For Sale","HugeDomains.com","2635 Walnut Street","Denver","CO","80205","United States","domains@hugedomains.com","+1.3038930552","","","","","","","","","","","","","","","","clientTransferProhibited","","",""
"3","expeditedmedia.com","2021-07-08 18:29:44","2021-07-05","2021-07-05","2022-07-05","2147","DropCatch.com 667 LLC","whois.namebright.com","http://www.dropcatch667.com","Domain Admin / This Domain is For Sale","HugeDomains.com","2635 Walnut Street","Denver","CO","80205","United States","domains@hugedomains.com","+1.3038930552","","Domain Admin / This Domain is For Sale","HugeDomains.com","2635 Walnut Street","Denver","CO","80205","United States","domains@hugedomains.com","+1.3038930552","","Domain Admin / This Domain is For Sale","HugeDomains.com","2635 Walnut Street","Denver","CO","80205","United States","domains@hugedomains.com","+1.3038930552","","","","","","","","","","","","","","","","clientTransferProhibited","","",""
"4","frreight.com","2021-07-08 18:02:21","2021-07-05","2021-07-05","2022-07-05","2147","DropCatch.com 667 LLC","whois.namebright.com","http://www.dropcatch667.com","Mba Joshua","","No 8 Hardy Avenue Street Ogbor-Hill Aba","Aba","Abia","450277","Nigeria","gymantic@gmail.com","+234.7039496521","","Mba Joshua","","No 8 Hardy Avenue Street Ogbor-Hill Aba","Aba","Abia","450277","Nigeria","gymantic@gmail.com","+234.7039496521","","Mba Joshua","","No 8 Hardy Avenue Street Ogbor-Hill Aba","Aba","Abia","450277","Nigeria","gymantic@gmail.com","+234.7039496521","","","","","","","","","","","","","","","","clientTransferProhibited","","",""
"5","localgreet.com","2021-07-08 18:16:43","2021-07-05","2021-07-05","2022-07-05","2147","DropCatch.com 667 LLC","whois.namebright.com","http://www.dropcatch667.com","Domain Admin / This Domain is For Sale","HugeDomains.com","2635 Walnut Street","Denver","CO","80205","United States","domains@hugedomains.com","+1.3038930552","","Domain Admin / This Domain is For Sale","HugeDomains.com","2635 Walnut Street","Denver","CO","80205","United States","domains@hugedomains.com","+1.3038930552","","Domain Admin / This Domain is For Sale","HugeDomains.com","2635 Walnut Street","Denver","CO","80205","United States","domains@hugedomains.com","+1.3038930552","","","","","","","","","","","","","","","","clientTransferProhibited","","",""
"6","shopturbofire.com","2021-07-08 18:16:29","2021-07-05","2021-07-05","2022-07-05","2147","DropCatch.com 667 LLC","whois.namebright.com","http://www.dropcatch667.com","Domain Admin / This Domain is For Sale","HugeDomains.com","2635 Walnut Street","Denver","CO","80205","United States","domains@hugedomains.com","+1.3038930552","","Domain Admin / This Domain is For Sale","HugeDomains.com","2635 Walnut Street","Denver","CO","80205","United States","domains@hugedomains.com","+1.3038930552","","Domain Admin / This Domain is For Sale","HugeDomains.com","2635 Walnut Street","Denver","CO","80205","United States","domains@hugedomains.com","+1.3038930552","","","","","","","","","","","","","","","","clientTransferProhibited","","",""