"num","domain_name","query_time","create_date","update_date","expiry_date","domain_registrar_id","domain_registrar_name","domain_registrar_whois","domain_registrar_url","registrant_name","registrant_company","registrant_address","registrant_city","registrant_state","registrant_zip","registrant_country","registrant_email","registrant_phone","registrant_fax","administrative_name","administrative_company","administrative_address","administrative_city","administrative_state","administrative_zip","administrative_country","administrative_email","administrative_phone","administrative_fax","technical_name","technical_company","technical_address","technical_city","technical_state","technical_zip","technical_country","technical_email","technical_phone","technical_fax","billing_name","billing_company","billing_address","billing_city","billing_state","billing_zip","billing_country","billing_email","billing_phone","billing_fax","name_server_1","name_server_2","name_server_3","name_server_4","domain_status_1","domain_status_2","domain_status_3","domain_status_4"
"1","bisawu.com","2021-07-08 18:02:09","2021-07-05","2021-07-05","2022-07-05","1829","DropCatch.com 418 LLC","whois.namebright.com","http://www.dropcatch418.com","bingyi Hu","","guangxibeiliushitanganzhenfanlongcun","BeiLiuShi","GuangXi","537400","China","lzmarco0511@gmail.com","+86.13048058005","","bingyi Hu","","guangxibeiliushitanganzhenfanlongcun","BeiLiuShi","GuangXi","537400","China","lzmarco0511@gmail.com","+86.13048058005","","bingyi Hu","","guangxibeiliushitanganzhenfanlongcun","BeiLiuShi","GuangXi","537400","China","lzmarco0511@gmail.com","+86.13048058005","","","","","","","","","","","","","","","","clientTransferProhibited","","",""
"2","bookphilosophy.com","2021-07-08 17:37:48","2021-07-05","2021-07-05","2022-07-05","1829","DropCatch.com 418 LLC","whois.namebright.com","http://www.dropcatch418.com","Domain Admin / This Domain is For Sale","HugeDomains.com","2635 Walnut Street","Denver","CO","80205","United States","domains@hugedomains.com","+1.3038930552","","Domain Admin / This Domain is For Sale","HugeDomains.com","2635 Walnut Street","Denver","CO","80205","United States","domains@hugedomains.com","+1.3038930552","","Domain Admin / This Domain is For Sale","HugeDomains.com","2635 Walnut Street","Denver","CO","80205","United States","domains@hugedomains.com","+1.3038930552","","","","","","","","","","","","","","","","clientTransferProhibited","","",""
"3","bucharesthostel.com","2021-07-08 18:22:19","2021-07-05","2021-07-05","2022-07-05","1829","DropCatch.com 418 LLC","whois.namebright.com","http://www.dropcatch418.com","Domain Admin / This Domain is For Sale","HugeDomains.com","2635 Walnut Street","Denver","CO","80205","United States","domains@hugedomains.com","+1.3038930552","","Domain Admin / This Domain is For Sale","HugeDomains.com","2635 Walnut Street","Denver","CO","80205","United States","domains@hugedomains.com","+1.3038930552","","Domain Admin / This Domain is For Sale","HugeDomains.com","2635 Walnut Street","Denver","CO","80205","United States","domains@hugedomains.com","+1.3038930552","","","","","","","","","","","","","","","","clientTransferProhibited","","",""
"4","forgivenesshelp.com","2021-07-08 14:31:10","2021-07-05","2021-07-05","2022-07-05","1829","DropCatch.com 418 LLC","whois.namebright.com","http://www.dropcatch418.com","Domain Admin / This Domain is For Sale","HugeDomains.com","2635 Walnut Street","Denver","CO","80205","United States","domains@hugedomains.com","+1.3038930552","","Domain Admin / This Domain is For Sale","HugeDomains.com","2635 Walnut Street","Denver","CO","80205","United States","domains@hugedomains.com","+1.3038930552","","Domain Admin / This Domain is For Sale","HugeDomains.com","2635 Walnut Street","Denver","CO","80205","United States","domains@hugedomains.com","+1.3038930552","","","","","","","","","","","","","","","","clientTransferProhibited","","",""
"5","getpcware.com","2021-07-08 17:34:55","2021-07-05","2021-07-05","2022-07-05","1829","DropCatch.com 418 LLC","whois.namebright.com","http://www.dropcatch418.com","hong sen qiao","qiao hong sen","he chuan shi, he chuan qu, jia ri da dao, 1 h","chong qing shi","chong qing","401500","China","394485953@qq.com","+86.13238614492","","hong sen qiao","qiao hong sen","he chuan shi, he chuan qu, jia ri da dao, 1 h","chong qing shi","chong qing","401500","China","394485953@qq.com","+86.13238614492","","hong sen qiao","qiao hong sen","he chuan shi, he chuan qu, jia ri da dao, 1 h","chong qing shi","chong qing","401500","China","394485953@qq.com","+86.13238614492","","","","","","","","","","","","","","","","clientTransferProhibited","","",""
"6","habituscommercial.com","2021-07-08 18:18:51","2021-07-05","2021-07-05","2022-07-05","1829","DropCatch.com 418 LLC","whois.namebright.com","http://www.dropcatch418.com","Domain Admin / This Domain is For Sale","HugeDomains.com","2635 Walnut Street","Denver","CO","80205","United States","domains@hugedomains.com","+1.3038930552","","Domain Admin / This Domain is For Sale","HugeDomains.com","2635 Walnut Street","Denver","CO","80205","United States","domains@hugedomains.com","+1.3038930552","","Domain Admin / This Domain is For Sale","HugeDomains.com","2635 Walnut Street","Denver","CO","80205","United States","domains@hugedomains.com","+1.3038930552","","","","","","","","","","","","","","","","clientTransferProhibited","","",""
"7","imurchie.com","2021-07-08 14:20:40","2021-07-05","2021-07-05","2022-07-05","1829","DropCatch.com 418 LLC","whois.namebright.com","http://www.dropcatch418.com","le li","","shuogangzhenhuliuqiaocunsanzu","huangmeixian","hubeisheng","435500","China","1822718043@qq.com","+86.13026899484","","le li","","shuogangzhenhuliuqiaocunsanzu","huangmeixian","hubeisheng","435500","China","1822718043@qq.com","+86.13026899484","","le li","","shuogangzhenhuliuqiaocunsanzu","huangmeixian","hubeisheng","435500","China","1822718043@qq.com","+86.13026899484","","","","","","","","","","","","","","","","clientTransferProhibited","","",""
"8","occultservices.com","2021-07-08 14:31:06","2021-07-05","2021-07-05","2022-07-05","1829","DropCatch.com 418 LLC","whois.namebright.com","http://www.dropcatch418.com","Domain Admin / This Domain is For Sale","HugeDomains.com","2635 Walnut Street","Denver","CO","80205","United States","domains@hugedomains.com","+1.3038930552","","Domain Admin / This Domain is For Sale","HugeDomains.com","2635 Walnut Street","Denver","CO","80205","United States","domains@hugedomains.com","+1.3038930552","","Domain Admin / This Domain is For Sale","HugeDomains.com","2635 Walnut Street","Denver","CO","80205","United States","domains@hugedomains.com","+1.3038930552","","","","","","","","","","","","","","","","clientTransferProhibited","","",""
"9","radio-book.com","2021-07-08 18:23:44","2021-07-05","2021-07-05","2022-07-05","1829","DropCatch.com 418 LLC","whois.namebright.com","http://www.dropcatch418.com","dao jun wang","wang dao jun","san shan qu, bi gui yuan, shang ye fu wu qi z","wu hu shi","an hui","241000","China","7593876@qq.com","+86.55355335615","","dao jun wang","wang dao jun","san shan qu, bi gui yuan, shang ye fu wu qi z","wu hu shi","an hui","241000","China","7593876@qq.com","+86.55355335615","","dao jun wang","wang dao jun","san shan qu, bi gui yuan, shang ye fu wu qi z","wu hu shi","an hui","241000","China","7593876@qq.com","+86.55355335615","","","","","","","","","","","","","","","","clientTransferProhibited","","",""
"10","thefineedge.com","2021-07-08 18:17:45","2021-07-05","2021-07-05","2022-07-05","1829","DropCatch.com 418 LLC","whois.namebright.com","http://www.dropcatch418.com","Domain Admin / This Domain is For Sale","HugeDomains.com","2635 Walnut Street","Denver","CO","80205","United States","domains@hugedomains.com","+1.3038930552","","Domain Admin / This Domain is For Sale","HugeDomains.com","2635 Walnut Street","Denver","CO","80205","United States","domains@hugedomains.com","+1.3038930552","","Domain Admin / This Domain is For Sale","HugeDomains.com","2635 Walnut Street","Denver","CO","80205","United States","domains@hugedomains.com","+1.3038930552","","","","","","","","","","","","","","","","clientTransferProhibited","","",""
"11","toyosign.com","2021-07-08 18:39:15","2021-07-05","2021-07-05","2022-07-05","1829","DropCatch.com 418 LLC","whois.namebright.com","http://www.dropcatch418.com","Domain Admin / This Domain is For Sale","HugeDomains.com","2635 Walnut Street","Denver","CO","80205","United States","domains@hugedomains.com","+1.3038930552","","Domain Admin / This Domain is For Sale","HugeDomains.com","2635 Walnut Street","Denver","CO","80205","United States","domains@hugedomains.com","+1.3038930552","","Domain Admin / This Domain is For Sale","HugeDomains.com","2635 Walnut Street","Denver","CO","80205","United States","domains@hugedomains.com","+1.3038930552","","","","","","","","","","","","","","","","clientTransferProhibited","","",""
"12","weijunfurniture.com","2021-07-08 18:32:33","2021-07-05","2021-07-05","2022-07-05","1829","DropCatch.com 418 LLC","whois.namebright.com","http://www.dropcatch418.com","jianfeng wu","","hefeishi,luyangqu,caifuguangchangshouzuo,1107hao","hefei","Anhui Sheng","230001","China","admin@juming.com","+86.4009972996","","jianfeng wu","","hefeishi,luyangqu,caifuguangchangshouzuo,1107hao","hefei","Anhui Sheng","230001","China","admin@juming.com","+86.4009972996","","jianfeng wu","","hefeishi,luyangqu,caifuguangchangshouzuo,1107hao","hefei","Anhui Sheng","230001","China","admin@juming.com","+86.4009972996","","","","","","","","","","","","","","","","clientTransferProhibited","","",""