"num","domain_name","query_time","create_date","update_date","expiry_date","domain_registrar_id","domain_registrar_name","domain_registrar_whois","domain_registrar_url","registrant_name","registrant_company","registrant_address","registrant_city","registrant_state","registrant_zip","registrant_country","registrant_email","registrant_phone","registrant_fax","administrative_name","administrative_company","administrative_address","administrative_city","administrative_state","administrative_zip","administrative_country","administrative_email","administrative_phone","administrative_fax","technical_name","technical_company","technical_address","technical_city","technical_state","technical_zip","technical_country","technical_email","technical_phone","technical_fax","billing_name","billing_company","billing_address","billing_city","billing_state","billing_zip","billing_country","billing_email","billing_phone","billing_fax","name_server_1","name_server_2","name_server_3","name_server_4","domain_status_1","domain_status_2","domain_status_3","domain_status_4"
"1","hybridata.com","2021-07-08 17:50:52","2021-07-05","2021-07-05","2022-07-05","2587","DROPCATCH.COM 828 LLC","whois.namebright.com","http://www.namebright.com","JInsoo Yoon","","5903330 Daebong2Dong","Daegu","Daegu","705-803","Korea","kukmin@gmail.com","+82.1025430377","","JInsoo Yoon","","5903330 Daebong2Dong","Daegu","Daegu","705-803","Korea","kukmin@gmail.com","+82.1025430377","","JInsoo Yoon","","5903330 Daebong2Dong","Daegu","Daegu","705-803","Korea","kukmin@gmail.com","+82.1025430377","","","","","","","","","","","","","","","","clientTransferProhibited","","",""
"2","laifungwah.com","2021-07-08 14:28:30","2021-07-05","2021-07-05","2022-07-05","2587","DROPCATCH.COM 828 LLC","whois.namebright.com","http://www.namebright.com","zhai liu","liu zhai","wu ji xian, bei su zhen, peng jia zhuang cun,","shi jia zhuang shi","he bei","052400","China","liuzhai123@outlook.com","+86.3113216321","","zhai liu","liu zhai","wu ji xian, bei su zhen, peng jia zhuang cun,","shi jia zhuang shi","he bei","052400","China","liuzhai123@outlook.com","+86.3113216321","","zhai liu","liu zhai","wu ji xian, bei su zhen, peng jia zhuang cun,","shi jia zhuang shi","he bei","052400","China","liuzhai123@outlook.com","+86.3113216321","","","","","","","","","","","","","","","","clientTransferProhibited","","",""
"3","ohdef.com","2021-07-08 17:35:17","2021-07-05","2021-07-05","2022-07-05","2587","DROPCATCH.COM 828 LLC","whois.namebright.com","http://www.namebright.com","Domain Admin / This Domain is For Sale","HugeDomains.com","2635 Walnut Street","Denver","CO","80205","United States","domains@hugedomains.com","+1.3038930552","","Domain Admin / This Domain is For Sale","HugeDomains.com","2635 Walnut Street","Denver","CO","80205","United States","domains@hugedomains.com","+1.3038930552","","Domain Admin / This Domain is For Sale","HugeDomains.com","2635 Walnut Street","Denver","CO","80205","United States","domains@hugedomains.com","+1.3038930552","","","","","","","","","","","","","","","","clientTransferProhibited","","",""
"4","reqi168.com","2021-07-08 17:36:20","2021-07-05","2021-07-05","2022-07-05","2587","DROPCATCH.COM 828 LLC","whois.namebright.com","http://www.namebright.com","zhai liu","liu zhai","wu ji xian, bei su zhen, peng jia zhuang cun,","shi jia zhuang shi","he bei","052400","China","liuzhai123@outlook.com","+86.3113216321","","zhai liu","liu zhai","wu ji xian, bei su zhen, peng jia zhuang cun,","shi jia zhuang shi","he bei","052400","China","liuzhai123@outlook.com","+86.3113216321","","zhai liu","liu zhai","wu ji xian, bei su zhen, peng jia zhuang cun,","shi jia zhuang shi","he bei","052400","China","liuzhai123@outlook.com","+86.3113216321","","","","","","","","","","","","","","","","clientTransferProhibited","","",""
"5","sh-dj.net","2021-07-08 15:36:19","2021-07-04","2021-07-04","2022-07-04","2587","DROPCATCH.COM 828 LLC","whois.namebright.com","http://www.namebright.com","Redacted for GDPR privacy","da fa gong si","Redacted for GDPR privacy","Redacted for GDPR privacy","Henan","Redacted for GDPR privacy","China","sh-dj.net@namebrightprivacy.com","Redacted for GDPR privacy","Redacted for GDPR privacy","Redacted for GDPR privacy","Redacted for GDPR privacy","Redacted for GDPR privacy","Redacted for GDPR privacy","Redacted for GDPR privacy","Redacted for GDPR privacy","Redacted for GDPR privacy","sh-dj.net@namebrightprivacy.com","Redacted for GDPR privacy","Redacted for GDPR privacy","Redacted for GDPR privacy","Redacted for GDPR privacy","Redacted for GDPR privacy","Redacted for GDPR privacy","Redacted for GDPR privacy","Redacted for GDPR privacy","Redacted for GDPR privacy","sh-dj.net@namebrightprivacy.com","Redacted for GDPR privacy","Redacted for GDPR privacy","","","","","","","","","","","","","","","clientTransferProhibited","","",""
"6","xthfy.com","2021-07-08 18:26:05","2021-07-05","2021-07-05","2022-07-05","2587","DROPCATCH.COM 828 LLC","whois.namebright.com","http://www.namebright.com","jianfeng wu","","hefeishi,luyangqu,caifuguangchangshouzuo,1107hao","hefei","Anhui Sheng","230001","China","admin@juming.com","+86.4009972996","","jianfeng wu","","hefeishi,luyangqu,caifuguangchangshouzuo,1107hao","hefei","Anhui Sheng","230001","China","admin@juming.com","+86.4009972996","","jianfeng wu","","hefeishi,luyangqu,caifuguangchangshouzuo,1107hao","hefei","Anhui Sheng","230001","China","admin@juming.com","+86.4009972996","","","","","","","","","","","","","","","","clientTransferProhibited","","",""