"num","domain_name","query_time","create_date","update_date","expiry_date","domain_registrar_id","domain_registrar_name","domain_registrar_whois","domain_registrar_url","registrant_name","registrant_company","registrant_address","registrant_city","registrant_state","registrant_zip","registrant_country","registrant_email","registrant_phone","registrant_fax","administrative_name","administrative_company","administrative_address","administrative_city","administrative_state","administrative_zip","administrative_country","administrative_email","administrative_phone","administrative_fax","technical_name","technical_company","technical_address","technical_city","technical_state","technical_zip","technical_country","technical_email","technical_phone","technical_fax","billing_name","billing_company","billing_address","billing_city","billing_state","billing_zip","billing_country","billing_email","billing_phone","billing_fax","name_server_1","name_server_2","name_server_3","name_server_4","domain_status_1","domain_status_2","domain_status_3","domain_status_4"
"1","769785.com","2021-07-08 18:29:18","2021-07-05","2021-07-05","2022-07-05","3382","DropCatch.com 1173 LLC","","","zhai liu","liu zhai","wu ji xian, bei su zhen, peng jia zhuang cun,","shi jia zhuang shi","he bei","052400","China","liuzhai123@outlook.com","+86.3113216321","","zhai liu","liu zhai","wu ji xian, bei su zhen, peng jia zhuang cun,","shi jia zhuang shi","he bei","052400","China","liuzhai123@outlook.com","+86.3113216321","","zhai liu","liu zhai","wu ji xian, bei su zhen, peng jia zhuang cun,","shi jia zhuang shi","he bei","052400","China","liuzhai123@outlook.com","+86.3113216321","","","","","","","","","","","","","","","","clientTransferProhibited","","",""
"2","beacontherapeutics.com","2021-07-08 14:28:30","2021-07-05","2021-07-05","2022-07-05","3382","DropCatch.com 1173 LLC","","","Michael Zielinski","","PO Box 267","White Plains","NY","10603","United States","mjziel@msn.com","+1.9148264408","","Michael Zielinski","","PO Box 267","White Plains","NY","10603","United States","mjziel@msn.com","+1.9148264408","","Michael Zielinski","","PO Box 267","White Plains","NY","10603","United States","mjziel@msn.com","+1.9148264408","","","","","","","","","","","","","","","","clientTransferProhibited","","",""
"3","jeanssalon.net","2021-07-08 15:35:32","2021-07-04","2021-07-04","2022-07-04","3382","DropCatch.com 1173 LLC","","","Redacted for GDPR privacy","","Redacted for GDPR privacy","Redacted for GDPR privacy","Hunan","Redacted for GDPR privacy","China","jeanssalon.net@namebrightprivacy.com","Redacted for GDPR privacy","Redacted for GDPR privacy","Redacted for GDPR privacy","Redacted for GDPR privacy","Redacted for GDPR privacy","Redacted for GDPR privacy","Redacted for GDPR privacy","Redacted for GDPR privacy","Redacted for GDPR privacy","jeanssalon.net@namebrightprivacy.com","Redacted for GDPR privacy","Redacted for GDPR privacy","Redacted for GDPR privacy","Redacted for GDPR privacy","Redacted for GDPR privacy","Redacted for GDPR privacy","Redacted for GDPR privacy","Redacted for GDPR privacy","Redacted for GDPR privacy","jeanssalon.net@namebrightprivacy.com","Redacted for GDPR privacy","Redacted for GDPR privacy","","","","","","","","","","","","","","","clientTransferProhibited","","",""
"4","lygcrsy.com","2021-07-08 14:27:57","2021-07-05","2021-07-05","2022-07-05","3382","DropCatch.com 1173 LLC","","","Redacted for GDPR privacy","","Redacted for GDPR privacy","Redacted for GDPR privacy","AnN l","Redacted for GDPR privacy","Hong Kong","lygcrsy.com@namebrightprivacy.com","Redacted for GDPR privacy","Redacted for GDPR privacy","Redacted for GDPR privacy","Redacted for GDPR privacy","Redacted for GDPR privacy","Redacted for GDPR privacy","Redacted for GDPR privacy","Redacted for GDPR privacy","Redacted for GDPR privacy","lygcrsy.com@namebrightprivacy.com","Redacted for GDPR privacy","Redacted for GDPR privacy","Redacted for GDPR privacy","Redacted for GDPR privacy","Redacted for GDPR privacy","Redacted for GDPR privacy","Redacted for GDPR privacy","Redacted for GDPR privacy","Redacted for GDPR privacy","lygcrsy.com@namebrightprivacy.com","Redacted for GDPR privacy","Redacted for GDPR privacy","","","","","","","","","","","","","","","clientTransferProhibited","","",""
"5","thkjcx.com","2021-07-08 18:00:13","2021-07-05","2021-07-05","2022-07-05","3382","DropCatch.com 1173 LLC","","","zhai liu","liu zhai","wu ji xian, bei su zhen, peng jia zhuang cun,","shi jia zhuang shi","he bei","052400","China","liuzhai123@outlook.com","+86.3113216321","","zhai liu","liu zhai","wu ji xian, bei su zhen, peng jia zhuang cun,","shi jia zhuang shi","he bei","052400","China","liuzhai123@outlook.com","+86.3113216321","","zhai liu","liu zhai","wu ji xian, bei su zhen, peng jia zhuang cun,","shi jia zhuang shi","he bei","052400","China","liuzhai123@outlook.com","+86.3113216321","","","","","","","","","","","","","","","","clientTransferProhibited","","",""