"num","domain_name","query_time","create_date","update_date","expiry_date","domain_registrar_id","domain_registrar_name","domain_registrar_whois","domain_registrar_url","registrant_name","registrant_company","registrant_address","registrant_city","registrant_state","registrant_zip","registrant_country","registrant_email","registrant_phone","registrant_fax","administrative_name","administrative_company","administrative_address","administrative_city","administrative_state","administrative_zip","administrative_country","administrative_email","administrative_phone","administrative_fax","technical_name","technical_company","technical_address","technical_city","technical_state","technical_zip","technical_country","technical_email","technical_phone","technical_fax","billing_name","billing_company","billing_address","billing_city","billing_state","billing_zip","billing_country","billing_email","billing_phone","billing_fax","name_server_1","name_server_2","name_server_3","name_server_4","domain_status_1","domain_status_2","domain_status_3","domain_status_4"
"1","bozlinong.com","2021-07-08 17:34:48","2021-07-05","2021-07-05","2022-07-05","3726","DropCatch.com 1517 LLC","","","hong sen qiao","qiao hong sen","he chuan shi, he chuan qu, jia ri da dao, 1 h","chong qing shi","chong qing","401500","China","394485953@qq.com","+86.13238614492","","hong sen qiao","qiao hong sen","he chuan shi, he chuan qu, jia ri da dao, 1 h","chong qing shi","chong qing","401500","China","394485953@qq.com","+86.13238614492","","hong sen qiao","qiao hong sen","he chuan shi, he chuan qu, jia ri da dao, 1 h","chong qing shi","chong qing","401500","China","394485953@qq.com","+86.13238614492","","","","","","","","","","","","","","","","clientTransferProhibited","","",""
"2","buycocaineonline.com","2021-07-08 18:16:15","2021-07-05","2021-07-05","2022-07-05","3726","DropCatch.com 1517 LLC","","","Domain Admin / This Domain is For Sale","HugeDomains.com","2635 Walnut Street","Denver","CO","80205","United States","domains@hugedomains.com","+1.3038930552","","Domain Admin / This Domain is For Sale","HugeDomains.com","2635 Walnut Street","Denver","CO","80205","United States","domains@hugedomains.com","+1.3038930552","","Domain Admin / This Domain is For Sale","HugeDomains.com","2635 Walnut Street","Denver","CO","80205","United States","domains@hugedomains.com","+1.3038930552","","","","","","","","","","","","","","","","clientTransferProhibited","","",""
"3","dragonflyllp.com","2021-07-08 14:20:23","2021-07-05","2021-07-05","2022-07-05","3726","DropCatch.com 1517 LLC","","","Domain Admin / This Domain is For Sale","HugeDomains.com","2635 Walnut Street","Denver","CO","80205","United States","domains@hugedomains.com","+1.3038930552","","Domain Admin / This Domain is For Sale","HugeDomains.com","2635 Walnut Street","Denver","CO","80205","United States","domains@hugedomains.com","+1.3038930552","","Domain Admin / This Domain is For Sale","HugeDomains.com","2635 Walnut Street","Denver","CO","80205","United States","domains@hugedomains.com","+1.3038930552","","","","","","","","","","","","","","","","clientTransferProhibited","","",""
"4","granitefitness.net","2021-07-08 14:47:05","2021-07-04","2021-07-04","2022-07-04","3726","DropCatch.com 1517 LLC","","","san hua deng","deng san hua","jian li xian, qi pan xiang, yue chi cun, 315","jing zhou shi","hu bei","433300","China","klk0003h@outlook.com","+86.13099612143","","san hua deng","deng san hua","jian li xian, qi pan xiang, yue chi cun, 315","jing zhou shi","hu bei","433300","China","klk0003h@outlook.com","+86.13099612143","","san hua deng","deng san hua","jian li xian, qi pan xiang, yue chi cun, 315","jing zhou shi","hu bei","433300","China","klk0003h@outlook.com","+86.13099612143","","","","","","","","","","","","","","","","clientTransferProhibited","","",""
"5","hehouseintl.com","2021-07-08 18:21:18","2021-07-05","2021-07-05","2022-07-05","3726","DropCatch.com 1517 LLC","","","xiao jiang wu","wu xiao jiang","lu wan qu, nan hu da dao, nan hu lu, 111 hao","shang hai shi","shang hai","200000","China","zaoanwang@qq.com","+86.2189998545","","xiao jiang wu","wu xiao jiang","lu wan qu, nan hu da dao, nan hu lu, 111 hao","shang hai shi","shang hai","200000","China","zaoanwang@qq.com","+86.2189998545","","xiao jiang wu","wu xiao jiang","lu wan qu, nan hu da dao, nan hu lu, 111 hao","shang hai shi","shang hai","200000","China","zaoanwang@qq.com","+86.2189998545","","","","","","","","","","","","","","","","clientTransferProhibited","","",""