"num","domain_name","query_time","create_date","update_date","expiry_date","domain_registrar_id","domain_registrar_name","domain_registrar_whois","domain_registrar_url","registrant_name","registrant_company","registrant_address","registrant_city","registrant_state","registrant_zip","registrant_country","registrant_email","registrant_phone","registrant_fax","administrative_name","administrative_company","administrative_address","administrative_city","administrative_state","administrative_zip","administrative_country","administrative_email","administrative_phone","administrative_fax","technical_name","technical_company","technical_address","technical_city","technical_state","technical_zip","technical_country","technical_email","technical_phone","technical_fax","billing_name","billing_company","billing_address","billing_city","billing_state","billing_zip","billing_country","billing_email","billing_phone","billing_fax","name_server_1","name_server_2","name_server_3","name_server_4","domain_status_1","domain_status_2","domain_status_3","domain_status_4"
"1","animeelites.com","2021-07-08 17:31:17","2021-07-05","2021-07-05","2022-07-05","3655","DropCatch.com 1446 LLC","","","Domain Admin / This Domain is For Sale","HugeDomains.com","2635 Walnut Street","Denver","CO","80205","United States","domains@hugedomains.com","+1.3038930552","","Domain Admin / This Domain is For Sale","HugeDomains.com","2635 Walnut Street","Denver","CO","80205","United States","domains@hugedomains.com","+1.3038930552","","Domain Admin / This Domain is For Sale","HugeDomains.com","2635 Walnut Street","Denver","CO","80205","United States","domains@hugedomains.com","+1.3038930552","","","","","","","","","","","","","","","","clientTransferProhibited","","",""
"2","mygooi.com","2021-07-08 18:44:10","2021-07-05","2021-07-05","2022-07-05","3655","DropCatch.com 1446 LLC","","","Redacted for GDPR privacy","","Redacted for GDPR privacy","Redacted for GDPR privacy","Singapore","Redacted for GDPR privacy","Singapore","mygooi.com@namebrightprivacy.com","Redacted for GDPR privacy","Redacted for GDPR privacy","Redacted for GDPR privacy","Redacted for GDPR privacy","Redacted for GDPR privacy","Redacted for GDPR privacy","Redacted for GDPR privacy","Redacted for GDPR privacy","Redacted for GDPR privacy","mygooi.com@namebrightprivacy.com","Redacted for GDPR privacy","Redacted for GDPR privacy","Redacted for GDPR privacy","Redacted for GDPR privacy","Redacted for GDPR privacy","Redacted for GDPR privacy","Redacted for GDPR privacy","Redacted for GDPR privacy","Redacted for GDPR privacy","mygooi.com@namebrightprivacy.com","Redacted for GDPR privacy","Redacted for GDPR privacy","","","","","","","","","","","","","","","clientTransferProhibited","","",""
"3","ninemilesolutions.com","2021-07-08 18:37:48","2021-07-05","2021-07-05","2022-07-05","3655","DropCatch.com 1446 LLC","","","Private Registration","NameBrightPrivacy.com","2635 Walnut Street","Denver","CO","80205","United States","ninemilesolutions.com@namebrightprivacy.com","+1.7204960020","","Private Registration","NameBrightPrivacy.com","2635 Walnut Street","Denver","CO","80205","United States","ninemilesolutions.com@namebrightprivacy.com","+1.7204960020","","Private Registration","NameBrightPrivacy.com","2635 Walnut Street","Denver","CO","80205","United States","ninemilesolutions.com@namebrightprivacy.com","+1.7204960020","","","","","","","","","","","","","","","","clientTransferProhibited","","",""
"4","royinsuranceandrealestate.com","2021-07-08 18:44:51","2021-07-05","2021-07-05","2022-07-05","3655","DropCatch.com 1446 LLC","","","Redacted for GDPR privacy","","Redacted for GDPR privacy","Redacted for GDPR privacy","Budapest","Redacted for GDPR privacy","Hungary","royinsuranceandrealestate.com@namebrightprivacy.com","Redacted for GDPR privacy","Redacted for GDPR privacy","Redacted for GDPR privacy","Redacted for GDPR privacy","Redacted for GDPR privacy","Redacted for GDPR privacy","Redacted for GDPR privacy","Redacted for GDPR privacy","Redacted for GDPR privacy","royinsuranceandrealestate.com@namebrightprivacy.com","Redacted for GDPR privacy","Redacted for GDPR privacy","Redacted for GDPR privacy","Redacted for GDPR privacy","Redacted for GDPR privacy","Redacted for GDPR privacy","Redacted for GDPR privacy","Redacted for GDPR privacy","Redacted for GDPR privacy","royinsuranceandrealestate.com@namebrightprivacy.com","Redacted for GDPR privacy","Redacted for GDPR privacy","","","","","","","","","","","","","","","clientTransferProhibited","","",""
"5","xalwrj.com","2021-07-08 17:56:00","2021-07-05","2021-07-05","2022-07-05","3655","DropCatch.com 1446 LLC","","","Redacted for GDPR privacy","","Redacted for GDPR privacy","Redacted for GDPR privacy","Hunan","Redacted for GDPR privacy","China","xalwrj.com@namebrightprivacy.com","Redacted for GDPR privacy","Redacted for GDPR privacy","Redacted for GDPR privacy","Redacted for GDPR privacy","Redacted for GDPR privacy","Redacted for GDPR privacy","Redacted for GDPR privacy","Redacted for GDPR privacy","Redacted for GDPR privacy","xalwrj.com@namebrightprivacy.com","Redacted for GDPR privacy","Redacted for GDPR privacy","Redacted for GDPR privacy","Redacted for GDPR privacy","Redacted for GDPR privacy","Redacted for GDPR privacy","Redacted for GDPR privacy","Redacted for GDPR privacy","Redacted for GDPR privacy","xalwrj.com@namebrightprivacy.com","Redacted for GDPR privacy","Redacted for GDPR privacy","","","","","","","","","","","","","","","clientTransferProhibited","","",""