"num","domain_name","query_time","create_date","update_date","expiry_date","domain_registrar_id","domain_registrar_name","domain_registrar_whois","domain_registrar_url","registrant_name","registrant_company","registrant_address","registrant_city","registrant_state","registrant_zip","registrant_country","registrant_email","registrant_phone","registrant_fax","administrative_name","administrative_company","administrative_address","administrative_city","administrative_state","administrative_zip","administrative_country","administrative_email","administrative_phone","administrative_fax","technical_name","technical_company","technical_address","technical_city","technical_state","technical_zip","technical_country","technical_email","technical_phone","technical_fax","billing_name","billing_company","billing_address","billing_city","billing_state","billing_zip","billing_country","billing_email","billing_phone","billing_fax","name_server_1","name_server_2","name_server_3","name_server_4","domain_status_1","domain_status_2","domain_status_3","domain_status_4"
"1","cocosanalytics.com","2021-07-08 18:30:15","2021-07-05","2021-07-05","2022-07-05","3690","DropCatch.com 1481 LLC","","","wei tong gu","gu wei tong","shi bei qu, wen zhou lu 7 hao, wan he jia yua","qing dao shi","shan dong","266000","China","hentro69@gmail.com","+86.1375384532","","wei tong gu","gu wei tong","shi bei qu, wen zhou lu 7 hao, wan he jia yua","qing dao shi","shan dong","266000","China","hentro69@gmail.com","+86.1375384532","","wei tong gu","gu wei tong","shi bei qu, wen zhou lu 7 hao, wan he jia yua","qing dao shi","shan dong","266000","China","hentro69@gmail.com","+86.1375384532","","","","","","","","","","","","","","","","clientTransferProhibited","","",""
"2","extinctapparel.com","2021-07-08 18:37:29","2021-07-05","2021-07-05","2022-07-05","3690","DropCatch.com 1481 LLC","","","Private Registration","NameBrightPrivacy.com","2635 Walnut Street","Denver","CO","80205","United States","extinctapparel.com@namebrightprivacy.com","+1.7204960020","","Private Registration","NameBrightPrivacy.com","2635 Walnut Street","Denver","CO","80205","United States","extinctapparel.com@namebrightprivacy.com","+1.7204960020","","Private Registration","NameBrightPrivacy.com","2635 Walnut Street","Denver","CO","80205","United States","extinctapparel.com@namebrightprivacy.com","+1.7204960020","","","","","","","","","","","","","","","","clientTransferProhibited","","",""
"3","houseofukiyo.com","2021-07-08 14:30:57","2021-07-05","2021-07-05","2022-07-05","3690","DropCatch.com 1481 LLC","","","Domain Admin / This Domain is For Sale","HugeDomains.com","2635 Walnut Street","Denver","CO","80205","United States","domains@hugedomains.com","+1.3038930552","","Domain Admin / This Domain is For Sale","HugeDomains.com","2635 Walnut Street","Denver","CO","80205","United States","domains@hugedomains.com","+1.3038930552","","Domain Admin / This Domain is For Sale","HugeDomains.com","2635 Walnut Street","Denver","CO","80205","United States","domains@hugedomains.com","+1.3038930552","","","","","","","","","","","","","","","","clientTransferProhibited","","",""
"4","wishprod.com","2021-07-08 18:14:26","2021-07-05","2021-07-05","2022-07-05","3690","DropCatch.com 1481 LLC","","","Domain Admin / This Domain is For Sale","HugeDomains.com","2635 Walnut Street","Denver","CO","80205","United States","domains@hugedomains.com","+1.3038930552","","Domain Admin / This Domain is For Sale","HugeDomains.com","2635 Walnut Street","Denver","CO","80205","United States","domains@hugedomains.com","+1.3038930552","","Domain Admin / This Domain is For Sale","HugeDomains.com","2635 Walnut Street","Denver","CO","80205","United States","domains@hugedomains.com","+1.3038930552","","","","","","","","","","","","","","","","clientTransferProhibited","","",""
"5","yadkinvalleylincoln.com","2021-07-08 14:20:53","2021-07-05","2021-07-05","2022-07-05","3690","DropCatch.com 1481 LLC","","","Domain Administrator","","202, 28 Guanri road","Xiamen","Fujian","361008","China","dotmedia3@dotmedia.com","+86.5925990220","","Domain Administrator","","202, 28 Guanri road","Xiamen","Fujian","361008","China","dotmedia3@dotmedia.com","+86.5925990220","","Domain Administrator","","202, 28 Guanri road","Xiamen","Fujian","361008","China","dotmedia3@dotmedia.com","+86.5925990220","","","","","","","","","","","","","","","","clientTransferProhibited","","",""
"6","yezhizhen.net","2021-07-08 15:34:08","2021-07-04","2021-07-04","2022-07-04","3690","DropCatch.com 1481 LLC","","","meizeng Chen","","fujianshengfuzhoushilianjiangxian","FuZhouShi","FuJian","350000","China","285667893@qq.com","+86.15117611627","","meizeng Chen","","fujianshengfuzhoushilianjiangxian","FuZhouShi","FuJian","350000","China","285667893@qq.com","+86.15117611627","","meizeng Chen","","fujianshengfuzhoushilianjiangxian","FuZhouShi","FuJian","350000","China","285667893@qq.com","+86.15117611627","","","","","","","","","","","","","","","","clientTransferProhibited","","",""