"num","domain_name","query_time","create_date","update_date","expiry_date","domain_registrar_id","domain_registrar_name","domain_registrar_whois","domain_registrar_url","registrant_name","registrant_company","registrant_address","registrant_city","registrant_state","registrant_zip","registrant_country","registrant_email","registrant_phone","registrant_fax","administrative_name","administrative_company","administrative_address","administrative_city","administrative_state","administrative_zip","administrative_country","administrative_email","administrative_phone","administrative_fax","technical_name","technical_company","technical_address","technical_city","technical_state","technical_zip","technical_country","technical_email","technical_phone","technical_fax","billing_name","billing_company","billing_address","billing_city","billing_state","billing_zip","billing_country","billing_email","billing_phone","billing_fax","name_server_1","name_server_2","name_server_3","name_server_4","domain_status_1","domain_status_2","domain_status_3","domain_status_4"
"1","cn-sca.com","2021-07-08 18:10:11","2021-07-05","2021-07-05","2022-07-05","2750","DropCatch.com 991 LLC","whois.namebright.com","http://www.namebright.com","Redacted for GDPR privacy","","Redacted for GDPR privacy","Redacted for GDPR privacy","Hunan","Redacted for GDPR privacy","China","cn-sca.com@namebrightprivacy.com","Redacted for GDPR privacy","Redacted for GDPR privacy","Redacted for GDPR privacy","Redacted for GDPR privacy","Redacted for GDPR privacy","Redacted for GDPR privacy","Redacted for GDPR privacy","Redacted for GDPR privacy","Redacted for GDPR privacy","cn-sca.com@namebrightprivacy.com","Redacted for GDPR privacy","Redacted for GDPR privacy","Redacted for GDPR privacy","Redacted for GDPR privacy","Redacted for GDPR privacy","Redacted for GDPR privacy","Redacted for GDPR privacy","Redacted for GDPR privacy","Redacted for GDPR privacy","cn-sca.com@namebrightprivacy.com","Redacted for GDPR privacy","Redacted for GDPR privacy","","","","","","","","","","","","","","","clientTransferProhibited","","",""
"2","dkbbf.com","2021-07-08 17:44:54","2021-07-05","2021-07-05","2022-07-05","2750","DropCatch.com 991 LLC","whois.namebright.com","http://www.namebright.com","wen han li","li wen han",", hai nan sheng, yang pu jing ji kai fa qu ga","dan zhou shi","hai nan","571700","China","kazama888666@gmail.com","+86.13113247959","","wen han li","li wen han",", hai nan sheng, yang pu jing ji kai fa qu ga","dan zhou shi","hai nan","571700","China","kazama888666@gmail.com","+86.13113247959","","wen han li","li wen han",", hai nan sheng, yang pu jing ji kai fa qu ga","dan zhou shi","hai nan","571700","China","kazama888666@gmail.com","+86.13113247959","","","","","","","","","","","","","","","","clientTransferProhibited","","",""
"3","furrymania.com","2021-07-08 14:31:19","2021-07-05","2021-07-05","2022-07-05","2750","DropCatch.com 991 LLC","whois.namebright.com","http://www.namebright.com","Domain Admin / This Domain is For Sale","HugeDomains.com","2635 Walnut Street","Denver","CO","80205","United States","domains@hugedomains.com","+1.3038930552","","Domain Admin / This Domain is For Sale","HugeDomains.com","2635 Walnut Street","Denver","CO","80205","United States","domains@hugedomains.com","+1.3038930552","","Domain Admin / This Domain is For Sale","HugeDomains.com","2635 Walnut Street","Denver","CO","80205","United States","domains@hugedomains.com","+1.3038930552","","","","","","","","","","","","","","","","clientTransferProhibited","","",""
"4","guxinh.com","2021-07-08 17:37:31","2021-07-05","2021-07-05","2022-07-05","2750","DropCatch.com 991 LLC","whois.namebright.com","http://www.namebright.com","Domain Admin / This Domain is For Sale","HugeDomains.com","2635 Walnut Street","Denver","CO","80205","United States","domains@hugedomains.com","+1.3038930552","","Domain Admin / This Domain is For Sale","HugeDomains.com","2635 Walnut Street","Denver","CO","80205","United States","domains@hugedomains.com","+1.3038930552","","Domain Admin / This Domain is For Sale","HugeDomains.com","2635 Walnut Street","Denver","CO","80205","United States","domains@hugedomains.com","+1.3038930552","","","","","","","","","","","","","","","","clientTransferProhibited","","",""
"5","hankookrewards.com","2021-07-08 14:25:18","2021-07-05","2021-07-05","2022-07-05","2750","DropCatch.com 991 LLC","whois.namebright.com","http://www.namebright.com","Domain Admin / This Domain is For Sale","HugeDomains.com","2635 Walnut Street","Denver","CO","80205","United States","domains@hugedomains.com","+1.3038930552","","Domain Admin / This Domain is For Sale","HugeDomains.com","2635 Walnut Street","Denver","CO","80205","United States","domains@hugedomains.com","+1.3038930552","","Domain Admin / This Domain is For Sale","HugeDomains.com","2635 Walnut Street","Denver","CO","80205","United States","domains@hugedomains.com","+1.3038930552","","","","","","","","","","","","","","","","clientTransferProhibited","","",""