"num","domain_name","query_time","create_date","update_date","expiry_date","domain_registrar_id","domain_registrar_name","domain_registrar_whois","domain_registrar_url","registrant_name","registrant_company","registrant_address","registrant_city","registrant_state","registrant_zip","registrant_country","registrant_email","registrant_phone","registrant_fax","administrative_name","administrative_company","administrative_address","administrative_city","administrative_state","administrative_zip","administrative_country","administrative_email","administrative_phone","administrative_fax","technical_name","technical_company","technical_address","technical_city","technical_state","technical_zip","technical_country","technical_email","technical_phone","technical_fax","billing_name","billing_company","billing_address","billing_city","billing_state","billing_zip","billing_country","billing_email","billing_phone","billing_fax","name_server_1","name_server_2","name_server_3","name_server_4","domain_status_1","domain_status_2","domain_status_3","domain_status_4"
"1","76fz.com","2021-07-08 17:41:27","2021-07-05","2021-07-05","2022-07-05","3417","DropCatch.com 1208 LLC","","","Redacted for GDPR privacy","","Redacted for GDPR privacy","Redacted for GDPR privacy","Hong Kong","Redacted for GDPR privacy","Hong Kong","76fz.com@namebrightprivacy.com","Redacted for GDPR privacy","Redacted for GDPR privacy","Redacted for GDPR privacy","Redacted for GDPR privacy","Redacted for GDPR privacy","Redacted for GDPR privacy","Redacted for GDPR privacy","Redacted for GDPR privacy","Redacted for GDPR privacy","76fz.com@namebrightprivacy.com","Redacted for GDPR privacy","Redacted for GDPR privacy","Redacted for GDPR privacy","Redacted for GDPR privacy","Redacted for GDPR privacy","Redacted for GDPR privacy","Redacted for GDPR privacy","Redacted for GDPR privacy","Redacted for GDPR privacy","76fz.com@namebrightprivacy.com","Redacted for GDPR privacy","Redacted for GDPR privacy","","","","","","","","","","","","","","","clientTransferProhibited","","",""
"2","baycitybuilders.com","2021-07-08 17:29:29","2021-07-05","2021-07-05","2022-07-05","3417","DropCatch.com 1208 LLC","","","Domain Admin / This Domain is For Sale","HugeDomains.com","2635 Walnut Street","Denver","CO","80205","United States","domains@hugedomains.com","+1.3038930552","","Domain Admin / This Domain is For Sale","HugeDomains.com","2635 Walnut Street","Denver","CO","80205","United States","domains@hugedomains.com","+1.3038930552","","Domain Admin / This Domain is For Sale","HugeDomains.com","2635 Walnut Street","Denver","CO","80205","United States","domains@hugedomains.com","+1.3038930552","","","","","","","","","","","","","","","","clientTransferProhibited","","",""
"3","grandmaraboutsobou.com","2021-07-08 17:26:29","2021-07-05","2021-07-05","2022-07-05","3417","DropCatch.com 1208 LLC","","","Redacted for GDPR privacy","","Redacted for GDPR privacy","Redacted for GDPR privacy","B8","Redacted for GDPR privacy","France","grandmaraboutsobou.com@namebrightprivacy.com","Redacted for GDPR privacy","Redacted for GDPR privacy","Redacted for GDPR privacy","Redacted for GDPR privacy","Redacted for GDPR privacy","Redacted for GDPR privacy","Redacted for GDPR privacy","Redacted for GDPR privacy","Redacted for GDPR privacy","grandmaraboutsobou.com@namebrightprivacy.com","Redacted for GDPR privacy","Redacted for GDPR privacy","Redacted for GDPR privacy","Redacted for GDPR privacy","Redacted for GDPR privacy","Redacted for GDPR privacy","Redacted for GDPR privacy","Redacted for GDPR privacy","Redacted for GDPR privacy","grandmaraboutsobou.com@namebrightprivacy.com","Redacted for GDPR privacy","Redacted for GDPR privacy","","","","","","","","","","","","","","","clientTransferProhibited","","",""
"4","haydwf.com","2021-07-08 14:27:53","2021-07-05","2021-07-05","2022-07-05","3417","DropCatch.com 1208 LLC","","","fanyun YE","xingyunjiuhzou","qingyuanxiansongyuanjiexinjianlu9hao","JinHuaShi","ZheJiang","321000","China","newbbs9999888@163.com","+86.17280561075","+86.17280561075","fanyun YE","xingyunjiuhzou","qingyuanxiansongyuanjiexinjianlu9hao","JinHuaShi","ZheJiang","321000","China","newbbs9999888@163.com","+86.17280561075","+86.17280561075","fanyun YE","xingyunjiuhzou","qingyuanxiansongyuanjiexinjianlu9hao","JinHuaShi","ZheJiang","321000","China","newbbs9999888@163.com","+86.17280561075","+86.17280561075","","","","","","","","","","","","","","","clientTransferProhibited","","",""
"5","marrsa.com","2021-07-08 14:31:48","2021-07-05","2021-07-05","2022-07-05","3417","DropCatch.com 1208 LLC","","","Domain Admin / This Domain is For Sale","HugeDomains.com","2635 Walnut Street","Denver","CO","80205","United States","domains@hugedomains.com","+1.3038930552","","Domain Admin / This Domain is For Sale","HugeDomains.com","2635 Walnut Street","Denver","CO","80205","United States","domains@hugedomains.com","+1.3038930552","","Domain Admin / This Domain is For Sale","HugeDomains.com","2635 Walnut Street","Denver","CO","80205","United States","domains@hugedomains.com","+1.3038930552","","","","","","","","","","","","","","","","clientTransferProhibited","","",""
"6","vendettaspeed.com","2021-07-08 18:25:21","2021-07-05","2021-07-05","2022-07-05","3417","DropCatch.com 1208 LLC","","","Redacted for GDPR privacy","","Redacted for GDPR privacy","Redacted for GDPR privacy","Budapest","Redacted for GDPR privacy","Hungary","vendettaspeed.com@namebrightprivacy.com","Redacted for GDPR privacy","Redacted for GDPR privacy","Redacted for GDPR privacy","Redacted for GDPR privacy","Redacted for GDPR privacy","Redacted for GDPR privacy","Redacted for GDPR privacy","Redacted for GDPR privacy","Redacted for GDPR privacy","vendettaspeed.com@namebrightprivacy.com","Redacted for GDPR privacy","Redacted for GDPR privacy","Redacted for GDPR privacy","Redacted for GDPR privacy","Redacted for GDPR privacy","Redacted for GDPR privacy","Redacted for GDPR privacy","Redacted for GDPR privacy","Redacted for GDPR privacy","vendettaspeed.com@namebrightprivacy.com","Redacted for GDPR privacy","Redacted for GDPR privacy","","","","","","","","","","","","","","","clientTransferProhibited","","",""
"7","viitals.com","2021-07-08 18:25:54","2021-07-05","2021-07-05","2022-07-05","3417","DropCatch.com 1208 LLC","","","Domain Admin / This Domain is For Sale","HugeDomains.com","2635 Walnut Street","Denver","CO","80205","United States","domains@hugedomains.com","+1.3038930552","","Domain Admin / This Domain is For Sale","HugeDomains.com","2635 Walnut Street","Denver","CO","80205","United States","domains@hugedomains.com","+1.3038930552","","Domain Admin / This Domain is For Sale","HugeDomains.com","2635 Walnut Street","Denver","CO","80205","United States","domains@hugedomains.com","+1.3038930552","","","","","","","","","","","","","","","","clientTransferProhibited","","",""