"num","domain_name","query_time","create_date","update_date","expiry_date","domain_registrar_id","domain_registrar_name","domain_registrar_whois","domain_registrar_url","registrant_name","registrant_company","registrant_address","registrant_city","registrant_state","registrant_zip","registrant_country","registrant_email","registrant_phone","registrant_fax","administrative_name","administrative_company","administrative_address","administrative_city","administrative_state","administrative_zip","administrative_country","administrative_email","administrative_phone","administrative_fax","technical_name","technical_company","technical_address","technical_city","technical_state","technical_zip","technical_country","technical_email","technical_phone","technical_fax","billing_name","billing_company","billing_address","billing_city","billing_state","billing_zip","billing_country","billing_email","billing_phone","billing_fax","name_server_1","name_server_2","name_server_3","name_server_4","domain_status_1","domain_status_2","domain_status_3","domain_status_4"
"1","05lp.com","2021-07-08 18:26:41","2021-07-05","2021-07-05","2022-07-05","3415","DropCatch.com 1206 LLC","","","jian zhong wu","wu jian zhong","hu tu bi xian, fang cao hu, er chang, chang f","chang ji hui zu zi zhi zhou","xin jiang","831200","China","jmacc1095@gmail.com","+86.15608721886","","jian zhong wu","wu jian zhong","hu tu bi xian, fang cao hu, er chang, chang f","chang ji hui zu zi zhi zhou","xin jiang","831200","China","jmacc1095@gmail.com","+86.15608721886","","jian zhong wu","wu jian zhong","hu tu bi xian, fang cao hu, er chang, chang f","chang ji hui zu zi zhi zhou","xin jiang","831200","China","jmacc1095@gmail.com","+86.15608721886","","","","","","","","","","","","","","","","clientTransferProhibited","","",""
"2","globalpme.com","2021-07-08 18:13:56","2021-07-05","2021-07-05","2022-07-05","3415","DropCatch.com 1206 LLC","","","Private Registration","NameBrightPrivacy.com","2635 Walnut Street","Denver","CO","80205","United States","globalpme.com@namebrightprivacy.com","+1.7204960020","","Private Registration","NameBrightPrivacy.com","2635 Walnut Street","Denver","CO","80205","United States","globalpme.com@namebrightprivacy.com","+1.7204960020","","Private Registration","NameBrightPrivacy.com","2635 Walnut Street","Denver","CO","80205","United States","globalpme.com@namebrightprivacy.com","+1.7204960020","","","","","","","","","","","","","","","","clientTransferProhibited","","",""
"3","gpsgo.net","2021-07-08 14:46:31","2021-07-04","2021-07-04","2022-07-04","3415","DropCatch.com 1206 LLC","","","jian zhong wu","wu jian zhong","hu tu bi xian, fang cao hu, er chang, chang f","chang ji hui zu zi zhi zhou","xin jiang","831200","China","jmacc1095@gmail.com","+86.15608721886","","jian zhong wu","wu jian zhong","hu tu bi xian, fang cao hu, er chang, chang f","chang ji hui zu zi zhi zhou","xin jiang","831200","China","jmacc1095@gmail.com","+86.15608721886","","jian zhong wu","wu jian zhong","hu tu bi xian, fang cao hu, er chang, chang f","chang ji hui zu zi zhi zhou","xin jiang","831200","China","jmacc1095@gmail.com","+86.15608721886","","","","","","","","","","","","","","","","clientTransferProhibited","","",""
"4","licensedelectricianaustin.com","2021-07-08 18:25:47","2021-07-05","2021-07-05","2022-07-05","3415","DropCatch.com 1206 LLC","","","Redacted for GDPR privacy","","Redacted for GDPR privacy","Redacted for GDPR privacy","Budapest","Redacted for GDPR privacy","Hungary","licensedelectricianaustin.com@namebrightprivacy.com","Redacted for GDPR privacy","Redacted for GDPR privacy","Redacted for GDPR privacy","Redacted for GDPR privacy","Redacted for GDPR privacy","Redacted for GDPR privacy","Redacted for GDPR privacy","Redacted for GDPR privacy","Redacted for GDPR privacy","licensedelectricianaustin.com@namebrightprivacy.com","Redacted for GDPR privacy","Redacted for GDPR privacy","Redacted for GDPR privacy","Redacted for GDPR privacy","Redacted for GDPR privacy","Redacted for GDPR privacy","Redacted for GDPR privacy","Redacted for GDPR privacy","Redacted for GDPR privacy","licensedelectricianaustin.com@namebrightprivacy.com","Redacted for GDPR privacy","Redacted for GDPR privacy","","","","","","","","","","","","","","","clientTransferProhibited","","",""
"5","nallyspapegaaien.com","2021-07-08 14:20:56","2021-07-05","2021-07-05","2022-07-05","3415","DropCatch.com 1206 LLC","","","Domain Administrator","","202, 28 Guanri road","Xiamen","Fujian","361008","China","dotmedia3@dotmedia.com","+86.5925990220","","Domain Administrator","","202, 28 Guanri road","Xiamen","Fujian","361008","China","dotmedia3@dotmedia.com","+86.5925990220","","Domain Administrator","","202, 28 Guanri road","Xiamen","Fujian","361008","China","dotmedia3@dotmedia.com","+86.5925990220","","","","","","","","","","","","","","","","clientTransferProhibited","","",""
"6","thefreshfarm.com","2021-07-08 18:37:46","2021-07-05","2021-07-05","2022-07-05","3415","DropCatch.com 1206 LLC","","","Domain Admin / This Domain is For Sale","HugeDomains.com","2635 Walnut Street","Denver","CO","80205","United States","domains@hugedomains.com","+1.3038930552","","Domain Admin / This Domain is For Sale","HugeDomains.com","2635 Walnut Street","Denver","CO","80205","United States","domains@hugedomains.com","+1.3038930552","","Domain Admin / This Domain is For Sale","HugeDomains.com","2635 Walnut Street","Denver","CO","80205","United States","domains@hugedomains.com","+1.3038930552","","","","","","","","","","","","","","","","clientTransferProhibited","","",""
"7","xmaixle.com","2021-07-08 17:50:42","2021-07-05","2021-07-05","2022-07-05","3415","DropCatch.com 1206 LLC","","","Redacted for GDPR privacy","","Redacted for GDPR privacy","Redacted for GDPR privacy","Hebei","Redacted for GDPR privacy","China","xmaixle.com@namebrightprivacy.com","Redacted for GDPR privacy","Redacted for GDPR privacy","Redacted for GDPR privacy","Redacted for GDPR privacy","Redacted for GDPR privacy","Redacted for GDPR privacy","Redacted for GDPR privacy","Redacted for GDPR privacy","Redacted for GDPR privacy","xmaixle.com@namebrightprivacy.com","Redacted for GDPR privacy","Redacted for GDPR privacy","Redacted for GDPR privacy","Redacted for GDPR privacy","Redacted for GDPR privacy","Redacted for GDPR privacy","Redacted for GDPR privacy","Redacted for GDPR privacy","Redacted for GDPR privacy","xmaixle.com@namebrightprivacy.com","Redacted for GDPR privacy","Redacted for GDPR privacy","","","","","","","","","","","","","","","clientTransferProhibited","","",""