"num","domain_name","query_time","create_date","update_date","expiry_date","domain_registrar_id","domain_registrar_name","domain_registrar_whois","domain_registrar_url","registrant_name","registrant_company","registrant_address","registrant_city","registrant_state","registrant_zip","registrant_country","registrant_email","registrant_phone","registrant_fax","administrative_name","administrative_company","administrative_address","administrative_city","administrative_state","administrative_zip","administrative_country","administrative_email","administrative_phone","administrative_fax","technical_name","technical_company","technical_address","technical_city","technical_state","technical_zip","technical_country","technical_email","technical_phone","technical_fax","billing_name","billing_company","billing_address","billing_city","billing_state","billing_zip","billing_country","billing_email","billing_phone","billing_fax","name_server_1","name_server_2","name_server_3","name_server_4","domain_status_1","domain_status_2","domain_status_3","domain_status_4"
"1","51szxcq.com","2021-07-08 18:37:23","2021-07-05","2021-07-06","2022-07-05","1867","Dynadot12 LLC","whois.dynadot12.com","http://www.dynadot12.com","Super Privacy Service LTD c/o Dynadot","","PO Box 701","San Mateo","California","94401","United States","51szxcq.com@superprivacyservice.com","+1.6505854708","","Super Privacy Service LTD c/o Dynadot","","PO Box 701","San Mateo","California","94401","United States","51szxcq.com@superprivacyservice.com","+1.6505854708","","Super Privacy Service LTD c/o Dynadot","","PO Box 701","San Mateo","California","94401","United States","51szxcq.com@superprivacyservice.com","+1.6505854708","","","","","","","","","","","","ns1.gname-dns.com","ns2.gname-dns.com","","","clientTransferProhibited","","",""
"2","615271.com","2021-07-08 17:55:00","2021-07-05","2021-07-08","2022-07-05","1867","Dynadot12 LLC","whois.dynadot12.com","http://www.dynadot12.com","Super Privacy Service LTD c/o Dynadot","","PO Box 701","San Mateo","California","94401","United States","615271.com@superprivacyservice.com","+1.6505854708","","Super Privacy Service LTD c/o Dynadot","","PO Box 701","San Mateo","California","94401","United States","615271.com@superprivacyservice.com","+1.6505854708","","Super Privacy Service LTD c/o Dynadot","","PO Box 701","San Mateo","California","94401","United States","615271.com@superprivacyservice.com","+1.6505854708","","","","","","","","","","","","jm1.dns.com","jm2.dns.com","","","clientTransferProhibited","","",""
"3","aizhangzhuan.com","2021-07-08 14:24:55","2021-07-05","2021-07-06","2022-07-05","1867","Dynadot12 LLC","whois.dynadot12.com","http://www.dynadot12.com","Super Privacy Service LTD c/o Dynadot","","PO Box 701","San Mateo","California","94401","United States","aizhangzhuan.com@superprivacyservice.com","+1.6505854708","","Super Privacy Service LTD c/o Dynadot","","PO Box 701","San Mateo","California","94401","United States","aizhangzhuan.com@superprivacyservice.com","+1.6505854708","","Super Privacy Service LTD c/o Dynadot","","PO Box 701","San Mateo","California","94401","United States","aizhangzhuan.com@superprivacyservice.com","+1.6505854708","","","","","","","","","","","","ns1.gname-dns.com","ns2.gname-dns.com","","","clientTransferProhibited","","",""
"4","ampaseneca.com","2021-07-08 18:21:13","2021-07-05","2021-07-07","2022-07-05","1867","Dynadot12 LLC","whois.dynadot12.com","http://www.dynadot12.com","Super Privacy Service LTD c/o Dynadot","","PO Box 701","San Mateo","California","94401","United States","ampaseneca.com@superprivacyservice.com","+1.6505854708","","Super Privacy Service LTD c/o Dynadot","","PO Box 701","San Mateo","California","94401","United States","ampaseneca.com@superprivacyservice.com","+1.6505854708","","Super Privacy Service LTD c/o Dynadot","","PO Box 701","San Mateo","California","94401","United States","ampaseneca.com@superprivacyservice.com","+1.6505854708","","","","","","","","","","","","jm1.dns.com","jm2.dns.com","","","clientTransferProhibited","","",""
"5","asaris-matrix.com","2021-07-08 18:44:19","2021-07-05","2021-07-07","2022-07-05","1867","Dynadot12 LLC","whois.dynadot12.com","http://www.dynadot12.com","Super Privacy Service LTD c/o Dynadot","","PO Box 701","San Mateo","California","94401","United States","asaris-matrix.com@superprivacyservice.com","+1.6505854708","","Super Privacy Service LTD c/o Dynadot","","PO Box 701","San Mateo","California","94401","United States","asaris-matrix.com@superprivacyservice.com","+1.6505854708","","Super Privacy Service LTD c/o Dynadot","","PO Box 701","San Mateo","California","94401","United States","asaris-matrix.com@superprivacyservice.com","+1.6505854708","","","","","","","","","","","","jm1.dns.com","jm2.dns.com","","","clientTransferProhibited","","",""
"6","axes-pro.com","2021-07-08 17:50:48","2021-07-05","2021-07-06","2022-07-05","1867","Dynadot12 LLC","whois.dynadot12.com","http://www.dynadot12.com","Super Privacy Service LTD c/o Dynadot","","PO Box 701","San Mateo","California","94401","United States","axes-pro.com@superprivacyservice.com","+1.6505854708","","Super Privacy Service LTD c/o Dynadot","","PO Box 701","San Mateo","California","94401","United States","axes-pro.com@superprivacyservice.com","+1.6505854708","","Super Privacy Service LTD c/o Dynadot","","PO Box 701","San Mateo","California","94401","United States","axes-pro.com@superprivacyservice.com","+1.6505854708","","","","","","","","","","","","ns1.gname-dns.com","ns2.gname-dns.com","","","clientTransferProhibited","","",""
"7","bahriaprices.com","2021-07-08 18:01:10","2021-07-05","2021-07-06","2022-07-05","1867","Dynadot12 LLC","whois.dynadot12.com","http://www.dynadot12.com","Super Privacy Service LTD c/o Dynadot","","PO Box 701","San Mateo","California","94401","United States","bahriaprices.com@superprivacyservice.com","+1.6505854708","","Super Privacy Service LTD c/o Dynadot","","PO Box 701","San Mateo","California","94401","United States","bahriaprices.com@superprivacyservice.com","+1.6505854708","","Super Privacy Service LTD c/o Dynadot","","PO Box 701","San Mateo","California","94401","United States","bahriaprices.com@superprivacyservice.com","+1.6505854708","","","","","","","","","","","","ns1.gname-dns.com","ns2.gname-dns.com","","","clientTransferProhibited","","",""
"8","bantensite.com","2021-07-08 17:36:39","2021-07-05","2021-07-07","2022-07-05","1867","Dynadot12 LLC","whois.dynadot12.com","http://www.dynadot12.com","Super Privacy Service LTD c/o Dynadot","","PO Box 701","San Mateo","California","94401","United States","bantensite.com@superprivacyservice.com","+1.6505854708","","Super Privacy Service LTD c/o Dynadot","","PO Box 701","San Mateo","California","94401","United States","bantensite.com@superprivacyservice.com","+1.6505854708","","Super Privacy Service LTD c/o Dynadot","","PO Box 701","San Mateo","California","94401","United States","bantensite.com@superprivacyservice.com","+1.6505854708","","","","","","","","","","","","jm1.alidns.com","jm2.alidns.com","","","clientTransferProhibited","","",""
"9","biglickmedia.com","2021-07-08 18:34:03","2021-07-05","2021-07-06","2022-07-05","1867","Dynadot12 LLC","whois.dynadot12.com","http://www.dynadot12.com","Super Privacy Service LTD c/o Dynadot","","PO Box 701","San Mateo","California","94401","United States","biglickmedia.com@superprivacyservice.com","+1.6505854708","","Super Privacy Service LTD c/o Dynadot","","PO Box 701","San Mateo","California","94401","United States","biglickmedia.com@superprivacyservice.com","+1.6505854708","","Super Privacy Service LTD c/o Dynadot","","PO Box 701","San Mateo","California","94401","United States","biglickmedia.com@superprivacyservice.com","+1.6505854708","","","","","","","","","","","","ns1.gname-dns.com","ns2.gname-dns.com","","","clientTransferProhibited","","",""
"10","bincaixiaoyuan.com","2021-07-08 17:41:37","2021-07-05","2021-07-06","2022-07-05","1867","Dynadot12 LLC","whois.dynadot12.com","http://www.dynadot12.com","Super Privacy Service LTD c/o Dynadot","","PO Box 701","San Mateo","California","94401","United States","bincaixiaoyuan.com@superprivacyservice.com","+1.6505854708","","Super Privacy Service LTD c/o Dynadot","","PO Box 701","San Mateo","California","94401","United States","bincaixiaoyuan.com@superprivacyservice.com","+1.6505854708","","Super Privacy Service LTD c/o Dynadot","","PO Box 701","San Mateo","California","94401","United States","bincaixiaoyuan.com@superprivacyservice.com","+1.6505854708","","","","","","","","","","","","ns1.gname-dns.com","ns2.gname-dns.com","","","clientTransferProhibited","","",""
"11","bishoujo-in-toyota.com","2021-07-08 17:52:55","2021-07-05","2021-07-06","2022-07-05","1867","Dynadot12 LLC","whois.dynadot12.com","http://www.dynadot12.com","Super Privacy Service LTD c/o Dynadot","","PO Box 701","San Mateo","California","94401","United States","bishoujo-in-toyota.com@superprivacyservice.com","+1.6505854708","","Super Privacy Service LTD c/o Dynadot","","PO Box 701","San Mateo","California","94401","United States","bishoujo-in-toyota.com@superprivacyservice.com","+1.6505854708","","Super Privacy Service LTD c/o Dynadot","","PO Box 701","San Mateo","California","94401","United States","bishoujo-in-toyota.com@superprivacyservice.com","+1.6505854708","","","","","","","","","","","","ns1.gname-dns.com","ns2.gname-dns.com","","","clientTransferProhibited","","",""
"12","bjzlqqls.com","2021-07-08 17:45:29","2021-07-05","2021-07-08","2022-07-05","1867","Dynadot12 LLC","whois.dynadot12.com","http://www.dynadot12.com","Super Privacy Service LTD c/o Dynadot","","PO Box 701","San Mateo","California","94401","United States","bjzlqqls.com@superprivacyservice.com","+1.6505854708","","Super Privacy Service LTD c/o Dynadot","","PO Box 701","San Mateo","California","94401","United States","bjzlqqls.com@superprivacyservice.com","+1.6505854708","","Super Privacy Service LTD c/o Dynadot","","PO Box 701","San Mateo","California","94401","United States","bjzlqqls.com@superprivacyservice.com","+1.6505854708","","","","","","","","","","","","jm1.dns.com","jm2.dns.com","","","clientTransferProhibited","","",""
"13","cdpouch.com","2021-07-08 18:45:03","2021-07-04","2021-07-05","2022-07-04","1867","Dynadot12 LLC","whois.dynadot12.com","http://www.dynadot12.com","Super Privacy Service LTD c/o Dynadot","","PO Box 701","San Mateo","California","94401","United States","cdpouch.com@superprivacyservice.com","+1.6505854708","","Super Privacy Service LTD c/o Dynadot","","PO Box 701","San Mateo","California","94401","United States","cdpouch.com@superprivacyservice.com","+1.6505854708","","Super Privacy Service LTD c/o Dynadot","","PO Box 701","San Mateo","California","94401","United States","cdpouch.com@superprivacyservice.com","+1.6505854708","","","","","","","","","","","","ns1.dynadot.com","ns2.dynadot.com","","","clientTransferProhibited","","",""
"14","cdxiuher.com","2021-07-08 17:34:50","2021-07-05","2021-07-06","2022-07-05","1867","Dynadot12 LLC","whois.dynadot12.com","http://www.dynadot12.com","Super Privacy Service LTD c/o Dynadot","","PO Box 701","San Mateo","California","94401","United States","cdxiuher.com@superprivacyservice.com","+1.6505854708","","Super Privacy Service LTD c/o Dynadot","","PO Box 701","San Mateo","California","94401","United States","cdxiuher.com@superprivacyservice.com","+1.6505854708","","Super Privacy Service LTD c/o Dynadot","","PO Box 701","San Mateo","California","94401","United States","cdxiuher.com@superprivacyservice.com","+1.6505854708","","","","","","","","","","","","ns1.gname-dns.com","ns2.gname-dns.com","","","clientTransferProhibited","","",""
"15","ceraspain.com","2021-07-08 18:38:17","2021-07-05","2021-07-07","2022-07-05","1867","Dynadot12 LLC","whois.dynadot12.com","http://www.dynadot12.com","Super Privacy Service LTD c/o Dynadot","","PO Box 701","San Mateo","California","94401","United States","ceraspain.com@superprivacyservice.com","+1.6505854708","","Super Privacy Service LTD c/o Dynadot","","PO Box 701","San Mateo","California","94401","United States","ceraspain.com@superprivacyservice.com","+1.6505854708","","Super Privacy Service LTD c/o Dynadot","","PO Box 701","San Mateo","California","94401","United States","ceraspain.com@superprivacyservice.com","+1.6505854708","","","","","","","","","","","","ns1.gname-dns.com","ns2.gname-dns.com","","","clientTransferProhibited","","",""
"16","chenkelin.com","2021-07-08 14:21:20","2021-07-05","2021-07-08","2022-07-05","1867","Dynadot12 LLC","whois.dynadot12.com","http://www.dynadot12.com","Super Privacy Service LTD c/o Dynadot","","PO Box 701","San Mateo","California","94401","United States","chenkelin.com@superprivacyservice.com","+1.6505854708","","Super Privacy Service LTD c/o Dynadot","","PO Box 701","San Mateo","California","94401","United States","chenkelin.com@superprivacyservice.com","+1.6505854708","","Super Privacy Service LTD c/o Dynadot","","PO Box 701","San Mateo","California","94401","United States","chenkelin.com@superprivacyservice.com","+1.6505854708","","","","","","","","","","","","jm1.dns.com","jm2.dns.com","","","clientTransferProhibited","","",""
"17","clickfrom.com","2021-07-08 17:48:09","2021-07-05","2021-07-06","2022-07-05","1867","Dynadot12 LLC","whois.dynadot12.com","http://www.dynadot12.com","Super Privacy Service LTD c/o Dynadot","","PO Box 701","San Mateo","California","94401","United States","clickfrom.com@superprivacyservice.com","+1.6505854708","","Super Privacy Service LTD c/o Dynadot","","PO Box 701","San Mateo","California","94401","United States","clickfrom.com@superprivacyservice.com","+1.6505854708","","Super Privacy Service LTD c/o Dynadot","","PO Box 701","San Mateo","California","94401","United States","clickfrom.com@superprivacyservice.com","+1.6505854708","","","","","","","","","","","","jm1.dns.com","jm2.dns.com","","","clientTransferProhibited","","",""
"18","computerlookup.com","2021-07-08 17:47:54","2021-07-05","2021-07-06","2022-07-05","1867","Dynadot12 LLC","whois.dynadot12.com","http://www.dynadot12.com","Super Privacy Service LTD c/o Dynadot","","PO Box 701","San Mateo","California","94401","United States","computerlookup.com@superprivacyservice.com","+1.6505854708","","Super Privacy Service LTD c/o Dynadot","","PO Box 701","San Mateo","California","94401","United States","computerlookup.com@superprivacyservice.com","+1.6505854708","","Super Privacy Service LTD c/o Dynadot","","PO Box 701","San Mateo","California","94401","United States","computerlookup.com@superprivacyservice.com","+1.6505854708","","","","","","","","","","","","jm1.dns.com","jm2.dns.com","","","clientTransferProhibited","","",""
"19","csybh.com","2021-07-08 17:44:45","2021-07-05","2021-07-06","2022-07-05","1867","Dynadot12 LLC","whois.dynadot12.com","http://www.dynadot12.com","Super Privacy Service LTD c/o Dynadot","","PO Box 701","San Mateo","California","94401","United States","csybh.com@superprivacyservice.com","+1.6505854708","","Super Privacy Service LTD c/o Dynadot","","PO Box 701","San Mateo","California","94401","United States","csybh.com@superprivacyservice.com","+1.6505854708","","Super Privacy Service LTD c/o Dynadot","","PO Box 701","San Mateo","California","94401","United States","csybh.com@superprivacyservice.com","+1.6505854708","","","","","","","","","","","","ns1.gname-dns.com","ns2.gname-dns.com","","","clientTransferProhibited","","",""
"20","daguanhe.com","2021-07-08 17:37:31","2021-07-05","2021-07-08","2022-07-05","1867","Dynadot12 LLC","whois.dynadot12.com","http://www.dynadot12.com","Super Privacy Service LTD c/o Dynadot","","PO Box 701","San Mateo","California","94401","United States","daguanhe.com@superprivacyservice.com","+1.6505854708","","Super Privacy Service LTD c/o Dynadot","","PO Box 701","San Mateo","California","94401","United States","daguanhe.com@superprivacyservice.com","+1.6505854708","","Super Privacy Service LTD c/o Dynadot","","PO Box 701","San Mateo","California","94401","United States","daguanhe.com@superprivacyservice.com","+1.6505854708","","","","","","","","","","","","jm1.dns.com","jm2.dns.com","","","clientTransferProhibited","","",""
"21","deyonghui.com","2021-07-08 18:44:54","2021-07-05","2021-07-08","2022-07-05","1867","Dynadot12 LLC","whois.dynadot12.com","http://www.dynadot12.com","Super Privacy Service LTD c/o Dynadot","","PO Box 701","San Mateo","California","94401","United States","deyonghui.com@superprivacyservice.com","+1.6505854708","","Super Privacy Service LTD c/o Dynadot","","PO Box 701","San Mateo","California","94401","United States","deyonghui.com@superprivacyservice.com","+1.6505854708","","Super Privacy Service LTD c/o Dynadot","","PO Box 701","San Mateo","California","94401","United States","deyonghui.com@superprivacyservice.com","+1.6505854708","","","","","","","","","","","","jm1.alidns.com","jm2.alidns.com","","","clientTransferProhibited","","",""
"22","distilledwaterinfo.com","2021-07-08 18:00:20","2021-07-05","2021-07-06","2022-07-05","1867","Dynadot12 LLC","whois.dynadot12.com","http://www.dynadot12.com","Super Privacy Service LTD c/o Dynadot","","PO Box 701","San Mateo","California","94401","United States","distilledwaterinfo.com@superprivacyservice.com","+1.6505854708","","Super Privacy Service LTD c/o Dynadot","","PO Box 701","San Mateo","California","94401","United States","distilledwaterinfo.com@superprivacyservice.com","+1.6505854708","","Super Privacy Service LTD c/o Dynadot","","PO Box 701","San Mateo","California","94401","United States","distilledwaterinfo.com@superprivacyservice.com","+1.6505854708","","","","","","","","","","","","jm1.dns.com","jm2.dns.com","","","clientTransferProhibited","","",""
"23","dkconstructionsheridan.com","2021-07-08 17:26:04","2021-07-05","2021-07-06","2022-07-05","1867","Dynadot12 LLC","whois.dynadot12.com","http://www.dynadot12.com","Super Privacy Service LTD c/o Dynadot","","PO Box 701","San Mateo","California","94401","United States","dkconstructionsheridan.com@superprivacyservice.com","+1.6505854708","","Super Privacy Service LTD c/o Dynadot","","PO Box 701","San Mateo","California","94401","United States","dkconstructionsheridan.com@superprivacyservice.com","+1.6505854708","","Super Privacy Service LTD c/o Dynadot","","PO Box 701","San Mateo","California","94401","United States","dkconstructionsheridan.com@superprivacyservice.com","+1.6505854708","","","","","","","","","","","","jm1.dns.com","jm2.dns.com","","","clientTransferProhibited","","",""
"24","dprotek.com","2021-07-08 18:18:47","2021-07-05","2021-07-07","2022-07-05","1867","Dynadot12 LLC","whois.dynadot12.com","http://www.dynadot12.com","Super Privacy Service LTD c/o Dynadot","","PO Box 701","San Mateo","California","94401","United States","dprotek.com@superprivacyservice.com","+1.6505854708","","Super Privacy Service LTD c/o Dynadot","","PO Box 701","San Mateo","California","94401","United States","dprotek.com@superprivacyservice.com","+1.6505854708","","Super Privacy Service LTD c/o Dynadot","","PO Box 701","San Mateo","California","94401","United States","dprotek.com@superprivacyservice.com","+1.6505854708","","","","","","","","","","","","jm1.dns.com","jm2.dns.com","","","clientTransferProhibited","","",""
"25","elcochedemiabuelo.com","2021-07-08 18:13:11","2021-07-05","2021-07-06","2022-07-05","1867","Dynadot12 LLC","whois.dynadot12.com","http://www.dynadot12.com","Super Privacy Service LTD c/o Dynadot","","PO Box 701","San Mateo","California","94401","United States","elcochedemiabuelo.com@superprivacyservice.com","+1.6505854708","","Super Privacy Service LTD c/o Dynadot","","PO Box 701","San Mateo","California","94401","United States","elcochedemiabuelo.com@superprivacyservice.com","+1.6505854708","","Super Privacy Service LTD c/o Dynadot","","PO Box 701","San Mateo","California","94401","United States","elcochedemiabuelo.com@superprivacyservice.com","+1.6505854708","","","","","","","","","","","","jm1.dns.com","jm2.dns.com","","","clientTransferProhibited","","",""
"26","escortinboston.com","2021-07-08 17:54:01","2021-07-05","2021-07-07","2022-07-05","1867","Dynadot12 LLC","whois.dynadot12.com","http://www.dynadot12.com","Super Privacy Service LTD c/o Dynadot","","PO Box 701","San Mateo","California","94401","United States","escortinboston.com@superprivacyservice.com","+1.6505854708","","Super Privacy Service LTD c/o Dynadot","","PO Box 701","San Mateo","California","94401","United States","escortinboston.com@superprivacyservice.com","+1.6505854708","","Super Privacy Service LTD c/o Dynadot","","PO Box 701","San Mateo","California","94401","United States","escortinboston.com@superprivacyservice.com","+1.6505854708","","","","","","","","","","","","jm1.dns.com","jm2.dns.com","","","clientTransferProhibited","","",""
"27","eskanstone.com","2021-07-08 18:32:11","2021-07-05","2021-07-07","2022-07-05","1867","Dynadot12 LLC","whois.dynadot12.com","http://www.dynadot12.com","Super Privacy Service LTD c/o Dynadot","","PO Box 701","San Mateo","California","94401","United States","eskanstone.com@superprivacyservice.com","+1.6505854708","","Super Privacy Service LTD c/o Dynadot","","PO Box 701","San Mateo","California","94401","United States","eskanstone.com@superprivacyservice.com","+1.6505854708","","Super Privacy Service LTD c/o Dynadot","","PO Box 701","San Mateo","California","94401","United States","eskanstone.com@superprivacyservice.com","+1.6505854708","","","","","","","","","","","","jm1.dns.com","jm2.dns.com","","","clientTransferProhibited","","",""
"28","exyugenealogy.net","2021-07-08 14:46:43","2021-07-04","2021-07-04","2022-07-04","1867","Dynadot12 LLC","whois.dynadot12.com","http://www.dynadot12.com","Super Privacy Service LTD c/o Dynadot","","PO Box 701","San Mateo","California","94401","United States","exyugenealogy.net@superprivacyservice.com","+1.6505854708","","Super Privacy Service LTD c/o Dynadot","","PO Box 701","San Mateo","California","94401","United States","exyugenealogy.net@superprivacyservice.com","+1.6505854708","","Super Privacy Service LTD c/o Dynadot","","PO Box 701","San Mateo","California","94401","United States","exyugenealogy.net@superprivacyservice.com","+1.6505854708","","","","","","","","","","","","ns15.above.com","ns16.above.com","","","clientTransferProhibited","","",""
"29","fraservalleyfoodtruck.com","2021-07-08 14:20:41","2021-07-05","2021-07-06","2022-07-05","1867","Dynadot12 LLC","whois.dynadot12.com","http://www.dynadot12.com","Super Privacy Service LTD c/o Dynadot","","PO Box 701","San Mateo","California","94401","United States","fraservalleyfoodtruck.com@superprivacyservice.com","+1.6505854708","","Super Privacy Service LTD c/o Dynadot","","PO Box 701","San Mateo","California","94401","United States","fraservalleyfoodtruck.com@superprivacyservice.com","+1.6505854708","","Super Privacy Service LTD c/o Dynadot","","PO Box 701","San Mateo","California","94401","United States","fraservalleyfoodtruck.com@superprivacyservice.com","+1.6505854708","","","","","","","","","","","","jm1.dns.com","jm2.dns.com","","","clientTransferProhibited","","",""
"30","freedomchristianschools.net","2021-07-08 15:35:56","2021-07-04","2021-07-05","2022-07-04","1867","Dynadot12 LLC","whois.dynadot12.com","http://www.dynadot12.com","Super Privacy Service LTD c/o Dynadot","","PO Box 701","San Mateo","California","94401","United States","freedomchristianschools.net@superprivacyservice.com","+1.6505854708","","Super Privacy Service LTD c/o Dynadot","","PO Box 701","San Mateo","California","94401","United States","freedomchristianschools.net@superprivacyservice.com","+1.6505854708","","Super Privacy Service LTD c/o Dynadot","","PO Box 701","San Mateo","California","94401","United States","freedomchristianschools.net@superprivacyservice.com","+1.6505854708","","","","","","","","","","","","jm1.dns.com","jm2.dns.com","","","clientTransferProhibited","","",""
"31","fshxdb.com","2021-07-08 18:30:39","2021-07-05","2021-07-06","2022-07-05","1867","Dynadot12 LLC","whois.dynadot12.com","http://www.dynadot12.com","Super Privacy Service LTD c/o Dynadot","","PO Box 701","San Mateo","California","94401","United States","fshxdb.com@superprivacyservice.com","+1.6505854708","","Super Privacy Service LTD c/o Dynadot","","PO Box 701","San Mateo","California","94401","United States","fshxdb.com@superprivacyservice.com","+1.6505854708","","Super Privacy Service LTD c/o Dynadot","","PO Box 701","San Mateo","California","94401","United States","fshxdb.com@superprivacyservice.com","+1.6505854708","","","","","","","","","","","","jm1.dns.com","jm2.dns.com","","","clientTransferProhibited","","",""
"32","gamblingczar.com","2021-07-08 17:52:18","2021-07-05","2021-07-06","2022-07-05","1867","Dynadot12 LLC","whois.dynadot12.com","http://www.dynadot12.com","Super Privacy Service LTD c/o Dynadot","","PO Box 701","San Mateo","California","94401","United States","gamblingczar.com@superprivacyservice.com","+1.6505854708","","Super Privacy Service LTD c/o Dynadot","","PO Box 701","San Mateo","California","94401","United States","gamblingczar.com@superprivacyservice.com","+1.6505854708","","Super Privacy Service LTD c/o Dynadot","","PO Box 701","San Mateo","California","94401","United States","gamblingczar.com@superprivacyservice.com","+1.6505854708","","","","","","","","","","","","jm1.dns.com","jm2.dns.com","","","clientTransferProhibited","","",""
"33","garrettcapitalgroup.com","2021-07-08 18:44:10","2021-07-05","2021-07-06","2022-07-05","1867","Dynadot12 LLC","whois.dynadot12.com","http://www.dynadot12.com","Super Privacy Service LTD c/o Dynadot","","PO Box 701","San Mateo","California","94401","United States","garrettcapitalgroup.com@superprivacyservice.com","+1.6505854708","","Super Privacy Service LTD c/o Dynadot","","PO Box 701","San Mateo","California","94401","United States","garrettcapitalgroup.com@superprivacyservice.com","+1.6505854708","","Super Privacy Service LTD c/o Dynadot","","PO Box 701","San Mateo","California","94401","United States","garrettcapitalgroup.com@superprivacyservice.com","+1.6505854708","","","","","","","","","","","","jm1.dns.com","jm2.dns.com","","","clientTransferProhibited","","",""
"34","gforceengineering.net","2021-07-08 15:35:51","2021-07-04","2021-07-08","2022-07-04","1867","Dynadot12 LLC","whois.dynadot12.com","http://www.dynadot12.com","Super Privacy Service LTD c/o Dynadot","","PO Box 701","San Mateo","California","94401","United States","gforceengineering.net@superprivacyservice.com","+1.6505854708","","Super Privacy Service LTD c/o Dynadot","","PO Box 701","San Mateo","California","94401","United States","gforceengineering.net@superprivacyservice.com","+1.6505854708","","Super Privacy Service LTD c/o Dynadot","","PO Box 701","San Mateo","California","94401","United States","gforceengineering.net@superprivacyservice.com","+1.6505854708","","","","","","","","","","","","jm1.dns.com","jm2.dns.com","","","clientTransferProhibited","","",""
"35","gslfy.com","2021-07-08 18:21:56","2021-07-05","2021-07-06","2022-07-05","1867","Dynadot12 LLC","whois.dynadot12.com","http://www.dynadot12.com","Super Privacy Service LTD c/o Dynadot","","PO Box 701","San Mateo","California","94401","United States","gslfy.com@superprivacyservice.com","+1.6505854708","","Super Privacy Service LTD c/o Dynadot","","PO Box 701","San Mateo","California","94401","United States","gslfy.com@superprivacyservice.com","+1.6505854708","","Super Privacy Service LTD c/o Dynadot","","PO Box 701","San Mateo","California","94401","United States","gslfy.com@superprivacyservice.com","+1.6505854708","","","","","","","","","","","","ns1.gname-dns.com","ns2.gname-dns.com","","","clientTransferProhibited","","",""
"36","guangcheng-eco.com","2021-07-08 17:26:00","2021-07-05","2021-07-08","2022-07-05","1867","Dynadot12 LLC","whois.dynadot12.com","http://www.dynadot12.com","Super Privacy Service LTD c/o Dynadot","","PO Box 701","San Mateo","California","94401","United States","guangcheng-eco.com@superprivacyservice.com","+1.6505854708","","Super Privacy Service LTD c/o Dynadot","","PO Box 701","San Mateo","California","94401","United States","guangcheng-eco.com@superprivacyservice.com","+1.6505854708","","Super Privacy Service LTD c/o Dynadot","","PO Box 701","San Mateo","California","94401","United States","guangcheng-eco.com@superprivacyservice.com","+1.6505854708","","","","","","","","","","","","jm1.alidns.com","jm2.alidns.com","","","clientTransferProhibited","","",""
"37","haiyangtu.com","2021-07-08 18:28:54","2021-07-05","2021-07-08","2022-07-05","1867","Dynadot12 LLC","whois.dynadot12.com","http://www.dynadot12.com","Super Privacy Service LTD c/o Dynadot","","PO Box 701","San Mateo","California","94401","United States","haiyangtu.com@superprivacyservice.com","+1.6505854708","","Super Privacy Service LTD c/o Dynadot","","PO Box 701","San Mateo","California","94401","United States","haiyangtu.com@superprivacyservice.com","+1.6505854708","","Super Privacy Service LTD c/o Dynadot","","PO Box 701","San Mateo","California","94401","United States","haiyangtu.com@superprivacyservice.com","+1.6505854708","","","","","","","","","","","","jm1.dns.com","jm2.dns.com","","","clientTransferProhibited","","",""
"38","haohaochuangtou.com","2021-07-08 18:00:07","2021-07-05","2021-07-06","2022-07-05","1867","Dynadot12 LLC","whois.dynadot12.com","http://www.dynadot12.com","Super Privacy Service LTD c/o Dynadot","","PO Box 701","San Mateo","California","94401","United States","haohaochuangtou.com@superprivacyservice.com","+1.6505854708","","Super Privacy Service LTD c/o Dynadot","","PO Box 701","San Mateo","California","94401","United States","haohaochuangtou.com@superprivacyservice.com","+1.6505854708","","Super Privacy Service LTD c/o Dynadot","","PO Box 701","San Mateo","California","94401","United States","haohaochuangtou.com@superprivacyservice.com","+1.6505854708","","","","","","","","","","","","ns1.gname-dns.com","ns2.gname-dns.com","","","clientTransferProhibited","","",""
"39","hjhmusic.com","2021-07-08 18:04:55","2021-07-05","2021-07-07","2022-07-05","1867","Dynadot12 LLC","whois.dynadot12.com","http://www.dynadot12.com","Super Privacy Service LTD c/o Dynadot","","PO Box 701","San Mateo","California","94401","United States","hjhmusic.com@superprivacyservice.com","+1.6505854708","","Super Privacy Service LTD c/o Dynadot","","PO Box 701","San Mateo","California","94401","United States","hjhmusic.com@superprivacyservice.com","+1.6505854708","","Super Privacy Service LTD c/o Dynadot","","PO Box 701","San Mateo","California","94401","United States","hjhmusic.com@superprivacyservice.com","+1.6505854708","","","","","","","","","","","","jm1.dns.com","jm2.dns.com","","","clientTransferProhibited","","",""
"40","homegymequipment.net","2021-07-08 15:36:22","2021-07-04","2021-07-06","2022-07-04","1867","Dynadot12 LLC","whois.dynadot12.com","http://www.dynadot12.com","Super Privacy Service LTD c/o Dynadot","","PO Box 701","San Mateo","California","94401","United States","homegymequipment.net@superprivacyservice.com","+1.6505854708","","Super Privacy Service LTD c/o Dynadot","","PO Box 701","San Mateo","California","94401","United States","homegymequipment.net@superprivacyservice.com","+1.6505854708","","Super Privacy Service LTD c/o Dynadot","","PO Box 701","San Mateo","California","94401","United States","homegymequipment.net@superprivacyservice.com","+1.6505854708","","","","","","","","","","","","jm1.dns.com","jm2.dns.com","","","clientTransferProhibited","","",""
"41","huskyheatpumps.com","2021-07-08 18:26:04","2021-07-05","2021-07-06","2022-07-05","1867","Dynadot12 LLC","whois.dynadot12.com","http://www.dynadot12.com","Super Privacy Service LTD c/o Dynadot","","PO Box 701","San Mateo","California","94401","United States","huskyheatpumps.com@superprivacyservice.com","+1.6505854708","","Super Privacy Service LTD c/o Dynadot","","PO Box 701","San Mateo","California","94401","United States","huskyheatpumps.com@superprivacyservice.com","+1.6505854708","","Super Privacy Service LTD c/o Dynadot","","PO Box 701","San Mateo","California","94401","United States","huskyheatpumps.com@superprivacyservice.com","+1.6505854708","","","","","","","","","","","","jm1.dns.com","jm2.dns.com","","","clientTransferProhibited","","",""
"42","ilakumar.net","2021-07-08 15:36:16","2021-07-04","2021-07-05","2022-07-04","1867","Dynadot12 LLC","whois.dynadot12.com","http://www.dynadot12.com","Super Privacy Service LTD c/o Dynadot","","PO Box 701","San Mateo","California","94401","United States","ilakumar.net@superprivacyservice.com","+1.6505854708","","Super Privacy Service LTD c/o Dynadot","","PO Box 701","San Mateo","California","94401","United States","ilakumar.net@superprivacyservice.com","+1.6505854708","","Super Privacy Service LTD c/o Dynadot","","PO Box 701","San Mateo","California","94401","United States","ilakumar.net@superprivacyservice.com","+1.6505854708","","","","","","","","","","","","jm1.dns.com","jm2.dns.com","","","clientTransferProhibited","","",""
"43","intheherenow.com","2021-07-08 17:55:51","2021-07-05","2021-07-07","2022-07-05","1867","Dynadot12 LLC","whois.dynadot12.com","http://www.dynadot12.com","Super Privacy Service LTD c/o Dynadot","","PO Box 701","San Mateo","California","94401","United States","intheherenow.com@superprivacyservice.com","+1.6505854708","","Super Privacy Service LTD c/o Dynadot","","PO Box 701","San Mateo","California","94401","United States","intheherenow.com@superprivacyservice.com","+1.6505854708","","Super Privacy Service LTD c/o Dynadot","","PO Box 701","San Mateo","California","94401","United States","intheherenow.com@superprivacyservice.com","+1.6505854708","","","","","","","","","","","","jm1.dns.com","jm2.dns.com","","","clientTransferProhibited","","",""
"44","jacobnagle.com","2021-07-08 17:52:21","2021-07-05","2021-07-07","2022-07-05","1867","Dynadot12 LLC","whois.dynadot12.com","http://www.dynadot12.com","Super Privacy Service LTD c/o Dynadot","","PO Box 701","San Mateo","California","94401","United States","jacobnagle.com@superprivacyservice.com","+1.6505854708","","Super Privacy Service LTD c/o Dynadot","","PO Box 701","San Mateo","California","94401","United States","jacobnagle.com@superprivacyservice.com","+1.6505854708","","Super Privacy Service LTD c/o Dynadot","","PO Box 701","San Mateo","California","94401","United States","jacobnagle.com@superprivacyservice.com","+1.6505854708","","","","","","","","","","","","jm1.dns.com","jm2.dns.com","","","clientTransferProhibited","","",""
"45","jeffsherratt.com","2021-07-08 17:53:48","2021-07-05","2021-07-06","2022-07-05","1867","Dynadot12 LLC","whois.dynadot12.com","http://www.dynadot12.com","Super Privacy Service LTD c/o Dynadot","","PO Box 701","San Mateo","California","94401","United States","jeffsherratt.com@superprivacyservice.com","+1.6505854708","","Super Privacy Service LTD c/o Dynadot","","PO Box 701","San Mateo","California","94401","United States","jeffsherratt.com@superprivacyservice.com","+1.6505854708","","Super Privacy Service LTD c/o Dynadot","","PO Box 701","San Mateo","California","94401","United States","jeffsherratt.com@superprivacyservice.com","+1.6505854708","","","","","","","","","","","","ns1.gname-dns.com","ns2.gname-dns.com","","","clientTransferProhibited","","",""
"46","jerrygrassophotos.com","2021-07-08 14:25:06","2021-07-05","2021-07-06","2022-07-05","1867","Dynadot12 LLC","whois.dynadot12.com","http://www.dynadot12.com","Super Privacy Service LTD c/o Dynadot","","PO Box 701","San Mateo","California","94401","United States","jerrygrassophotos.com@superprivacyservice.com","+1.6505854708","","Super Privacy Service LTD c/o Dynadot","","PO Box 701","San Mateo","California","94401","United States","jerrygrassophotos.com@superprivacyservice.com","+1.6505854708","","Super Privacy Service LTD c/o Dynadot","","PO Box 701","San Mateo","California","94401","United States","jerrygrassophotos.com@superprivacyservice.com","+1.6505854708","","","","","","","","","","","","jm1.dns.com","jm2.dns.com","","","clientTransferProhibited","","",""
"47","jhlzxx.com","2021-07-08 17:50:41","2021-07-05","2021-07-08","2022-07-05","1867","Dynadot12 LLC","whois.dynadot12.com","http://www.dynadot12.com","Super Privacy Service LTD c/o Dynadot","","PO Box 701","San Mateo","California","94401","United States","jhlzxx.com@superprivacyservice.com","+1.6505854708","","Super Privacy Service LTD c/o Dynadot","","PO Box 701","San Mateo","California","94401","United States","jhlzxx.com@superprivacyservice.com","+1.6505854708","","Super Privacy Service LTD c/o Dynadot","","PO Box 701","San Mateo","California","94401","United States","jhlzxx.com@superprivacyservice.com","+1.6505854708","","","","","","","","","","","","jm1.dns.com","jm2.dns.com","","","clientTransferProhibited","","",""
"48","jsowei.com","2021-07-08 17:44:14","2021-07-05","2021-07-06","2022-07-05","1867","Dynadot12 LLC","whois.dynadot12.com","http://www.dynadot12.com","Super Privacy Service LTD c/o Dynadot","","PO Box 701","San Mateo","California","94401","United States","jsowei.com@superprivacyservice.com","+1.6505854708","","Super Privacy Service LTD c/o Dynadot","","PO Box 701","San Mateo","California","94401","United States","jsowei.com@superprivacyservice.com","+1.6505854708","","Super Privacy Service LTD c/o Dynadot","","PO Box 701","San Mateo","California","94401","United States","jsowei.com@superprivacyservice.com","+1.6505854708","","","","","","","","","","","","ns1.gname-dns.com","ns2.gname-dns.com","","","clientTransferProhibited","","",""
"49","juzhengrun.com","2021-07-08 17:43:52","2021-07-05","2021-07-08","2022-07-05","1867","Dynadot12 LLC","whois.dynadot12.com","http://www.dynadot12.com","Super Privacy Service LTD c/o Dynadot","","PO Box 701","San Mateo","California","94401","United States","juzhengrun.com@superprivacyservice.com","+1.6505854708","","Super Privacy Service LTD c/o Dynadot","","PO Box 701","San Mateo","California","94401","United States","juzhengrun.com@superprivacyservice.com","+1.6505854708","","Super Privacy Service LTD c/o Dynadot","","PO Box 701","San Mateo","California","94401","United States","juzhengrun.com@superprivacyservice.com","+1.6505854708","","","","","","","","","","","","jm1.dns.com","jm2.dns.com","","","clientTransferProhibited","","",""
"50","kelaorui.com","2021-07-08 17:44:15","2021-07-05","2021-07-08","2022-07-05","1867","Dynadot12 LLC","whois.dynadot12.com","http://www.dynadot12.com","Super Privacy Service LTD c/o Dynadot","","PO Box 701","San Mateo","California","94401","United States","kelaorui.com@superprivacyservice.com","+1.6505854708","","Super Privacy Service LTD c/o Dynadot","","PO Box 701","San Mateo","California","94401","United States","kelaorui.com@superprivacyservice.com","+1.6505854708","","Super Privacy Service LTD c/o Dynadot","","PO Box 701","San Mateo","California","94401","United States","kelaorui.com@superprivacyservice.com","+1.6505854708","","","","","","","","","","","","jm1.dns.com","jm2.dns.com","","","clientTransferProhibited","","",""
"51","laiseoul.com","2021-07-08 17:34:32","2021-07-05","2021-07-08","2022-07-05","1867","Dynadot12 LLC","whois.dynadot12.com","http://www.dynadot12.com","Super Privacy Service LTD c/o Dynadot","","PO Box 701","San Mateo","California","94401","United States","laiseoul.com@superprivacyservice.com","+1.6505854708","","Super Privacy Service LTD c/o Dynadot","","PO Box 701","San Mateo","California","94401","United States","laiseoul.com@superprivacyservice.com","+1.6505854708","","Super Privacy Service LTD c/o Dynadot","","PO Box 701","San Mateo","California","94401","United States","laiseoul.com@superprivacyservice.com","+1.6505854708","","","","","","","","","","","","jm1.dns.com","jm2.dns.com","","","clientTransferProhibited","","",""
"52","louisvuittonbrandstore.com","2021-07-08 18:04:08","2021-07-05","2021-07-08","2022-07-05","1867","Dynadot12 LLC","whois.dynadot12.com","http://www.dynadot12.com","Super Privacy Service LTD c/o Dynadot","","PO Box 701","San Mateo","California","94401","United States","louisvuittonbrandstore.com@superprivacyservice.com","+1.6505854708","","Super Privacy Service LTD c/o Dynadot","","PO Box 701","San Mateo","California","94401","United States","louisvuittonbrandstore.com@superprivacyservice.com","+1.6505854708","","Super Privacy Service LTD c/o Dynadot","","PO Box 701","San Mateo","California","94401","United States","louisvuittonbrandstore.com@superprivacyservice.com","+1.6505854708","","","","","","","","","","","","jm1.alidns.com","jm2.alidns.com","","","clientTransferProhibited","","",""
"53","m27offices.com","2021-07-08 18:34:48","2021-07-05","2021-07-07","2022-07-05","1867","Dynadot12 LLC","whois.dynadot12.com","http://www.dynadot12.com","Super Privacy Service LTD c/o Dynadot","","PO Box 701","San Mateo","California","94401","United States","m27offices.com@superprivacyservice.com","+1.6505854708","","Super Privacy Service LTD c/o Dynadot","","PO Box 701","San Mateo","California","94401","United States","m27offices.com@superprivacyservice.com","+1.6505854708","","Super Privacy Service LTD c/o Dynadot","","PO Box 701","San Mateo","California","94401","United States","m27offices.com@superprivacyservice.com","+1.6505854708","","","","","","","","","","","","jm1.dns.com","jm2.dns.com","","","clientTransferProhibited","","",""
"54","mall0531.com","2021-07-08 14:25:52","2021-07-05","2021-07-06","2022-07-05","1867","Dynadot12 LLC","whois.dynadot12.com","http://www.dynadot12.com","Super Privacy Service LTD c/o Dynadot","","PO Box 701","San Mateo","California","94401","United States","mall0531.com@superprivacyservice.com","+1.6505854708","","Super Privacy Service LTD c/o Dynadot","","PO Box 701","San Mateo","California","94401","United States","mall0531.com@superprivacyservice.com","+1.6505854708","","Super Privacy Service LTD c/o Dynadot","","PO Box 701","San Mateo","California","94401","United States","mall0531.com@superprivacyservice.com","+1.6505854708","","","","","","","","","","","","ns1.gname-dns.com","ns2.gname-dns.com","","","clientTransferProhibited","","",""
"55","mall0543.com","2021-07-08 14:24:55","2021-07-05","2021-07-06","2022-07-05","1867","Dynadot12 LLC","whois.dynadot12.com","http://www.dynadot12.com","Super Privacy Service LTD c/o Dynadot","","PO Box 701","San Mateo","California","94401","United States","mall0543.com@superprivacyservice.com","+1.6505854708","","Super Privacy Service LTD c/o Dynadot","","PO Box 701","San Mateo","California","94401","United States","mall0543.com@superprivacyservice.com","+1.6505854708","","Super Privacy Service LTD c/o Dynadot","","PO Box 701","San Mateo","California","94401","United States","mall0543.com@superprivacyservice.com","+1.6505854708","","","","","","","","","","","","ns1.gname-dns.com","ns2.gname-dns.com","","","clientTransferProhibited","","",""
"56","mall0631.com","2021-07-08 14:24:57","2021-07-05","2021-07-06","2022-07-05","1867","Dynadot12 LLC","whois.dynadot12.com","http://www.dynadot12.com","Super Privacy Service LTD c/o Dynadot","","PO Box 701","San Mateo","California","94401","United States","mall0631.com@superprivacyservice.com","+1.6505854708","","Super Privacy Service LTD c/o Dynadot","","PO Box 701","San Mateo","California","94401","United States","mall0631.com@superprivacyservice.com","+1.6505854708","","Super Privacy Service LTD c/o Dynadot","","PO Box 701","San Mateo","California","94401","United States","mall0631.com@superprivacyservice.com","+1.6505854708","","","","","","","","","","","","ns1.gname-dns.com","ns2.gname-dns.com","","","clientTransferProhibited","","",""
"57","mall0825.com","2021-07-08 14:25:35","2021-07-05","2021-07-06","2022-07-05","1867","Dynadot12 LLC","whois.dynadot12.com","http://www.dynadot12.com","Super Privacy Service LTD c/o Dynadot","","PO Box 701","San Mateo","California","94401","United States","mall0825.com@superprivacyservice.com","+1.6505854708","","Super Privacy Service LTD c/o Dynadot","","PO Box 701","San Mateo","California","94401","United States","mall0825.com@superprivacyservice.com","+1.6505854708","","Super Privacy Service LTD c/o Dynadot","","PO Box 701","San Mateo","California","94401","United States","mall0825.com@superprivacyservice.com","+1.6505854708","","","","","","","","","","","","ns1.gname-dns.com","ns2.gname-dns.com","","","clientTransferProhibited","","",""
"58","mall0834.com","2021-07-08 14:25:51","2021-07-05","2021-07-06","2022-07-05","1867","Dynadot12 LLC","whois.dynadot12.com","http://www.dynadot12.com","Super Privacy Service LTD c/o Dynadot","","PO Box 701","San Mateo","California","94401","United States","mall0834.com@superprivacyservice.com","+1.6505854708","","Super Privacy Service LTD c/o Dynadot","","PO Box 701","San Mateo","California","94401","United States","mall0834.com@superprivacyservice.com","+1.6505854708","","Super Privacy Service LTD c/o Dynadot","","PO Box 701","San Mateo","California","94401","United States","mall0834.com@superprivacyservice.com","+1.6505854708","","","","","","","","","","","","ns1.gname-dns.com","ns2.gname-dns.com","","","clientTransferProhibited","","",""
"59","mall0836.com","2021-07-08 14:24:56","2021-07-05","2021-07-06","2022-07-05","1867","Dynadot12 LLC","whois.dynadot12.com","http://www.dynadot12.com","Super Privacy Service LTD c/o Dynadot","","PO Box 701","San Mateo","California","94401","United States","mall0836.com@superprivacyservice.com","+1.6505854708","","Super Privacy Service LTD c/o Dynadot","","PO Box 701","San Mateo","California","94401","United States","mall0836.com@superprivacyservice.com","+1.6505854708","","Super Privacy Service LTD c/o Dynadot","","PO Box 701","San Mateo","California","94401","United States","mall0836.com@superprivacyservice.com","+1.6505854708","","","","","","","","","","","","ns1.gname-dns.com","ns2.gname-dns.com","","","clientTransferProhibited","","",""
"60","martialartsregistry.com","2021-07-08 18:28:20","2021-07-05","2021-07-07","2022-07-05","1867","Dynadot12 LLC","whois.dynadot12.com","http://www.dynadot12.com","Super Privacy Service LTD c/o Dynadot","","PO Box 701","San Mateo","California","94401","United States","martialartsregistry.com@superprivacyservice.com","+1.6505854708","","Super Privacy Service LTD c/o Dynadot","","PO Box 701","San Mateo","California","94401","United States","martialartsregistry.com@superprivacyservice.com","+1.6505854708","","Super Privacy Service LTD c/o Dynadot","","PO Box 701","San Mateo","California","94401","United States","martialartsregistry.com@superprivacyservice.com","+1.6505854708","","","","","","","","","","","","jm1.alidns.com","jm2.alidns.com","","","clientTransferProhibited","","",""
"61","md-icf.com","2021-07-08 18:12:22","2021-07-05","2021-07-07","2022-07-05","1867","Dynadot12 LLC","whois.dynadot12.com","http://www.dynadot12.com","Super Privacy Service LTD c/o Dynadot","","PO Box 701","San Mateo","California","94401","United States","md-icf.com@superprivacyservice.com","+1.6505854708","","Super Privacy Service LTD c/o Dynadot","","PO Box 701","San Mateo","California","94401","United States","md-icf.com@superprivacyservice.com","+1.6505854708","","Super Privacy Service LTD c/o Dynadot","","PO Box 701","San Mateo","California","94401","United States","md-icf.com@superprivacyservice.com","+1.6505854708","","","","","","","","","","","","jm1.dns.com","jm2.dns.com","","","clientTransferProhibited","","",""
"62","mmhpt.com","2021-07-08 14:27:56","2021-07-05","2021-07-06","2022-07-05","1867","Dynadot12 LLC","whois.dynadot12.com","http://www.dynadot12.com","Super Privacy Service LTD c/o Dynadot","","PO Box 701","San Mateo","California","94401","United States","mmhpt.com@superprivacyservice.com","+1.6505854708","","Super Privacy Service LTD c/o Dynadot","","PO Box 701","San Mateo","California","94401","United States","mmhpt.com@superprivacyservice.com","+1.6505854708","","Super Privacy Service LTD c/o Dynadot","","PO Box 701","San Mateo","California","94401","United States","mmhpt.com@superprivacyservice.com","+1.6505854708","","","","","","","","","","","","jm1.dns.com","jm2.dns.com","","","clientTransferProhibited","","",""
"63","montascaleanziani.com","2021-07-08 14:23:20","2021-07-05","2021-07-06","2022-07-05","1867","Dynadot12 LLC","whois.dynadot12.com","http://www.dynadot12.com","Super Privacy Service LTD c/o Dynadot","","PO Box 701","San Mateo","California","94401","United States","montascaleanziani.com@superprivacyservice.com","+1.6505854708","","Super Privacy Service LTD c/o Dynadot","","PO Box 701","San Mateo","California","94401","United States","montascaleanziani.com@superprivacyservice.com","+1.6505854708","","Super Privacy Service LTD c/o Dynadot","","PO Box 701","San Mateo","California","94401","United States","montascaleanziani.com@superprivacyservice.com","+1.6505854708","","","","","","","","","","","","jm1.dns.com","jm2.dns.com","","","clientTransferProhibited","","",""
"64","mysuppori.com","2021-07-08 18:13:18","2021-07-05","2021-07-07","2022-07-05","1867","Dynadot12 LLC","whois.dynadot12.com","http://www.dynadot12.com","Super Privacy Service LTD c/o Dynadot","","PO Box 701","San Mateo","California","94401","United States","mysuppori.com@superprivacyservice.com","+1.6505854708","","Super Privacy Service LTD c/o Dynadot","","PO Box 701","San Mateo","California","94401","United States","mysuppori.com@superprivacyservice.com","+1.6505854708","","Super Privacy Service LTD c/o Dynadot","","PO Box 701","San Mateo","California","94401","United States","mysuppori.com@superprivacyservice.com","+1.6505854708","","","","","","","","","","","","jm1.dns.com","jm2.dns.com","","","clientTransferProhibited","","",""
"65","nengyuancun.com","2021-07-08 17:45:14","2021-07-05","2021-07-08","2022-07-05","1867","Dynadot12 LLC","whois.dynadot12.com","http://www.dynadot12.com","Super Privacy Service LTD c/o Dynadot","","PO Box 701","San Mateo","California","94401","United States","nengyuancun.com@superprivacyservice.com","+1.6505854708","","Super Privacy Service LTD c/o Dynadot","","PO Box 701","San Mateo","California","94401","United States","nengyuancun.com@superprivacyservice.com","+1.6505854708","","Super Privacy Service LTD c/o Dynadot","","PO Box 701","San Mateo","California","94401","United States","nengyuancun.com@superprivacyservice.com","+1.6505854708","","","","","","","","","","","","jm1.dns.com","jm2.dns.com","","","clientTransferProhibited","","",""
"66","ontariorodandgun.com","2021-07-08 14:18:34","2021-07-05","2021-07-06","2022-07-05","1867","Dynadot12 LLC","whois.dynadot12.com","http://www.dynadot12.com","Super Privacy Service LTD c/o Dynadot","","PO Box 701","San Mateo","California","94401","United States","ontariorodandgun.com@superprivacyservice.com","+1.6505854708","","Super Privacy Service LTD c/o Dynadot","","PO Box 701","San Mateo","California","94401","United States","ontariorodandgun.com@superprivacyservice.com","+1.6505854708","","Super Privacy Service LTD c/o Dynadot","","PO Box 701","San Mateo","California","94401","United States","ontariorodandgun.com@superprivacyservice.com","+1.6505854708","","","","","","","","","","","","jm1.dns.com","jm2.dns.com","","","clientTransferProhibited","","",""
"67","pacificsmog.net","2021-07-08 15:33:43","2021-07-04","2021-07-06","2022-07-04","1867","Dynadot12 LLC","whois.dynadot12.com","http://www.dynadot12.com","Super Privacy Service LTD c/o Dynadot","","PO Box 701","San Mateo","California","94401","United States","pacificsmog.net@superprivacyservice.com","+1.6505854708","","Super Privacy Service LTD c/o Dynadot","","PO Box 701","San Mateo","California","94401","United States","pacificsmog.net@superprivacyservice.com","+1.6505854708","","Super Privacy Service LTD c/o Dynadot","","PO Box 701","San Mateo","California","94401","United States","pacificsmog.net@superprivacyservice.com","+1.6505854708","","","","","","","","","","","","jm1.dns.com","jm2.dns.com","","","clientTransferProhibited","","",""
"68","pecpaintball.com","2021-07-08 18:38:50","2021-07-05","2021-07-07","2022-07-05","1867","Dynadot12 LLC","whois.dynadot12.com","http://www.dynadot12.com","Super Privacy Service LTD c/o Dynadot","","PO Box 701","San Mateo","California","94401","United States","pecpaintball.com@superprivacyservice.com","+1.6505854708","","Super Privacy Service LTD c/o Dynadot","","PO Box 701","San Mateo","California","94401","United States","pecpaintball.com@superprivacyservice.com","+1.6505854708","","Super Privacy Service LTD c/o Dynadot","","PO Box 701","San Mateo","California","94401","United States","pecpaintball.com@superprivacyservice.com","+1.6505854708","","","","","","","","","","","","jm1.alidns.com","jm2.alidns.com","","","clientTransferProhibited","","",""
"69","personawareusa.com","2021-07-08 17:54:09","2021-07-05","2021-07-07","2022-07-05","1867","Dynadot12 LLC","whois.dynadot12.com","http://www.dynadot12.com","Super Privacy Service LTD c/o Dynadot","","PO Box 701","San Mateo","California","94401","United States","personawareusa.com@superprivacyservice.com","+1.6505854708","","Super Privacy Service LTD c/o Dynadot","","PO Box 701","San Mateo","California","94401","United States","personawareusa.com@superprivacyservice.com","+1.6505854708","","Super Privacy Service LTD c/o Dynadot","","PO Box 701","San Mateo","California","94401","United States","personawareusa.com@superprivacyservice.com","+1.6505854708","","","","","","","","","","","","jm1.alidns.com","jm2.alidns.com","","","clientTransferProhibited","","",""
"70","plaid.info","2021-07-08 15:43:35","2021-07-06","2021-07-06","2022-07-06","1867","Dynadot12 LLC","whois.dynadot12.com","http://www.dynadot12.com","","","","","California","","United States","","","","","","","","","","","","","","","","","","","","","","","","","","","","","","","","","","ns1.dan.com","ns2.dan.com","","","addPeriod","clientTransferProhibited","serverTransferProhibited",""
"71","proflashstudio.com","2021-07-08 18:00:04","2021-07-05","2021-07-06","2022-07-05","1867","Dynadot12 LLC","whois.dynadot12.com","http://www.dynadot12.com","Super Privacy Service LTD c/o Dynadot","","PO Box 701","San Mateo","California","94401","United States","proflashstudio.com@superprivacyservice.com","+1.6505854708","","Super Privacy Service LTD c/o Dynadot","","PO Box 701","San Mateo","California","94401","United States","proflashstudio.com@superprivacyservice.com","+1.6505854708","","Super Privacy Service LTD c/o Dynadot","","PO Box 701","San Mateo","California","94401","United States","proflashstudio.com@superprivacyservice.com","+1.6505854708","","","","","","","","","","","","jm1.dns.com","jm2.dns.com","","","clientTransferProhibited","","",""
"72","pt1688.net","2021-07-08 15:33:52","2021-07-04","2021-07-05","2022-07-04","1867","Dynadot12 LLC","whois.dynadot12.com","http://www.dynadot12.com","Super Privacy Service LTD c/o Dynadot","","PO Box 701","San Mateo","California","94401","United States","pt1688.net@superprivacyservice.com","+1.6505854708","","Super Privacy Service LTD c/o Dynadot","","PO Box 701","San Mateo","California","94401","United States","pt1688.net@superprivacyservice.com","+1.6505854708","","Super Privacy Service LTD c/o Dynadot","","PO Box 701","San Mateo","California","94401","United States","pt1688.net@superprivacyservice.com","+1.6505854708","","","","","","","","","","","","jm1.dns.com","jm2.dns.com","","","clientTransferProhibited","","",""
"73","qdwhj.com","2021-07-08 17:45:36","2021-07-05","2021-07-08","2022-07-05","1867","Dynadot12 LLC","whois.dynadot12.com","http://www.dynadot12.com","Super Privacy Service LTD c/o Dynadot","","PO Box 701","San Mateo","California","94401","United States","qdwhj.com@superprivacyservice.com","+1.6505854708","","Super Privacy Service LTD c/o Dynadot","","PO Box 701","San Mateo","California","94401","United States","qdwhj.com@superprivacyservice.com","+1.6505854708","","Super Privacy Service LTD c/o Dynadot","","PO Box 701","San Mateo","California","94401","United States","qdwhj.com@superprivacyservice.com","+1.6505854708","","","","","","","","","","","","jm1.alidns.com","jm2.alidns.com","","","clientTransferProhibited","","",""
"74","realanalpics.com","2021-07-08 17:44:33","2021-07-05","2021-07-08","2022-07-05","1867","Dynadot12 LLC","whois.dynadot12.com","http://www.dynadot12.com","Super Privacy Service LTD c/o Dynadot","","PO Box 701","San Mateo","California","94401","United States","realanalpics.com@superprivacyservice.com","+1.6505854708","","Super Privacy Service LTD c/o Dynadot","","PO Box 701","San Mateo","California","94401","United States","realanalpics.com@superprivacyservice.com","+1.6505854708","","Super Privacy Service LTD c/o Dynadot","","PO Box 701","San Mateo","California","94401","United States","realanalpics.com@superprivacyservice.com","+1.6505854708","","","","","","","","","","","","jm1.alidns.com","jm2.alidns.com","","","clientTransferProhibited","","",""
"75","revleftcurrentsyria.com","2021-07-08 18:00:17","2021-07-05","2021-07-06","2022-07-05","1867","Dynadot12 LLC","whois.dynadot12.com","http://www.dynadot12.com","Super Privacy Service LTD c/o Dynadot","","PO Box 701","San Mateo","California","94401","United States","revleftcurrentsyria.com@superprivacyservice.com","+1.6505854708","","Super Privacy Service LTD c/o Dynadot","","PO Box 701","San Mateo","California","94401","United States","revleftcurrentsyria.com@superprivacyservice.com","+1.6505854708","","Super Privacy Service LTD c/o Dynadot","","PO Box 701","San Mateo","California","94401","United States","revleftcurrentsyria.com@superprivacyservice.com","+1.6505854708","","","","","","","","","","","","jm1.dns.com","jm2.dns.com","","","clientTransferProhibited","","",""
"76","rivencounter.com","2021-07-08 18:22:35","2021-07-05","2021-07-06","2022-07-05","1867","Dynadot12 LLC","whois.dynadot12.com","http://www.dynadot12.com","Super Privacy Service LTD c/o Dynadot","","PO Box 701","San Mateo","California","94401","United States","rivencounter.com@superprivacyservice.com","+1.6505854708","","Super Privacy Service LTD c/o Dynadot","","PO Box 701","San Mateo","California","94401","United States","rivencounter.com@superprivacyservice.com","+1.6505854708","","Super Privacy Service LTD c/o Dynadot","","PO Box 701","San Mateo","California","94401","United States","rivencounter.com@superprivacyservice.com","+1.6505854708","","","","","","","","","","","","ns1.gname-dns.com","ns2.gname-dns.com","","","clientTransferProhibited","","",""
"77","romanalac.com","2021-07-08 18:22:07","2021-07-05","2021-07-07","2022-07-05","1867","Dynadot12 LLC","whois.dynadot12.com","http://www.dynadot12.com","Super Privacy Service LTD c/o Dynadot","","PO Box 701","San Mateo","California","94401","United States","romanalac.com@superprivacyservice.com","+1.6505854708","","Super Privacy Service LTD c/o Dynadot","","PO Box 701","San Mateo","California","94401","United States","romanalac.com@superprivacyservice.com","+1.6505854708","","Super Privacy Service LTD c/o Dynadot","","PO Box 701","San Mateo","California","94401","United States","romanalac.com@superprivacyservice.com","+1.6505854708","","","","","","","","","","","","jm1.dns.com","jm2.dns.com","","","clientTransferProhibited","","",""
"78","sandybeachtravel.net","2021-07-08 15:36:11","2021-07-04","2021-07-05","2022-07-04","1867","Dynadot12 LLC","whois.dynadot12.com","http://www.dynadot12.com","Super Privacy Service LTD c/o Dynadot","","PO Box 701","San Mateo","California","94401","United States","sandybeachtravel.net@superprivacyservice.com","+1.6505854708","","Super Privacy Service LTD c/o Dynadot","","PO Box 701","San Mateo","California","94401","United States","sandybeachtravel.net@superprivacyservice.com","+1.6505854708","","Super Privacy Service LTD c/o Dynadot","","PO Box 701","San Mateo","California","94401","United States","sandybeachtravel.net@superprivacyservice.com","+1.6505854708","","","","","","","","","","","","jm1.dns.com","jm2.dns.com","","","clientTransferProhibited","","",""
"79","sdtongdeli.com","2021-07-08 14:23:00","2021-07-05","2021-07-08","2022-07-05","1867","Dynadot12 LLC","whois.dynadot12.com","http://www.dynadot12.com","Super Privacy Service LTD c/o Dynadot","","PO Box 701","San Mateo","California","94401","United States","sdtongdeli.com@superprivacyservice.com","+1.6505854708","","Super Privacy Service LTD c/o Dynadot","","PO Box 701","San Mateo","California","94401","United States","sdtongdeli.com@superprivacyservice.com","+1.6505854708","","Super Privacy Service LTD c/o Dynadot","","PO Box 701","San Mateo","California","94401","United States","sdtongdeli.com@superprivacyservice.com","+1.6505854708","","","","","","","","","","","","jm1.alidns.com","jm2.alidns.com","","","clientTransferProhibited","","",""
"80","sgaint.com","2021-07-08 18:25:11","2021-07-05","2021-07-06","2022-07-05","1867","Dynadot12 LLC","whois.dynadot12.com","http://www.dynadot12.com","Super Privacy Service LTD c/o Dynadot","","PO Box 701","San Mateo","California","94401","United States","sgaint.com@superprivacyservice.com","+1.6505854708","","Super Privacy Service LTD c/o Dynadot","","PO Box 701","San Mateo","California","94401","United States","sgaint.com@superprivacyservice.com","+1.6505854708","","Super Privacy Service LTD c/o Dynadot","","PO Box 701","San Mateo","California","94401","United States","sgaint.com@superprivacyservice.com","+1.6505854708","","","","","","","","","","","","ns1.gname-dns.com","ns2.gname-dns.com","","","clientTransferProhibited","","",""
"81","sjzy399.com","2021-07-08 17:45:10","2021-07-05","2021-07-06","2022-07-05","1867","Dynadot12 LLC","whois.dynadot12.com","http://www.dynadot12.com","Super Privacy Service LTD c/o Dynadot","","PO Box 701","San Mateo","California","94401","United States","sjzy399.com@superprivacyservice.com","+1.6505854708","","Super Privacy Service LTD c/o Dynadot","","PO Box 701","San Mateo","California","94401","United States","sjzy399.com@superprivacyservice.com","+1.6505854708","","Super Privacy Service LTD c/o Dynadot","","PO Box 701","San Mateo","California","94401","United States","sjzy399.com@superprivacyservice.com","+1.6505854708","","","","","","","","","","","","ns1.gname-dns.com","ns2.gname-dns.com","","","clientTransferProhibited","","",""
"82","smdjjc.com","2021-07-08 16:05:17","2021-07-05","2021-07-06","2022-07-05","1867","Dynadot12 LLC","whois.dynadot12.com","http://www.dynadot12.com","Super Privacy Service LTD c/o Dynadot","","PO Box 701","San Mateo","California","94401","United States","smdjjc.com@superprivacyservice.com","+1.6505854708","","Super Privacy Service LTD c/o Dynadot","","PO Box 701","San Mateo","California","94401","United States","smdjjc.com@superprivacyservice.com","+1.6505854708","","Super Privacy Service LTD c/o Dynadot","","PO Box 701","San Mateo","California","94401","United States","smdjjc.com@superprivacyservice.com","+1.6505854708","","","","","","","","","","","","jm1.dns.com","jm2.dns.com","","","clientTransferProhibited","","",""
"83","soloontario.com","2021-07-08 18:37:46","2021-07-05","2021-07-07","2022-07-05","1867","Dynadot12 LLC","whois.dynadot12.com","http://www.dynadot12.com","Super Privacy Service LTD c/o Dynadot","","PO Box 701","San Mateo","California","94401","United States","soloontario.com@superprivacyservice.com","+1.6505854708","","Super Privacy Service LTD c/o Dynadot","","PO Box 701","San Mateo","California","94401","United States","soloontario.com@superprivacyservice.com","+1.6505854708","","Super Privacy Service LTD c/o Dynadot","","PO Box 701","San Mateo","California","94401","United States","soloontario.com@superprivacyservice.com","+1.6505854708","","","","","","","","","","","","jm1.alidns.com","jm2.alidns.com","","","clientTransferProhibited","","",""
"84","sombathytennis.com","2021-07-08 17:49:11","2021-07-05","2021-07-06","2022-07-05","1867","Dynadot12 LLC","whois.dynadot12.com","http://www.dynadot12.com","Super Privacy Service LTD c/o Dynadot","","PO Box 701","San Mateo","California","94401","United States","sombathytennis.com@superprivacyservice.com","+1.6505854708","","Super Privacy Service LTD c/o Dynadot","","PO Box 701","San Mateo","California","94401","United States","sombathytennis.com@superprivacyservice.com","+1.6505854708","","Super Privacy Service LTD c/o Dynadot","","PO Box 701","San Mateo","California","94401","United States","sombathytennis.com@superprivacyservice.com","+1.6505854708","","","","","","","","","","","","jm1.dns.com","jm2.dns.com","","","clientTransferProhibited","","",""
"85","studio-nielsen.com","2021-07-08 14:19:02","2021-07-05","2021-07-06","2022-07-05","1867","Dynadot12 LLC","whois.dynadot12.com","http://www.dynadot12.com","Super Privacy Service LTD c/o Dynadot","","PO Box 701","San Mateo","California","94401","United States","studio-nielsen.com@superprivacyservice.com","+1.6505854708","","Super Privacy Service LTD c/o Dynadot","","PO Box 701","San Mateo","California","94401","United States","studio-nielsen.com@superprivacyservice.com","+1.6505854708","","Super Privacy Service LTD c/o Dynadot","","PO Box 701","San Mateo","California","94401","United States","studio-nielsen.com@superprivacyservice.com","+1.6505854708","","","","","","","","","","","","ns1.gname-dns.com","ns2.gname-dns.com","","","clientTransferProhibited","","",""
"86","studiolifephotos.com","2021-07-08 14:21:17","2021-07-05","2021-07-06","2022-07-05","1867","Dynadot12 LLC","whois.dynadot12.com","http://www.dynadot12.com","Super Privacy Service LTD c/o Dynadot","","PO Box 701","San Mateo","California","94401","United States","studiolifephotos.com@superprivacyservice.com","+1.6505854708","","Super Privacy Service LTD c/o Dynadot","","PO Box 701","San Mateo","California","94401","United States","studiolifephotos.com@superprivacyservice.com","+1.6505854708","","Super Privacy Service LTD c/o Dynadot","","PO Box 701","San Mateo","California","94401","United States","studiolifephotos.com@superprivacyservice.com","+1.6505854708","","","","","","","","","","","","jm1.dns.com","jm2.dns.com","","","clientTransferProhibited","","",""
"87","subangkuaiyun.com","2021-07-08 14:25:15","2021-07-05","2021-07-06","2022-07-05","1867","Dynadot12 LLC","whois.dynadot12.com","http://www.dynadot12.com","Super Privacy Service LTD c/o Dynadot","","PO Box 701","San Mateo","California","94401","United States","subangkuaiyun.com@superprivacyservice.com","+1.6505854708","","Super Privacy Service LTD c/o Dynadot","","PO Box 701","San Mateo","California","94401","United States","subangkuaiyun.com@superprivacyservice.com","+1.6505854708","","Super Privacy Service LTD c/o Dynadot","","PO Box 701","San Mateo","California","94401","United States","subangkuaiyun.com@superprivacyservice.com","+1.6505854708","","","","","","","","","","","","ns1.gname-dns.com","ns2.gname-dns.com","","","clientTransferProhibited","","",""
"88","tailihai.com","2021-07-08 17:45:08","2021-07-05","2021-07-08","2022-07-05","1867","Dynadot12 LLC","whois.dynadot12.com","http://www.dynadot12.com","Super Privacy Service LTD c/o Dynadot","","PO Box 701","San Mateo","California","94401","United States","tailihai.com@superprivacyservice.com","+1.6505854708","","Super Privacy Service LTD c/o Dynadot","","PO Box 701","San Mateo","California","94401","United States","tailihai.com@superprivacyservice.com","+1.6505854708","","Super Privacy Service LTD c/o Dynadot","","PO Box 701","San Mateo","California","94401","United States","tailihai.com@superprivacyservice.com","+1.6505854708","","","","","","","","","","","","jm1.dns.com","jm2.dns.com","","","clientTransferProhibited","","",""
"89","tango-wear.com","2021-07-08 18:25:17","2021-07-05","2021-07-07","2022-07-05","1867","Dynadot12 LLC","whois.dynadot12.com","http://www.dynadot12.com","Super Privacy Service LTD c/o Dynadot","","PO Box 701","San Mateo","California","94401","United States","tango-wear.com@superprivacyservice.com","+1.6505854708","","Super Privacy Service LTD c/o Dynadot","","PO Box 701","San Mateo","California","94401","United States","tango-wear.com@superprivacyservice.com","+1.6505854708","","Super Privacy Service LTD c/o Dynadot","","PO Box 701","San Mateo","California","94401","United States","tango-wear.com@superprivacyservice.com","+1.6505854708","","","","","","","","","","","","jm1.dns.com","jm2.dns.com","","","clientTransferProhibited","","",""
"90","tarimans.com","2021-07-08 17:50:49","2021-07-05","2021-07-06","2022-07-05","1867","Dynadot12 LLC","whois.dynadot12.com","http://www.dynadot12.com","Super Privacy Service LTD c/o Dynadot","","PO Box 701","San Mateo","California","94401","United States","tarimans.com@superprivacyservice.com","+1.6505854708","","Super Privacy Service LTD c/o Dynadot","","PO Box 701","San Mateo","California","94401","United States","tarimans.com@superprivacyservice.com","+1.6505854708","","Super Privacy Service LTD c/o Dynadot","","PO Box 701","San Mateo","California","94401","United States","tarimans.com@superprivacyservice.com","+1.6505854708","","","","","","","","","","","","jm1.dns.com","jm2.dns.com","","","clientTransferProhibited","","",""
"91","tccstw.com","2021-07-08 14:30:17","2021-07-05","2021-07-08","2022-07-05","1867","Dynadot12 LLC","whois.dynadot12.com","http://www.dynadot12.com","Super Privacy Service LTD c/o Dynadot","","PO Box 701","San Mateo","California","94401","United States","tccstw.com@superprivacyservice.com","+1.6505854708","","Super Privacy Service LTD c/o Dynadot","","PO Box 701","San Mateo","California","94401","United States","tccstw.com@superprivacyservice.com","+1.6505854708","","Super Privacy Service LTD c/o Dynadot","","PO Box 701","San Mateo","California","94401","United States","tccstw.com@superprivacyservice.com","+1.6505854708","","","","","","","","","","","","jm1.dns.com","jm2.dns.com","","","clientTransferProhibited","","",""
"92","theviewsatlenoxcrossing.com","2021-07-08 18:44:17","2021-07-05","2021-07-06","2022-07-05","1867","Dynadot12 LLC","whois.dynadot12.com","http://www.dynadot12.com","Super Privacy Service LTD c/o Dynadot","","PO Box 701","San Mateo","California","94401","United States","theviewsatlenoxcrossing.com@superprivacyservice.com","+1.6505854708","","Super Privacy Service LTD c/o Dynadot","","PO Box 701","San Mateo","California","94401","United States","theviewsatlenoxcrossing.com@superprivacyservice.com","+1.6505854708","","Super Privacy Service LTD c/o Dynadot","","PO Box 701","San Mateo","California","94401","United States","theviewsatlenoxcrossing.com@superprivacyservice.com","+1.6505854708","","","","","","","","","","","","jm1.dns.com","jm2.dns.com","","","clientTransferProhibited","","",""
"93","tunisiadigitalday.com","2021-07-08 18:21:47","2021-07-05","2021-07-06","2022-07-05","1867","Dynadot12 LLC","whois.dynadot12.com","http://www.dynadot12.com","Super Privacy Service LTD c/o Dynadot","","PO Box 701","San Mateo","California","94401","United States","tunisiadigitalday.com@superprivacyservice.com","+1.6505854708","","Super Privacy Service LTD c/o Dynadot","","PO Box 701","San Mateo","California","94401","United States","tunisiadigitalday.com@superprivacyservice.com","+1.6505854708","","Super Privacy Service LTD c/o Dynadot","","PO Box 701","San Mateo","California","94401","United States","tunisiadigitalday.com@superprivacyservice.com","+1.6505854708","","","","","","","","","","","","jm1.dns.com","jm2.dns.com","","","clientTransferProhibited","","",""
"94","ucmafia.com","2021-07-08 17:34:17","2021-07-05","2021-07-07","2022-07-05","1867","Dynadot12 LLC","whois.dynadot12.com","http://www.dynadot12.com","Super Privacy Service LTD c/o Dynadot","","PO Box 701","San Mateo","California","94401","United States","ucmafia.com@superprivacyservice.com","+1.6505854708","","Super Privacy Service LTD c/o Dynadot","","PO Box 701","San Mateo","California","94401","United States","ucmafia.com@superprivacyservice.com","+1.6505854708","","Super Privacy Service LTD c/o Dynadot","","PO Box 701","San Mateo","California","94401","United States","ucmafia.com@superprivacyservice.com","+1.6505854708","","","","","","","","","","","","jm1.dns.com","jm2.dns.com","","","clientTransferProhibited","","",""
"95","utopiaturk.com","2021-07-08 14:30:08","2021-07-05","2021-07-07","2022-07-05","1867","Dynadot12 LLC","whois.dynadot12.com","http://www.dynadot12.com","Super Privacy Service LTD c/o Dynadot","","PO Box 701","San Mateo","California","94401","United States","utopiaturk.com@superprivacyservice.com","+1.6505854708","","Super Privacy Service LTD c/o Dynadot","","PO Box 701","San Mateo","California","94401","United States","utopiaturk.com@superprivacyservice.com","+1.6505854708","","Super Privacy Service LTD c/o Dynadot","","PO Box 701","San Mateo","California","94401","United States","utopiaturk.com@superprivacyservice.com","+1.6505854708","","","","","","","","","","","","jm1.alidns.com","jm2.alidns.com","","","clientTransferProhibited","","",""
"96","vaycar.com","2021-07-08 14:25:51","2021-07-05","2021-07-06","2022-07-05","1867","Dynadot12 LLC","whois.dynadot12.com","http://www.dynadot12.com","Super Privacy Service LTD c/o Dynadot","","PO Box 701","San Mateo","California","94401","United States","vaycar.com@superprivacyservice.com","+1.6505854708","","Super Privacy Service LTD c/o Dynadot","","PO Box 701","San Mateo","California","94401","United States","vaycar.com@superprivacyservice.com","+1.6505854708","","Super Privacy Service LTD c/o Dynadot","","PO Box 701","San Mateo","California","94401","United States","vaycar.com@superprivacyservice.com","+1.6505854708","","","","","","","","","","","","ns1.gname-dns.com","ns2.gname-dns.com","","","clientTransferProhibited","","",""
"97","vitrinedivinopolis.com","2021-07-08 18:14:27","2021-07-05","2021-07-06","2022-07-05","1867","Dynadot12 LLC","whois.dynadot12.com","http://www.dynadot12.com","Super Privacy Service LTD c/o Dynadot","","PO Box 701","San Mateo","California","94401","United States","vitrinedivinopolis.com@superprivacyservice.com","+1.6505854708","","Super Privacy Service LTD c/o Dynadot","","PO Box 701","San Mateo","California","94401","United States","vitrinedivinopolis.com@superprivacyservice.com","+1.6505854708","","Super Privacy Service LTD c/o Dynadot","","PO Box 701","San Mateo","California","94401","United States","vitrinedivinopolis.com@superprivacyservice.com","+1.6505854708","","","","","","","","","","","","jm1.dns.com","jm2.dns.com","","","clientTransferProhibited","","",""
"98","websitesforkids.net","2021-07-08 15:35:51","2021-07-04","2021-07-05","2022-07-04","1867","Dynadot12 LLC","whois.dynadot12.com","http://www.dynadot12.com","Super Privacy Service LTD c/o Dynadot","","PO Box 701","San Mateo","California","94401","United States","websitesforkids.net@superprivacyservice.com","+1.6505854708","","Super Privacy Service LTD c/o Dynadot","","PO Box 701","San Mateo","California","94401","United States","websitesforkids.net@superprivacyservice.com","+1.6505854708","","Super Privacy Service LTD c/o Dynadot","","PO Box 701","San Mateo","California","94401","United States","websitesforkids.net@superprivacyservice.com","+1.6505854708","","","","","","","","","","","","jm1.dns.com","jm2.dns.com","","","clientTransferProhibited","","",""
"99","westmichigandefense.com","2021-07-08 18:36:04","2021-07-05","2021-07-06","2022-07-05","1867","Dynadot12 LLC","whois.dynadot12.com","http://www.dynadot12.com","Super Privacy Service LTD c/o Dynadot","","PO Box 701","San Mateo","California","94401","United States","westmichigandefense.com@superprivacyservice.com","+1.6505854708","","Super Privacy Service LTD c/o Dynadot","","PO Box 701","San Mateo","California","94401","United States","westmichigandefense.com@superprivacyservice.com","+1.6505854708","","Super Privacy Service LTD c/o Dynadot","","PO Box 701","San Mateo","California","94401","United States","westmichigandefense.com@superprivacyservice.com","+1.6505854708","","","","","","","","","","","","jm1.dns.com","jm2.dns.com","","","clientTransferProhibited","","",""
"100","wnlmjos.com","2021-07-08 14:30:38","2021-07-05","2021-07-05","2022-07-05","1867","Dynadot12 LLC","whois.dynadot12.com","http://www.dynadot12.com","Super Privacy Service LTD c/o Dynadot","","PO Box 701","San Mateo","California","94401","United States","wnlmjos.com@superprivacyservice.com","+1.6505854708","","Super Privacy Service LTD c/o Dynadot","","PO Box 701","San Mateo","California","94401","United States","wnlmjos.com@superprivacyservice.com","+1.6505854708","","Super Privacy Service LTD c/o Dynadot","","PO Box 701","San Mateo","California","94401","United States","wnlmjos.com@superprivacyservice.com","+1.6505854708","","","","","","","","","","","","ns15.above.com","ns16.above.com","","","clientTransferProhibited","","",""
"101","yangjiachun.com","2021-07-08 17:48:29","2021-07-05","2021-07-08","2022-07-05","1867","Dynadot12 LLC","whois.dynadot12.com","http://www.dynadot12.com","Super Privacy Service LTD c/o Dynadot","","PO Box 701","San Mateo","California","94401","United States","yangjiachun.com@superprivacyservice.com","+1.6505854708","","Super Privacy Service LTD c/o Dynadot","","PO Box 701","San Mateo","California","94401","United States","yangjiachun.com@superprivacyservice.com","+1.6505854708","","Super Privacy Service LTD c/o Dynadot","","PO Box 701","San Mateo","California","94401","United States","yangjiachun.com@superprivacyservice.com","+1.6505854708","","","","","","","","","","","","jm1.alidns.com","jm2.alidns.com","","","clientTransferProhibited","","",""
"102","yc750.com","2021-07-08 14:27:44","2021-07-05","2021-07-06","2022-07-05","1867","Dynadot12 LLC","whois.dynadot12.com","http://www.dynadot12.com","Super Privacy Service LTD c/o Dynadot","","PO Box 701","San Mateo","California","94401","United States","yc750.com@superprivacyservice.com","+1.6505854708","","Super Privacy Service LTD c/o Dynadot","","PO Box 701","San Mateo","California","94401","United States","yc750.com@superprivacyservice.com","+1.6505854708","","Super Privacy Service LTD c/o Dynadot","","PO Box 701","San Mateo","California","94401","United States","yc750.com@superprivacyservice.com","+1.6505854708","","","","","","","","","","","","ns1.gname-dns.com","ns2.gname-dns.com","","","clientTransferProhibited","","",""
"103","yclevis.com","2021-07-08 17:44:34","2021-07-05","2021-07-06","2022-07-05","1867","Dynadot12 LLC","whois.dynadot12.com","http://www.dynadot12.com","Super Privacy Service LTD c/o Dynadot","","PO Box 701","San Mateo","California","94401","United States","yclevis.com@superprivacyservice.com","+1.6505854708","","Super Privacy Service LTD c/o Dynadot","","PO Box 701","San Mateo","California","94401","United States","yclevis.com@superprivacyservice.com","+1.6505854708","","Super Privacy Service LTD c/o Dynadot","","PO Box 701","San Mateo","California","94401","United States","yclevis.com@superprivacyservice.com","+1.6505854708","","","","","","","","","","","","ns1.gname-dns.com","ns2.gname-dns.com","","","clientTransferProhibited","","",""
"104","zhhyjx.com","2021-07-08 14:27:52","2021-07-05","2021-07-06","2022-07-05","1867","Dynadot12 LLC","whois.dynadot12.com","http://www.dynadot12.com","Super Privacy Service LTD c/o Dynadot","","PO Box 701","San Mateo","California","94401","United States","zhhyjx.com@superprivacyservice.com","+1.6505854708","","Super Privacy Service LTD c/o Dynadot","","PO Box 701","San Mateo","California","94401","United States","zhhyjx.com@superprivacyservice.com","+1.6505854708","","Super Privacy Service LTD c/o Dynadot","","PO Box 701","San Mateo","California","94401","United States","zhhyjx.com@superprivacyservice.com","+1.6505854708","","","","","","","","","","","","ns1.gname-dns.com","ns2.gname-dns.com","","","clientTransferProhibited","","",""