"num","domain_name","query_time","create_date","update_date","expiry_date","domain_registrar_id","domain_registrar_name","domain_registrar_whois","domain_registrar_url","registrant_name","registrant_company","registrant_address","registrant_city","registrant_state","registrant_zip","registrant_country","registrant_email","registrant_phone","registrant_fax","administrative_name","administrative_company","administrative_address","administrative_city","administrative_state","administrative_zip","administrative_country","administrative_email","administrative_phone","administrative_fax","technical_name","technical_company","technical_address","technical_city","technical_state","technical_zip","technical_country","technical_email","technical_phone","technical_fax","billing_name","billing_company","billing_address","billing_city","billing_state","billing_zip","billing_country","billing_email","billing_phone","billing_fax","name_server_1","name_server_2","name_server_3","name_server_4","domain_status_1","domain_status_2","domain_status_3","domain_status_4"
"1","0431nkyy.com","2021-07-08 17:43:58","2021-07-05","2021-07-06","2022-07-05","2282","Dynadot13 LLC","","","Super Privacy Service LTD c/o Dynadot","","PO Box 701","San Mateo","California","94401","United States","0431nkyy.com@superprivacyservice.com","+1.6505854708","","Super Privacy Service LTD c/o Dynadot","","PO Box 701","San Mateo","California","94401","United States","0431nkyy.com@superprivacyservice.com","+1.6505854708","","Super Privacy Service LTD c/o Dynadot","","PO Box 701","San Mateo","California","94401","United States","0431nkyy.com@superprivacyservice.com","+1.6505854708","","","","","","","","","","","","ns1.gname-dns.com","ns2.gname-dns.com","","","clientTransferProhibited","","",""
"2","178jk.com","2021-07-08 14:28:04","2021-07-05","2021-07-06","2022-07-05","2282","Dynadot13 LLC","","","Super Privacy Service LTD c/o Dynadot","","PO Box 701","San Mateo","California","94401","United States","178jk.com@superprivacyservice.com","+1.6505854708","","Super Privacy Service LTD c/o Dynadot","","PO Box 701","San Mateo","California","94401","United States","178jk.com@superprivacyservice.com","+1.6505854708","","Super Privacy Service LTD c/o Dynadot","","PO Box 701","San Mateo","California","94401","United States","178jk.com@superprivacyservice.com","+1.6505854708","","","","","","","","","","","","ns1.gname-dns.com","ns2.gname-dns.com","","","clientTransferProhibited","","",""
"3","3x3casino.com","2021-07-08 14:28:53","2021-07-04","2021-07-05","2022-07-04","2282","Dynadot13 LLC","","","Super Privacy Service LTD c/o Dynadot","","PO Box 701","San Mateo","California","94401","United States","3x3casino.com@superprivacyservice.com","+1.6505854708","","Super Privacy Service LTD c/o Dynadot","","PO Box 701","San Mateo","California","94401","United States","3x3casino.com@superprivacyservice.com","+1.6505854708","","Super Privacy Service LTD c/o Dynadot","","PO Box 701","San Mateo","California","94401","United States","3x3casino.com@superprivacyservice.com","+1.6505854708","","","","","","","","","","","","ns1.dynadot.com","ns2.dynadot.com","","","clientTransferProhibited","","",""
"4","aicelg.com","2021-07-08 18:41:57","2021-07-05","2021-07-07","2022-07-05","2282","Dynadot13 LLC","","","Super Privacy Service LTD c/o Dynadot","","PO Box 701","San Mateo","California","94401","United States","aicelg.com@superprivacyservice.com","+1.6505854708","","Super Privacy Service LTD c/o Dynadot","","PO Box 701","San Mateo","California","94401","United States","aicelg.com@superprivacyservice.com","+1.6505854708","","Super Privacy Service LTD c/o Dynadot","","PO Box 701","San Mateo","California","94401","United States","aicelg.com@superprivacyservice.com","+1.6505854708","","","","","","","","","","","","jm1.dns.com","jm2.dns.com","","","clientTransferProhibited","","",""
"5","albaniainbrief.com","2021-07-08 17:45:17","2021-07-05","2021-07-06","2022-07-05","2282","Dynadot13 LLC","","","Super Privacy Service LTD c/o Dynadot","","PO Box 701","San Mateo","California","94401","United States","albaniainbrief.com@superprivacyservice.com","+1.6505854708","","Super Privacy Service LTD c/o Dynadot","","PO Box 701","San Mateo","California","94401","United States","albaniainbrief.com@superprivacyservice.com","+1.6505854708","","Super Privacy Service LTD c/o Dynadot","","PO Box 701","San Mateo","California","94401","United States","albaniainbrief.com@superprivacyservice.com","+1.6505854708","","","","","","","","","","","","jm1.dns.com","jm2.dns.com","","","clientTransferProhibited","","",""
"6","askshepway.com","2021-07-08 18:22:52","2021-07-05","2021-07-07","2022-07-05","2282","Dynadot13 LLC","","","Super Privacy Service LTD c/o Dynadot","","PO Box 701","San Mateo","California","94401","United States","askshepway.com@superprivacyservice.com","+1.6505854708","","Super Privacy Service LTD c/o Dynadot","","PO Box 701","San Mateo","California","94401","United States","askshepway.com@superprivacyservice.com","+1.6505854708","","Super Privacy Service LTD c/o Dynadot","","PO Box 701","San Mateo","California","94401","United States","askshepway.com@superprivacyservice.com","+1.6505854708","","","","","","","","","","","","jm1.dns.com","jm2.dns.com","","","clientTransferProhibited","","",""
"7","badbobby.net","2021-07-08 14:46:45","2021-07-04","2021-07-06","2022-07-04","2282","Dynadot13 LLC","","","Super Privacy Service LTD c/o Dynadot","","PO Box 701","San Mateo","California","94401","United States","badbobby.net@superprivacyservice.com","+1.6505854708","","Super Privacy Service LTD c/o Dynadot","","PO Box 701","San Mateo","California","94401","United States","badbobby.net@superprivacyservice.com","+1.6505854708","","Super Privacy Service LTD c/o Dynadot","","PO Box 701","San Mateo","California","94401","United States","badbobby.net@superprivacyservice.com","+1.6505854708","","","","","","","","","","","","jm1.dns.com","jm2.dns.com","","","clientTransferProhibited","","",""
"8","be-stunning.com","2021-07-08 18:02:52","2021-07-05","2021-07-06","2022-07-05","2282","Dynadot13 LLC","","","Super Privacy Service LTD c/o Dynadot","","PO Box 701","San Mateo","California","94401","United States","be-stunning.com@superprivacyservice.com","+1.6505854708","","Super Privacy Service LTD c/o Dynadot","","PO Box 701","San Mateo","California","94401","United States","be-stunning.com@superprivacyservice.com","+1.6505854708","","Super Privacy Service LTD c/o Dynadot","","PO Box 701","San Mateo","California","94401","United States","be-stunning.com@superprivacyservice.com","+1.6505854708","","","","","","","","","","","","jm1.dns.com","jm2.dns.com","","","clientTransferProhibited","","",""
"9","bilimoranagarpalika.net","2021-07-08 14:47:05","2021-07-04","2021-07-05","2022-07-04","2282","Dynadot13 LLC","","","Super Privacy Service LTD c/o Dynadot","","PO Box 701","San Mateo","California","94401","United States","bilimoranagarpalika.net@superprivacyservice.com","+1.6505854708","","Super Privacy Service LTD c/o Dynadot","","PO Box 701","San Mateo","California","94401","United States","bilimoranagarpalika.net@superprivacyservice.com","+1.6505854708","","Super Privacy Service LTD c/o Dynadot","","PO Box 701","San Mateo","California","94401","United States","bilimoranagarpalika.net@superprivacyservice.com","+1.6505854708","","","","","","","","","","","","jm1.dns.com","jm2.dns.com","","","clientTransferProhibited","","",""
"10","blackmuzik.com","2021-07-08 17:57:10","2021-07-05","2021-07-07","2022-07-05","2282","Dynadot13 LLC","","","Super Privacy Service LTD c/o Dynadot","","PO Box 701","San Mateo","California","94401","United States","blackmuzik.com@superprivacyservice.com","+1.6505854708","","Super Privacy Service LTD c/o Dynadot","","PO Box 701","San Mateo","California","94401","United States","blackmuzik.com@superprivacyservice.com","+1.6505854708","","Super Privacy Service LTD c/o Dynadot","","PO Box 701","San Mateo","California","94401","United States","blackmuzik.com@superprivacyservice.com","+1.6505854708","","","","","","","","","","","","jm1.dns.com","jm2.dns.com","","","clientTransferProhibited","","",""
"11","burberryshopjp.com","2021-07-08 18:31:41","2021-07-05","2021-07-07","2022-07-05","2282","Dynadot13 LLC","","","Super Privacy Service LTD c/o Dynadot","","PO Box 701","San Mateo","California","94401","United States","burberryshopjp.com@superprivacyservice.com","+1.6505854708","","Super Privacy Service LTD c/o Dynadot","","PO Box 701","San Mateo","California","94401","United States","burberryshopjp.com@superprivacyservice.com","+1.6505854708","","Super Privacy Service LTD c/o Dynadot","","PO Box 701","San Mateo","California","94401","United States","burberryshopjp.com@superprivacyservice.com","+1.6505854708","","","","","","","","","","","","jm1.alidns.com","jm2.alidns.com","","","clientTransferProhibited","","",""
"12","ccmbonifiche.com","2021-07-08 14:24:20","2021-07-05","2021-07-07","2022-07-05","2282","Dynadot13 LLC","","","Super Privacy Service LTD c/o Dynadot","","PO Box 701","San Mateo","California","94401","United States","ccmbonifiche.com@superprivacyservice.com","+1.6505854708","","Super Privacy Service LTD c/o Dynadot","","PO Box 701","San Mateo","California","94401","United States","ccmbonifiche.com@superprivacyservice.com","+1.6505854708","","Super Privacy Service LTD c/o Dynadot","","PO Box 701","San Mateo","California","94401","United States","ccmbonifiche.com@superprivacyservice.com","+1.6505854708","","","","","","","","","","","","jm1.alidns.com","jm2.alidns.com","","","clientTransferProhibited","","",""
"13","chengxucun.com","2021-07-08 17:45:29","2021-07-05","2021-07-08","2022-07-05","2282","Dynadot13 LLC","","","Super Privacy Service LTD c/o Dynadot","","PO Box 701","San Mateo","California","94401","United States","chengxucun.com@superprivacyservice.com","+1.6505854708","","Super Privacy Service LTD c/o Dynadot","","PO Box 701","San Mateo","California","94401","United States","chengxucun.com@superprivacyservice.com","+1.6505854708","","Super Privacy Service LTD c/o Dynadot","","PO Box 701","San Mateo","California","94401","United States","chengxucun.com@superprivacyservice.com","+1.6505854708","","","","","","","","","","","","jm1.dns.com","jm2.dns.com","","","clientTransferProhibited","","",""
"14","chinahetao.net","2021-07-08 15:33:53","2021-07-04","2021-07-05","2022-07-04","2282","Dynadot13 LLC","","","Super Privacy Service LTD c/o Dynadot","","PO Box 701","San Mateo","California","94401","United States","chinahetao.net@superprivacyservice.com","+1.6505854708","","Super Privacy Service LTD c/o Dynadot","","PO Box 701","San Mateo","California","94401","United States","chinahetao.net@superprivacyservice.com","+1.6505854708","","Super Privacy Service LTD c/o Dynadot","","PO Box 701","San Mateo","California","94401","United States","chinahetao.net@superprivacyservice.com","+1.6505854708","","","","","","","","","","","","ns1.gname-dns.com","ns2.gname-dns.com","","","clientTransferProhibited","","",""
"15","cleaningmaidtoorder.com","2021-07-08 18:12:35","2021-07-05","2021-07-06","2022-07-05","2282","Dynadot13 LLC","","","Super Privacy Service LTD c/o Dynadot","","PO Box 701","San Mateo","California","94401","United States","cleaningmaidtoorder.com@superprivacyservice.com","+1.6505854708","","Super Privacy Service LTD c/o Dynadot","","PO Box 701","San Mateo","California","94401","United States","cleaningmaidtoorder.com@superprivacyservice.com","+1.6505854708","","Super Privacy Service LTD c/o Dynadot","","PO Box 701","San Mateo","California","94401","United States","cleaningmaidtoorder.com@superprivacyservice.com","+1.6505854708","","","","","","","","","","","","jm1.dns.com","jm2.dns.com","","","clientTransferProhibited","","",""
"16","creditcardphilippines.net","2021-07-08 15:36:09","2021-07-04","2021-07-06","2022-07-04","2282","Dynadot13 LLC","","","Super Privacy Service LTD c/o Dynadot","","PO Box 701","San Mateo","California","94401","United States","creditcardphilippines.net@superprivacyservice.com","+1.6505854708","","Super Privacy Service LTD c/o Dynadot","","PO Box 701","San Mateo","California","94401","United States","creditcardphilippines.net@superprivacyservice.com","+1.6505854708","","Super Privacy Service LTD c/o Dynadot","","PO Box 701","San Mateo","California","94401","United States","creditcardphilippines.net@superprivacyservice.com","+1.6505854708","","","","","","","","","","","","jm1.dns.com","jm2.dns.com","","","clientTransferProhibited","","",""
"17","debatestats.com","2021-07-08 18:37:50","2021-07-05","2021-07-06","2022-07-05","2282","Dynadot13 LLC","","","Super Privacy Service LTD c/o Dynadot","","PO Box 701","San Mateo","California","94401","United States","debatestats.com@superprivacyservice.com","+1.6505854708","","Super Privacy Service LTD c/o Dynadot","","PO Box 701","San Mateo","California","94401","United States","debatestats.com@superprivacyservice.com","+1.6505854708","","Super Privacy Service LTD c/o Dynadot","","PO Box 701","San Mateo","California","94401","United States","debatestats.com@superprivacyservice.com","+1.6505854708","","","","","","","","","","","","ns1.gname-dns.com","ns2.gname-dns.com","","","clientTransferProhibited","","",""
"18","disantaorenminbi.com","2021-07-08 17:45:06","2021-07-05","2021-07-06","2022-07-05","2282","Dynadot13 LLC","","","Super Privacy Service LTD c/o Dynadot","","PO Box 701","San Mateo","California","94401","United States","disantaorenminbi.com@superprivacyservice.com","+1.6505854708","","Super Privacy Service LTD c/o Dynadot","","PO Box 701","San Mateo","California","94401","United States","disantaorenminbi.com@superprivacyservice.com","+1.6505854708","","Super Privacy Service LTD c/o Dynadot","","PO Box 701","San Mateo","California","94401","United States","disantaorenminbi.com@superprivacyservice.com","+1.6505854708","","","","","","","","","","","","ns1.gname-dns.com","ns2.gname-dns.com","","","clientTransferProhibited","","",""
"19","egrace.net","2021-07-08 15:36:00","2021-07-04","2021-07-05","2022-07-04","2282","Dynadot13 LLC","","","Super Privacy Service LTD c/o Dynadot","","PO Box 701","San Mateo","California","94401","United States","egrace.net@superprivacyservice.com","+1.6505854708","","Super Privacy Service LTD c/o Dynadot","","PO Box 701","San Mateo","California","94401","United States","egrace.net@superprivacyservice.com","+1.6505854708","","Super Privacy Service LTD c/o Dynadot","","PO Box 701","San Mateo","California","94401","United States","egrace.net@superprivacyservice.com","+1.6505854708","","","","","","","","","","","","jm1.dns.com","jm2.dns.com","","","clientTransferProhibited","","",""
"20","esanadolu.com","2021-07-08 17:50:50","2021-07-05","2021-07-07","2022-07-05","2282","Dynadot13 LLC","","","Super Privacy Service LTD c/o Dynadot","","PO Box 701","San Mateo","California","94401","United States","esanadolu.com@superprivacyservice.com","+1.6505854708","","Super Privacy Service LTD c/o Dynadot","","PO Box 701","San Mateo","California","94401","United States","esanadolu.com@superprivacyservice.com","+1.6505854708","","Super Privacy Service LTD c/o Dynadot","","PO Box 701","San Mateo","California","94401","United States","esanadolu.com@superprivacyservice.com","+1.6505854708","","","","","","","","","","","","jm1.dns.com","jm2.dns.com","","","clientTransferProhibited","","",""
"21","flashbackphotobooths.com","2021-07-08 18:37:10","2021-07-05","2021-07-06","2022-07-05","2282","Dynadot13 LLC","","","Super Privacy Service LTD c/o Dynadot","","PO Box 701","San Mateo","California","94401","United States","flashbackphotobooths.com@superprivacyservice.com","+1.6505854708","","Super Privacy Service LTD c/o Dynadot","","PO Box 701","San Mateo","California","94401","United States","flashbackphotobooths.com@superprivacyservice.com","+1.6505854708","","Super Privacy Service LTD c/o Dynadot","","PO Box 701","San Mateo","California","94401","United States","flashbackphotobooths.com@superprivacyservice.com","+1.6505854708","","","","","","","","","","","","jm1.dns.com","jm2.dns.com","","","clientTransferProhibited","","",""
"22","forever0.com","2021-07-08 17:41:18","2021-07-05","2021-07-06","2022-07-05","2282","Dynadot13 LLC","","","Super Privacy Service LTD c/o Dynadot","","PO Box 701","San Mateo","California","94401","United States","forever0.com@superprivacyservice.com","+1.6505854708","","Super Privacy Service LTD c/o Dynadot","","PO Box 701","San Mateo","California","94401","United States","forever0.com@superprivacyservice.com","+1.6505854708","","Super Privacy Service LTD c/o Dynadot","","PO Box 701","San Mateo","California","94401","United States","forever0.com@superprivacyservice.com","+1.6505854708","","","","","","","","","","","","jm1.dns.com","jm2.dns.com","","","clientTransferProhibited","","",""
"23","fvmedina.com","2021-07-08 18:16:47","2021-07-05","2021-07-07","2022-07-05","2282","Dynadot13 LLC","","","Super Privacy Service LTD c/o Dynadot","","PO Box 701","San Mateo","California","94401","United States","fvmedina.com@superprivacyservice.com","+1.6505854708","","Super Privacy Service LTD c/o Dynadot","","PO Box 701","San Mateo","California","94401","United States","fvmedina.com@superprivacyservice.com","+1.6505854708","","Super Privacy Service LTD c/o Dynadot","","PO Box 701","San Mateo","California","94401","United States","fvmedina.com@superprivacyservice.com","+1.6505854708","","","","","","","","","","","","jm1.dns.com","jm2.dns.com","","","clientTransferProhibited","","",""
"24","gals-colle.com","2021-07-08 14:22:47","2021-07-05","2021-07-07","2022-07-05","2282","Dynadot13 LLC","","","Super Privacy Service LTD c/o Dynadot","","PO Box 701","San Mateo","California","94401","United States","gals-colle.com@superprivacyservice.com","+1.6505854708","","Super Privacy Service LTD c/o Dynadot","","PO Box 701","San Mateo","California","94401","United States","gals-colle.com@superprivacyservice.com","+1.6505854708","","Super Privacy Service LTD c/o Dynadot","","PO Box 701","San Mateo","California","94401","United States","gals-colle.com@superprivacyservice.com","+1.6505854708","","","","","","","","","","","","jm1.dns.com","jm2.dns.com","","","clientTransferProhibited","","",""
"25","globalpodiatryofnj.com","2021-07-08 18:10:17","2021-07-05","2021-07-07","2022-07-05","2282","Dynadot13 LLC","","","Super Privacy Service LTD c/o Dynadot","","PO Box 701","San Mateo","California","94401","United States","globalpodiatryofnj.com@superprivacyservice.com","+1.6505854708","","Super Privacy Service LTD c/o Dynadot","","PO Box 701","San Mateo","California","94401","United States","globalpodiatryofnj.com@superprivacyservice.com","+1.6505854708","","Super Privacy Service LTD c/o Dynadot","","PO Box 701","San Mateo","California","94401","United States","globalpodiatryofnj.com@superprivacyservice.com","+1.6505854708","","","","","","","","","","","","jm1.dns.com","jm2.dns.com","","","clientTransferProhibited","","",""
"26","homestagingadvantage.net","2021-07-08 15:36:21","2021-07-04","2021-07-05","2022-07-04","2282","Dynadot13 LLC","","","Super Privacy Service LTD c/o Dynadot","","PO Box 701","San Mateo","California","94401","United States","homestagingadvantage.net@superprivacyservice.com","+1.6505854708","","Super Privacy Service LTD c/o Dynadot","","PO Box 701","San Mateo","California","94401","United States","homestagingadvantage.net@superprivacyservice.com","+1.6505854708","","Super Privacy Service LTD c/o Dynadot","","PO Box 701","San Mateo","California","94401","United States","homestagingadvantage.net@superprivacyservice.com","+1.6505854708","","","","","","","","","","","","jm1.dns.com","jm2.dns.com","","","clientTransferProhibited","","",""
"27","hotdma.net","2021-07-08 14:47:13","2021-07-04","2021-07-05","2022-07-04","2282","Dynadot13 LLC","","","Super Privacy Service LTD c/o Dynadot","","PO Box 701","San Mateo","California","94401","United States","hotdma.net@superprivacyservice.com","+1.6505854708","","Super Privacy Service LTD c/o Dynadot","","PO Box 701","San Mateo","California","94401","United States","hotdma.net@superprivacyservice.com","+1.6505854708","","Super Privacy Service LTD c/o Dynadot","","PO Box 701","San Mateo","California","94401","United States","hotdma.net@superprivacyservice.com","+1.6505854708","","","","","","","","","","","","ns1.gname-dns.com","ns2.gname-dns.com","","","clientTransferProhibited","","",""
"28","hoteldwarkesh.com","2021-07-08 18:20:51","2021-07-05","2021-07-07","2022-07-05","2282","Dynadot13 LLC","","","Super Privacy Service LTD c/o Dynadot","","PO Box 701","San Mateo","California","94401","United States","hoteldwarkesh.com@superprivacyservice.com","+1.6505854708","","Super Privacy Service LTD c/o Dynadot","","PO Box 701","San Mateo","California","94401","United States","hoteldwarkesh.com@superprivacyservice.com","+1.6505854708","","Super Privacy Service LTD c/o Dynadot","","PO Box 701","San Mateo","California","94401","United States","hoteldwarkesh.com@superprivacyservice.com","+1.6505854708","","","","","","","","","","","","jm1.alidns.com","jm2.alidns.com","","","clientTransferProhibited","","",""
"29","iliketosew.com","2021-07-08 18:37:51","2021-07-05","2021-07-07","2022-07-05","2282","Dynadot13 LLC","","","Super Privacy Service LTD c/o Dynadot","","PO Box 701","San Mateo","California","94401","United States","iliketosew.com@superprivacyservice.com","+1.6505854708","","Super Privacy Service LTD c/o Dynadot","","PO Box 701","San Mateo","California","94401","United States","iliketosew.com@superprivacyservice.com","+1.6505854708","","Super Privacy Service LTD c/o Dynadot","","PO Box 701","San Mateo","California","94401","United States","iliketosew.com@superprivacyservice.com","+1.6505854708","","","","","","","","","","","","jm1.dns.com","jm2.dns.com","","","clientTransferProhibited","","",""
"30","indianated.com","2021-07-08 14:21:22","2021-07-05","2021-07-07","2022-07-05","2282","Dynadot13 LLC","","","Super Privacy Service LTD c/o Dynadot","","PO Box 701","San Mateo","California","94401","United States","indianated.com@superprivacyservice.com","+1.6505854708","","Super Privacy Service LTD c/o Dynadot","","PO Box 701","San Mateo","California","94401","United States","indianated.com@superprivacyservice.com","+1.6505854708","","Super Privacy Service LTD c/o Dynadot","","PO Box 701","San Mateo","California","94401","United States","indianated.com@superprivacyservice.com","+1.6505854708","","","","","","","","","","","","jm1.dns.com","jm2.dns.com","","","clientTransferProhibited","","",""
"31","jh1973.com","2021-07-08 17:48:39","2021-07-05","2021-07-06","2022-07-05","2282","Dynadot13 LLC","","","Super Privacy Service LTD c/o Dynadot","","PO Box 701","San Mateo","California","94401","United States","jh1973.com@superprivacyservice.com","+1.6505854708","","Super Privacy Service LTD c/o Dynadot","","PO Box 701","San Mateo","California","94401","United States","jh1973.com@superprivacyservice.com","+1.6505854708","","Super Privacy Service LTD c/o Dynadot","","PO Box 701","San Mateo","California","94401","United States","jh1973.com@superprivacyservice.com","+1.6505854708","","","","","","","","","","","","ns1.gname-dns.com","ns2.gname-dns.com","","","clientTransferProhibited","","",""
"32","jinhaohk.com","2021-07-08 18:30:17","2021-07-05","2021-07-08","2022-07-05","2282","Dynadot13 LLC","","","Super Privacy Service LTD c/o Dynadot","","PO Box 701","San Mateo","California","94401","United States","jinhaohk.com@superprivacyservice.com","+1.6505854708","","Super Privacy Service LTD c/o Dynadot","","PO Box 701","San Mateo","California","94401","United States","jinhaohk.com@superprivacyservice.com","+1.6505854708","","Super Privacy Service LTD c/o Dynadot","","PO Box 701","San Mateo","California","94401","United States","jinhaohk.com@superprivacyservice.com","+1.6505854708","","","","","","","","","","","","jm1.dns.com","jm2.dns.com","","","clientTransferProhibited","","",""
"33","jnliangcai.com","2021-07-08 17:28:14","2021-07-05","2021-07-06","2022-07-05","2282","Dynadot13 LLC","","","Super Privacy Service LTD c/o Dynadot","","PO Box 701","San Mateo","California","94401","United States","jnliangcai.com@superprivacyservice.com","+1.6505854708","","Super Privacy Service LTD c/o Dynadot","","PO Box 701","San Mateo","California","94401","United States","jnliangcai.com@superprivacyservice.com","+1.6505854708","","Super Privacy Service LTD c/o Dynadot","","PO Box 701","San Mateo","California","94401","United States","jnliangcai.com@superprivacyservice.com","+1.6505854708","","","","","","","","","","","","ns1.gname-dns.com","ns2.gname-dns.com","","","clientTransferProhibited","","",""
"34","jxxjwq.com","2021-07-08 18:26:35","2021-07-05","2021-07-06","2022-07-05","2282","Dynadot13 LLC","","","Super Privacy Service LTD c/o Dynadot","","PO Box 701","San Mateo","California","94401","United States","jxxjwq.com@superprivacyservice.com","+1.6505854708","","Super Privacy Service LTD c/o Dynadot","","PO Box 701","San Mateo","California","94401","United States","jxxjwq.com@superprivacyservice.com","+1.6505854708","","Super Privacy Service LTD c/o Dynadot","","PO Box 701","San Mateo","California","94401","United States","jxxjwq.com@superprivacyservice.com","+1.6505854708","","","","","","","","","","","","ns1.gname-dns.com","ns2.gname-dns.com","","","clientTransferProhibited","","",""
"35","kh-lawfirm.com","2021-07-08 18:17:25","2021-07-05","2021-07-06","2022-07-05","2282","Dynadot13 LLC","","","Super Privacy Service LTD c/o Dynadot","","PO Box 701","San Mateo","California","94401","United States","kh-lawfirm.com@superprivacyservice.com","+1.6505854708","","Super Privacy Service LTD c/o Dynadot","","PO Box 701","San Mateo","California","94401","United States","kh-lawfirm.com@superprivacyservice.com","+1.6505854708","","Super Privacy Service LTD c/o Dynadot","","PO Box 701","San Mateo","California","94401","United States","kh-lawfirm.com@superprivacyservice.com","+1.6505854708","","","","","","","","","","","","jm1.dns.com","jm2.dns.com","","","clientTransferProhibited","","",""
"36","kohkol.com","2021-07-08 14:27:49","2021-07-05","2021-07-06","2022-07-05","2282","Dynadot13 LLC","","","Super Privacy Service LTD c/o Dynadot","","PO Box 701","San Mateo","California","94401","United States","kohkol.com@superprivacyservice.com","+1.6505854708","","Super Privacy Service LTD c/o Dynadot","","PO Box 701","San Mateo","California","94401","United States","kohkol.com@superprivacyservice.com","+1.6505854708","","Super Privacy Service LTD c/o Dynadot","","PO Box 701","San Mateo","California","94401","United States","kohkol.com@superprivacyservice.com","+1.6505854708","","","","","","","","","","","","ns1.gname-dns.com","ns2.gname-dns.com","","","clientTransferProhibited","","",""
"37","koro-tama.com","2021-07-08 18:12:24","2021-07-05","2021-07-07","2022-07-05","2282","Dynadot13 LLC","","","Super Privacy Service LTD c/o Dynadot","","PO Box 701","San Mateo","California","94401","United States","koro-tama.com@superprivacyservice.com","+1.6505854708","","Super Privacy Service LTD c/o Dynadot","","PO Box 701","San Mateo","California","94401","United States","koro-tama.com@superprivacyservice.com","+1.6505854708","","Super Privacy Service LTD c/o Dynadot","","PO Box 701","San Mateo","California","94401","United States","koro-tama.com@superprivacyservice.com","+1.6505854708","","","","","","","","","","","","jm1.dns.com","jm2.dns.com","","","clientTransferProhibited","","",""
"38","kortom.net","2021-07-08 15:35:21","2021-07-04","2021-07-05","2022-07-04","2282","Dynadot13 LLC","","","Super Privacy Service LTD c/o Dynadot","","PO Box 701","San Mateo","California","94401","United States","kortom.net@superprivacyservice.com","+1.6505854708","","Super Privacy Service LTD c/o Dynadot","","PO Box 701","San Mateo","California","94401","United States","kortom.net@superprivacyservice.com","+1.6505854708","","Super Privacy Service LTD c/o Dynadot","","PO Box 701","San Mateo","California","94401","United States","kortom.net@superprivacyservice.com","+1.6505854708","","","","","","","","","","","","jm1.dns.com","jm2.dns.com","","","clientTransferProhibited","","",""
"39","krespykreme.com","2021-07-08 14:30:27","2021-07-05","2021-07-07","2022-07-05","2282","Dynadot13 LLC","","","Super Privacy Service LTD c/o Dynadot","","PO Box 701","San Mateo","California","94401","United States","krespykreme.com@superprivacyservice.com","+1.6505854708","","Super Privacy Service LTD c/o Dynadot","","PO Box 701","San Mateo","California","94401","United States","krespykreme.com@superprivacyservice.com","+1.6505854708","","Super Privacy Service LTD c/o Dynadot","","PO Box 701","San Mateo","California","94401","United States","krespykreme.com@superprivacyservice.com","+1.6505854708","","","","","","","","","","","","jm1.dns.com","jm2.dns.com","","","clientTransferProhibited","","",""
"40","legenschool.com","2021-07-08 18:05:32","2021-07-05","2021-07-06","2022-07-05","2282","Dynadot13 LLC","","","Super Privacy Service LTD c/o Dynadot","","PO Box 701","San Mateo","California","94401","United States","legenschool.com@superprivacyservice.com","+1.6505854708","","Super Privacy Service LTD c/o Dynadot","","PO Box 701","San Mateo","California","94401","United States","legenschool.com@superprivacyservice.com","+1.6505854708","","Super Privacy Service LTD c/o Dynadot","","PO Box 701","San Mateo","California","94401","United States","legenschool.com@superprivacyservice.com","+1.6505854708","","","","","","","","","","","","jm1.dns.com","jm2.dns.com","","","clientTransferProhibited","","",""
"41","lipinzhubao.com","2021-07-08 14:24:57","2021-07-05","2021-07-06","2022-07-05","2282","Dynadot13 LLC","","","Super Privacy Service LTD c/o Dynadot","","PO Box 701","San Mateo","California","94401","United States","lipinzhubao.com@superprivacyservice.com","+1.6505854708","","Super Privacy Service LTD c/o Dynadot","","PO Box 701","San Mateo","California","94401","United States","lipinzhubao.com@superprivacyservice.com","+1.6505854708","","Super Privacy Service LTD c/o Dynadot","","PO Box 701","San Mateo","California","94401","United States","lipinzhubao.com@superprivacyservice.com","+1.6505854708","","","","","","","","","","","","ns1.gname-dns.com","ns2.gname-dns.com","","","clientTransferProhibited","","",""
"42","mall0573.com","2021-07-08 14:24:55","2021-07-05","2021-07-06","2022-07-05","2282","Dynadot13 LLC","","","Super Privacy Service LTD c/o Dynadot","","PO Box 701","San Mateo","California","94401","United States","mall0573.com@superprivacyservice.com","+1.6505854708","","Super Privacy Service LTD c/o Dynadot","","PO Box 701","San Mateo","California","94401","United States","mall0573.com@superprivacyservice.com","+1.6505854708","","Super Privacy Service LTD c/o Dynadot","","PO Box 701","San Mateo","California","94401","United States","mall0573.com@superprivacyservice.com","+1.6505854708","","","","","","","","","","","","ns1.gname-dns.com","ns2.gname-dns.com","","","clientTransferProhibited","","",""
"43","mejarapat.com","2021-07-08 18:15:35","2021-07-05","2021-07-07","2022-07-05","2282","Dynadot13 LLC","","","Super Privacy Service LTD c/o Dynadot","","PO Box 701","San Mateo","California","94401","United States","mejarapat.com@superprivacyservice.com","+1.6505854708","","Super Privacy Service LTD c/o Dynadot","","PO Box 701","San Mateo","California","94401","United States","mejarapat.com@superprivacyservice.com","+1.6505854708","","Super Privacy Service LTD c/o Dynadot","","PO Box 701","San Mateo","California","94401","United States","mejarapat.com@superprivacyservice.com","+1.6505854708","","","","","","","","","","","","jm1.dns.com","jm2.dns.com","","","clientTransferProhibited","","",""
"44","michiganduilaws.net","2021-07-08 14:46:25","2021-07-04","2021-07-06","2022-07-04","2282","Dynadot13 LLC","","","Super Privacy Service LTD c/o Dynadot","","PO Box 701","San Mateo","California","94401","United States","michiganduilaws.net@superprivacyservice.com","+1.6505854708","","Super Privacy Service LTD c/o Dynadot","","PO Box 701","San Mateo","California","94401","United States","michiganduilaws.net@superprivacyservice.com","+1.6505854708","","Super Privacy Service LTD c/o Dynadot","","PO Box 701","San Mateo","California","94401","United States","michiganduilaws.net@superprivacyservice.com","+1.6505854708","","","","","","","","","","","","jm1.dns.com","jm2.dns.com","","","clientTransferProhibited","","",""
"45","mkfwatch.com","2021-07-08 18:04:23","2021-07-05","2021-07-06","2022-07-05","2282","Dynadot13 LLC","","","Super Privacy Service LTD c/o Dynadot","","PO Box 701","San Mateo","California","94401","United States","mkfwatch.com@superprivacyservice.com","+1.6505854708","","Super Privacy Service LTD c/o Dynadot","","PO Box 701","San Mateo","California","94401","United States","mkfwatch.com@superprivacyservice.com","+1.6505854708","","Super Privacy Service LTD c/o Dynadot","","PO Box 701","San Mateo","California","94401","United States","mkfwatch.com@superprivacyservice.com","+1.6505854708","","","","","","","","","","","","ns1.gname-dns.com","ns2.gname-dns.com","","","clientTransferProhibited","","",""
"46","moyanhance.com","2021-07-08 17:41:29","2021-07-05","2021-07-06","2022-07-05","2282","Dynadot13 LLC","","","Super Privacy Service LTD c/o Dynadot","","PO Box 701","San Mateo","California","94401","United States","moyanhance.com@superprivacyservice.com","+1.6505854708","","Super Privacy Service LTD c/o Dynadot","","PO Box 701","San Mateo","California","94401","United States","moyanhance.com@superprivacyservice.com","+1.6505854708","","Super Privacy Service LTD c/o Dynadot","","PO Box 701","San Mateo","California","94401","United States","moyanhance.com@superprivacyservice.com","+1.6505854708","","","","","","","","","","","","ns1.gname-dns.com","ns2.gname-dns.com","","","clientTransferProhibited","","",""
"47","mrpaulcurrie.com","2021-07-08 18:06:10","2021-07-05","2021-07-06","2022-07-05","2282","Dynadot13 LLC","","","Super Privacy Service LTD c/o Dynadot","","PO Box 701","San Mateo","California","94401","United States","mrpaulcurrie.com@superprivacyservice.com","+1.6505854708","","Super Privacy Service LTD c/o Dynadot","","PO Box 701","San Mateo","California","94401","United States","mrpaulcurrie.com@superprivacyservice.com","+1.6505854708","","Super Privacy Service LTD c/o Dynadot","","PO Box 701","San Mateo","California","94401","United States","mrpaulcurrie.com@superprivacyservice.com","+1.6505854708","","","","","","","","","","","","ns1.gname-dns.com","ns2.gname-dns.com","","","clientTransferProhibited","","",""
"48","mulkeyvision.com","2021-07-08 18:20:05","2021-07-05","2021-07-07","2022-07-05","2282","Dynadot13 LLC","","","Super Privacy Service LTD c/o Dynadot","","PO Box 701","San Mateo","California","94401","United States","mulkeyvision.com@superprivacyservice.com","+1.6505854708","","Super Privacy Service LTD c/o Dynadot","","PO Box 701","San Mateo","California","94401","United States","mulkeyvision.com@superprivacyservice.com","+1.6505854708","","Super Privacy Service LTD c/o Dynadot","","PO Box 701","San Mateo","California","94401","United States","mulkeyvision.com@superprivacyservice.com","+1.6505854708","","","","","","","","","","","","jm1.alidns.com","jm2.alidns.com","","","clientTransferProhibited","","",""
"49","my8x.com","2021-07-08 18:18:00","2021-07-05","2021-07-06","2022-07-05","2282","Dynadot13 LLC","","","Super Privacy Service LTD c/o Dynadot","","PO Box 701","San Mateo","California","94401","United States","my8x.com@superprivacyservice.com","+1.6505854708","","Super Privacy Service LTD c/o Dynadot","","PO Box 701","San Mateo","California","94401","United States","my8x.com@superprivacyservice.com","+1.6505854708","","Super Privacy Service LTD c/o Dynadot","","PO Box 701","San Mateo","California","94401","United States","my8x.com@superprivacyservice.com","+1.6505854708","","","","","","","","","","","","ns1.gname-dns.com","ns2.gname-dns.com","","","clientTransferProhibited","","",""
"50","nikkohitech.com","2021-07-08 18:20:15","2021-07-05","2021-07-07","2022-07-05","2282","Dynadot13 LLC","","","Super Privacy Service LTD c/o Dynadot","","PO Box 701","San Mateo","California","94401","United States","nikkohitech.com@superprivacyservice.com","+1.6505854708","","Super Privacy Service LTD c/o Dynadot","","PO Box 701","San Mateo","California","94401","United States","nikkohitech.com@superprivacyservice.com","+1.6505854708","","Super Privacy Service LTD c/o Dynadot","","PO Box 701","San Mateo","California","94401","United States","nikkohitech.com@superprivacyservice.com","+1.6505854708","","","","","","","","","","","","jm1.alidns.com","jm2.alidns.com","","","clientTransferProhibited","","",""
"51","njkjc.com","2021-07-08 17:45:31","2021-07-05","2021-07-08","2022-07-05","2282","Dynadot13 LLC","","","Super Privacy Service LTD c/o Dynadot","","PO Box 701","San Mateo","California","94401","United States","njkjc.com@superprivacyservice.com","+1.6505854708","","Super Privacy Service LTD c/o Dynadot","","PO Box 701","San Mateo","California","94401","United States","njkjc.com@superprivacyservice.com","+1.6505854708","","Super Privacy Service LTD c/o Dynadot","","PO Box 701","San Mateo","California","94401","United States","njkjc.com@superprivacyservice.com","+1.6505854708","","","","","","","","","","","","jm1.dns.com","jm2.dns.com","","","clientTransferProhibited","","",""
"52","outdoorsunlimitedusa.com","2021-07-08 18:14:46","2021-07-05","2021-07-06","2022-07-05","2282","Dynadot13 LLC","","","Super Privacy Service LTD c/o Dynadot","","PO Box 701","San Mateo","California","94401","United States","outdoorsunlimitedusa.com@superprivacyservice.com","+1.6505854708","","Super Privacy Service LTD c/o Dynadot","","PO Box 701","San Mateo","California","94401","United States","outdoorsunlimitedusa.com@superprivacyservice.com","+1.6505854708","","Super Privacy Service LTD c/o Dynadot","","PO Box 701","San Mateo","California","94401","United States","outdoorsunlimitedusa.com@superprivacyservice.com","+1.6505854708","","","","","","","","","","","","jm1.dns.com","jm2.dns.com","","","clientTransferProhibited","","",""
"53","ownbbs.net","2021-07-08 15:33:42","2021-07-04","2021-07-05","2022-07-04","2282","Dynadot13 LLC","","","Super Privacy Service LTD c/o Dynadot","","PO Box 701","San Mateo","California","94401","United States","ownbbs.net@superprivacyservice.com","+1.6505854708","","Super Privacy Service LTD c/o Dynadot","","PO Box 701","San Mateo","California","94401","United States","ownbbs.net@superprivacyservice.com","+1.6505854708","","Super Privacy Service LTD c/o Dynadot","","PO Box 701","San Mateo","California","94401","United States","ownbbs.net@superprivacyservice.com","+1.6505854708","","","","","","","","","","","","ns1.gname-dns.com","ns2.gname-dns.com","","","clientTransferProhibited","","",""
"54","padinet.net","2021-07-08 15:33:49","2021-07-04","2021-07-05","2022-07-04","2282","Dynadot13 LLC","","","Super Privacy Service LTD c/o Dynadot","","PO Box 701","San Mateo","California","94401","United States","padinet.net@superprivacyservice.com","+1.6505854708","","Super Privacy Service LTD c/o Dynadot","","PO Box 701","San Mateo","California","94401","United States","padinet.net@superprivacyservice.com","+1.6505854708","","Super Privacy Service LTD c/o Dynadot","","PO Box 701","San Mateo","California","94401","United States","padinet.net@superprivacyservice.com","+1.6505854708","","","","","","","","","","","","jm1.dns.com","jm2.dns.com","","","clientTransferProhibited","","",""
"55","planetborneolodge.com","2021-07-08 14:22:23","2021-07-05","2021-07-06","2022-07-05","2282","Dynadot13 LLC","","","Super Privacy Service LTD c/o Dynadot","","PO Box 701","San Mateo","California","94401","United States","planetborneolodge.com@superprivacyservice.com","+1.6505854708","","Super Privacy Service LTD c/o Dynadot","","PO Box 701","San Mateo","California","94401","United States","planetborneolodge.com@superprivacyservice.com","+1.6505854708","","Super Privacy Service LTD c/o Dynadot","","PO Box 701","San Mateo","California","94401","United States","planetborneolodge.com@superprivacyservice.com","+1.6505854708","","","","","","","","","","","","jm1.dns.com","jm2.dns.com","","","clientTransferProhibited","","",""
"56","profilesinlaw.com","2021-07-08 14:19:00","2021-07-05","2021-07-07","2022-07-05","2282","Dynadot13 LLC","","","Super Privacy Service LTD c/o Dynadot","","PO Box 701","San Mateo","California","94401","United States","profilesinlaw.com@superprivacyservice.com","+1.6505854708","","Super Privacy Service LTD c/o Dynadot","","PO Box 701","San Mateo","California","94401","United States","profilesinlaw.com@superprivacyservice.com","+1.6505854708","","Super Privacy Service LTD c/o Dynadot","","PO Box 701","San Mateo","California","94401","United States","profilesinlaw.com@superprivacyservice.com","+1.6505854708","","","","","","","","","","","","jm1.dns.com","jm2.dns.com","","","clientTransferProhibited","","",""
"57","pusatservicetimbangan.com","2021-07-08 17:59:11","2021-07-05","2021-07-06","2022-07-05","2282","Dynadot13 LLC","","","Super Privacy Service LTD c/o Dynadot","","PO Box 701","San Mateo","California","94401","United States","pusatservicetimbangan.com@superprivacyservice.com","+1.6505854708","","Super Privacy Service LTD c/o Dynadot","","PO Box 701","San Mateo","California","94401","United States","pusatservicetimbangan.com@superprivacyservice.com","+1.6505854708","","Super Privacy Service LTD c/o Dynadot","","PO Box 701","San Mateo","California","94401","United States","pusatservicetimbangan.com@superprivacyservice.com","+1.6505854708","","","","","","","","","","","","jm1.dns.com","jm2.dns.com","","","clientTransferProhibited","","",""
"58","qingkewine.com","2021-07-08 17:28:43","2021-07-05","2021-07-06","2022-07-05","2282","Dynadot13 LLC","","","Super Privacy Service LTD c/o Dynadot","","PO Box 701","San Mateo","California","94401","United States","qingkewine.com@superprivacyservice.com","+1.6505854708","","Super Privacy Service LTD c/o Dynadot","","PO Box 701","San Mateo","California","94401","United States","qingkewine.com@superprivacyservice.com","+1.6505854708","","Super Privacy Service LTD c/o Dynadot","","PO Box 701","San Mateo","California","94401","United States","qingkewine.com@superprivacyservice.com","+1.6505854708","","","","","","","","","","","","jm1.dns.com","jm2.dns.com","","","clientTransferProhibited","","",""
"59","qszd.net","2021-07-08 15:35:59","2021-07-04","2021-07-05","2022-07-04","2282","Dynadot13 LLC","","","Super Privacy Service LTD c/o Dynadot","","PO Box 701","San Mateo","California","94401","United States","qszd.net@superprivacyservice.com","+1.6505854708","","Super Privacy Service LTD c/o Dynadot","","PO Box 701","San Mateo","California","94401","United States","qszd.net@superprivacyservice.com","+1.6505854708","","Super Privacy Service LTD c/o Dynadot","","PO Box 701","San Mateo","California","94401","United States","qszd.net@superprivacyservice.com","+1.6505854708","","","","","","","","","","","","ns1.gname-dns.com","ns2.gname-dns.com","","","clientTransferProhibited","","",""
"60","quyuanjin.com","2021-07-08 17:34:32","2021-07-05","2021-07-08","2022-07-05","2282","Dynadot13 LLC","","","Super Privacy Service LTD c/o Dynadot","","PO Box 701","San Mateo","California","94401","United States","quyuanjin.com@superprivacyservice.com","+1.6505854708","","Super Privacy Service LTD c/o Dynadot","","PO Box 701","San Mateo","California","94401","United States","quyuanjin.com@superprivacyservice.com","+1.6505854708","","Super Privacy Service LTD c/o Dynadot","","PO Box 701","San Mateo","California","94401","United States","quyuanjin.com@superprivacyservice.com","+1.6505854708","","","","","","","","","","","","jm1.dns.com","jm2.dns.com","","","clientTransferProhibited","","",""
"61","rajhjx.com","2021-07-08 17:35:27","2021-07-05","2021-07-06","2022-07-05","2282","Dynadot13 LLC","","","Super Privacy Service LTD c/o Dynadot","","PO Box 701","San Mateo","California","94401","United States","rajhjx.com@superprivacyservice.com","+1.6505854708","","Super Privacy Service LTD c/o Dynadot","","PO Box 701","San Mateo","California","94401","United States","rajhjx.com@superprivacyservice.com","+1.6505854708","","Super Privacy Service LTD c/o Dynadot","","PO Box 701","San Mateo","California","94401","United States","rajhjx.com@superprivacyservice.com","+1.6505854708","","","","","","","","","","","","ns1.gname-dns.com","ns2.gname-dns.com","","","clientTransferProhibited","","",""
"62","redbridgelocksmiths.com","2021-07-08 17:40:28","2021-07-05","2021-07-06","2022-07-05","2282","Dynadot13 LLC","","","Super Privacy Service LTD c/o Dynadot","","PO Box 701","San Mateo","California","94401","United States","redbridgelocksmiths.com@superprivacyservice.com","+1.6505854708","","Super Privacy Service LTD c/o Dynadot","","PO Box 701","San Mateo","California","94401","United States","redbridgelocksmiths.com@superprivacyservice.com","+1.6505854708","","Super Privacy Service LTD c/o Dynadot","","PO Box 701","San Mateo","California","94401","United States","redbridgelocksmiths.com@superprivacyservice.com","+1.6505854708","","","","","","","","","","","","jm1.dns.com","jm2.dns.com","","","clientTransferProhibited","","",""
"63","shougouranliao.com","2021-07-08 17:35:27","2021-07-05","2021-07-06","2022-07-05","2282","Dynadot13 LLC","","","Super Privacy Service LTD c/o Dynadot","","PO Box 701","San Mateo","California","94401","United States","shougouranliao.com@superprivacyservice.com","+1.6505854708","","Super Privacy Service LTD c/o Dynadot","","PO Box 701","San Mateo","California","94401","United States","shougouranliao.com@superprivacyservice.com","+1.6505854708","","Super Privacy Service LTD c/o Dynadot","","PO Box 701","San Mateo","California","94401","United States","shougouranliao.com@superprivacyservice.com","+1.6505854708","","","","","","","","","","","","ns1.gname-dns.com","ns2.gname-dns.com","","","clientTransferProhibited","","",""
"64","so-ji.com","2021-07-08 18:14:30","2021-07-05","2021-07-07","2022-07-05","2282","Dynadot13 LLC","","","Super Privacy Service LTD c/o Dynadot","","PO Box 701","San Mateo","California","94401","United States","so-ji.com@superprivacyservice.com","+1.6505854708","","Super Privacy Service LTD c/o Dynadot","","PO Box 701","San Mateo","California","94401","United States","so-ji.com@superprivacyservice.com","+1.6505854708","","Super Privacy Service LTD c/o Dynadot","","PO Box 701","San Mateo","California","94401","United States","so-ji.com@superprivacyservice.com","+1.6505854708","","","","","","","","","","","","jm1.dns.com","jm2.dns.com","","","clientTransferProhibited","","",""
"65","solut1on.com","2021-07-08 14:21:22","2021-07-05","2021-07-07","2022-07-05","2282","Dynadot13 LLC","","","Super Privacy Service LTD c/o Dynadot","","PO Box 701","San Mateo","California","94401","United States","solut1on.com@superprivacyservice.com","+1.6505854708","","Super Privacy Service LTD c/o Dynadot","","PO Box 701","San Mateo","California","94401","United States","solut1on.com@superprivacyservice.com","+1.6505854708","","Super Privacy Service LTD c/o Dynadot","","PO Box 701","San Mateo","California","94401","United States","solut1on.com@superprivacyservice.com","+1.6505854708","","","","","","","","","","","","jm1.dns.com","jm2.dns.com","","","clientTransferProhibited","","",""
"66","stahrphoto.com","2021-07-08 14:18:48","2021-07-05","2021-07-07","2022-07-05","2282","Dynadot13 LLC","","","Super Privacy Service LTD c/o Dynadot","","PO Box 701","San Mateo","California","94401","United States","stahrphoto.com@superprivacyservice.com","+1.6505854708","","Super Privacy Service LTD c/o Dynadot","","PO Box 701","San Mateo","California","94401","United States","stahrphoto.com@superprivacyservice.com","+1.6505854708","","Super Privacy Service LTD c/o Dynadot","","PO Box 701","San Mateo","California","94401","United States","stahrphoto.com@superprivacyservice.com","+1.6505854708","","","","","","","","","","","","jm1.dns.com","jm2.dns.com","","","clientTransferProhibited","","",""
"67","supertela.net","2021-07-08 15:35:29","2021-07-04","2021-07-06","2022-07-04","2282","Dynadot13 LLC","","","Super Privacy Service LTD c/o Dynadot","","PO Box 701","San Mateo","California","94401","United States","supertela.net@superprivacyservice.com","+1.6505854708","","Super Privacy Service LTD c/o Dynadot","","PO Box 701","San Mateo","California","94401","United States","supertela.net@superprivacyservice.com","+1.6505854708","","Super Privacy Service LTD c/o Dynadot","","PO Box 701","San Mateo","California","94401","United States","supertela.net@superprivacyservice.com","+1.6505854708","","","","","","","","","","","","jm1.dns.com","jm2.dns.com","","","clientTransferProhibited","","",""
"68","szspwl.com","2021-07-08 18:29:10","2021-07-05","2021-07-06","2022-07-05","2282","Dynadot13 LLC","","","Super Privacy Service LTD c/o Dynadot","","PO Box 701","San Mateo","California","94401","United States","szspwl.com@superprivacyservice.com","+1.6505854708","","Super Privacy Service LTD c/o Dynadot","","PO Box 701","San Mateo","California","94401","United States","szspwl.com@superprivacyservice.com","+1.6505854708","","Super Privacy Service LTD c/o Dynadot","","PO Box 701","San Mateo","California","94401","United States","szspwl.com@superprivacyservice.com","+1.6505854708","","","","","","","","","","","","ns1.gname-dns.com","ns2.gname-dns.com","","","clientTransferProhibited","","",""
"69","szxlltd.com","2021-07-08 17:35:21","2021-07-05","2021-07-06","2022-07-05","2282","Dynadot13 LLC","","","Super Privacy Service LTD c/o Dynadot","","PO Box 701","San Mateo","California","94401","United States","szxlltd.com@superprivacyservice.com","+1.6505854708","","Super Privacy Service LTD c/o Dynadot","","PO Box 701","San Mateo","California","94401","United States","szxlltd.com@superprivacyservice.com","+1.6505854708","","Super Privacy Service LTD c/o Dynadot","","PO Box 701","San Mateo","California","94401","United States","szxlltd.com@superprivacyservice.com","+1.6505854708","","","","","","","","","","","","ns1.gname-dns.com","ns2.gname-dns.com","","","clientTransferProhibited","","",""
"70","szyingjie.net","2021-07-08 14:46:30","2021-07-04","2021-07-05","2022-07-04","2282","Dynadot13 LLC","","","Super Privacy Service LTD c/o Dynadot","","PO Box 701","San Mateo","California","94401","United States","szyingjie.net@superprivacyservice.com","+1.6505854708","","Super Privacy Service LTD c/o Dynadot","","PO Box 701","San Mateo","California","94401","United States","szyingjie.net@superprivacyservice.com","+1.6505854708","","Super Privacy Service LTD c/o Dynadot","","PO Box 701","San Mateo","California","94401","United States","szyingjie.net@superprivacyservice.com","+1.6505854708","","","","","","","","","","","","ns1.gname-dns.com","ns2.gname-dns.com","","","clientTransferProhibited","","",""
"71","tanani.net","2021-07-08 15:33:38","2021-07-04","2021-07-05","2022-07-04","2282","Dynadot13 LLC","","","Super Privacy Service LTD c/o Dynadot","","PO Box 701","San Mateo","California","94401","United States","tanani.net@superprivacyservice.com","+1.6505854708","","Super Privacy Service LTD c/o Dynadot","","PO Box 701","San Mateo","California","94401","United States","tanani.net@superprivacyservice.com","+1.6505854708","","Super Privacy Service LTD c/o Dynadot","","PO Box 701","San Mateo","California","94401","United States","tanani.net@superprivacyservice.com","+1.6505854708","","","","","","","","","","","","jm1.dns.com","jm2.dns.com","","","clientTransferProhibited","","",""
"72","taobaodaixiao.net","2021-07-08 15:33:45","2021-07-04","2021-07-05","2022-07-04","2282","Dynadot13 LLC","","","Super Privacy Service LTD c/o Dynadot","","PO Box 701","San Mateo","California","94401","United States","taobaodaixiao.net@superprivacyservice.com","+1.6505854708","","Super Privacy Service LTD c/o Dynadot","","PO Box 701","San Mateo","California","94401","United States","taobaodaixiao.net@superprivacyservice.com","+1.6505854708","","Super Privacy Service LTD c/o Dynadot","","PO Box 701","San Mateo","California","94401","United States","taobaodaixiao.net@superprivacyservice.com","+1.6505854708","","","","","","","","","","","","ns1.gname-dns.com","ns2.gname-dns.com","","","clientTransferProhibited","","",""
"73","tbhbnz.com","2021-07-08 17:28:08","2021-07-05","2021-07-06","2022-07-05","2282","Dynadot13 LLC","","","Super Privacy Service LTD c/o Dynadot","","PO Box 701","San Mateo","California","94401","United States","tbhbnz.com@superprivacyservice.com","+1.6505854708","","Super Privacy Service LTD c/o Dynadot","","PO Box 701","San Mateo","California","94401","United States","tbhbnz.com@superprivacyservice.com","+1.6505854708","","Super Privacy Service LTD c/o Dynadot","","PO Box 701","San Mateo","California","94401","United States","tbhbnz.com@superprivacyservice.com","+1.6505854708","","","","","","","","","","","","ns1.ririai662.com","ns2.ririai662.com","","","clientTransferProhibited","","",""
"74","tdsmmr.com","2021-07-08 17:50:42","2021-07-05","2021-07-06","2022-07-05","2282","Dynadot13 LLC","","","Super Privacy Service LTD c/o Dynadot","","PO Box 701","San Mateo","California","94401","United States","tdsmmr.com@superprivacyservice.com","+1.6505854708","","Super Privacy Service LTD c/o Dynadot","","PO Box 701","San Mateo","California","94401","United States","tdsmmr.com@superprivacyservice.com","+1.6505854708","","Super Privacy Service LTD c/o Dynadot","","PO Box 701","San Mateo","California","94401","United States","tdsmmr.com@superprivacyservice.com","+1.6505854708","","","","","","","","","","","","ns1.gname-dns.com","ns2.gname-dns.com","","","clientTransferProhibited","","",""
"75","thecubanrecipes.com","2021-07-08 18:38:38","2021-07-05","2021-07-06","2022-07-05","2282","Dynadot13 LLC","","","Super Privacy Service LTD c/o Dynadot","","PO Box 701","San Mateo","California","94401","United States","thecubanrecipes.com@superprivacyservice.com","+1.6505854708","","Super Privacy Service LTD c/o Dynadot","","PO Box 701","San Mateo","California","94401","United States","thecubanrecipes.com@superprivacyservice.com","+1.6505854708","","Super Privacy Service LTD c/o Dynadot","","PO Box 701","San Mateo","California","94401","United States","thecubanrecipes.com@superprivacyservice.com","+1.6505854708","","","","","","","","","","","","jm1.dns.com","jm2.dns.com","","","clientTransferProhibited","","",""
"76","thirdfloortapes.com","2021-07-08 18:05:47","2021-07-05","2021-07-06","2022-07-05","2282","Dynadot13 LLC","","","Super Privacy Service LTD c/o Dynadot","","PO Box 701","San Mateo","California","94401","United States","thirdfloortapes.com@superprivacyservice.com","+1.6505854708","","Super Privacy Service LTD c/o Dynadot","","PO Box 701","San Mateo","California","94401","United States","thirdfloortapes.com@superprivacyservice.com","+1.6505854708","","Super Privacy Service LTD c/o Dynadot","","PO Box 701","San Mateo","California","94401","United States","thirdfloortapes.com@superprivacyservice.com","+1.6505854708","","","","","","","","","","","","jm1.dns.com","jm2.dns.com","","","clientTransferProhibited","","",""
"77","thompsonmb.com","2021-07-08 18:37:47","2021-07-05","2021-07-07","2022-07-05","2282","Dynadot13 LLC","","","Super Privacy Service LTD c/o Dynadot","","PO Box 701","San Mateo","California","94401","United States","thompsonmb.com@superprivacyservice.com","+1.6505854708","","Super Privacy Service LTD c/o Dynadot","","PO Box 701","San Mateo","California","94401","United States","thompsonmb.com@superprivacyservice.com","+1.6505854708","","Super Privacy Service LTD c/o Dynadot","","PO Box 701","San Mateo","California","94401","United States","thompsonmb.com@superprivacyservice.com","+1.6505854708","","","","","","","","","","","","jm1.alidns.com","jm2.alidns.com","","","clientTransferProhibited","","",""
"78","tochigi-badminton.info","2021-07-08 15:43:32","2021-07-06","2021-07-07","2022-07-06","2282","Dynadot13 LLC","","","","","","","California","","United States","","","","","","","","","","","","","","","","","","","","","","","","","","","","","","","","","","ns1.brainydns.com","ns2.brainydns.com","","","addPeriod","clientTransferProhibited","serverTransferProhibited",""
"79","tohidmanesh.com","2021-07-08 14:21:25","2021-07-05","2021-07-06","2022-07-05","2282","Dynadot13 LLC","","","Super Privacy Service LTD c/o Dynadot","","PO Box 701","San Mateo","California","94401","United States","tohidmanesh.com@superprivacyservice.com","+1.6505854708","","Super Privacy Service LTD c/o Dynadot","","PO Box 701","San Mateo","California","94401","United States","tohidmanesh.com@superprivacyservice.com","+1.6505854708","","Super Privacy Service LTD c/o Dynadot","","PO Box 701","San Mateo","California","94401","United States","tohidmanesh.com@superprivacyservice.com","+1.6505854708","","","","","","","","","","","","jm1.dns.com","jm2.dns.com","","","clientTransferProhibited","","",""
"80","topsteelind.com","2021-07-08 18:17:42","2021-07-05","2021-07-07","2022-07-05","2282","Dynadot13 LLC","","","Super Privacy Service LTD c/o Dynadot","","PO Box 701","San Mateo","California","94401","United States","topsteelind.com@superprivacyservice.com","+1.6505854708","","Super Privacy Service LTD c/o Dynadot","","PO Box 701","San Mateo","California","94401","United States","topsteelind.com@superprivacyservice.com","+1.6505854708","","Super Privacy Service LTD c/o Dynadot","","PO Box 701","San Mateo","California","94401","United States","topsteelind.com@superprivacyservice.com","+1.6505854708","","","","","","","","","","","","jm1.dns.com","jm2.dns.com","","","clientTransferProhibited","","",""
"81","tricolor-tv.net","2021-07-08 14:46:32","2021-07-04","2021-07-06","2022-07-04","2282","Dynadot13 LLC","","","Super Privacy Service LTD c/o Dynadot","","PO Box 701","San Mateo","California","94401","United States","tricolor-tv.net@superprivacyservice.com","+1.6505854708","","Super Privacy Service LTD c/o Dynadot","","PO Box 701","San Mateo","California","94401","United States","tricolor-tv.net@superprivacyservice.com","+1.6505854708","","Super Privacy Service LTD c/o Dynadot","","PO Box 701","San Mateo","California","94401","United States","tricolor-tv.net@superprivacyservice.com","+1.6505854708","","","","","","","","","","","","jm1.dns.com","jm2.dns.com","","","clientTransferProhibited","","",""
"82","vahbq.com","2021-07-08 17:24:57","2021-07-05","2021-07-06","2022-07-05","2282","Dynadot13 LLC","","","Super Privacy Service LTD c/o Dynadot","","PO Box 701","San Mateo","California","94401","United States","vahbq.com@superprivacyservice.com","+1.6505854708","","Super Privacy Service LTD c/o Dynadot","","PO Box 701","San Mateo","California","94401","United States","vahbq.com@superprivacyservice.com","+1.6505854708","","Super Privacy Service LTD c/o Dynadot","","PO Box 701","San Mateo","California","94401","United States","vahbq.com@superprivacyservice.com","+1.6505854708","","","","","","","","","","","","ns1.gname-dns.com","ns2.gname-dns.com","","","clientTransferProhibited","","",""
"83","vietnamtoursandtravel.com","2021-07-08 17:29:19","2021-07-05","2021-07-07","2022-07-05","2282","Dynadot13 LLC","","","Super Privacy Service LTD c/o Dynadot","","PO Box 701","San Mateo","California","94401","United States","vietnamtoursandtravel.com@superprivacyservice.com","+1.6505854708","","Super Privacy Service LTD c/o Dynadot","","PO Box 701","San Mateo","California","94401","United States","vietnamtoursandtravel.com@superprivacyservice.com","+1.6505854708","","Super Privacy Service LTD c/o Dynadot","","PO Box 701","San Mateo","California","94401","United States","vietnamtoursandtravel.com@superprivacyservice.com","+1.6505854708","","","","","","","","","","","","jm1.alidns.com","jm2.alidns.com","","","clientTransferProhibited","","",""
"84","vodktv.net","2021-07-08 15:33:49","2021-07-04","2021-07-05","2022-07-04","2282","Dynadot13 LLC","","","Super Privacy Service LTD c/o Dynadot","","PO Box 701","San Mateo","California","94401","United States","vodktv.net@superprivacyservice.com","+1.6505854708","","Super Privacy Service LTD c/o Dynadot","","PO Box 701","San Mateo","California","94401","United States","vodktv.net@superprivacyservice.com","+1.6505854708","","Super Privacy Service LTD c/o Dynadot","","PO Box 701","San Mateo","California","94401","United States","vodktv.net@superprivacyservice.com","+1.6505854708","","","","","","","","","","","","jm1.dns.com","jm2.dns.com","","","clientTransferProhibited","","",""
"85","wcmeilin.com","2021-07-08 17:28:23","2021-07-05","2021-07-08","2022-07-05","2282","Dynadot13 LLC","","","Super Privacy Service LTD c/o Dynadot","","PO Box 701","San Mateo","California","94401","United States","wcmeilin.com@superprivacyservice.com","+1.6505854708","","Super Privacy Service LTD c/o Dynadot","","PO Box 701","San Mateo","California","94401","United States","wcmeilin.com@superprivacyservice.com","+1.6505854708","","Super Privacy Service LTD c/o Dynadot","","PO Box 701","San Mateo","California","94401","United States","wcmeilin.com@superprivacyservice.com","+1.6505854708","","","","","","","","","","","","jm1.dns.com","jm2.dns.com","","","clientTransferProhibited","","",""
"86","xftec.net","2021-07-08 15:33:49","2021-07-04","2021-07-05","2022-07-04","2282","Dynadot13 LLC","","","Super Privacy Service LTD c/o Dynadot","","PO Box 701","San Mateo","California","94401","United States","xftec.net@superprivacyservice.com","+1.6505854708","","Super Privacy Service LTD c/o Dynadot","","PO Box 701","San Mateo","California","94401","United States","xftec.net@superprivacyservice.com","+1.6505854708","","Super Privacy Service LTD c/o Dynadot","","PO Box 701","San Mateo","California","94401","United States","xftec.net@superprivacyservice.com","+1.6505854708","","","","","","","","","","","","ns1.gname-dns.com","ns2.gname-dns.com","","","clientTransferProhibited","","",""
"87","xushiquan.com","2021-07-08 17:28:37","2021-07-05","2021-07-08","2022-07-05","2282","Dynadot13 LLC","","","Super Privacy Service LTD c/o Dynadot","","PO Box 701","San Mateo","California","94401","United States","xushiquan.com@superprivacyservice.com","+1.6505854708","","Super Privacy Service LTD c/o Dynadot","","PO Box 701","San Mateo","California","94401","United States","xushiquan.com@superprivacyservice.com","+1.6505854708","","Super Privacy Service LTD c/o Dynadot","","PO Box 701","San Mateo","California","94401","United States","xushiquan.com@superprivacyservice.com","+1.6505854708","","","","","","","","","","","","jm1.dns.com","jm2.dns.com","","","clientTransferProhibited","","",""
"88","yesdearhomes.com","2021-07-08 14:18:33","2021-07-05","2021-07-06","2022-07-05","2282","Dynadot13 LLC","","","Super Privacy Service LTD c/o Dynadot","","PO Box 701","San Mateo","California","94401","United States","yesdearhomes.com@superprivacyservice.com","+1.6505854708","","Super Privacy Service LTD c/o Dynadot","","PO Box 701","San Mateo","California","94401","United States","yesdearhomes.com@superprivacyservice.com","+1.6505854708","","Super Privacy Service LTD c/o Dynadot","","PO Box 701","San Mateo","California","94401","United States","yesdearhomes.com@superprivacyservice.com","+1.6505854708","","","","","","","","","","","","jm1.dns.com","jm2.dns.com","","","clientTransferProhibited","","",""
"89","zcscqxj.net","2021-07-08 15:33:38","2021-07-04","2021-07-05","2022-07-04","2282","Dynadot13 LLC","","","Super Privacy Service LTD c/o Dynadot","","PO Box 701","San Mateo","California","94401","United States","zcscqxj.net@superprivacyservice.com","+1.6505854708","","Super Privacy Service LTD c/o Dynadot","","PO Box 701","San Mateo","California","94401","United States","zcscqxj.net@superprivacyservice.com","+1.6505854708","","Super Privacy Service LTD c/o Dynadot","","PO Box 701","San Mateo","California","94401","United States","zcscqxj.net@superprivacyservice.com","+1.6505854708","","","","","","","","","","","","jm1.dns.com","jm2.dns.com","","","clientTransferProhibited","","",""
"90","zhaolaochu.com","2021-07-08 14:27:45","2021-07-05","2021-07-06","2022-07-05","2282","Dynadot13 LLC","","","Super Privacy Service LTD c/o Dynadot","","PO Box 701","San Mateo","California","94401","United States","zhaolaochu.com@superprivacyservice.com","+1.6505854708","","Super Privacy Service LTD c/o Dynadot","","PO Box 701","San Mateo","California","94401","United States","zhaolaochu.com@superprivacyservice.com","+1.6505854708","","Super Privacy Service LTD c/o Dynadot","","PO Box 701","San Mateo","California","94401","United States","zhaolaochu.com@superprivacyservice.com","+1.6505854708","","","","","","","","","","","","ns1.gname-dns.com","ns2.gname-dns.com","","","clientTransferProhibited","","",""
"91","zibodian.com","2021-07-08 17:28:28","2021-07-05","2021-07-08","2022-07-05","2282","Dynadot13 LLC","","","Super Privacy Service LTD c/o Dynadot","","PO Box 701","San Mateo","California","94401","United States","zibodian.com@superprivacyservice.com","+1.6505854708","","Super Privacy Service LTD c/o Dynadot","","PO Box 701","San Mateo","California","94401","United States","zibodian.com@superprivacyservice.com","+1.6505854708","","Super Privacy Service LTD c/o Dynadot","","PO Box 701","San Mateo","California","94401","United States","zibodian.com@superprivacyservice.com","+1.6505854708","","","","","","","","","","","","jm1.dns.com","jm2.dns.com","","","clientTransferProhibited","","",""