"num","domain_name","query_time","create_date","update_date","expiry_date","domain_registrar_id","domain_registrar_name","domain_registrar_whois","domain_registrar_url","registrant_name","registrant_company","registrant_address","registrant_city","registrant_state","registrant_zip","registrant_country","registrant_email","registrant_phone","registrant_fax","administrative_name","administrative_company","administrative_address","administrative_city","administrative_state","administrative_zip","administrative_country","administrative_email","administrative_phone","administrative_fax","technical_name","technical_company","technical_address","technical_city","technical_state","technical_zip","technical_country","technical_email","technical_phone","technical_fax","billing_name","billing_company","billing_address","billing_city","billing_state","billing_zip","billing_country","billing_email","billing_phone","billing_fax","name_server_1","name_server_2","name_server_3","name_server_4","domain_status_1","domain_status_2","domain_status_3","domain_status_4"
"1","achegandonosagalicia.com","2021-07-08 17:02:13","2021-07-05","2021-07-05","2022-07-05","1600","Estrategias WebSite S.L.","whois2.virtualname.es","http://www.virtualpyme.com/","GDPR Masked","GDPR Masked","GDPR Masked","GDPR Masked","Coruna, A","GDPR Masked","Spain","gdpr-masking@gdpr-masked.com","GDPR Masked","GDPR Masked","GDPR Masked","GDPR Masked","GDPR Masked","GDPR Masked","GDPR Masked","GDPR Masked","GDPR Masked","gdpr-masking@gdpr-masked.com","GDPR Masked","GDPR Masked","GDPR Masked","GDPR Masked","GDPR Masked","GDPR Masked","GDPR Masked","GDPR Masked","GDPR Masked","gdpr-masking@gdpr-masked.com","GDPR Masked","GDPR Masked","","","","","","","","","","","dns1.raiolanetworks.es","dns2.raiolanetworks.es","dns3.raiolanetworks.es","","clientTransferProhibited","","",""
"2","annagumbau.com","2021-07-08 14:19:30","2021-07-05","2021-07-05","2022-07-05","1600","Estrategias WebSite S.L.","whois2.virtualname.es","http://www.virtualpyme.com/","GDPR Masked","GDPR Masked","GDPR Masked","GDPR Masked","Barcelona","GDPR Masked","Spain","gdpr-masking@gdpr-masked.com","GDPR Masked","GDPR Masked","GDPR Masked","GDPR Masked","GDPR Masked","GDPR Masked","GDPR Masked","GDPR Masked","GDPR Masked","gdpr-masking@gdpr-masked.com","GDPR Masked","GDPR Masked","GDPR Masked","GDPR Masked","GDPR Masked","GDPR Masked","GDPR Masked","GDPR Masked","GDPR Masked","gdpr-masking@gdpr-masked.com","GDPR Masked","GDPR Masked","","","","","","","","","","","dns1.raiolanetworks.es","dns2.raiolanetworks.es","dns3.raiolanetworks.es","","clientTransferProhibited","","",""
"3","aprenderseoysemgratis.com","2021-07-08 16:58:47","2021-07-05","2021-07-05","2022-07-05","1600","Estrategias WebSite S.L.","whois2.virtualname.es","http://www.virtualpyme.com/","GDPR Masked","GDPR Masked","GDPR Masked","GDPR Masked","SEVILLA","GDPR Masked","Spain","gdpr-masking@gdpr-masked.com","GDPR Masked","GDPR Masked","GDPR Masked","GDPR Masked","GDPR Masked","GDPR Masked","GDPR Masked","GDPR Masked","GDPR Masked","gdpr-masking@gdpr-masked.com","GDPR Masked","GDPR Masked","GDPR Masked","GDPR Masked","GDPR Masked","GDPR Masked","GDPR Masked","GDPR Masked","GDPR Masked","gdpr-masking@gdpr-masked.com","GDPR Masked","GDPR Masked","","","","","","","","","","","dns1.raiolanetworks.es","dns2.raiolanetworks.es","dns3.raiolanetworks.es","","clientTransferProhibited","","",""
"4","asedac.com","2021-07-08 16:57:48","2021-07-05","2021-07-07","2022-07-05","1600","Estrategias WebSite S.L.","whois2.virtualname.es","http://www.virtualpyme.com/","GDPR Masked","GDPR Masked","GDPR Masked","GDPR Masked","MADRID","GDPR Masked","Spain","gdpr-masking@gdpr-masked.com","GDPR Masked","GDPR Masked","GDPR Masked","GDPR Masked","GDPR Masked","GDPR Masked","GDPR Masked","GDPR Masked","GDPR Masked","gdpr-masking@gdpr-masked.com","GDPR Masked","GDPR Masked","GDPR Masked","GDPR Masked","GDPR Masked","GDPR Masked","GDPR Masked","GDPR Masked","GDPR Masked","gdpr-masking@gdpr-masked.com","GDPR Masked","GDPR Masked","","","","","","","","","","","ns1.siteground.net","ns2.siteground.net","","","clientTransferProhibited","","",""
"5","asociaciondatacenter.com","2021-07-08 16:57:35","2021-07-05","2021-07-05","2022-07-05","1600","Estrategias WebSite S.L.","whois2.virtualname.es","http://www.virtualpyme.com/","GDPR Masked","GDPR Masked","GDPR Masked","GDPR Masked","MADRID","GDPR Masked","Spain","gdpr-masking@gdpr-masked.com","GDPR Masked","GDPR Masked","GDPR Masked","GDPR Masked","GDPR Masked","GDPR Masked","GDPR Masked","GDPR Masked","GDPR Masked","gdpr-masking@gdpr-masked.com","GDPR Masked","GDPR Masked","GDPR Masked","GDPR Masked","GDPR Masked","GDPR Masked","GDPR Masked","GDPR Masked","GDPR Masked","gdpr-masking@gdpr-masked.com","GDPR Masked","GDPR Masked","","","","","","","","","","","ns1.virtualns.net","ns2.virtualns.net","","","clientTransferProhibited","","",""
"6","bodegaladolores.com","2021-07-08 14:34:41","2021-07-05","2021-07-05","2022-07-05","1600","Estrategias WebSite S.L.","whois2.virtualname.es","http://www.virtualpyme.com/","GDPR Masked","GDPR Masked","GDPR Masked","GDPR Masked","ZARAGOZA","GDPR Masked","Spain","gdpr-masking@gdpr-masked.com","GDPR Masked","GDPR Masked","GDPR Masked","GDPR Masked","GDPR Masked","GDPR Masked","GDPR Masked","GDPR Masked","GDPR Masked","gdpr-masking@gdpr-masked.com","GDPR Masked","GDPR Masked","GDPR Masked","GDPR Masked","GDPR Masked","GDPR Masked","GDPR Masked","GDPR Masked","GDPR Masked","gdpr-masking@gdpr-masked.com","GDPR Masked","GDPR Masked","","","","","","","","","","","dns1.raiolanetworks.es","dns2.raiolanetworks.es","dns3.raiolanetworks.es","","clientTransferProhibited","","",""
"7","cafeadiccion.com","2021-07-08 16:55:44","2021-07-05","2021-07-05","2022-07-05","1600","Estrategias WebSite S.L.","whois2.virtualname.es","http://www.virtualpyme.com/","GDPR Masked","GDPR Masked","GDPR Masked","GDPR Masked","Malaga","GDPR Masked","Spain","gdpr-masking@gdpr-masked.com","GDPR Masked","GDPR Masked","GDPR Masked","GDPR Masked","GDPR Masked","GDPR Masked","GDPR Masked","GDPR Masked","GDPR Masked","gdpr-masking@gdpr-masked.com","GDPR Masked","GDPR Masked","GDPR Masked","GDPR Masked","GDPR Masked","GDPR Masked","GDPR Masked","GDPR Masked","GDPR Masked","gdpr-masking@gdpr-masked.com","GDPR Masked","GDPR Masked","","","","","","","","","","","dns1.raiolanetworks.es","dns2.raiolanetworks.es","dns3.raiolanetworks.es","","clientTransferProhibited","","",""
"8","carlavcastro.com","2021-07-08 16:53:50","2021-07-05","2021-07-05","2022-07-05","1600","Estrategias WebSite S.L.","whois2.virtualname.es","http://www.virtualpyme.com/","GDPR Masked","GDPR Masked","GDPR Masked","GDPR Masked","ALMERIA","GDPR Masked","Spain","gdpr-masking@gdpr-masked.com","GDPR Masked","GDPR Masked","GDPR Masked","GDPR Masked","GDPR Masked","GDPR Masked","GDPR Masked","GDPR Masked","GDPR Masked","gdpr-masking@gdpr-masked.com","GDPR Masked","GDPR Masked","GDPR Masked","GDPR Masked","GDPR Masked","GDPR Masked","GDPR Masked","GDPR Masked","GDPR Masked","gdpr-masking@gdpr-masked.com","GDPR Masked","GDPR Masked","","","","","","","","","","","dns1.adelantia.com","dns2.adelantia.com","","","clientTransferProhibited","","",""
"9","carniceriadiacarballo.com","2021-07-08 16:53:47","2021-07-05","2021-07-05","2022-07-05","1600","Estrategias WebSite S.L.","whois2.virtualname.es","http://www.virtualpyme.com/","GDPR Masked","GDPR Masked","GDPR Masked","GDPR Masked","Lugo","GDPR Masked","Spain","gdpr-masking@gdpr-masked.com","GDPR Masked","GDPR Masked","GDPR Masked","GDPR Masked","GDPR Masked","GDPR Masked","GDPR Masked","GDPR Masked","GDPR Masked","gdpr-masking@gdpr-masked.com","GDPR Masked","GDPR Masked","GDPR Masked","GDPR Masked","GDPR Masked","GDPR Masked","GDPR Masked","GDPR Masked","GDPR Masked","gdpr-masking@gdpr-masked.com","GDPR Masked","GDPR Masked","","","","","","","","","","","ns1.imglohosting.com","ns2.imglohosting.com","","","clientTransferProhibited","","",""
"10","creadoresmr.com","2021-07-08 16:49:49","2021-07-05","2021-07-05","2022-07-05","1600","Estrategias WebSite S.L.","whois2.virtualname.es","http://www.virtualpyme.com/","GDPR Masked","GDPR Masked","GDPR Masked","GDPR Masked","Palmas, Las","GDPR Masked","Spain","gdpr-masking@gdpr-masked.com","GDPR Masked","GDPR Masked","GDPR Masked","GDPR Masked","GDPR Masked","GDPR Masked","GDPR Masked","GDPR Masked","GDPR Masked","gdpr-masking@gdpr-masked.com","GDPR Masked","GDPR Masked","GDPR Masked","GDPR Masked","GDPR Masked","GDPR Masked","GDPR Masked","GDPR Masked","GDPR Masked","gdpr-masking@gdpr-masked.com","GDPR Masked","GDPR Masked","","","","","","","","","","","dns1.raiolanetworks.es","dns2.raiolanetworks.es","dns3.raiolanetworks.es","","clientTransferProhibited","","",""
"11","cristhersalou.com","2021-07-08 16:49:41","2021-07-05","2021-07-08","2025-07-05","1600","Estrategias WebSite S.L.","whois2.virtualname.es","http://www.virtualpyme.com/","GDPR Masked","GDPR Masked","GDPR Masked","GDPR Masked","Tarragona","GDPR Masked","Spain","gdpr-masking@gdpr-masked.com","GDPR Masked","GDPR Masked","GDPR Masked","GDPR Masked","GDPR Masked","GDPR Masked","GDPR Masked","GDPR Masked","GDPR Masked","gdpr-masking@gdpr-masked.com","GDPR Masked","GDPR Masked","GDPR Masked","GDPR Masked","GDPR Masked","GDPR Masked","GDPR Masked","GDPR Masked","GDPR Masked","gdpr-masking@gdpr-masked.com","GDPR Masked","GDPR Masked","","","","","","","","","","","ns1.neodigit.net","ns2.neodigit.net","","","clientTransferProhibited","","",""
"12","d-koartfx.com","2021-07-08 16:48:40","2021-07-05","2021-07-05","2022-07-05","1600","Estrategias WebSite S.L.","whois2.virtualname.es","http://www.virtualpyme.com/","GDPR Masked","GDPR Masked","GDPR Masked","GDPR Masked","ALICANTE","GDPR Masked","Spain","gdpr-masking@gdpr-masked.com","GDPR Masked","GDPR Masked","GDPR Masked","GDPR Masked","GDPR Masked","GDPR Masked","GDPR Masked","GDPR Masked","GDPR Masked","gdpr-masking@gdpr-masked.com","GDPR Masked","GDPR Masked","GDPR Masked","GDPR Masked","GDPR Masked","GDPR Masked","GDPR Masked","GDPR Masked","GDPR Masked","gdpr-masking@gdpr-masked.com","GDPR Masked","GDPR Masked","","","","","","","","","","","dns1.raiolanetworks.es","dns2.raiolanetworks.es","dns3.raiolanetworks.es","","clientTransferProhibited","","",""
"13","daigomallorca.com","2021-07-08 09:52:31","2021-07-07","2021-07-07","2022-07-07","1600","Estrategias WebSite S.L.","whois2.virtualname.es","http://www.virtualpyme.com/","GDPR Masked","GDPR Masked","GDPR Masked","GDPR Masked","ILLES BALEARS","GDPR Masked","Spain","gdpr-masking@gdpr-masked.com","GDPR Masked","GDPR Masked","GDPR Masked","GDPR Masked","GDPR Masked","GDPR Masked","GDPR Masked","GDPR Masked","GDPR Masked","gdpr-masking@gdpr-masked.com","GDPR Masked","GDPR Masked","GDPR Masked","GDPR Masked","GDPR Masked","GDPR Masked","GDPR Masked","GDPR Masked","GDPR Masked","gdpr-masking@gdpr-masked.com","GDPR Masked","GDPR Masked","","","","","","","","","","","dns1.raiolanetworks.es","dns2.raiolanetworks.es","dns3.raiolanetworks.es","","clientTransferProhibited","","",""
"14","dare2gain.com","2021-07-08 16:48:06","2021-07-05","2021-07-05","2022-07-05","1600","Estrategias WebSite S.L.","whois2.virtualname.es","http://www.virtualpyme.com/","GDPR Masked","GDPR Masked","GDPR Masked","GDPR Masked","Tarragona","GDPR Masked","Spain","gdpr-masking@gdpr-masked.com","GDPR Masked","GDPR Masked","GDPR Masked","GDPR Masked","GDPR Masked","GDPR Masked","GDPR Masked","GDPR Masked","GDPR Masked","gdpr-masking@gdpr-masked.com","GDPR Masked","GDPR Masked","GDPR Masked","GDPR Masked","GDPR Masked","GDPR Masked","GDPR Masked","GDPR Masked","GDPR Masked","gdpr-masking@gdpr-masked.com","GDPR Masked","GDPR Masked","","","","","","","","","","","ns1.comadronas.org","ns2.comadronas.org","","","clientTransferProhibited","","",""
"15","dentalazpeitia.com","2021-07-08 16:47:29","2021-07-05","2021-07-05","2022-07-05","1600","Estrategias WebSite S.L.","whois2.virtualname.es","http://www.virtualpyme.com/","GDPR Masked","GDPR Masked","GDPR Masked","GDPR Masked","Barcelona","GDPR Masked","Spain","gdpr-masking@gdpr-masked.com","GDPR Masked","GDPR Masked","GDPR Masked","GDPR Masked","GDPR Masked","GDPR Masked","GDPR Masked","GDPR Masked","GDPR Masked","gdpr-masking@gdpr-masked.com","GDPR Masked","GDPR Masked","GDPR Masked","GDPR Masked","GDPR Masked","GDPR Masked","GDPR Masked","GDPR Masked","GDPR Masked","gdpr-masking@gdpr-masked.com","GDPR Masked","GDPR Masked","","","","","","","","","","","dns1.raiolanetworks.es","dns2.raiolanetworks.es","dns3.raiolanetworks.es","","clientTransferProhibited","","",""
"16","edelweissfilms.com","2021-07-08 17:34:20","2021-07-05","2021-07-05","2022-07-05","1600","Estrategias WebSite S.L.","whois2.virtualname.es","http://www.virtualpyme.com/","GDPR Masked","GDPR Masked","GDPR Masked","GDPR Masked","Barcelona","GDPR Masked","Spain","gdpr-masking@gdpr-masked.com","GDPR Masked","GDPR Masked","GDPR Masked","GDPR Masked","GDPR Masked","GDPR Masked","GDPR Masked","GDPR Masked","GDPR Masked","gdpr-masking@gdpr-masked.com","GDPR Masked","GDPR Masked","GDPR Masked","GDPR Masked","GDPR Masked","GDPR Masked","GDPR Masked","GDPR Masked","GDPR Masked","gdpr-masking@gdpr-masked.com","GDPR Masked","GDPR Masked","","","","","","","","","","","dns1.raiolanetworks.es","dns2.raiolanetworks.es","dns3.raiolanetworks.es","","clientTransferProhibited","","",""
"17","eponabike.com","2021-07-08 17:31:13","2021-07-05","2021-07-06","2022-07-05","1600","Estrategias WebSite S.L.","whois2.virtualname.es","http://www.virtualpyme.com/","GDPR Masked","GDPR Masked","GDPR Masked","GDPR Masked","Soria","GDPR Masked","Spain","gdpr-masking@gdpr-masked.com","GDPR Masked","GDPR Masked","GDPR Masked","GDPR Masked","GDPR Masked","GDPR Masked","GDPR Masked","GDPR Masked","GDPR Masked","gdpr-masking@gdpr-masked.com","GDPR Masked","GDPR Masked","GDPR Masked","GDPR Masked","GDPR Masked","GDPR Masked","GDPR Masked","GDPR Masked","GDPR Masked","gdpr-masking@gdpr-masked.com","GDPR Masked","GDPR Masked","","","","","","","","","","","ns1.soriacenter.net","ns2.soriacenter.net","","","clientTransferProhibited","","",""
"18","hayqueaprenderdelasflores.com","2021-07-08 14:38:40","2021-07-05","2021-07-05","2022-07-05","1600","Estrategias WebSite S.L.","whois2.virtualname.es","http://www.virtualpyme.com/","GDPR Masked","GDPR Masked","GDPR Masked","GDPR Masked","Castellon","GDPR Masked","Spain","gdpr-masking@gdpr-masked.com","GDPR Masked","GDPR Masked","GDPR Masked","GDPR Masked","GDPR Masked","GDPR Masked","GDPR Masked","GDPR Masked","GDPR Masked","gdpr-masking@gdpr-masked.com","GDPR Masked","GDPR Masked","GDPR Masked","GDPR Masked","GDPR Masked","GDPR Masked","GDPR Masked","GDPR Masked","GDPR Masked","gdpr-masking@gdpr-masked.com","GDPR Masked","GDPR Masked","","","","","","","","","","","dns1.raiolanetworks.es","dns2.raiolanetworks.es","dns3.raiolanetworks.es","","clientTransferProhibited","","",""
"19","huarenbailei.com","2021-07-08 16:35:35","2021-07-05","2021-07-06","2022-07-05","1600","Estrategias WebSite S.L.","whois2.virtualname.es","http://www.virtualpyme.com/","GDPR Masked","GDPR Masked","GDPR Masked","GDPR Masked","Guadalajara","GDPR Masked","Spain","gdpr-masking@gdpr-masked.com","GDPR Masked","GDPR Masked","GDPR Masked","GDPR Masked","GDPR Masked","GDPR Masked","GDPR Masked","GDPR Masked","GDPR Masked","gdpr-masking@gdpr-masked.com","GDPR Masked","GDPR Masked","GDPR Masked","GDPR Masked","GDPR Masked","GDPR Masked","GDPR Masked","GDPR Masked","GDPR Masked","gdpr-masking@gdpr-masked.com","GDPR Masked","GDPR Masked","","","","","","","","","","","ns1.md-71.webhostbox.net","ns2.md-71.webhostbox.net","","","clientTransferProhibited","","",""
"20","janarauch.com","2021-07-08 16:32:32","2021-07-05","2021-07-05","2022-07-05","1600","Estrategias WebSite S.L.","whois2.virtualname.es","http://www.virtualpyme.com/","GDPR Masked","GDPR Masked","GDPR Masked","GDPR Masked","Barcelona","GDPR Masked","Spain","gdpr-masking@gdpr-masked.com","GDPR Masked","GDPR Masked","GDPR Masked","GDPR Masked","GDPR Masked","GDPR Masked","GDPR Masked","GDPR Masked","GDPR Masked","gdpr-masking@gdpr-masked.com","GDPR Masked","GDPR Masked","GDPR Masked","GDPR Masked","GDPR Masked","GDPR Masked","GDPR Masked","GDPR Masked","GDPR Masked","gdpr-masking@gdpr-masked.com","GDPR Masked","GDPR Masked","","","","","","","","","","","dns1.raiolanetworks.es","dns2.raiolanetworks.es","dns3.raiolanetworks.es","","clientTransferProhibited","","",""
"21","juanrpuigart.com","2021-07-08 16:31:21","2021-07-05","2021-07-05","2022-07-05","1600","Estrategias WebSite S.L.","whois2.virtualname.es","http://www.virtualpyme.com/","GDPR Masked","GDPR Masked","GDPR Masked","GDPR Masked","Valencia","GDPR Masked","Spain","gdpr-masking@gdpr-masked.com","GDPR Masked","GDPR Masked","GDPR Masked","GDPR Masked","GDPR Masked","GDPR Masked","GDPR Masked","GDPR Masked","GDPR Masked","gdpr-masking@gdpr-masked.com","GDPR Masked","GDPR Masked","GDPR Masked","GDPR Masked","GDPR Masked","GDPR Masked","GDPR Masked","GDPR Masked","GDPR Masked","gdpr-masking@gdpr-masked.com","GDPR Masked","GDPR Masked","","","","","","","","","","","ns1.drawfolio.com","ns2.drawfolio.com","","","clientTransferProhibited","","",""
"22","laconienzo.com","2021-07-08 16:28:20","2021-07-05","2021-07-05","2022-07-05","1600","Estrategias WebSite S.L.","whois2.virtualname.es","http://www.virtualpyme.com/","GDPR Masked","GDPR Masked","GDPR Masked","GDPR Masked","Barcelona","GDPR Masked","Spain","gdpr-masking@gdpr-masked.com","GDPR Masked","GDPR Masked","GDPR Masked","GDPR Masked","GDPR Masked","GDPR Masked","GDPR Masked","GDPR Masked","GDPR Masked","gdpr-masking@gdpr-masked.com","GDPR Masked","GDPR Masked","GDPR Masked","GDPR Masked","GDPR Masked","GDPR Masked","GDPR Masked","GDPR Masked","GDPR Masked","gdpr-masking@gdpr-masked.com","GDPR Masked","GDPR Masked","","","","","","","","","","","dns1.raiolanetworks.es","dns2.raiolanetworks.es","dns3.raiolanetworks.es","","clientTransferProhibited","","",""
"23","laelitedeportiva.com","2021-07-08 17:36:10","2021-07-05","2021-07-05","2022-07-05","1600","Estrategias WebSite S.L.","whois2.virtualname.es","http://www.virtualpyme.com/","GDPR Masked","GDPR Masked","GDPR Masked","GDPR Masked","Barcelona","GDPR Masked","Spain","gdpr-masking@gdpr-masked.com","GDPR Masked","GDPR Masked","GDPR Masked","GDPR Masked","GDPR Masked","GDPR Masked","GDPR Masked","GDPR Masked","GDPR Masked","gdpr-masking@gdpr-masked.com","GDPR Masked","GDPR Masked","GDPR Masked","GDPR Masked","GDPR Masked","GDPR Masked","GDPR Masked","GDPR Masked","GDPR Masked","gdpr-masking@gdpr-masked.com","GDPR Masked","GDPR Masked","","","","","","","","","","","ns1.lucushost.com","ns2.lucushost.com","ns3.lucushost.com","","clientTransferProhibited","","",""
"24","laflacamelilla.com","2021-07-08 16:28:15","2021-07-05","2021-07-05","2022-07-05","1600","Estrategias WebSite S.L.","whois2.virtualname.es","http://www.virtualpyme.com/","GDPR Masked","GDPR Masked","GDPR Masked","GDPR Masked","Melilla","GDPR Masked","Spain","gdpr-masking@gdpr-masked.com","GDPR Masked","GDPR Masked","GDPR Masked","GDPR Masked","GDPR Masked","GDPR Masked","GDPR Masked","GDPR Masked","GDPR Masked","gdpr-masking@gdpr-masked.com","GDPR Masked","GDPR Masked","GDPR Masked","GDPR Masked","GDPR Masked","GDPR Masked","GDPR Masked","GDPR Masked","GDPR Masked","gdpr-masking@gdpr-masked.com","GDPR Masked","GDPR Masked","","","","","","","","","","","ns1.apuntatudns.com","ns2.apuntatudns.com","","","clientTransferProhibited","","",""
"25","latascademawa.com","2021-07-08 16:27:57","2021-07-05","2021-07-05","2022-07-05","1600","Estrategias WebSite S.L.","whois2.virtualname.es","http://www.virtualpyme.com/","GDPR Masked","GDPR Masked","GDPR Masked","GDPR Masked","Palmas, Las","GDPR Masked","Spain","gdpr-masking@gdpr-masked.com","GDPR Masked","GDPR Masked","GDPR Masked","GDPR Masked","GDPR Masked","GDPR Masked","GDPR Masked","GDPR Masked","GDPR Masked","gdpr-masking@gdpr-masked.com","GDPR Masked","GDPR Masked","GDPR Masked","GDPR Masked","GDPR Masked","GDPR Masked","GDPR Masked","GDPR Masked","GDPR Masked","gdpr-masking@gdpr-masked.com","GDPR Masked","GDPR Masked","","","","","","","","","","","ns1.lucushost.com","ns2.lucushost.com","ns3.lucushost.com","","clientTransferProhibited","","",""
"26","lavillafm.com","2021-07-08 16:27:43","2021-07-05","2021-07-05","2022-07-05","1600","Estrategias WebSite S.L.","whois2.virtualname.es","http://www.virtualpyme.com/","GDPR Masked","GDPR Masked","GDPR Masked","GDPR Masked","Santa Cruz de Tenerife","GDPR Masked","Spain","gdpr-masking@gdpr-masked.com","GDPR Masked","GDPR Masked","GDPR Masked","GDPR Masked","GDPR Masked","GDPR Masked","GDPR Masked","GDPR Masked","GDPR Masked","gdpr-masking@gdpr-masked.com","GDPR Masked","GDPR Masked","GDPR Masked","GDPR Masked","GDPR Masked","GDPR Masked","GDPR Masked","GDPR Masked","GDPR Masked","gdpr-masking@gdpr-masked.com","GDPR Masked","GDPR Masked","","","","","","","","","","","ns1.sistemahost.es","ns2.sistemahost.es","","","clientTransferProhibited","","",""
"27","massimagrazia.com","2021-07-08 14:22:47","2021-07-05","2021-07-05","2022-07-05","1600","Estrategias WebSite S.L.","whois2.virtualname.es","http://www.virtualpyme.com/","GDPR Masked","GDPR Masked","GDPR Masked","GDPR Masked","SEVILLA","GDPR Masked","Spain","gdpr-masking@gdpr-masked.com","GDPR Masked","GDPR Masked","GDPR Masked","GDPR Masked","GDPR Masked","GDPR Masked","GDPR Masked","GDPR Masked","GDPR Masked","gdpr-masking@gdpr-masked.com","GDPR Masked","GDPR Masked","GDPR Masked","GDPR Masked","GDPR Masked","GDPR Masked","GDPR Masked","GDPR Masked","GDPR Masked","gdpr-masking@gdpr-masked.com","GDPR Masked","GDPR Masked","","","","","","","","","","","ns1.losdns.net","ns2.losdns.net","","","clientTransferProhibited","","",""
"28","modacactus.com","2021-07-08 16:21:22","2021-07-05","2021-07-05","2022-07-05","1600","Estrategias WebSite S.L.","whois2.virtualname.es","http://www.virtualpyme.com/","GDPR Masked","GDPR Masked","GDPR Masked","GDPR Masked","Valladolid","GDPR Masked","Spain","gdpr-masking@gdpr-masked.com","GDPR Masked","GDPR Masked","GDPR Masked","GDPR Masked","GDPR Masked","GDPR Masked","GDPR Masked","GDPR Masked","GDPR Masked","gdpr-masking@gdpr-masked.com","GDPR Masked","GDPR Masked","GDPR Masked","GDPR Masked","GDPR Masked","GDPR Masked","GDPR Masked","GDPR Masked","GDPR Masked","gdpr-masking@gdpr-masked.com","GDPR Masked","GDPR Masked","","","","","","","","","","","dns1.raiolanetworks.es","dns2.raiolanetworks.es","dns3.raiolanetworks.es","","clientTransferProhibited","","",""
"29","movilidadescolarsostenible.com","2021-07-08 16:19:38","2021-07-05","2021-07-05","2023-07-05","1600","Estrategias WebSite S.L.","whois2.virtualname.es","http://www.virtualpyme.com/","GDPR Masked","GDPR Masked","GDPR Masked","GDPR Masked","Cadiz","GDPR Masked","Spain","gdpr-masking@gdpr-masked.com","GDPR Masked","GDPR Masked","GDPR Masked","GDPR Masked","GDPR Masked","GDPR Masked","GDPR Masked","GDPR Masked","GDPR Masked","gdpr-masking@gdpr-masked.com","GDPR Masked","GDPR Masked","GDPR Masked","GDPR Masked","GDPR Masked","GDPR Masked","GDPR Masked","GDPR Masked","GDPR Masked","gdpr-masking@gdpr-masked.com","GDPR Masked","GDPR Masked","","","","","","","","","","","dns10.grupoextremovirtual.com","dns9.grupoextremovirtual.com","","","clientTransferProhibited","","",""
"30","ondaceromontilla.com","2021-07-08 14:40:06","2021-07-05","2021-07-05","2022-07-05","1600","Estrategias WebSite S.L.","whois2.virtualname.es","http://www.virtualpyme.com/","GDPR Masked","GDPR Masked","GDPR Masked","GDPR Masked","MADRID","GDPR Masked","Spain","gdpr-masking@gdpr-masked.com","GDPR Masked","GDPR Masked","GDPR Masked","GDPR Masked","GDPR Masked","GDPR Masked","GDPR Masked","GDPR Masked","GDPR Masked","gdpr-masking@gdpr-masked.com","GDPR Masked","GDPR Masked","GDPR Masked","GDPR Masked","GDPR Masked","GDPR Masked","GDPR Masked","GDPR Masked","GDPR Masked","gdpr-masking@gdpr-masked.com","GDPR Masked","GDPR Masked","","","","","","","","","","","parking1.neodigit.net","parking2.neodigit.net","","","clientTransferProhibited","","",""
"31","performance-to-flow.com","2021-07-08 16:16:14","2021-07-05","2021-07-05","2022-07-05","1600","Estrategias WebSite S.L.","whois2.virtualname.es","http://www.virtualpyme.com/","GDPR Masked","GDPR Masked","GDPR Masked","GDPR Masked","MADRID","GDPR Masked","Spain","gdpr-masking@gdpr-masked.com","GDPR Masked","GDPR Masked","GDPR Masked","GDPR Masked","GDPR Masked","GDPR Masked","GDPR Masked","GDPR Masked","GDPR Masked","gdpr-masking@gdpr-masked.com","GDPR Masked","GDPR Masked","GDPR Masked","GDPR Masked","GDPR Masked","GDPR Masked","GDPR Masked","GDPR Masked","GDPR Masked","gdpr-masking@gdpr-masked.com","GDPR Masked","GDPR Masked","","","","","","","","","","","dns1.raiolanetworks.es","dns2.raiolanetworks.es","dns3.raiolanetworks.es","","clientTransferProhibited","","",""
"32","pertoflow.com","2021-07-08 16:16:08","2021-07-05","2021-07-05","2022-07-05","1600","Estrategias WebSite S.L.","whois2.virtualname.es","http://www.virtualpyme.com/","GDPR Masked","GDPR Masked","GDPR Masked","GDPR Masked","MADRID","GDPR Masked","Spain","gdpr-masking@gdpr-masked.com","GDPR Masked","GDPR Masked","GDPR Masked","GDPR Masked","GDPR Masked","GDPR Masked","GDPR Masked","GDPR Masked","GDPR Masked","gdpr-masking@gdpr-masked.com","GDPR Masked","GDPR Masked","GDPR Masked","GDPR Masked","GDPR Masked","GDPR Masked","GDPR Masked","GDPR Masked","GDPR Masked","gdpr-masking@gdpr-masked.com","GDPR Masked","GDPR Masked","","","","","","","","","","","dns1.raiolanetworks.es","dns2.raiolanetworks.es","dns3.raiolanetworks.es","","clientTransferProhibited","","",""
"33","piedracanteras.com","2021-07-08 16:15:53","2021-07-05","2021-07-05","2022-07-05","1600","Estrategias WebSite S.L.","whois2.virtualname.es","http://www.virtualpyme.com/","GDPR Masked","GDPR Masked","GDPR Masked","GDPR Masked","Badajoz","GDPR Masked","Spain","gdpr-masking@gdpr-masked.com","GDPR Masked","GDPR Masked","GDPR Masked","GDPR Masked","GDPR Masked","GDPR Masked","GDPR Masked","GDPR Masked","GDPR Masked","gdpr-masking@gdpr-masked.com","GDPR Masked","GDPR Masked","GDPR Masked","GDPR Masked","GDPR Masked","GDPR Masked","GDPR Masked","GDPR Masked","GDPR Masked","gdpr-masking@gdpr-masked.com","GDPR Masked","GDPR Masked","","","","","","","","","","","ns1.azuanetservidores.com","ns2.azuanetservidores.com","","","clientTransferProhibited","","",""
"34","pizzeriapavarottimalaga.com","2021-07-08 16:15:32","2021-07-05","2021-07-05","2022-07-05","1600","Estrategias WebSite S.L.","whois2.virtualname.es","http://www.virtualpyme.com/","GDPR Masked","GDPR Masked","GDPR Masked","GDPR Masked","Malaga","GDPR Masked","Spain","gdpr-masking@gdpr-masked.com","GDPR Masked","GDPR Masked","GDPR Masked","GDPR Masked","GDPR Masked","GDPR Masked","GDPR Masked","GDPR Masked","GDPR Masked","gdpr-masking@gdpr-masked.com","GDPR Masked","GDPR Masked","GDPR Masked","GDPR Masked","GDPR Masked","GDPR Masked","GDPR Masked","GDPR Masked","GDPR Masked","gdpr-masking@gdpr-masked.com","GDPR Masked","GDPR Masked","","","","","","","","","","","dns1.raiolanetworks.es","dns2.raiolanetworks.es","dns3.raiolanetworks.es","","clientTransferProhibited","","",""
"35","quiropracticamillo.com","2021-07-08 16:13:02","2021-07-05","2021-07-05","2022-07-05","1600","Estrategias WebSite S.L.","whois2.virtualname.es","http://www.virtualpyme.com/","GDPR Masked","GDPR Masked","GDPR Masked","GDPR Masked","ILLES BALEARS","GDPR Masked","Spain","gdpr-masking@gdpr-masked.com","GDPR Masked","GDPR Masked","GDPR Masked","GDPR Masked","GDPR Masked","GDPR Masked","GDPR Masked","GDPR Masked","GDPR Masked","gdpr-masking@gdpr-masked.com","GDPR Masked","GDPR Masked","GDPR Masked","GDPR Masked","GDPR Masked","GDPR Masked","GDPR Masked","GDPR Masked","GDPR Masked","gdpr-masking@gdpr-masked.com","GDPR Masked","GDPR Masked","","","","","","","","","","","dns1.raiolanetworks.es","dns2.raiolanetworks.es","dns3.raiolanetworks.es","","clientTransferProhibited","","",""
"36","retroyconsola.com","2021-07-08 16:11:01","2021-07-05","2021-07-05","2022-07-05","1600","Estrategias WebSite S.L.","whois2.virtualname.es","http://www.virtualpyme.com/","GDPR Masked","GDPR Masked","GDPR Masked","GDPR Masked","Valencia","GDPR Masked","Spain","gdpr-masking@gdpr-masked.com","GDPR Masked","GDPR Masked","GDPR Masked","GDPR Masked","GDPR Masked","GDPR Masked","GDPR Masked","GDPR Masked","GDPR Masked","gdpr-masking@gdpr-masked.com","GDPR Masked","GDPR Masked","GDPR Masked","GDPR Masked","GDPR Masked","GDPR Masked","GDPR Masked","GDPR Masked","GDPR Masked","gdpr-masking@gdpr-masked.com","GDPR Masked","GDPR Masked","","","","","","","","","","","dns1.raiolanetworks.es","dns2.raiolanetworks.es","dns3.raiolanetworks.es","","clientTransferProhibited","","",""
"37","rutaclandestina.com","2021-07-08 16:09:51","2021-07-05","2021-07-05","2022-07-05","1600","Estrategias WebSite S.L.","whois2.virtualname.es","http://www.virtualpyme.com/","GDPR Masked","GDPR Masked","GDPR Masked","GDPR Masked","Malaga","GDPR Masked","Spain","gdpr-masking@gdpr-masked.com","GDPR Masked","GDPR Masked","GDPR Masked","GDPR Masked","GDPR Masked","GDPR Masked","GDPR Masked","GDPR Masked","GDPR Masked","gdpr-masking@gdpr-masked.com","GDPR Masked","GDPR Masked","GDPR Masked","GDPR Masked","GDPR Masked","GDPR Masked","GDPR Masked","GDPR Masked","GDPR Masked","gdpr-masking@gdpr-masked.com","GDPR Masked","GDPR Masked","","","","","","","","","","","dns1.raiolanetworks.es","dns2.raiolanetworks.es","dns3.raiolanetworks.es","","clientTransferProhibited","","",""
"38","terapiasangela.com","2021-07-08 14:45:31","2021-07-05","2021-07-05","2022-07-05","1600","Estrategias WebSite S.L.","whois2.virtualname.es","http://www.virtualpyme.com/","GDPR Masked","GDPR Masked","GDPR Masked","GDPR Masked","Palmas, Las","GDPR Masked","Spain","gdpr-masking@gdpr-masked.com","GDPR Masked","GDPR Masked","GDPR Masked","GDPR Masked","GDPR Masked","GDPR Masked","GDPR Masked","GDPR Masked","GDPR Masked","gdpr-masking@gdpr-masked.com","GDPR Masked","GDPR Masked","GDPR Masked","GDPR Masked","GDPR Masked","GDPR Masked","GDPR Masked","GDPR Masked","GDPR Masked","gdpr-masking@gdpr-masked.com","GDPR Masked","GDPR Masked","","","","","","","","","","","dns1.raiolanetworks.es","dns2.raiolanetworks.es","dns3.raiolanetworks.es","","clientTransferProhibited","","",""
"39","viejennials.com","2021-07-08 17:37:00","2021-07-05","2021-07-05","2022-07-05","1600","Estrategias WebSite S.L.","whois2.virtualname.es","http://www.virtualpyme.com/","GDPR Masked","GDPR Masked","GDPR Masked","GDPR Masked","ZARAGOZA","GDPR Masked","Spain","gdpr-masking@gdpr-masked.com","GDPR Masked","GDPR Masked","GDPR Masked","GDPR Masked","GDPR Masked","GDPR Masked","GDPR Masked","GDPR Masked","GDPR Masked","gdpr-masking@gdpr-masked.com","GDPR Masked","GDPR Masked","GDPR Masked","GDPR Masked","GDPR Masked","GDPR Masked","GDPR Masked","GDPR Masked","GDPR Masked","gdpr-masking@gdpr-masked.com","GDPR Masked","GDPR Masked","","","","","","","","","","","ns21.sistemio.com","ns22.sistemio.com","","","clientTransferProhibited","","",""
"40","villasemsalobre.com","2021-07-08 15:57:53","2021-07-05","2021-07-05","2022-07-05","1600","Estrategias WebSite S.L.","whois2.virtualname.es","http://www.virtualpyme.com/","GDPR Masked","GDPR Masked","GDPR Masked","GDPR Masked","Palmas, Las","GDPR Masked","Spain","gdpr-masking@gdpr-masked.com","GDPR Masked","GDPR Masked","GDPR Masked","GDPR Masked","GDPR Masked","GDPR Masked","GDPR Masked","GDPR Masked","GDPR Masked","gdpr-masking@gdpr-masked.com","GDPR Masked","GDPR Masked","GDPR Masked","GDPR Masked","GDPR Masked","GDPR Masked","GDPR Masked","GDPR Masked","GDPR Masked","gdpr-masking@gdpr-masked.com","GDPR Masked","GDPR Masked","","","","","","","","","","","ns1.lucushost.com","ns2.lucushost.com","ns3.lucushost.com","","clientTransferProhibited","","",""