"num","domain_name","query_time","create_date","update_date","expiry_date","domain_registrar_id","domain_registrar_name","domain_registrar_whois","domain_registrar_url","registrant_name","registrant_company","registrant_address","registrant_city","registrant_state","registrant_zip","registrant_country","registrant_email","registrant_phone","registrant_fax","administrative_name","administrative_company","administrative_address","administrative_city","administrative_state","administrative_zip","administrative_country","administrative_email","administrative_phone","administrative_fax","technical_name","technical_company","technical_address","technical_city","technical_state","technical_zip","technical_country","technical_email","technical_phone","technical_fax","billing_name","billing_company","billing_address","billing_city","billing_state","billing_zip","billing_country","billing_email","billing_phone","billing_fax","name_server_1","name_server_2","name_server_3","name_server_4","domain_status_1","domain_status_2","domain_status_3","domain_status_4"
"1","holistess.com","2021-07-08 14:31:30","2021-07-05","2021-07-05","2022-07-05","1056","Fenominal, Inc.","whois.nic.ir","http://www.fenominal.com","PERFECT PRIVACY, LLC","","5335 Gate Parkway","Jacksonville","FL","32256","United States","940bvorh68g6jbjofb8sc82gnn@domaindiscreet.com","+1.9027492701","","PERFECT PRIVACY, LLC","","5335 Gate Parkway","Jacksonville","FL","32256","United States","940bvorh68g6jbjofb8sc82gnn@domaindiscreet.com","+1.9027492701","","PERFECT PRIVACY, LLC","","5335 Gate Parkway","Jacksonville","FL","32256","United States","940bvorh68g6jbjofb8sc82gnn@domaindiscreet.com","+1.9027492701","","","","","","","","","","","","ns15.above.com","ns16.above.com","","","OK","","",""
"2","ironbykevin.com","2021-07-08 18:22:19","2021-07-05","2021-07-08","2022-07-05","1056","Fenominal, Inc.","whois.nic.ir","http://www.fenominal.com","lin hao huang","","dong cheng qu, dong cheng qu, 138 hao","bei jing shi","bei jing","100000","China","huanlive@qq.com","+86.13800138008","+86.13800138008","lin hao huang","","dong cheng qu, dong cheng qu, 138 hao","bei jing shi","bei jing","100000","China","huanlive@qq.com","+86.13800138008","+86.13800138008","lin hao huang","","dong cheng qu, dong cheng qu, 138 hao","bei jing shi","bei jing","100000","China","huanlive@qq.com","+86.13800138008","+86.13800138008","","","","","","","","","","","jm1.dns.com","jm2.dns.com","","","OK","","",""
"3","jinchuwang.com","2021-07-08 18:21:13","2021-07-05","2021-07-07","2022-07-05","1056","Fenominal, Inc.","whois.nic.ir","http://www.fenominal.com","miao Yi","","yueyanglouquzhanqiandonglu29hao","YueYangShi","","414000","China","shunfa2019@gmail.com","+86.13130474394","","miao Yi","","yueyanglouquzhanqiandonglu29hao","YueYangShi","","414000","China","shunfa2019@gmail.com","+86.13130474394","","miao Yi","","yueyanglouquzhanqiandonglu29hao","YueYangShi","","414000","China","shunfa2019@gmail.com","+86.13130474394","","","","","","","","","","","","ns1.xz.com","ns2.xz.com","","","OK","","",""
"4","sun117.net","2021-07-08 15:33:47","2021-07-04","2021-07-05","2022-07-04","1056","Fenominal, Inc.","whois.nic.ir","http://www.fenominal.com","jin xu","xu jin","xiao shan qu, cheng xiang jie dao hua yuan, 18 don","hang zhou shi","zhe jiang","311200","China","jimmy.20202020@outlook.com","+86.18613059227","+86.18613059227","jin xu","xu jin","xiao shan qu, cheng xiang jie dao hua yuan, 18 don","hang zhou shi","zhe jiang","311200","China","jimmy.20202020@outlook.com","+86.18613059227","+86.18613059227","jin xu","xu jin","xiao shan qu, cheng xiang jie dao hua yuan, 18 don","hang zhou shi","zhe jiang","311200","China","jimmy.20202020@outlook.com","+86.18613059227","+86.18613059227","","","","","","","","","","","jm1.dns.com","jm2.dns.com","","","OK","","",""
"5","vintageologie.com","2021-07-08 18:21:11","2021-07-05","2021-07-05","2022-07-05","1056","Fenominal, Inc.","whois.nic.ir","http://www.fenominal.com","PERFECT PRIVACY, LLC","","5335 Gate Parkway","Jacksonville","FL","32256","United States","940bvorh68g6jbjofb8sc82gnn@domaindiscreet.com","+1.9027492701","","PERFECT PRIVACY, LLC","","5335 Gate Parkway","Jacksonville","FL","32256","United States","940bvorh68g6jbjofb8sc82gnn@domaindiscreet.com","+1.9027492701","","PERFECT PRIVACY, LLC","","5335 Gate Parkway","Jacksonville","FL","32256","United States","940bvorh68g6jbjofb8sc82gnn@domaindiscreet.com","+1.9027492701","","","","","","","","","","","","ns15.above.com","ns16.above.com","","","OK","","",""