"num","domain_name","query_time","create_date","update_date","expiry_date","domain_registrar_id","domain_registrar_name","domain_registrar_whois","domain_registrar_url","registrant_name","registrant_company","registrant_address","registrant_city","registrant_state","registrant_zip","registrant_country","registrant_email","registrant_phone","registrant_fax","administrative_name","administrative_company","administrative_address","administrative_city","administrative_state","administrative_zip","administrative_country","administrative_email","administrative_phone","administrative_fax","technical_name","technical_company","technical_address","technical_city","technical_state","technical_zip","technical_country","technical_email","technical_phone","technical_fax","billing_name","billing_company","billing_address","billing_city","billing_state","billing_zip","billing_country","billing_email","billing_phone","billing_fax","name_server_1","name_server_2","name_server_3","name_server_4","domain_status_1","domain_status_2","domain_status_3","domain_status_4"
"1","0077ww.com","2021-07-08 18:15:02","2021-07-05","2021-07-05","2022-07-05","1555","Hangzhou AiMing Network Co., LTD","whois.22.cn","http://www.22.cn","Not available","Not available","","","HeBei","","China","","","","","","","","","","","","","","","","","","","","","","","","","","","","","","","","","","ns308.dnsever.com","ns321.dnsever.com","","","OK","","",""
"2","028laobao.com","2021-07-08 17:31:08","2021-07-05","2021-07-05","2022-07-05","1555","Hangzhou AiMing Network Co., LTD","whois.22.cn","http://www.22.cn","Not available","Not available","","","HeBei","","China","","","","","","","","","","","","","","","","","","","","","","","","","","","","","","","","","","ns308.dnsever.com","ns321.dnsever.com","","","OK","","",""
"3","03xiao.com","2021-07-08 18:24:07","2021-07-05","2021-07-05","2022-07-05","1555","Hangzhou AiMing Network Co., LTD","whois.22.cn","http://www.22.cn","Not available","Not available","","","HeBei","","China","","","","","","","","","","","","","","","","","","","","","","","","","","","","","","","","","","ns308.dnsever.com","ns321.dnsever.com","","","OK","","",""
"4","040885.com","2021-07-08 18:28:47","2021-07-05","2021-07-05","2022-07-05","1555","Hangzhou AiMing Network Co., LTD","whois.22.cn","http://www.22.cn","Not available","Not available","","","HeBei","","China","","","","","","","","","","","","","","","","","","","","","","","","","","","","","","","","","","ns308.dnsever.com","ns321.dnsever.com","","","OK","","",""
"5","0598hq.com","2021-07-08 17:29:46","2021-07-05","2021-07-05","2022-07-05","1555","Hangzhou AiMing Network Co., LTD","whois.22.cn","http://www.22.cn","Not available","Not available","","","HeBei","","China","","","","","","","","","","","","","","","","","","","","","","","","","","","","","","","","","","ns308.dnsever.com","ns321.dnsever.com","","","OK","","",""
"6","1305345.com","2021-07-08 18:27:46","2021-07-05","2021-07-05","2022-07-05","1555","Hangzhou AiMing Network Co., LTD","whois.22.cn","http://www.22.cn","Not available","Not available","","","HeBei","","China","","","","","","","","","","","","","","","","","","","","","","","","","","","","","","","","","","ns308.dnsever.com","ns321.dnsever.com","","","OK","","",""
"7","155876.com","2021-07-08 18:23:54","2021-07-05","2021-07-05","2022-07-05","1555","Hangzhou AiMing Network Co., LTD","whois.22.cn","http://www.22.cn","Not available","Not available","","","HeBei","","China","","","","","","","","","","","","","","","","","","","","","","","","","","","","","","","","","","ns308.dnsever.com","ns321.dnsever.com","","","OK","","",""
"8","19lgkk.com","2021-07-08 17:28:47","2021-07-05","2021-07-05","2022-07-05","1555","Hangzhou AiMing Network Co., LTD","whois.22.cn","http://www.22.cn","Not available","Not available","","","HeBei","","China","","","","","","","","","","","","","","","","","","","","","","","","","","","","","","","","","","ns308.dnsever.com","ns321.dnsever.com","","","OK","","",""
"9","2016wan.com","2021-07-08 18:26:11","2021-07-05","2021-07-05","2022-07-05","1555","Hangzhou AiMing Network Co., LTD","whois.22.cn","http://www.22.cn","Not available","Not available","","","HeBei","","China","","","","","","","","","","","","","","","","","","","","","","","","","","","","","","","","","","ns308.dnsever.com","ns321.dnsever.com","","","OK","","",""
"10","2285556.com","2021-07-08 17:04:03","2021-07-05","2021-07-05","2022-07-05","1555","Hangzhou AiMing Network Co., LTD","whois.22.cn","http://www.22.cn","Not available","Not available","","","GuangDong","","China","","","","","","","","","","","","","","","","","","","","","","","","","","","","","","","","","","ns1.22.cn","ns2.22.cn","","","OK","","",""
"11","2557787.com","2021-07-08 17:03:57","2021-07-05","2021-07-05","2022-07-05","1555","Hangzhou AiMing Network Co., LTD","whois.22.cn","http://www.22.cn","Not available","Not available","","","GuangDong","","China","","","","","","","","","","","","","","","","","","","","","","","","","","","","","","","","","","ns1.22.cn","ns2.22.cn","","","OK","","",""
"12","2557788.com","2021-07-08 17:52:50","2021-07-05","2021-07-05","2022-07-05","1555","Hangzhou AiMing Network Co., LTD","whois.22.cn","http://www.22.cn","Not available","Not available","","","GuangDong","","China","","","","","","","","","","","","","","","","","","","","","","","","","","","","","","","","","","ns1.22.cn","ns2.22.cn","","","OK","","",""
"13","28toucai.com","2021-07-08 14:28:14","2021-07-05","2021-07-05","2022-07-05","1555","Hangzhou AiMing Network Co., LTD","whois.22.cn","http://www.22.cn","Not available","Not available","","","HeBei","","China","","","","","","","","","","","","","","","","","","","","","","","","","","","","","","","","","","ns308.dnsever.com","ns321.dnsever.com","","","OK","","",""
"14","2ndin.com","2021-07-08 17:35:19","2021-07-05","2021-07-05","2022-07-05","1555","Hangzhou AiMing Network Co., LTD","whois.22.cn","http://www.22.cn","Not available","Not available","","","HeBei","","China","","","","","","","","","","","","","","","","","","","","","","","","","","","","","","","","","","ns308.dnsever.com","ns321.dnsever.com","","","OK","","",""
"15","365has.com","2021-07-08 17:45:43","2021-07-05","2021-07-05","2022-07-05","1555","Hangzhou AiMing Network Co., LTD","whois.22.cn","http://www.22.cn","Not available","Not available","","","HeBei","","China","","","","","","","","","","","","","","","","","","","","","","","","","","","","","","","","","","ns308.dnsever.com","ns321.dnsever.com","","","OK","","",""
"16","5533160.com","2021-07-08 17:03:10","2021-07-05","2021-07-05","2022-07-05","1555","Hangzhou AiMing Network Co., LTD","whois.22.cn","http://www.22.cn","Not available","Not available","","","GuangDong","","China","","","","","","","","","","","","","","","","","","","","","","","","","","","","","","","","","","ns1.22.cn","ns2.22.cn","","","OK","","",""
"17","5550028.com","2021-07-08 18:02:35","2021-07-05","2021-07-05","2022-07-05","1555","Hangzhou AiMing Network Co., LTD","whois.22.cn","http://www.22.cn","Not available","Not available","","","GuangDong","","China","","","","","","","","","","","","","","","","","","","","","","","","","","","","","","","","","","ns1.22.cn","ns2.22.cn","","","OK","","",""
"18","5550058.com","2021-07-08 18:02:31","2021-07-05","2021-07-05","2022-07-05","1555","Hangzhou AiMing Network Co., LTD","whois.22.cn","http://www.22.cn","Not available","Not available","","","GuangDong","","China","","","","","","","","","","","","","","","","","","","","","","","","","","","","","","","","","","ns1.22.cn","ns2.22.cn","","","OK","","",""
"19","559868.com","2021-07-08 14:20:34","2021-07-05","2021-07-05","2022-07-05","1555","Hangzhou AiMing Network Co., LTD","whois.22.cn","http://www.22.cn","Not available","Not available","","","JiangSu","","China","","","","","","","","","","","","","","","","","","","","","","","","","","","","","","","","","","ns1.22.cn","ns2.22.cn","","","OK","","",""
"20","661828.com","2021-07-08 17:57:14","2021-07-05","2021-07-05","2022-07-05","1555","Hangzhou AiMing Network Co., LTD","whois.22.cn","http://www.22.cn","Not available","Not available","","","JiangSu","","China","","","","","","","","","","","","","","","","","","","","","","","","","","","","","","","","","","ns1.22.cn","ns2.22.cn","","","OK","","",""
"21","66223388.com","2021-07-08 17:47:58","2021-07-05","2021-07-05","2022-07-05","1555","Hangzhou AiMing Network Co., LTD","whois.22.cn","http://www.22.cn","Not available","Not available","","","GuangDong","","China","","","","","","","","","","","","","","","","","","","","","","","","","","","","","","","","","","ns1.22.cn","ns2.22.cn","","","OK","","",""
"22","979838.com","2021-07-08 17:57:32","2021-07-05","2021-07-05","2022-07-05","1555","Hangzhou AiMing Network Co., LTD","whois.22.cn","http://www.22.cn","Not available","Not available","","","JiangSu","","China","","","","","","","","","","","","","","","","","","","","","","","","","","","","","","","","","","ns1.22.cn","ns2.22.cn","","","OK","","",""
"23","adamgrieve.com","2021-07-08 17:46:28","2021-07-05","2021-07-05","2022-07-05","1555","Hangzhou AiMing Network Co., LTD","whois.22.cn","http://www.22.cn","Not available","Not available","","","HeBei","","China","","","","","","","","","","","","","","","","","","","","","","","","","","","","","","","","","","ns308.dnsever.com","ns321.dnsever.com","","","OK","","",""
"24","addedhome.com","2021-07-08 17:38:00","2021-07-05","2021-07-05","2022-07-05","1555","Hangzhou AiMing Network Co., LTD","whois.22.cn","http://www.22.cn","Not available","Not available","","","HeBei","","China","","","","","","","","","","","","","","","","","","","","","","","","","","","","","","","","","","ns308.dnsever.com","ns321.dnsever.com","","","OK","","",""
"25","advtme.com","2021-07-08 18:18:27","2021-07-05","2021-07-05","2022-07-05","1555","Hangzhou AiMing Network Co., LTD","whois.22.cn","http://www.22.cn","Not available","Not available","","","HeBei","","China","","","","","","","","","","","","","","","","","","","","","","","","","","","","","","","","","","ns308.dnsever.com","ns321.dnsever.com","","","OK","","",""
"26","aiav55.com","2021-07-08 17:34:55","2021-07-05","2021-07-05","2022-07-05","1555","Hangzhou AiMing Network Co., LTD","whois.22.cn","http://www.22.cn","Not available","Not available","","","HeBei","","China","","","","","","","","","","","","","","","","","","","","","","","","","","","","","","","","","","ns308.dnsever.com","ns321.dnsever.com","","","OK","","",""
"27","aiwuaijia.com","2021-07-08 14:27:59","2021-07-05","2021-07-05","2022-07-05","1555","Hangzhou AiMing Network Co., LTD","whois.22.cn","http://www.22.cn","Not available","Not available","","","HeBei","","China","","","","","","","","","","","","","","","","","","","","","","","","","","","","","","","","","","ns308.dnsever.com","ns321.dnsever.com","","","OK","","",""
"28","ashleyfurniturecreditcard.com","2021-07-08 17:06:40","2021-07-05","2021-07-05","2022-07-05","1555","Hangzhou AiMing Network Co., LTD","whois.22.cn","http://www.22.cn","Not available","Not available","","","GuangDong","","China","","","","","","","","","","","","","","","","","","","","","","","","","","","","","","","","","","2425.ns1.above.com","2425.ns2.above.com","","","OK","","",""
"29","asidorn.com","2021-07-08 16:57:39","2021-07-05","2021-07-05","2022-07-05","1555","Hangzhou AiMing Network Co., LTD","whois.22.cn","http://www.22.cn","Not available","Not available","","","guizhou","","China","","","","","","","","","","","","","","","","","","","","","","","","","","","","","","","","","","ns1.22.cn","ns2.22.cn","","","OK","","",""
"30","avdva.com","2021-07-08 14:27:52","2021-07-05","2021-07-05","2022-07-05","1555","Hangzhou AiMing Network Co., LTD","whois.22.cn","http://www.22.cn","Not available","Not available","","","HeBei","","China","","","","","","","","","","","","","","","","","","","","","","","","","","","","","","","","","","ns308.dnsever.com","ns321.dnsever.com","","","OK","","",""
"31","babycharge.com","2021-07-08 16:56:35","2021-07-05","2021-07-05","2022-07-05","1555","Hangzhou AiMing Network Co., LTD","whois.22.cn","http://www.22.cn","Not available","Not available","","","JiangSu","","China","","","","","","","","","","","","","","","","","","","","","","","","","","","","","","","","","","pk3.22.cn","pk4.22.cn","","","OK","","",""
"32","baetly.com","2021-07-08 16:56:26","2021-07-05","2021-07-05","2022-07-05","1555","Hangzhou AiMing Network Co., LTD","whois.22.cn","http://www.22.cn","Not available","Not available","","","GuangDong","","China","","","","","","","","","","","","","","","","","","","","","","","","","","","","","","","","","","ns1.22.cn","ns2.22.cn","","","OK","","",""
"33","baeysf.com","2021-07-08 16:56:33","2021-07-05","2021-07-05","2022-07-05","1555","Hangzhou AiMing Network Co., LTD","whois.22.cn","http://www.22.cn","Not available","Not available","","","GuangDong","","China","","","","","","","","","","","","","","","","","","","","","","","","","","","","","","","","","","ns1.22.cn","ns2.22.cn","","","OK","","",""
"34","bcsavvy.com","2021-07-08 14:32:44","2021-07-03","2021-07-03","2022-07-03","1555","Hangzhou AiMing Network Co., LTD","whois.22.cn","http://www.22.cn","Not available","Not available","","","HeBei","","China","","","","","","","","","","","","","","","","","","","","","","","","","","","","","","","","","","ns308.dnsever.com","ns321.dnsever.com","","","OK","","",""
"35","binanceprovipo6.com","2021-07-08 14:35:31","2021-07-05","2021-07-08","2022-07-05","1555","Hangzhou AiMing Network Co., LTD","whois.22.cn","http://www.22.cn","Not available","Not available","","","LIAONING","","China","","","","","","","","","","","","","","","","","","","","","","","","","","","","","","","","","","dns1.everdns.com","dns2.everdns.com","","","OK","","",""
"36","bousnu.com","2021-07-08 14:34:11","2021-07-05","2021-07-05","2022-07-05","1555","Hangzhou AiMing Network Co., LTD","whois.22.cn","http://www.22.cn","Not available","Not available","","","GuangDong","","China","","","","","","","","","","","","","","","","","","","","","","","","","","","","","","","","","","ns1.22.cn","ns2.22.cn","","","OK","","",""
"37","bydcx.com","2021-07-08 17:41:07","2021-07-05","2021-07-05","2022-07-05","1555","Hangzhou AiMing Network Co., LTD","whois.22.cn","http://www.22.cn","Not available","Not available","","","HeBei","","China","","","","","","","","","","","","","","","","","","","","","","","","","","","","","","","","","","ns308.dnsever.com","ns321.dnsever.com","","","OK","","",""
"38","canadaqiwei.com","2021-07-08 17:37:23","2021-07-05","2021-07-05","2022-07-05","1555","Hangzhou AiMing Network Co., LTD","whois.22.cn","http://www.22.cn","Not available","Not available","","","HeBei","","China","","","","","","","","","","","","","","","","","","","","","","","","","","","","","","","","","","ns308.dnsever.com","ns321.dnsever.com","","","OK","","",""
"39","cdlub.com","2021-07-08 16:53:25","2021-07-05","2021-07-05","2022-07-05","1555","Hangzhou AiMing Network Co., LTD","whois.22.cn","http://www.22.cn","Not available","Not available","","","HeBei","","China","","","","","","","","","","","","","","","","","","","","","","","","","","","","","","","","","","ns308.dnsever.com","ns321.dnsever.com","","","OK","","",""
"40","cinemarkrewards.com","2021-07-08 17:16:53","2021-07-05","2021-07-05","2022-07-05","1555","Hangzhou AiMing Network Co., LTD","whois.22.cn","http://www.22.cn","Not available","Not available","","","GuangDong","","China","","","","","","","","","","","","","","","","","","","","","","","","","","","","","","","","","","2425.ns1.above.com","2425.ns2.above.com","","","OK","","",""
"41","ckhns.com","2021-07-08 14:28:58","2021-07-05","2021-07-05","2022-07-05","1555","Hangzhou AiMing Network Co., LTD","whois.22.cn","http://www.22.cn","Not available","Not available","","","HeBei","","China","","","","","","","","","","","","","","","","","","","","","","","","","","","","","","","","","","ns308.dnsever.com","ns321.dnsever.com","","","OK","","",""
"42","codemago.com","2021-07-08 14:28:17","2021-07-05","2021-07-05","2022-07-05","1555","Hangzhou AiMing Network Co., LTD","whois.22.cn","http://www.22.cn","Not available","Not available","","","HeBei","","China","","","","","","","","","","","","","","","","","","","","","","","","","","","","","","","","","","ns308.dnsever.com","ns321.dnsever.com","","","OK","","",""
"43","coent1.com","2021-07-08 16:51:01","2021-07-05","2021-07-05","2022-07-05","1555","Hangzhou AiMing Network Co., LTD","whois.22.cn","http://www.22.cn","Not available","Not available","","","GuangDong","","China","","","","","","","","","","","","","","","","","","","","","","","","","","","","","","","","","","ns1.22.cn","ns2.22.cn","","","OK","","",""
"44","congis1.com","2021-07-08 16:50:27","2021-07-05","2021-07-05","2022-07-05","1555","Hangzhou AiMing Network Co., LTD","whois.22.cn","http://www.22.cn","Not available","Not available","","","GuangDong","","China","","","","","","","","","","","","","","","","","","","","","","","","","","","","","","","","","","ns1.22.cn","ns2.22.cn","","","OK","","",""
"45","congy2.com","2021-07-08 16:50:27","2021-07-05","2021-07-05","2022-07-05","1555","Hangzhou AiMing Network Co., LTD","whois.22.cn","http://www.22.cn","Not available","Not available","","","GuangDong","","China","","","","","","","","","","","","","","","","","","","","","","","","","","","","","","","","","","ns1.22.cn","ns2.22.cn","","","OK","","",""
"46","cousend.com","2021-07-08 16:50:05","2021-07-05","2021-07-05","2022-07-05","1555","Hangzhou AiMing Network Co., LTD","whois.22.cn","http://www.22.cn","Not available","Not available","","","GuangDong","","China","","","","","","","","","","","","","","","","","","","","","","","","","","","","","","","","","","ns1.22.cn","ns2.22.cn","","","OK","","",""
"47","currentcreditcard.com","2021-07-08 17:27:49","2021-07-05","2021-07-05","2022-07-05","1555","Hangzhou AiMing Network Co., LTD","whois.22.cn","http://www.22.cn","Not available","Not available","","","GuangDong","","China","","","","","","","","","","","","","","","","","","","","","","","","","","","","","","","","","","2425.ns1.above.com","2425.ns2.above.com","","","OK","","",""
"48","cys3.com","2021-07-08 18:32:34","2021-07-05","2021-07-06","2022-07-05","1555","Hangzhou AiMing Network Co., LTD","whois.22.cn","http://www.22.cn","NanJingChuangYunShangWangLuoKeJiYouXianGongSi","NanJingChuangYunShangWangLuoKeJiYouXianGongSi","","","JiangSu","","China","","","","","","","","","","","","","","","","","","","","","","","","","","","","","","","","","","ns1.22.cn","ns2.22.cn","","","OK","","",""
"49","daan456.com","2021-07-08 16:48:33","2021-07-05","2021-07-06","2022-07-05","1555","Hangzhou AiMing Network Co., LTD","whois.22.cn","http://www.22.cn","Not available","Not available","","","SiChuanSheng","","China","","","","","","","","","","","","","","","","","","","","","","","","","","","","","","","","","","ns1.22.cn","ns2.22.cn","","","OK","","",""
"50","danvshen.com","2021-07-08 18:06:04","2021-07-05","2021-07-05","2022-07-05","1555","Hangzhou AiMing Network Co., LTD","whois.22.cn","http://www.22.cn","Not available","Not available","","","GuangDong","","China","","","","","","","","","","","","","","","","","","","","","","","","","","","","","","","","","","s1.mb.cn","s2.mb.cn","","","OK","","",""
"51","datesneakers.com","2021-07-08 16:48:12","2021-07-05","2021-07-05","2022-07-05","1555","Hangzhou AiMing Network Co., LTD","whois.22.cn","http://www.22.cn","Not available","Not available","","","GuangDong","","China","","","","","","","","","","","","","","","","","","","","","","","","","","","","","","","","","","ns1.dan.com","ns2.dan.com","","","OK","","",""
"52","dxgw2.com","2021-07-08 16:44:50","2021-07-05","2021-07-05","2022-07-05","1555","Hangzhou AiMing Network Co., LTD","whois.22.cn","http://www.22.cn","ChengDouHongTongShunChengShangMaoYouXianGongSi","ChengDouHongTongShunChengShangMaoYouXianGongSi","","","HeiLongJiang","","China","","","","","","","","","","","","","","","","","","","","","","","","","","","","","","","","","","ns1.22.cn","ns2.22.cn","","","OK","","",""
"53","dxgw3.com","2021-07-08 16:44:54","2021-07-05","2021-07-05","2022-07-05","1555","Hangzhou AiMing Network Co., LTD","whois.22.cn","http://www.22.cn","ChengDouHongTongShunChengShangMaoYouXianGongSi","ChengDouHongTongShunChengShangMaoYouXianGongSi","","","HeiLongJiang","","China","","","","","","","","","","","","","","","","","","","","","","","","","","","","","","","","","","ns1.22.cn","ns2.22.cn","","","OK","","",""
"54","dxgw4.com","2021-07-08 16:45:00","2021-07-05","2021-07-05","2022-07-05","1555","Hangzhou AiMing Network Co., LTD","whois.22.cn","http://www.22.cn","ChengDouHongTongShunChengShangMaoYouXianGongSi","ChengDouHongTongShunChengShangMaoYouXianGongSi","","","HeiLongJiang","","China","","","","","","","","","","","","","","","","","","","","","","","","","","","","","","","","","","ns1.22.cn","ns2.22.cn","","","OK","","",""
"55","dxgw5.com","2021-07-08 16:44:54","2021-07-05","2021-07-05","2022-07-05","1555","Hangzhou AiMing Network Co., LTD","whois.22.cn","http://www.22.cn","ChengDouHongTongShunChengShangMaoYouXianGongSi","ChengDouHongTongShunChengShangMaoYouXianGongSi","","","HeiLongJiang","","China","","","","","","","","","","","","","","","","","","","","","","","","","","","","","","","","","","ns1.22.cn","ns2.22.cn","","","OK","","",""
"56","dxgw6.com","2021-07-08 16:44:59","2021-07-05","2021-07-05","2022-07-05","1555","Hangzhou AiMing Network Co., LTD","whois.22.cn","http://www.22.cn","ChengDouHongTongShunChengShangMaoYouXianGongSi","ChengDouHongTongShunChengShangMaoYouXianGongSi","","","HeiLongJiang","","China","","","","","","","","","","","","","","","","","","","","","","","","","","","","","","","","","","ns1.22.cn","ns2.22.cn","","","OK","","",""
"57","e-inpress.com","2021-07-08 18:16:48","2021-07-05","2021-07-05","2022-07-05","1555","Hangzhou AiMing Network Co., LTD","whois.22.cn","http://www.22.cn","Not available","Not available","","","HeBei","","China","","","","","","","","","","","","","","","","","","","","","","","","","","","","","","","","","","ns308.dnsever.com","ns321.dnsever.com","","","OK","","",""
"58","e-khz.com","2021-07-08 17:36:00","2021-07-05","2021-07-05","2022-07-05","1555","Hangzhou AiMing Network Co., LTD","whois.22.cn","http://www.22.cn","Not available","Not available","","","HeBei","","China","","","","","","","","","","","","","","","","","","","","","","","","","","","","","","","","","","ns308.dnsever.com","ns321.dnsever.com","","","OK","","",""
"59","edsniper.com","2021-07-08 17:48:00","2021-07-05","2021-07-05","2022-07-05","1555","Hangzhou AiMing Network Co., LTD","whois.22.cn","http://www.22.cn","Not available","Not available","","","HeBei","","China","","","","","","","","","","","","","","","","","","","","","","","","","","","","","","","","","","ns308.dnsever.com","ns321.dnsever.com","","","OK","","",""
"60","ee9900.com","2021-07-08 17:31:59","2021-07-05","2021-07-05","2022-07-05","1555","Hangzhou AiMing Network Co., LTD","whois.22.cn","http://www.22.cn","Not available","Not available","","","HeBei","","China","","","","","","","","","","","","","","","","","","","","","","","","","","","","","","","","","","ns308.dnsever.com","ns321.dnsever.com","","","OK","","",""
"61","ejiataoci.com","2021-07-08 18:24:43","2021-07-05","2021-07-05","2022-07-05","1555","Hangzhou AiMing Network Co., LTD","whois.22.cn","http://www.22.cn","Not available","Not available","","","HeBei","","China","","","","","","","","","","","","","","","","","","","","","","","","","","","","","","","","","","ns308.dnsever.com","ns321.dnsever.com","","","OK","","",""
"62","ejingos.com","2021-07-08 14:28:05","2021-07-05","2021-07-05","2022-07-05","1555","Hangzhou AiMing Network Co., LTD","whois.22.cn","http://www.22.cn","Not available","Not available","","","HeBei","","China","","","","","","","","","","","","","","","","","","","","","","","","","","","","","","","","","","ns308.dnsever.com","ns321.dnsever.com","","","OK","","",""
"63","elitgift.com","2021-07-08 14:29:01","2021-07-05","2021-07-05","2022-07-05","1555","Hangzhou AiMing Network Co., LTD","whois.22.cn","http://www.22.cn","Not available","Not available","","","HeBei","","China","","","","","","","","","","","","","","","","","","","","","","","","","","","","","","","","","","ns308.dnsever.com","ns321.dnsever.com","","","OK","","",""
"64","elmazar.com","2021-07-08 17:24:29","2021-07-05","2021-07-05","2022-07-05","1555","Hangzhou AiMing Network Co., LTD","whois.22.cn","http://www.22.cn","Not available","Not available","","","HeBei","","China","","","","","","","","","","","","","","","","","","","","","","","","","","","","","","","","","","ns308.dnsever.com","ns321.dnsever.com","","","OK","","",""
"65","eloadxpress.com","2021-07-08 14:28:50","2021-07-05","2021-07-05","2022-07-05","1555","Hangzhou AiMing Network Co., LTD","whois.22.cn","http://www.22.cn","Not available","Not available","","","HeBei","","China","","","","","","","","","","","","","","","","","","","","","","","","","","","","","","","","","","ns308.dnsever.com","ns321.dnsever.com","","","OK","","",""
"66","em941.com","2021-07-08 17:24:44","2021-07-05","2021-07-05","2022-07-05","1555","Hangzhou AiMing Network Co., LTD","whois.22.cn","http://www.22.cn","Not available","Not available","","","HeBei","","China","","","","","","","","","","","","","","","","","","","","","","","","","","","","","","","","","","ns308.dnsever.com","ns321.dnsever.com","","","OK","","",""
"67","gaozi.site","2021-07-08 15:11:24","2021-07-05","","2022-07-05","1555","Hangzhou AiMing Network Co., LTD","whois.22.cn","http://www.22.cn","LICHANGCHENG","LICHANGCHENG","","","BEIJING","","China","","","","","","","","","","","","","","","","","","","","","","","","","","","","","","","","","","ns1.22.cn","ns2.22.cn","","","addPeriod","serverTransferProhibited","",""
"68","gipaas.com","2021-07-08 17:36:12","2021-07-05","2021-07-05","2022-07-05","1555","Hangzhou AiMing Network Co., LTD","whois.22.cn","http://www.22.cn","Not available","Not available","","","BeiJing","","China","","","","","","","","","","","","","","","","","","","","","","","","","","","","","","","","","","ns1.22.cn","ns2.22.cn","","","OK","","",""
"69","gummyshopgym.cc","2021-07-08 10:12:34","2021-07-03","2021-07-03","2022-07-03","1555","Hangzhou AiMing Network Co., LTD","whois.22.cn","http://www.22.cn","","","","","","","","","","","","","","","","","","","","","","","","","","","","","","","","","","","","","","","","","kyree.ns.cloudflare.com","sofia.ns.cloudflare.com","","","OK","","",""
"70","gummyshopjem.cc","2021-07-08 06:54:20","2021-07-03","2021-07-03","2022-07-03","1555","Hangzhou AiMing Network Co., LTD","whois.22.cn","http://www.22.cn","","","","","","","","","","","","","","","","","","","","","","","","","","","","","","","","","","","","","","","","","kyree.ns.cloudflare.com","sofia.ns.cloudflare.com","","","OK","","",""
"71","gummyshoprhj.cc","2021-07-08 12:10:42","2021-07-03","2021-07-03","2022-07-03","1555","Hangzhou AiMing Network Co., LTD","whois.22.cn","http://www.22.cn","","","","","","","","","","","","","","","","","","","","","","","","","","","","","","","","","","","","","","","","","kyree.ns.cloudflare.com","sofia.ns.cloudflare.com","","","OK","","",""
"72","gummyshopvic.cc","2021-07-08 03:31:16","2021-07-03","2021-07-03","2022-07-03","1555","Hangzhou AiMing Network Co., LTD","whois.22.cn","http://www.22.cn","","","","","","","","","","","","","","","","","","","","","","","","","","","","","","","","","","","","","","","","","kyree.ns.cloudflare.com","sofia.ns.cloudflare.com","","","OK","","",""
"73","gummyshopybw.cc","2021-07-08 06:59:03","2021-07-03","2021-07-03","2022-07-03","1555","Hangzhou AiMing Network Co., LTD","whois.22.cn","http://www.22.cn","","","","","","","","","","","","","","","","","","","","","","","","","","","","","","","","","","","","","","","","","kyree.ns.cloudflare.com","sofia.ns.cloudflare.com","","","OK","","",""
"74","guqinn.com","2021-07-08 16:35:49","2021-07-05","2021-07-05","2022-07-05","1555","Hangzhou AiMing Network Co., LTD","whois.22.cn","http://www.22.cn","Not available","Not available","","","ZHEJIANG","","China","","","","","","","","","","","","","","","","","","","","","","","","","","","","","","","","","","ns1.22.cn","ns2.22.cn","","","OK","","",""
"75","healthhertility.com","2021-07-08 14:38:34","2021-07-05","2021-07-05","2022-07-05","1555","Hangzhou AiMing Network Co., LTD","whois.22.cn","http://www.22.cn","chashaxiandanxiaohaiwangluokejiyouxiangongsi","chashaxiandanxiaohaiwangluokejiyouxiangongsi","","","hunan","","China","","","","","","","","","","","","","","","","","","","","","","","","","","","","","","","","","","ns1.bodis.com","ns2.bodis.com","","","OK","","",""
"76","hengyipos.com","2021-07-08 14:27:52","2021-07-05","2021-07-05","2022-07-05","1555","Hangzhou AiMing Network Co., LTD","whois.22.cn","http://www.22.cn","Not available","Not available","","","HeBei","","China","","","","","","","","","","","","","","","","","","","","","","","","","","","","","","","","","","ns308.dnsever.com","ns321.dnsever.com","","","OK","","",""
"77","hertilihealth.com","2021-07-08 14:38:09","2021-07-05","2021-07-05","2022-07-05","1555","Hangzhou AiMing Network Co., LTD","whois.22.cn","http://www.22.cn","chashaxiandanxiaohaiwangluokejiyouxiangongsi","chashaxiandanxiaohaiwangluokejiyouxiangongsi","","","hunan","","China","","","","","","","","","","","","","","","","","","","","","","","","","","","","","","","","","","ns1.bodis.com","ns2.bodis.com","","","OK","","",""
"78","hertilithealth.com","2021-07-08 14:38:06","2021-07-05","2021-07-05","2022-07-05","1555","Hangzhou AiMing Network Co., LTD","whois.22.cn","http://www.22.cn","chashaxiandanxiaohaiwangluokejiyouxiangongsi","chashaxiandanxiaohaiwangluokejiyouxiangongsi","","","hunan","","China","","","","","","","","","","","","","","","","","","","","","","","","","","","","","","","","","","ns1.bodis.com","ns2.bodis.com","","","OK","","",""
"79","hertilityheath.com","2021-07-08 14:38:06","2021-07-05","2021-07-05","2022-07-05","1555","Hangzhou AiMing Network Co., LTD","whois.22.cn","http://www.22.cn","chashaxiandanxiaohaiwangluokejiyouxiangongsi","chashaxiandanxiaohaiwangluokejiyouxiangongsi","","","hunan","","China","","","","","","","","","","","","","","","","","","","","","","","","","","","","","","","","","","ns1.bodis.com","ns2.bodis.com","","","OK","","",""
"80","hnxjbank.com","2021-07-08 14:37:34","2021-07-05","2021-07-06","2022-07-05","1555","Hangzhou AiMing Network Co., LTD","whois.22.cn","http://www.22.cn","Not available","Not available","","","BeiJing","","China","","","","","","","","","","","","","","","","","","","","","","","","","","","","","","","","","","pk3.22.cn","pk4.22.cn","","","OK","","",""
"81","honaos.com","2021-07-08 14:37:20","2021-07-05","2021-07-05","2022-07-05","1555","Hangzhou AiMing Network Co., LTD","whois.22.cn","http://www.22.cn","Not available","Not available","","","GuangDong","","China","","","","","","","","","","","","","","","","","","","","","","","","","","","","","","","","","","ns1.22.cn","ns2.22.cn","","","OK","","",""
"82","houdaedu.com","2021-07-08 18:16:19","2021-07-05","2021-07-06","2022-07-05","1555","Hangzhou AiMing Network Co., LTD","whois.22.cn","http://www.22.cn","HeZeSanDeChuanMeiYouXianGongSi","HeZeSanDeChuanMeiYouXianGongSi","","","ShanDong","","China","","","","","","","","","","","","","","","","","","","","","","","","","","","","","","","","","","ns1.22.cn","ns2.22.cn","","","OK","","",""
"83","htqsbw.com","2021-07-08 14:28:14","2021-07-05","2021-07-05","2022-07-05","1555","Hangzhou AiMing Network Co., LTD","whois.22.cn","http://www.22.cn","Not available","Not available","","","HeBei","","China","","","","","","","","","","","","","","","","","","","","","","","","","","","","","","","","","","ns308.dnsever.com","ns321.dnsever.com","","","OK","","",""
"84","huazhoubao.net","2021-07-08 15:30:59","2021-07-04","2021-07-04","2022-07-04","1555","Hangzhou AiMing Network Co., LTD","whois.22.cn","http://www.22.cn","Not available","Not available","","","HeNan","","China","","","","","","","","","","","","","","","","","","","","","","","","","","","","","","","","","","ns1.22.cn","ns2.22.cn","","","OK","","",""
"85","huitexun.com","2021-07-08 16:35:32","2021-07-05","2021-07-05","2022-07-05","1555","Hangzhou AiMing Network Co., LTD","whois.22.cn","http://www.22.cn","Not available","Not available","","","chongqing","","China","","","","","","","","","","","","","","","","","","","","","","","","","","","","","","","","","","ns1.22.cn","ns2.22.cn","","","OK","","",""
"86","hzlawgs.com","2021-07-08 18:17:28","2021-07-05","2021-07-05","2022-07-05","1555","Hangzhou AiMing Network Co., LTD","whois.22.cn","http://www.22.cn","Not available","Not available","","","HeBei","","China","","","","","","","","","","","","","","","","","","","","","","","","","","","","","","","","","","ns308.dnsever.com","ns321.dnsever.com","","","OK","","",""
"87","irancando.com","2021-07-08 18:03:05","2021-07-05","2021-07-05","2022-07-05","1555","Hangzhou AiMing Network Co., LTD","whois.22.cn","http://www.22.cn","Not available","Not available","","","HeBei","","China","","","","","","","","","","","","","","","","","","","","","","","","","","","","","","","","","","ns308.dnsever.com","ns321.dnsever.com","","","OK","","",""
"88","iurma.com","2021-07-08 17:30:55","2021-07-05","2021-07-05","2022-07-05","1555","Hangzhou AiMing Network Co., LTD","whois.22.cn","http://www.22.cn","Not available","Not available","","","HeBei","","China","","","","","","","","","","","","","","","","","","","","","","","","","","","","","","","","","","ns308.dnsever.com","ns321.dnsever.com","","","OK","","",""
"89","jianshang5.com","2021-07-08 17:18:39","2021-07-05","2021-07-05","2022-07-05","1555","Hangzhou AiMing Network Co., LTD","whois.22.cn","http://www.22.cn","Not available","Not available","","","SiChuan","","China","","","","","","","","","","","","","","","","","","","","","","","","","","","","","","","","","","ns1.22.cn","ns2.22.cn","","","OK","","",""
"90","jiateng.site","2021-07-08 15:11:50","2021-07-05","","2022-07-05","1555","Hangzhou AiMing Network Co., LTD","whois.22.cn","http://www.22.cn","LICHANGCHENG","LICHANGCHENG","","","BEIJING","","China","","","","","","","","","","","","","","","","","","","","","","","","","","","","","","","","","","ns1.22.cn","ns2.22.cn","","","addPeriod","serverTransferProhibited","",""
"91","jiulongbingxue.com","2021-07-08 16:31:48","2021-07-05","2021-07-05","2022-07-05","1555","Hangzhou AiMing Network Co., LTD","whois.22.cn","http://www.22.cn","Not available","Not available","","","HuNan","","China","","","","","","","","","","","","","","","","","","","","","","","","","","","","","","","","","","ns1.22.cn","ns2.22.cn","","","OK","","",""
"92","jnxhgk.com","2021-07-08 14:27:19","2021-07-05","2021-07-05","2022-07-05","1555","Hangzhou AiMing Network Co., LTD","whois.22.cn","http://www.22.cn","Not available","Not available","","","HeBei","","China","","","","","","","","","","","","","","","","","","","","","","","","","","","","","","","","","","ns308.dnsever.com","ns321.dnsever.com","","","OK","","",""
"93","kangfucan.com","2021-07-08 18:34:11","2021-07-05","2021-07-05","2022-07-05","1555","Hangzhou AiMing Network Co., LTD","whois.22.cn","http://www.22.cn","Not available","Not available","","","BeiJing","","China","","","","","","","","","","","","","","","","","","","","","","","","","","","","","","","","","","ns1.22.cn","ns2.22.cn","","","OK","","",""
"94","kegtsn.com","2021-07-08 16:29:57","2021-07-05","2021-07-05","2022-07-05","1555","Hangzhou AiMing Network Co., LTD","whois.22.cn","http://www.22.cn","Not available","Not available","","","HeNan","","China","","","","","","","","","","","","","","","","","","","","","","","","","","","","","","","","","","alexia.ns.cloudflare.com","cris.ns.cloudflare.com","","","OK","","",""
"95","kuaiyaowang.com","2021-07-08 17:36:40","2021-07-05","2021-07-05","2022-07-05","1555","Hangzhou AiMing Network Co., LTD","whois.22.cn","http://www.22.cn","Not available","Not available","","","shanghai","","China","","","","","","","","","","","","","","","","","","","","","","","","","","","","","","","","","","ns1.22.cn","ns2.22.cn","","","OK","","",""
"96","lc661.com","2021-07-08 17:57:55","2021-07-05","2021-07-05","2022-07-05","1555","Hangzhou AiMing Network Co., LTD","whois.22.cn","http://www.22.cn","Not available","Not available","","","HeNan","","China","","","","","","","","","","","","","","","","","","","","","","","","","","","","","","","","","","ns1.22.cn","ns2.22.cn","","","OK","","",""
"97","lensun1.com","2021-07-08 16:26:54","2021-07-05","2021-07-05","2022-07-05","1555","Hangzhou AiMing Network Co., LTD","whois.22.cn","http://www.22.cn","Not available","Not available","","","GuangDong","","China","","","","","","","","","","","","","","","","","","","","","","","","","","","","","","","","","","ns1.22.cn","ns2.22.cn","","","OK","","",""
"98","lijiady.com","2021-07-08 18:13:11","2021-07-05","2021-07-05","2022-07-05","1555","Hangzhou AiMing Network Co., LTD","whois.22.cn","http://www.22.cn","Not available","Not available","","","HeBei","","China","","","","","","","","","","","","","","","","","","","","","","","","","","","","","","","","","","ns308.dnsever.com","ns321.dnsever.com","","","OK","","",""
"99","linzhibao.club","2021-07-08 18:45:52","2021-07-05","","2022-07-05","1555","Hangzhou AiMing Network Co., LTD","whois.22.cn","http://www.22.cn","REDACTED FOR PRIVACY","hebeizaomouxinxijishuyouxiangongsi","REDACTED FOR PRIVACY REDACTED FOR PRIVACY REDACTED FOR PRIVACY","REDACTED FOR PRIVACY","HEBEI","REDACTED FOR PRIVACY","China","","REDACTED FOR PRIVACY","REDACTED FOR PRIVACY","REDACTED FOR PRIVACY","REDACTED FOR PRIVACY","REDACTED FOR PRIVACY REDACTED FOR PRIVACY REDACTED FOR PRIVACY","REDACTED FOR PRIVACY","REDACTED FOR PRIVACY","REDACTED FOR PRIVACY","REDACTED FOR PRIVACY","","REDACTED FOR PRIVACY","REDACTED FOR PRIVACY","REDACTED FOR PRIVACY","REDACTED FOR PRIVACY","REDACTED FOR PRIVACY REDACTED FOR PRIVACY REDACTED FOR PRIVACY","REDACTED FOR PRIVACY","REDACTED FOR PRIVACY","REDACTED FOR PRIVACY","REDACTED FOR PRIVACY","","REDACTED FOR PRIVACY","REDACTED FOR PRIVACY","","","","","","","","","","","ns1.22.cn","ns2.22.cn","","","addPeriod","ok","",""
"100","m-vave.com","2021-07-08 16:24:53","2021-07-05","2021-07-05","2022-07-05","1555","Hangzhou AiMing Network Co., LTD","whois.22.cn","http://www.22.cn","Not available","Not available","","","GuangDong","","China","","","","","","","","","","","","","","","","","","","","","","","","","","","","","","","","","","ns1.22.cn","ns2.22.cn","","","OK","","",""
"101","masly21.com","2021-07-08 16:22:56","2021-07-05","2021-07-05","2022-07-05","1555","Hangzhou AiMing Network Co., LTD","whois.22.cn","http://www.22.cn","Not available","Not available","","","GuangDong","","China","","","","","","","","","","","","","","","","","","","","","","","","","","","","","","","","","","ns1.22.cn","ns2.22.cn","","","OK","","",""
"102","menstu3.com","2021-07-08 16:22:07","2021-07-05","2021-07-05","2022-07-05","1555","Hangzhou AiMing Network Co., LTD","whois.22.cn","http://www.22.cn","Not available","Not available","","","GuangDong","","China","","","","","","","","","","","","","","","","","","","","","","","","","","","","","","","","","","ns1.22.cn","ns2.22.cn","","","OK","","",""
"103","moitben.com","2021-07-08 16:20:06","2021-07-05","2021-07-05","2022-07-05","1555","Hangzhou AiMing Network Co., LTD","whois.22.cn","http://www.22.cn","Not available","Not available","","","GuangDong","","China","","","","","","","","","","","","","","","","","","","","","","","","","","","","","","","","","","ns1.22.cn","ns2.22.cn","","","OK","","",""
"104","moustu.com","2021-07-08 16:19:34","2021-07-05","2021-07-05","2022-07-05","1555","Hangzhou AiMing Network Co., LTD","whois.22.cn","http://www.22.cn","Not available","Not available","","","GuangDong","","China","","","","","","","","","","","","","","","","","","","","","","","","","","","","","","","","","","ns1.22.cn","ns2.22.cn","","","OK","","",""
"105","mvxcarbon.com","2021-07-08 16:19:03","2021-07-05","2021-07-05","2022-07-05","1555","Hangzhou AiMing Network Co., LTD","whois.22.cn","http://www.22.cn","Not available","Not available","","","GuangDong","","China","","","","","","","","","","","","","","","","","","","","","","","","","","","","","","","","","","ns1.22.cn","ns2.22.cn","","","OK","","",""
"106","nanweigs.com","2021-07-08 16:18:29","2021-07-05","2021-07-05","2022-07-05","1555","Hangzhou AiMing Network Co., LTD","whois.22.cn","http://www.22.cn","ZhenJiangShiNanWeiDianQiYouXianGongSi","ZhenJiangShiNanWeiDianQiYouXianGongSi","","","JiangSu","","China","","","","","","","","","","","","","","","","","","","","","","","","","","","","","","","","","","ns1.22.cn","ns2.22.cn","","","OK","","",""
"107","novistarfish.com","2021-07-08 14:41:04","2021-07-05","2021-07-05","2022-07-05","1555","Hangzhou AiMing Network Co., LTD","whois.22.cn","http://www.22.cn","CHENGDUDONGXIAOJIEKEJIYOUXIANGONGSI","CHENGDUDONGXIAOJIEKEJIYOUXIANGONGSI","","","SICHUAN","","China","","","","","","","","","","","","","","","","","","","","","","","","","","","","","","","","","","ns1.22.cn","ns2.22.cn","","","OK","","",""
"108","ouwden.com","2021-07-08 16:17:15","2021-07-05","2021-07-05","2022-07-05","1555","Hangzhou AiMing Network Co., LTD","whois.22.cn","http://www.22.cn","Not available","Not available","","","GuangDong","","China","","","","","","","","","","","","","","","","","","","","","","","","","","","","","","","","","","ns1.22.cn","ns2.22.cn","","","OK","","",""
"109","pingesitw.com","2021-07-08 16:15:49","2021-07-05","2021-07-05","2022-07-05","1555","Hangzhou AiMing Network Co., LTD","whois.22.cn","http://www.22.cn","Not available","Not available","","","guizhou","","China","","","","","","","","","","","","","","","","","","","","","","","","","","","","","","","","","","ns1.22.cn","ns2.22.cn","","","OK","","",""
"110","qcloudfs.com","2021-07-08 18:10:50","2021-07-05","2021-07-05","2022-07-05","1555","Hangzhou AiMing Network Co., LTD","whois.22.cn","http://www.22.cn","Not available","Not available","","","HeBei","","China","","","","","","","","","","","","","","","","","","","","","","","","","","","","","","","","","","ns308.dnsever.com","ns321.dnsever.com","","","OK","","",""
"111","qdc123111.com","2021-07-08 16:13:25","2021-07-05","2021-07-05","2022-07-05","1555","Hangzhou AiMing Network Co., LTD","whois.22.cn","http://www.22.cn","Not available","Not available","","","ZHEJIANG","","China","","","","","","","","","","","","","","","","","","","","","","","","","","","","","","","","","","ns1.22.cn","ns2.22.cn","","","OK","","",""
"112","qgb123111.com","2021-07-08 16:13:18","2021-07-05","2021-07-05","2022-07-05","1555","Hangzhou AiMing Network Co., LTD","whois.22.cn","http://www.22.cn","Not available","Not available","","","ZHEJIANG","","China","","","","","","","","","","","","","","","","","","","","","","","","","","","","","","","","","","ns1.22.cn","ns2.22.cn","","","OK","","",""
"113","qjyzws.com","2021-07-08 17:50:48","2021-07-05","2021-07-05","2022-07-05","1555","Hangzhou AiMing Network Co., LTD","whois.22.cn","http://www.22.cn","Not available","Not available","","","HeBei","","China","","","","","","","","","","","","","","","","","","","","","","","","","","","","","","","","","","ns308.dnsever.com","ns321.dnsever.com","","","OK","","",""
"114","qnwhk.com","2021-07-08 17:50:58","2021-07-05","2021-07-05","2022-07-05","1555","Hangzhou AiMing Network Co., LTD","whois.22.cn","http://www.22.cn","Not available","Not available","","","GuangDong","","China","","","","","","","","","","","","","","","","","","","","","","","","","","","","","","","","","","ns1.22.cn","ns2.22.cn","","","OK","","",""
"115","qsx123111.com","2021-07-08 16:13:07","2021-07-05","2021-07-05","2022-07-05","1555","Hangzhou AiMing Network Co., LTD","whois.22.cn","http://www.22.cn","Not available","Not available","","","ZHEJIANG","","China","","","","","","","","","","","","","","","","","","","","","","","","","","","","","","","","","","ns1.22.cn","ns2.22.cn","","","OK","","",""
"116","secondhandrvs.com","2021-07-08 18:21:41","2021-07-05","2021-07-05","2022-07-05","1555","Hangzhou AiMing Network Co., LTD","whois.22.cn","http://www.22.cn","Not available","Not available","","","HuNan","","China","","","","","","","","","","","","","","","","","","","","","","","","","","","","","","","","","","ns1.22.cn","ns2.22.cn","","","OK","","",""
"117","shancheng.site","2021-07-08 15:11:48","2021-07-05","","2022-07-05","1555","Hangzhou AiMing Network Co., LTD","whois.22.cn","http://www.22.cn","LICHANGCHENG","LICHANGCHENG","","","BEIJING","","China","","","","","","","","","","","","","","","","","","","","","","","","","","","","","","","","","","ns1.22.cn","ns2.22.cn","","","addPeriod","serverTransferProhibited","",""
"118","spzapp.com","2021-07-08 16:04:21","2021-07-05","2021-07-05","2022-07-05","1555","Hangzhou AiMing Network Co., LTD","whois.22.cn","http://www.22.cn","Not available","Not available","","","ShanXi","","China","","","","","","","","","","","","","","","","","","","","","","","","","","","","","","","","","","ns1.22.cn","ns2.22.cn","","","OK","","",""
"119","swygw.com","2021-07-08 17:59:56","2021-07-05","2021-07-05","2022-07-05","1555","Hangzhou AiMing Network Co., LTD","whois.22.cn","http://www.22.cn","Not available","Not available","","","HeBei","","China","","","","","","","","","","","","","","","","","","","","","","","","","","","","","","","","","","ns1.22.cn","ns2.22.cn","","","OK","","",""
"120","sxjsbf.com","2021-07-08 14:28:56","2021-07-05","2021-07-05","2022-07-05","1555","Hangzhou AiMing Network Co., LTD","whois.22.cn","http://www.22.cn","Not available","Not available","","","HeBei","","China","","","","","","","","","","","","","","","","","","","","","","","","","","","","","","","","","","ns1.22.cn","ns2.22.cn","","","OK","","",""
"121","sxtczc.com","2021-07-08 14:19:03","2021-07-05","2021-07-05","2022-07-05","1555","Hangzhou AiMing Network Co., LTD","whois.22.cn","http://www.22.cn","Not available","Not available","","","HeBei","","China","","","","","","","","","","","","","","","","","","","","","","","","","","","","","","","","","","ns1.22.cn","ns2.22.cn","","","OK","","",""
"122","sybllhz.com","2021-07-08 17:39:38","2021-07-05","2021-07-05","2022-07-05","1555","Hangzhou AiMing Network Co., LTD","whois.22.cn","http://www.22.cn","Not available","Not available","","","HeBei","","China","","","","","","","","","","","","","","","","","","","","","","","","","","","","","","","","","","ns1.22.cn","ns2.22.cn","","","OK","","",""
"123","szsorter.com","2021-07-08 16:02:14","2021-07-05","2021-07-05","2022-07-05","1555","Hangzhou AiMing Network Co., LTD","whois.22.cn","http://www.22.cn","ShenZhenYiHongWuJinJiDianYouXianGongSi","ShenZhenYiHongWuJinJiDianYouXianGongSi","","","GuangDong","","China","","","","","","","","","","","","","","","","","","","","","","","","","","","","","","","","","","ns1.22.cn","ns2.22.cn","","","OK","","",""
"124","taixin.site","2021-07-08 15:11:48","2021-07-05","","2022-07-05","1555","Hangzhou AiMing Network Co., LTD","whois.22.cn","http://www.22.cn","LICHANGCHENG","LICHANGCHENG","","","BEIJING","","China","","","","","","","","","","","","","","","","","","","","","","","","","","","","","","","","","","ns1.22.cn","ns2.22.cn","","","addPeriod","serverTransferProhibited","",""
"125","tejia400.com","2021-07-08 17:23:21","2021-07-05","2021-07-05","2022-07-05","1555","Hangzhou AiMing Network Co., LTD","whois.22.cn","http://www.22.cn","guangzhounanzhengxinxijishuyouxiangongsi","guangzhounanzhengxinxijishuyouxiangongsi","","","GuangDong","","China","","","","","","","","","","","","","","","","","","","","","","","","","","","","","","","","","","ns1.22.cn","ns2.22.cn","","","OK","","",""
"126","tianzibingxue.com","2021-07-08 14:43:34","2021-07-05","2021-07-05","2022-07-05","1555","Hangzhou AiMing Network Co., LTD","whois.22.cn","http://www.22.cn","Not available","Not available","","","HuNan","","China","","","","","","","","","","","","","","","","","","","","","","","","","","","","","","","","","","ns1.22.cn","ns2.22.cn","","","OK","","",""
"127","tiaodongchuxing.com","2021-07-08 14:43:31","2021-07-05","2021-07-05","2022-07-05","1555","Hangzhou AiMing Network Co., LTD","whois.22.cn","http://www.22.cn","Not available","Not available","","","ZHEJIANG","","China","","","","","","","","","","","","","","","","","","","","","","","","","","","","","","","","","","ns1.22.cn","ns2.22.cn","","","OK","","",""
"128","tiku456.com","2021-07-08 14:43:24","2021-07-05","2021-07-06","2022-07-05","1555","Hangzhou AiMing Network Co., LTD","whois.22.cn","http://www.22.cn","Not available","Not available","","","SiChuanSheng","","China","","","","","","","","","","","","","","","","","","","","","","","","","","","","","","","","","","ns1.22.cn","ns2.22.cn","","","OK","","",""
"129","topqt.com","2021-07-08 18:36:36","2021-07-05","2021-07-05","2022-07-05","1555","Hangzhou AiMing Network Co., LTD","whois.22.cn","http://www.22.cn","Not available","Not available","","","HeBei","","China","","","","","","","","","","","","","","","","","","","","","","","","","","","","","","","","","","ns308.dnsever.com","ns321.dnsever.com","","","OK","","",""
"130","ueioaeo.com","2021-07-08 15:59:15","2021-07-05","2021-07-05","2022-07-05","1555","Hangzhou AiMing Network Co., LTD","whois.22.cn","http://www.22.cn","Not available","Not available","","","guizhou","","China","","","","","","","","","","","","","","","","","","","","","","","","","","","","","","","","","","ns1.22.cn","ns2.22.cn","","","OK","","",""
"131","uninestjp.com","2021-07-08 15:59:04","2021-07-05","2021-07-05","2022-07-05","1555","Hangzhou AiMing Network Co., LTD","whois.22.cn","http://www.22.cn","Not available","Not available","","","ZHEJIANG","","China","","","","","","","","","","","","","","","","","","","","","","","","","","","","","","","","","","ns1.22.cn","ns2.22.cn","","","OK","","",""
"132","ursriow.com","2021-07-08 15:58:50","2021-07-05","2021-07-05","2022-07-05","1555","Hangzhou AiMing Network Co., LTD","whois.22.cn","http://www.22.cn","Not available","Not available","","","guizhou","","China","","","","","","","","","","","","","","","","","","","","","","","","","","","","","","","","","","ns1.22.cn","ns2.22.cn","","","OK","","",""
"133","wanlongzhi.com","2021-07-08 15:56:37","2021-07-05","2021-07-05","2022-07-05","1555","Hangzhou AiMing Network Co., LTD","whois.22.cn","http://www.22.cn","Not available","Not available","","","guizhou","","China","","","","","","","","","","","","","","","","","","","","","","","","","","","","","","","","","","ns1.22.cn","ns2.22.cn","","","OK","","",""
"134","weiuostw.com","2021-07-08 15:56:00","2021-07-05","2021-07-05","2022-07-05","1555","Hangzhou AiMing Network Co., LTD","whois.22.cn","http://www.22.cn","Not available","Not available","","","guizhou","","China","","","","","","","","","","","","","","","","","","","","","","","","","","","","","","","","","","ns1.22.cn","ns2.22.cn","","","OK","","",""
"135","xcxwm.com","2021-07-08 17:54:10","2021-07-05","2021-07-05","2022-07-05","1555","Hangzhou AiMing Network Co., LTD","whois.22.cn","http://www.22.cn","Not available","Not available","","","HeBei","","China","","","","","","","","","","","","","","","","","","","","","","","","","","","","","","","","","","ns1.22.cn","ns2.22.cn","","","OK","","",""
"136","xgsmflc.com","2021-07-08 18:13:11","2021-07-05","2021-07-05","2022-07-05","1555","Hangzhou AiMing Network Co., LTD","whois.22.cn","http://www.22.cn","Not available","Not available","","","HeBei","","China","","","","","","","","","","","","","","","","","","","","","","","","","","","","","","","","","","ns308.dnsever.com","ns321.dnsever.com","","","OK","","",""
"137","xiaoxiandian.com","2021-07-08 18:04:32","2021-07-05","2021-07-05","2022-07-05","1555","Hangzhou AiMing Network Co., LTD","whois.22.cn","http://www.22.cn","Not available","Not available","","","HeBei","","China","","","","","","","","","","","","","","","","","","","","","","","","","","","","","","","","","","lollipop.dnspod.net","procyon.dnspod.net","","","OK","","",""
"138","xinximami.com","2021-07-08 18:13:07","2021-07-05","2021-07-05","2022-07-05","1555","Hangzhou AiMing Network Co., LTD","whois.22.cn","http://www.22.cn","Not available","Not available","","","HeBei","","China","","","","","","","","","","","","","","","","","","","","","","","","","","","","","","","","","","ns308.dnsever.com","ns321.dnsever.com","","","OK","","",""
"139","xmsxzj.com","2021-07-08 17:39:40","2021-07-05","2021-07-05","2022-07-05","1555","Hangzhou AiMing Network Co., LTD","whois.22.cn","http://www.22.cn","Not available","Not available","","","HeBei","","China","","","","","","","","","","","","","","","","","","","","","","","","","","","","","","","","","","ns1.22.cn","ns2.22.cn","","","OK","","",""
"140","xn--9kq037hn5o.com","2021-07-08 15:53:31","2021-07-05","2021-07-05","2022-07-05","1555","Hangzhou AiMing Network Co., LTD","whois.22.cn","http://www.22.cn","JinShuiYun(GanSu)GongXiangFuWuYouXianGongSi","JinShuiYun(GanSu)GongXiangFuWuYouXianGongSi","","","GanSu","","China","","","","","","","","","","","","","","","","","","","","","","","","","","","","","","","","","","ns1.22.cn","ns2.22.cn","","","OK","","",""
"141","xn--fjq080n4ha.com","2021-07-08 15:53:25","2021-07-05","2021-07-05","2022-07-05","1555","Hangzhou AiMing Network Co., LTD","whois.22.cn","http://www.22.cn","HangZhouLeTongDaWangLuoYouXianGongSi","HangZhouLeTongDaWangLuoYouXianGongSi","","","ZheJiang","","China","","","","","","","","","","","","","","","","","","","","","","","","","","","","","","","","","","ns1.22.cn","ns2.22.cn","","","OK","","",""
"142","xn--inr64v7lglvrhrl.com","2021-07-08 15:53:31","2021-07-05","2021-07-05","2022-07-05","1555","Hangzhou AiMing Network Co., LTD","whois.22.cn","http://www.22.cn","Not available","Not available","","","XinJiang","","China","","","","","","","","","","","","","","","","","","","","","","","","","","","","","","","","","","ns1.22.cn","ns2.22.cn","","","OK","","",""
"143","xn--inrq8pq2bv7ptp3a1upyga.com","2021-07-08 15:53:26","2021-07-05","2021-07-05","2022-07-05","1555","Hangzhou AiMing Network Co., LTD","whois.22.cn","http://www.22.cn","Not available","Not available","","","XinJiang","","China","","","","","","","","","","","","","","","","","","","","","","","","","","","","","","","","","","ns1.22.cn","ns2.22.cn","","","OK","","",""
"144","xqhnmj.com","2021-07-08 14:27:56","2021-07-05","2021-07-05","2022-07-05","1555","Hangzhou AiMing Network Co., LTD","whois.22.cn","http://www.22.cn","Not available","Not available","","","HeBei","","China","","","","","","","","","","","","","","","","","","","","","","","","","","","","","","","","","","ns1.22.cn","ns2.22.cn","","","OK","","",""
"145","xsjhqgs.com","2021-07-08 14:27:45","2021-07-05","2021-07-05","2022-07-05","1555","Hangzhou AiMing Network Co., LTD","whois.22.cn","http://www.22.cn","Not available","Not available","","","HeBei","","China","","","","","","","","","","","","","","","","","","","","","","","","","","","","","","","","","","ns1.22.cn","ns2.22.cn","","","OK","","",""
"146","yewuqq.net","2021-07-08 15:33:56","2021-07-04","2021-07-04","2022-07-04","1555","Hangzhou AiMing Network Co., LTD","whois.22.cn","http://www.22.cn","Not available","Not available","","","GuangDong","","China","","","","","","","","","","","","","","","","","","","","","","","","","","","","","","","","","","ns1.22.cn","ns2.22.cn","","","OK","","",""
"147","yizupo.com","2021-07-08 17:41:48","2021-07-05","2021-07-05","2022-07-05","1555","Hangzhou AiMing Network Co., LTD","whois.22.cn","http://www.22.cn","Not available","Not available","","","HeBei","","China","","","","","","","","","","","","","","","","","","","","","","","","","","","","","","","","","","ns308.dnsever.com","ns321.dnsever.com","","","OK","","",""
"148","ylfyjsj.com","2021-07-08 17:28:35","2021-07-05","2021-07-05","2022-07-05","1555","Hangzhou AiMing Network Co., LTD","whois.22.cn","http://www.22.cn","Not available","Not available","","","HeBei","","China","","","","","","","","","","","","","","","","","","","","","","","","","","","","","","","","","","ns1.22.cn","ns2.22.cn","","","OK","","",""
"149","yndanguo.com","2021-07-08 17:41:51","2021-07-05","2021-07-05","2022-07-05","1555","Hangzhou AiMing Network Co., LTD","whois.22.cn","http://www.22.cn","Not available","Not available","","","HeBei","","China","","","","","","","","","","","","","","","","","","","","","","","","","","","","","","","","","","ns308.dnsever.com","ns321.dnsever.com","","","OK","","",""
"150","yqlkz.com","2021-07-08 18:03:18","2021-07-05","2021-07-05","2022-07-05","1555","Hangzhou AiMing Network Co., LTD","whois.22.cn","http://www.22.cn","Not available","Not available","","","HeBei","","China","","","","","","","","","","","","","","","","","","","","","","","","","","","","","","","","","","ns1.22.cn","ns2.22.cn","","","OK","","",""
"151","yqqly.com","2021-07-08 18:21:17","2021-07-05","2021-07-05","2022-07-05","1555","Hangzhou AiMing Network Co., LTD","whois.22.cn","http://www.22.cn","Not available","Not available","","","HeBei","","China","","","","","","","","","","","","","","","","","","","","","","","","","","","","","","","","","","ns1.22.cn","ns2.22.cn","","","OK","","",""
"152","yuezhaizu.com","2021-07-08 15:50:28","2021-07-05","2021-07-05","2022-07-05","1555","Hangzhou AiMing Network Co., LTD","whois.22.cn","http://www.22.cn","Not available","Not available","","","GuangDong","","China","","","","","","","","","","","","","","","","","","","","","","","","","","","","","","","","","","ns1.22.cn","ns2.22.cn","","","OK","","",""
"153","yuhai.site","2021-07-08 15:11:52","2021-07-05","","2022-07-05","1555","Hangzhou AiMing Network Co., LTD","whois.22.cn","http://www.22.cn","LICHANGCHENG","LICHANGCHENG","","","BEIJING","","China","","","","","","","","","","","","","","","","","","","","","","","","","","","","","","","","","","ns1.22.cn","ns2.22.cn","","","addPeriod","serverTransferProhibited","",""
"154","yxjjyw.com","2021-07-08 17:41:43","2021-07-05","2021-07-05","2022-07-05","1555","Hangzhou AiMing Network Co., LTD","whois.22.cn","http://www.22.cn","Not available","Not available","","","HeBei","","China","","","","","","","","","","","","","","","","","","","","","","","","","","","","","","","","","","ns308.dnsever.com","ns321.dnsever.com","","","OK","","",""
"155","zaobaina.com","2021-07-08 18:08:41","2021-07-05","2021-07-05","2022-07-05","1555","Hangzhou AiMing Network Co., LTD","whois.22.cn","http://www.22.cn","Not available","Not available","","","HeBei","","China","","","","","","","","","","","","","","","","","","","","","","","","","","","","","","","","","","ns308.dnsever.com","ns321.dnsever.com","","","OK","","",""
"156","zgbjpzl.com","2021-07-08 14:27:56","2021-07-05","2021-07-05","2022-07-05","1555","Hangzhou AiMing Network Co., LTD","whois.22.cn","http://www.22.cn","Not available","Not available","","","HeBei","","China","","","","","","","","","","","","","","","","","","","","","","","","","","","","","","","","","","ns308.dnsever.com","ns321.dnsever.com","","","OK","","",""
"157","zhaolongzhi.com","2021-07-08 15:50:01","2021-07-05","2021-07-05","2022-07-05","1555","Hangzhou AiMing Network Co., LTD","whois.22.cn","http://www.22.cn","Not available","Not available","","","guizhou","","China","","","","","","","","","","","","","","","","","","","","","","","","","","","","","","","","","","ns1.22.cn","ns2.22.cn","","","OK","","",""
"158","zhonglejinyi.com","2021-07-08 15:49:45","2021-07-03","2021-07-03","2022-07-03","1555","Hangzhou AiMing Network Co., LTD","whois.22.cn","http://www.22.cn","Not available","Not available","","","ZHEJIANG","","China","","","","","","","","","","","","","","","","","","","","","","","","","","","","","","","","","","dns1.everdns.com","dns2.everdns.com","","","OK","","",""
"159","zhonglejinyi8.com","2021-07-08 15:49:45","2021-07-03","2021-07-03","2022-07-03","1555","Hangzhou AiMing Network Co., LTD","whois.22.cn","http://www.22.cn","Not available","Not available","","","ZHEJIANG","","China","","","","","","","","","","","","","","","","","","","","","","","","","","","","","","","","","","ns1.22.cn","ns2.22.cn","","","OK","","",""
"160","zhongxin32.com","2021-07-08 15:49:57","2021-07-05","2021-07-05","2022-07-05","1555","Hangzhou AiMing Network Co., LTD","whois.22.cn","http://www.22.cn","Not available","Not available","","","GuangDong","","China","","","","","","","","","","","","","","","","","","","","","","","","","","","","","","","","","","ns1.22.cn","ns2.22.cn","","","OK","","",""
"161","zhongxin72.com","2021-07-08 15:49:45","2021-07-05","2021-07-05","2022-07-05","1555","Hangzhou AiMing Network Co., LTD","whois.22.cn","http://www.22.cn","Not available","Not available","","","GuangDong","","China","","","","","","","","","","","","","","","","","","","","","","","","","","","","","","","","","","ns1.22.cn","ns2.22.cn","","","OK","","",""
"162","zjneo.com","2021-07-08 18:44:42","2021-07-05","2021-07-05","2022-07-05","1555","Hangzhou AiMing Network Co., LTD","whois.22.cn","http://www.22.cn","Not available","Not available","","","HeBei","","China","","","","","","","","","","","","","","","","","","","","","","","","","","","","","","","","","","ns308.dnsever.com","ns321.dnsever.com","","","OK","","",""
"163","zjyaslan.com","2021-07-08 17:47:53","2021-07-05","2021-07-05","2022-07-05","1555","Hangzhou AiMing Network Co., LTD","whois.22.cn","http://www.22.cn","Not available","Not available","","","HeBei","","China","","","","","","","","","","","","","","","","","","","","","","","","","","","","","","","","","","ns308.dnsever.com","ns321.dnsever.com","","","OK","","",""
"164","zlhlwqp.com","2021-07-08 17:50:34","2021-07-05","2021-07-05","2022-07-05","1555","Hangzhou AiMing Network Co., LTD","whois.22.cn","http://www.22.cn","Not available","Not available","","","HeBei","","China","","","","","","","","","","","","","","","","","","","","","","","","","","","","","","","","","","ns308.dnsever.com","ns321.dnsever.com","","","OK","","",""
"165","zssorter.com","2021-07-08 15:49:23","2021-07-05","2021-07-05","2022-07-05","1555","Hangzhou AiMing Network Co., LTD","whois.22.cn","http://www.22.cn","ShenZhenYiHongWuJinJiDianYouXianGongSi","ShenZhenYiHongWuJinJiDianYouXianGongSi","","","GuangDong","","China","","","","","","","","","","","","","","","","","","","","","","","","","","","","","","","","","","ns1.22.cn","ns2.22.cn","","","OK","","",""