"num","domain_name","query_time","create_date","update_date","expiry_date","domain_registrar_id","domain_registrar_name","domain_registrar_whois","domain_registrar_url","registrant_name","registrant_company","registrant_address","registrant_city","registrant_state","registrant_zip","registrant_country","registrant_email","registrant_phone","registrant_fax","administrative_name","administrative_company","administrative_address","administrative_city","administrative_state","administrative_zip","administrative_country","administrative_email","administrative_phone","administrative_fax","technical_name","technical_company","technical_address","technical_city","technical_state","technical_zip","technical_country","technical_email","technical_phone","technical_fax","billing_name","billing_company","billing_address","billing_city","billing_state","billing_zip","billing_country","billing_email","billing_phone","billing_fax","name_server_1","name_server_2","name_server_3","name_server_4","domain_status_1","domain_status_2","domain_status_3","domain_status_4"
"1","aaarrowz.com","2021-07-08 17:02:32","2021-07-05","2021-07-05","2022-07-05","1485","Japan Registry Services Co., Ltd.","whois.jprs.jp","http://jprs.jp/registrar","ARROWZ Co., Ltd.","","4-52-397, Kanaya-cho","Toyota-shi","Aichi","471-0876","Japan","domains@technowave.ad.jp","+81.565392416","","RICOH JAPAN Corporation","","1-8-10 Harumi","Chuo-ku","Tokyo","104-6033","Japan","info@technowave.ad.jp","+81.120060799","","RICOH JAPAN Corporation","","1-8-10 Harumi","Chuo-ku","Tokyo","104-6033","Japan","info@technowave.ad.jp","+81.120060799","","","","","","","","","","","","name.technowave.ad.jp","ns.technowave.ne.jp","","","clientTransferProhibited","","",""
"2","agent-merit.com","2021-07-08 17:01:02","2021-07-05","2021-07-05","2022-07-05","1485","Japan Registry Services Co., Ltd.","whois.jprs.jp","http://jprs.jp/registrar","SAKURA Internet Inc.PB1","","35F,4-20,ofukacho,kitaku","Osaka","Osaka","530-0011","Japan","nic-staff@sakura.ad.jp","+81.663764800","","SAKURA Internet Inc.","","35F,4-20,ofukacho,kitaku","Osaka","Osaka","530-0011","Japan","nic-staff@sakura.ad.jp","+81.663764800","","SAKURA Internet Inc.","","35F,4-20,ofukacho,kitaku","Osaka","Osaka","530-0011","Japan","nic-staff@sakura.ad.jp","+81.663764800","","","","","","","","","","","","a.nszephyranthes.net","b.nszephyranthes.net","","","OK","","",""
"3","aikanetrading-japan.com","2021-07-08 17:00:49","2021-07-05","2021-07-05","2022-07-05","1485","Japan Registry Services Co., Ltd.","whois.jprs.jp","http://jprs.jp/registrar","HIROYOSHI KOYAMA","","35F,4-20,ofukacho,kitaku","Osaka","Osaka","530-0011","Japan","nic-staff@sakura.ad.jp","+81.663764800","","SAKURA Internet Inc.","","35F,4-20,ofukacho,kitaku","Osaka","Osaka","530-0011","Japan","nic-staff@sakura.ad.jp","+81.663764800","","SAKURA Internet Inc.","","35F,4-20,ofukacho,kitaku","Osaka","Osaka","530-0011","Japan","nic-staff@sakura.ad.jp","+81.663764800","","","","","","","","","","","","ns1.dns.ne.jp","ns2.dns.ne.jp","","","OK","","",""
"4","ajiichiasan.com","2021-07-08 17:00:42","2021-07-05","2021-07-05","2022-07-05","1485","Japan Registry Services Co., Ltd.","whois.jprs.jp","http://jprs.jp/registrar","ajiichiasan","","35F,4-20,ofukacho,kitaku","Osaka","Osaka","530-0011","Japan","nic-staff@sakura.ad.jp","+81.663764800","","SAKURA Internet Inc.","","35F,4-20,ofukacho,kitaku","Osaka","Osaka","530-0011","Japan","nic-staff@sakura.ad.jp","+81.663764800","","SAKURA Internet Inc.","","35F,4-20,ofukacho,kitaku","Osaka","Osaka","530-0011","Japan","nic-staff@sakura.ad.jp","+81.663764800","","","","","","","","","","","","ns1.dns.ne.jp","ns2.dns.ne.jp","","","OK","","",""
"5","aleise-salon.com","2021-07-08 17:00:27","2021-07-05","2021-07-05","2022-07-05","1485","Japan Registry Services Co., Ltd.","whois.jprs.jp","http://jprs.jp/registrar","Yukawa mai","","35F,4-20,ofukacho,kitaku","Osaka","Osaka","530-0011","Japan","nic-staff@sakura.ad.jp","+81.663764800","","SAKURA Internet Inc.","","35F,4-20,ofukacho,kitaku","Osaka","Osaka","530-0011","Japan","nic-staff@sakura.ad.jp","+81.663764800","","SAKURA Internet Inc.","","35F,4-20,ofukacho,kitaku","Osaka","Osaka","530-0011","Japan","nic-staff@sakura.ad.jp","+81.663764800","","","","","","","","","","","","ns1.dns.ne.jp","ns2.dns.ne.jp","","","OK","","",""
"6","amieru.com","2021-07-08 17:31:39","2021-07-05","2021-07-05","2022-07-05","1485","Japan Registry Services Co., Ltd.","whois.jprs.jp","http://jprs.jp/registrar","Fujioka nozomi","","35F,4-20,ofukacho,kitaku","Osaka","Osaka","530-0011","Japan","nic-staff@sakura.ad.jp","+81.663764800","","SAKURA Internet Inc.","","35F,4-20,ofukacho,kitaku","Osaka","Osaka","530-0011","Japan","nic-staff@sakura.ad.jp","+81.663764800","","SAKURA Internet Inc.","","35F,4-20,ofukacho,kitaku","Osaka","Osaka","530-0011","Japan","nic-staff@sakura.ad.jp","+81.663764800","","","","","","","","","","","","ns1.dns.ne.jp","ns2.dns.ne.jp","","","OK","","",""
"7","asobi-tv.com","2021-07-08 16:57:40","2021-07-05","2021-07-05","2022-07-05","1485","Japan Registry Services Co., Ltd.","whois.jprs.jp","http://jprs.jp/registrar","IZUMI KEI","","35F,4-20,ofukacho,kitaku","Osaka","Osaka","530-0011","Japan","nic-staff@sakura.ad.jp","+81.663764800","","SAKURA Internet Inc.","","35F,4-20,ofukacho,kitaku","Osaka","Osaka","530-0011","Japan","nic-staff@sakura.ad.jp","+81.663764800","","SAKURA Internet Inc.","","35F,4-20,ofukacho,kitaku","Osaka","Osaka","530-0011","Japan","nic-staff@sakura.ad.jp","+81.663764800","","","","","","","","","","","","ns1.dns.ne.jp","ns2.dns.ne.jp","","","OK","","",""
"8","beer-onyourside.com","2021-07-08 16:55:10","2021-07-05","2021-07-05","2022-07-05","1485","Japan Registry Services Co., Ltd.","whois.jprs.jp","http://jprs.jp/registrar","Matsunaga,Masamune","","223-7","Kamikawa-gunShimizu-cho","Hokkaido","089-0101","Japan","nic-contact@iflag.co.jp","+81.9028170691","","iFLAG CO.,LTD","","2-4-1","Minato-ku,Shibakoen","Tokyo","105-0011","Japan","nic-contact@iflag.co.jp","+81.357333406","","iFLAG CO.,LTD","","2-4-1","Minato-ku,Shibakoen","Tokyo","105-0011","Japan","nic-contact@iflag.co.jp","+81.357333406","","","","","","","","","","","","ns1.value-domain.com","ns2.value-domain.com","","","OK","","",""
"9","billionaset.com","2021-07-08 14:35:27","2021-07-05","2021-07-05","2022-07-05","1485","Japan Registry Services Co., Ltd.","whois.jprs.jp","http://jprs.jp/registrar","yamada taro","","35F,4-20,ofukacho,kitaku","osaka","osaka","530-0011","Japan","nic-staff@sakura.ad.jp","+81.663764800","","SAKURA Internet Inc.","","35F,4-20,ofukacho,kitaku","Osaka","Osaka","530-0011","Japan","nic-staff@sakura.ad.jp","+81.663764800","","SAKURA Internet Inc.","","35F,4-20,ofukacho,kitaku","Osaka","Osaka","530-0011","Japan","nic-staff@sakura.ad.jp","+81.663764800","","","","","","","","","","","","ns1.dns.ne.jp","ns2.dns.ne.jp","","","OK","","",""
"10","blue-sky3.com","2021-07-08 14:34:45","2021-07-05","2021-07-05","2022-07-05","1485","Japan Registry Services Co., Ltd.","whois.jprs.jp","http://jprs.jp/registrar","Yuya Mase","","35F,4-20,ofukacho,kitaku","Osaka","Osaka","530-0011","Japan","nic-staff@sakura.ad.jp","+81.663764800","","SAKURA Internet Inc.","","35F,4-20,ofukacho,kitaku","Osaka","Osaka","530-0011","Japan","nic-staff@sakura.ad.jp","+81.663764800","","SAKURA Internet Inc.","","35F,4-20,ofukacho,kitaku","Osaka","Osaka","530-0011","Japan","nic-staff@sakura.ad.jp","+81.663764800","","","","","","","","","","","","ns1.dns.ne.jp","ns2.dns.ne.jp","","","OK","","",""
"11","blueboombox.net","2021-07-08 15:32:39","2021-07-04","2021-07-04","2022-07-04","1485","Japan Registry Services Co., Ltd.","whois.jprs.jp","http://jprs.jp/registrar","Yu Ishii","","35F,4-20,ofukacho,kitaku","Osaka","Osaka","530-0011","Japan","nic-staff@sakura.ad.jp","+81.663764800","","SAKURA Internet Inc.","","35F,4-20,ofukacho,kitaku","Osaka","Osaka","530-0011","Japan","nic-staff@sakura.ad.jp","+81.663764800","","SAKURA Internet Inc.","","35F,4-20,ofukacho,kitaku","Osaka","Osaka","530-0011","Japan","nic-staff@sakura.ad.jp","+81.663764800","","","","","","","","","","","","ns1.dns.ne.jp","ns2.dns.ne.jp","","","OK","","",""
"12","c-r-s-wasada.com","2021-07-08 16:54:40","2021-07-05","2021-07-05","2022-07-05","1485","Japan Registry Services Co., Ltd.","whois.jprs.jp","http://jprs.jp/registrar","CRS CO.,LTD","","10","Misato-city","Saitama","341-0012","Japan","nic-contact@iflag.co.jp","+81.489585150","","iFLAG CO.,LTD","","2-4-1","Minato-ku,Shibakoen","Tokyo","105-0011","Japan","nic-contact@iflag.co.jp","+81.357333406","","iFLAG CO.,LTD","","2-4-1","Minato-ku,Shibakoen","Tokyo","105-0011","Japan","nic-contact@iflag.co.jp","+81.357333406","","","","","","","","","","","","ns1.value-domain.com","ns2.value-domain.com","","","OK","","",""
"13","charactertoys-customersupport.com","2021-07-08 16:53:03","2021-07-05","2021-07-05","2022-07-05","1485","Japan Registry Services Co., Ltd.","whois.jprs.jp","http://jprs.jp/registrar","Matsuda Ayumi","","35F,4-20,ofukacho,kitaku","Osaka","Osaka","530-0011","Japan","nic-staff@sakura.ad.jp","+81.663764800","","SAKURA Internet Inc.","","35F,4-20,ofukacho,kitaku","Osaka","Osaka","530-0011","Japan","nic-staff@sakura.ad.jp","+81.663764800","","SAKURA Internet Inc.","","35F,4-20,ofukacho,kitaku","Osaka","Osaka","530-0011","Japan","nic-staff@sakura.ad.jp","+81.663764800","","","","","","","","","","","","ns1.dns.ne.jp","ns2.dns.ne.jp","","","OK","","",""
"14","chips-support.com","2021-07-08 16:52:32","2021-07-05","2021-07-05","2022-07-05","1485","Japan Registry Services Co., Ltd.","whois.jprs.jp","http://jprs.jp/registrar","MINOGUCHI ATSUMU","","35F,4-20,ofukacho,kitaku","Osaka","Osaka","530-0011","Japan","nic-staff@sakura.ad.jp","+81.663764800","","SAKURA Internet Inc.","","35F,4-20,ofukacho,kitaku","Osaka","Osaka","530-0011","Japan","nic-staff@sakura.ad.jp","+81.663764800","","SAKURA Internet Inc.","","35F,4-20,ofukacho,kitaku","Osaka","Osaka","530-0011","Japan","nic-staff@sakura.ad.jp","+81.663764800","","","","","","","","","","","","ns1.dns.ne.jp","ns2.dns.ne.jp","","","OK","","",""
"15","codaschool.com","2021-07-08 17:48:52","2021-07-05","2021-07-05","2022-07-05","1485","Japan Registry Services Co., Ltd.","whois.jprs.jp","http://jprs.jp/registrar","Matsue Syushi","","35F,4-20,ofukacho,kitaku","Osaka","Osaka","530-0011","Japan","nic-staff@sakura.ad.jp","+81.663764800","","SAKURA Internet Inc.","","35F,4-20,ofukacho,kitaku","Osaka","Osaka","530-0011","Japan","nic-staff@sakura.ad.jp","+81.663764800","","SAKURA Internet Inc.","","35F,4-20,ofukacho,kitaku","Osaka","Osaka","530-0011","Japan","nic-staff@sakura.ad.jp","+81.663764800","","","","","","","","","","","","ns1.dns.ne.jp","ns2.dns.ne.jp","","","OK","","",""
"16","cpt-re.com","2021-07-08 16:49:55","2021-07-05","2021-07-05","2022-07-05","1485","Japan Registry Services Co., Ltd.","whois.jprs.jp","http://jprs.jp/registrar","Taira Shunta","","35F,4-20,ofukacho,kitaku","Osaka","Osaka","530-0011","Japan","nic-staff@sakura.ad.jp","+81.663764800","","SAKURA Internet Inc.","","35F,4-20,ofukacho,kitaku","Osaka","Osaka","530-0011","Japan","nic-staff@sakura.ad.jp","+81.663764800","","SAKURA Internet Inc.","","35F,4-20,ofukacho,kitaku","Osaka","Osaka","530-0011","Japan","nic-staff@sakura.ad.jp","+81.663764800","","","","","","","","","","","","ns1.dns.ne.jp","ns2.dns.ne.jp","","","OK","","",""
"17","d-d-life.com","2021-07-08 16:48:35","2021-07-05","2021-07-05","2022-07-05","1485","Japan Registry Services Co., Ltd.","whois.jprs.jp","http://jprs.jp/registrar","Dai Hashimoto","","35F,4-20,ofukacho,kitaku","Osaka","Osaka","530-0011","Japan","nic-staff@sakura.ad.jp","+81.663764800","","SAKURA Internet Inc.","","35F,4-20,ofukacho,kitaku","Osaka","Osaka","530-0011","Japan","nic-staff@sakura.ad.jp","+81.663764800","","SAKURA Internet Inc.","","35F,4-20,ofukacho,kitaku","Osaka","Osaka","530-0011","Japan","nic-staff@sakura.ad.jp","+81.663764800","","","","","","","","","","","","ns1.dns.ne.jp","ns2.dns.ne.jp","","","OK","","",""
"18","ecolapis.com","2021-07-08 16:44:35","2021-07-05","2021-07-05","2022-07-05","1485","Japan Registry Services Co., Ltd.","whois.jprs.jp","http://jprs.jp/registrar","Sasahara Hiroto","","35F,4-20,ofukacho,kitaku","Osaka","Osaka","530-0011","Japan","nic-staff@sakura.ad.jp","+81.663764800","","SAKURA Internet Inc.","","35F,4-20,ofukacho,kitaku","Osaka","Osaka","530-0011","Japan","nic-staff@sakura.ad.jp","+81.663764800","","SAKURA Internet Inc.","","35F,4-20,ofukacho,kitaku","Osaka","Osaka","530-0011","Japan","nic-staff@sakura.ad.jp","+81.663764800","","","","","","","","","","","","ns1.dns.ne.jp","ns2.dns.ne.jp","","","OK","","",""
"19","erodepa.com","2021-07-08 18:00:33","2021-07-05","2021-07-05","2022-07-05","1485","Japan Registry Services Co., Ltd.","whois.jprs.jp","http://jprs.jp/registrar","erodepa","","35F,4-20,ofukacho,kitaku","Osaka","Osaka","530-0011","Japan","nic-staff@sakura.ad.jp","+81.663764800","","SAKURA Internet Inc.","","35F,4-20,ofukacho,kitaku","Osaka","Osaka","530-0011","Japan","nic-staff@sakura.ad.jp","+81.663764800","","SAKURA Internet Inc.","","35F,4-20,ofukacho,kitaku","Osaka","Osaka","530-0011","Japan","nic-staff@sakura.ad.jp","+81.663764800","","","","","","","","","","","","ns1.mixhost.jp","ns2.mixhost.jp","","","OK","","",""
"20","goodlooking-men.com","2021-07-08 16:37:02","2021-07-05","2021-07-05","2022-07-05","1485","Japan Registry Services Co., Ltd.","whois.jprs.jp","http://jprs.jp/registrar","ShinozakiKeisuke","","35F,4-20,ofukacho,kitaku","Osaka","Osaka","530-0011","Japan","nic-staff@sakura.ad.jp","+81.663764800","","SAKURA Internet Inc.","","35F,4-20,ofukacho,kitaku","Osaka","Osaka","530-0011","Japan","nic-staff@sakura.ad.jp","+81.663764800","","SAKURA Internet Inc.","","35F,4-20,ofukacho,kitaku","Osaka","Osaka","530-0011","Japan","nic-staff@sakura.ad.jp","+81.663764800","","","","","","","","","","","","ns1.dns.ne.jp","ns2.dns.ne.jp","","","OK","","",""
"21","gourmet-tokyo.com","2021-07-08 17:56:22","2021-07-05","2021-07-05","2022-07-05","1485","Japan Registry Services Co., Ltd.","whois.jprs.jp","http://jprs.jp/registrar","gourmet_tokyo","","35F,4-20,ofukacho,kitaku","Osaka","Osaka","530-0011","Japan","nic-staff@sakura.ad.jp","+81.663764800","","SAKURA Internet Inc.","","35F,4-20,ofukacho,kitaku","Osaka","Osaka","530-0011","Japan","nic-staff@sakura.ad.jp","+81.663764800","","SAKURA Internet Inc.","","35F,4-20,ofukacho,kitaku","Osaka","Osaka","530-0011","Japan","nic-staff@sakura.ad.jp","+81.663764800","","","","","","","","","","","","ns1.dns.ne.jp","ns2.dns.ne.jp","","","OK","","",""
"22","grace-mental.com","2021-07-08 16:36:28","2021-07-05","2021-07-05","2022-07-05","1485","Japan Registry Services Co., Ltd.","whois.jprs.jp","http://jprs.jp/registrar","Kouda Fuyuki","","35F,4-20,ofukacho,kitaku","Osaka","Osaka","530-0011","Japan","nic-staff@sakura.ad.jp","+81.663764800","","SAKURA Internet Inc.","","35F,4-20,ofukacho,kitaku","Osaka","Osaka","530-0011","Japan","nic-staff@sakura.ad.jp","+81.663764800","","SAKURA Internet Inc.","","35F,4-20,ofukacho,kitaku","Osaka","Osaka","530-0011","Japan","nic-staff@sakura.ad.jp","+81.663764800","","","","","","","","","","","","ns1.dns.ne.jp","ns2.dns.ne.jp","","","OK","","",""
"23","happiness-party.com","2021-07-08 18:06:28","2021-07-05","2021-07-05","2022-07-05","1485","Japan Registry Services Co., Ltd.","whois.jprs.jp","http://jprs.jp/registrar","Yoshino Misuzu","","35F,4-20,ofukacho,kitaku","Osaka","Osaka","530-0011","Japan","nic-staff@sakura.ad.jp","+81.663764800","","SAKURA Internet Inc.","","35F,4-20,ofukacho,kitaku","Osaka","Osaka","530-0011","Japan","nic-staff@sakura.ad.jp","+81.663764800","","SAKURA Internet Inc.","","35F,4-20,ofukacho,kitaku","Osaka","Osaka","530-0011","Japan","nic-staff@sakura.ad.jp","+81.663764800","","","","","","","","","","","","ns1.dns.ne.jp","ns2.dns.ne.jp","","","OK","","",""
"24","hari-colza.com","2021-07-08 14:38:57","2021-07-05","2021-07-05","2022-07-05","1485","Japan Registry Services Co., Ltd.","whois.jprs.jp","http://jprs.jp/registrar","Yamashita Natsumi","","35F,4-20,ofukacho,kitaku","Osaka","Osaka","530-0011","Japan","nic-staff@sakura.ad.jp","+81.663764800","","SAKURA Internet Inc.","","35F,4-20,ofukacho,kitaku","Osaka","Osaka","530-0011","Japan","nic-staff@sakura.ad.jp","+81.663764800","","SAKURA Internet Inc.","","35F,4-20,ofukacho,kitaku","Osaka","Osaka","530-0011","Japan","nic-staff@sakura.ad.jp","+81.663764800","","","","","","","","","","","","ns1.dns.ne.jp","ns2.dns.ne.jp","","","OK","","",""
"25","higrashi-estate.com","2021-07-08 14:37:52","2021-07-05","2021-07-05","2023-07-05","1485","Japan Registry Services Co., Ltd.","whois.jprs.jp","http://jprs.jp/registrar","Kato Taisuke","","35F,4-20,ofukacho,kitaku","Osaka","Osaka","530-0011","Japan","nic-staff@sakura.ad.jp","+81.663764800","","SAKURA Internet Inc.","","35F,4-20,ofukacho,kitaku","Osaka","Osaka","530-0011","Japan","nic-staff@sakura.ad.jp","+81.663764800","","SAKURA Internet Inc.","","35F,4-20,ofukacho,kitaku","Osaka","Osaka","530-0011","Japan","nic-staff@sakura.ad.jp","+81.663764800","","","","","","","","","","","","ns1.dns.ne.jp","ns2.dns.ne.jp","","","OK","","",""
"26","hinodetouhuten.com","2021-07-08 14:37:53","2021-07-05","2021-07-05","2022-07-05","1485","Japan Registry Services Co., Ltd.","whois.jprs.jp","http://jprs.jp/registrar","Yagi,Seijiro","","1","Kirishima-city","Kagoshima","899-5101","Japan","nic-contact@iflag.co.jp","+81.9075304619","","iFLAG CO.,LTD","","2-4-1","Minato-ku,Shibakoen","Tokyo","105-0011","Japan","nic-contact@iflag.co.jp","+81.357333406","","iFLAG CO.,LTD","","2-4-1","Minato-ku,Shibakoen","Tokyo","105-0011","Japan","nic-contact@iflag.co.jp","+81.357333406","","","","","","","","","","","","ns1.value-domain.com","ns2.value-domain.com","","","OK","","",""
"27","hjlsac.com","2021-07-08 14:37:36","2021-07-05","2021-07-05","2022-07-05","1485","Japan Registry Services Co., Ltd.","whois.jprs.jp","http://jprs.jp/registrar","Hayuka","","35F,4-20,ofukacho,kitaku","Osaka","Osaka","530-0011","Japan","nic-staff@sakura.ad.jp","+81.663764800","","SAKURA Internet Inc.","","35F,4-20,ofukacho,kitaku","Osaka","Osaka","530-0011","Japan","nic-staff@sakura.ad.jp","+81.663764800","","SAKURA Internet Inc.","","35F,4-20,ofukacho,kitaku","Osaka","Osaka","530-0011","Japan","nic-staff@sakura.ad.jp","+81.663764800","","","","","","","","","","","","ns1.dns.ne.jp","ns2.dns.ne.jp","","","OK","","",""
"28","hokkaido-enetomo.com","2021-07-08 14:37:36","2021-07-05","2021-07-05","2022-07-05","1485","Japan Registry Services Co., Ltd.","whois.jprs.jp","http://jprs.jp/registrar","Nomura Co., Ltd.","","35F,4-20,ofukacho,kitaku","Osaka","Osaka","530-0011","Japan","nic-staff@sakura.ad.jp","+81.663764800","","SAKURA Internet Inc.","","35F,4-20,ofukacho,kitaku","Osaka","Osaka","530-0011","Japan","nic-staff@sakura.ad.jp","+81.663764800","","SAKURA Internet Inc.","","35F,4-20,ofukacho,kitaku","Osaka","Osaka","530-0011","Japan","nic-staff@sakura.ad.jp","+81.663764800","","","","","","","","","","","","ns1.dns.ne.jp","ns2.dns.ne.jp","","","OK","","",""
"29","i-blab.com","2021-07-08 16:35:12","2021-07-05","2021-07-05","2026-07-05","1485","Japan Registry Services Co., Ltd.","whois.jprs.jp","http://jprs.jp/registrar","Onodera Daisuke","","35F,4-20,ofukacho,kitaku","Osaka","Osaka","530-0011","Japan","nic-staff@sakura.ad.jp","+81.663764800","","SAKURA Internet Inc.","","35F,4-20,ofukacho,kitaku","Osaka","Osaka","530-0011","Japan","nic-staff@sakura.ad.jp","+81.663764800","","SAKURA Internet Inc.","","35F,4-20,ofukacho,kitaku","Osaka","Osaka","530-0011","Japan","nic-staff@sakura.ad.jp","+81.663764800","","","","","","","","","","","","ns1.dns.ne.jp","ns2.dns.ne.jp","","","OK","","",""
"30","insert-tokyo.com","2021-07-08 16:34:06","2021-07-05","2021-07-05","2022-07-05","1485","Japan Registry Services Co., Ltd.","whois.jprs.jp","http://jprs.jp/registrar","RYOHEI AOYAGI","","35F,4-20,ofukacho,kitaku","Osaka","Osaka","530-0011","Japan","nic-staff@sakura.ad.jp","+81.663764800","","SAKURA Internet Inc.","","35F,4-20,ofukacho,kitaku","Osaka","Osaka","530-0011","Japan","nic-staff@sakura.ad.jp","+81.663764800","","SAKURA Internet Inc.","","35F,4-20,ofukacho,kitaku","Osaka","Osaka","530-0011","Japan","nic-staff@sakura.ad.jp","+81.663764800","","","","","","","","","","","","ns1.dns.ne.jp","ns2.dns.ne.jp","","","OK","","",""
"31","itpc-e-dev.com","2021-07-08 16:33:05","2021-07-05","2021-07-05","2023-07-05","1485","Japan Registry Services Co., Ltd.","whois.jprs.jp","http://jprs.jp/registrar","Tsunoda Shingo","","35F,4-20,ofukacho,kitaku","Osaka","Osaka","530-0011","Japan","nic-staff@sakura.ad.jp","+81.663764800","","SAKURA Internet Inc.","","35F,4-20,ofukacho,kitaku","Osaka","Osaka","530-0011","Japan","nic-staff@sakura.ad.jp","+81.663764800","","SAKURA Internet Inc.","","35F,4-20,ofukacho,kitaku","Osaka","Osaka","530-0011","Japan","nic-staff@sakura.ad.jp","+81.663764800","","","","","","","","","","","","ns1.dns.ne.jp","ns2.dns.ne.jp","","","OK","","",""
"32","jci-forseasons.com","2021-07-08 16:32:26","2021-07-05","2021-07-05","2022-07-05","1485","Japan Registry Services Co., Ltd.","whois.jprs.jp","http://jprs.jp/registrar","KAWAMOTO KYOICHIRO","","35F,4-20,ofukacho,kitaku","Osaka","Osaka","530-0011","Japan","nic-staff@sakura.ad.jp","+81.663764800","","SAKURA Internet Inc.","","35F,4-20,ofukacho,kitaku","Osaka","Osaka","530-0011","Japan","nic-staff@sakura.ad.jp","+81.663764800","","SAKURA Internet Inc.","","35F,4-20,ofukacho,kitaku","Osaka","Osaka","530-0011","Japan","nic-staff@sakura.ad.jp","+81.663764800","","","","","","","","","","","","ns1.dns.ne.jp","ns2.dns.ne.jp","","","OK","","",""
"33","kapapa-illust.com","2021-07-08 16:30:19","2021-07-05","2021-07-05","2022-07-05","1485","Japan Registry Services Co., Ltd.","whois.jprs.jp","http://jprs.jp/registrar","oikawa natsumi","","35F,4-20,ofukacho,kitaku","Osaka","Osaka","530-0011","Japan","nic-staff@sakura.ad.jp","+81.663764800","","SAKURA Internet Inc.","","35F,4-20,ofukacho,kitaku","Osaka","Osaka","530-0011","Japan","nic-staff@sakura.ad.jp","+81.663764800","","SAKURA Internet Inc.","","35F,4-20,ofukacho,kitaku","Osaka","Osaka","530-0011","Japan","nic-staff@sakura.ad.jp","+81.663764800","","","","","","","","","","","","ns1.dns.ne.jp","ns2.dns.ne.jp","","","OK","","",""
"34","karadadesign-lab.com","2021-07-08 17:41:25","2021-07-05","2021-07-05","2022-07-05","1485","Japan Registry Services Co., Ltd.","whois.jprs.jp","http://jprs.jp/registrar","Ueda,Kentaro","","521-1","Arao-city","Kumamoto","864-0004","Japan","nic-contact@iflag.co.jp","+81.968880160","","iFLAG CO.,LTD","","2-4-1","Minato-ku,Shibakoen","Tokyo","105-0011","Japan","nic-contact@iflag.co.jp","+81.357333406","","iFLAG CO.,LTD","","2-4-1","Minato-ku,Shibakoen","Tokyo","105-0011","Japan","nic-contact@iflag.co.jp","+81.357333406","","","","","","","","","","","","ns1.value-domain.com","ns2.value-domain.com","","","OK","","",""
"35","kasaichi.com","2021-07-08 16:30:16","2021-07-05","2021-07-05","2022-07-05","1485","Japan Registry Services Co., Ltd.","whois.jprs.jp","http://jprs.jp/registrar","kasaichifanride jikkouiinnkai","","35F,4-20,ofukacho,kitaku","Osaka","Osaka","530-0011","Japan","nic-staff@sakura.ad.jp","+81.663764800","","SAKURA Internet Inc.","","35F,4-20,ofukacho,kitaku","Osaka","Osaka","530-0011","Japan","nic-staff@sakura.ad.jp","+81.663764800","","SAKURA Internet Inc.","","35F,4-20,ofukacho,kitaku","Osaka","Osaka","530-0011","Japan","nic-staff@sakura.ad.jp","+81.663764800","","","","","","","","","","","","ns1.dns.ne.jp","ns2.dns.ne.jp","","","OK","","",""
"36","kasaisyouji.com","2021-07-08 16:30:12","2021-07-05","2021-07-07","2022-07-05","1485","Japan Registry Services Co., Ltd.","whois.jprs.jp","http://jprs.jp/registrar","KASAISYOUJI CO.,LTD","","142-1","Tsugaru-city","Aomori","038-3112","Japan","nic-contact@iflag.co.jp","+81.173425454","","iFLAG CO.,LTD","","2-4-1","Minato-ku,Shibakoen","Tokyo","105-0011","Japan","nic-contact@iflag.co.jp","+81.357333406","","iFLAG CO.,LTD","","2-4-1","Minato-ku,Shibakoen","Tokyo","105-0011","Japan","nic-contact@iflag.co.jp","+81.357333406","","","","","","","","","","","","ns01.xaas3.jp","ns02.xaas3.jp","","","OK","","",""
"37","kasugai-btest.com","2021-07-08 16:30:14","2021-07-05","2021-07-05","2022-07-05","1485","Japan Registry Services Co., Ltd.","whois.jprs.jp","http://jprs.jp/registrar","Nagasawa Tetsuya","","35F,4-20,ofukacho,kitaku","Osaka","Osaka","530-0011","Japan","nic-staff@sakura.ad.jp","+81.663764800","","SAKURA Internet Inc.","","35F,4-20,ofukacho,kitaku","Osaka","Osaka","530-0011","Japan","nic-staff@sakura.ad.jp","+81.663764800","","SAKURA Internet Inc.","","35F,4-20,ofukacho,kitaku","Osaka","Osaka","530-0011","Japan","nic-staff@sakura.ad.jp","+81.663764800","","","","","","","","","","","","ns1.dns.ne.jp","ns2.dns.ne.jp","","","OK","","",""
"38","katsuragi-cl2.com","2021-07-08 16:30:06","2021-07-05","2021-07-05","2022-07-05","1485","Japan Registry Services Co., Ltd.","whois.jprs.jp","http://jprs.jp/registrar","Katsuragi,Keiwa","","5-2-21","Osaka-citySuminoe-ku","Osaka","559-0013","Japan","nic-contact@iflag.co.jp","+81.666865786","","iFLAG CO.,LTD","","2-4-1","Minato-ku,Shibakoen","Tokyo","105-0011","Japan","nic-contact@iflag.co.jp","+81.357333406","","iFLAG CO.,LTD","","2-4-1","Minato-ku,Shibakoen","Tokyo","105-0011","Japan","nic-contact@iflag.co.jp","+81.357333406","","","","","","","","","","","","ns1.value-domain.com","ns2.value-domain.com","","","OK","","",""
"39","kawano-biso.com","2021-07-08 16:30:03","2021-07-05","2021-07-05","2022-07-05","1485","Japan Registry Services Co., Ltd.","whois.jprs.jp","http://jprs.jp/registrar","Yuichi Kawano","","35F,4-20,ofukacho,kitaku","Osaka","Osaka","530-0011","Japan","nic-staff@sakura.ad.jp","+81.663764800","","SAKURA Internet Inc.","","35F,4-20,ofukacho,kitaku","Osaka","Osaka","530-0011","Japan","nic-staff@sakura.ad.jp","+81.663764800","","SAKURA Internet Inc.","","35F,4-20,ofukacho,kitaku","Osaka","Osaka","530-0011","Japan","nic-staff@sakura.ad.jp","+81.663764800","","","","","","","","","","","","ns1.dns.ne.jp","ns2.dns.ne.jp","","","OK","","",""
"40","kbg-lab.com","2021-07-08 16:30:01","2021-07-05","2021-07-05","2022-07-05","1485","Japan Registry Services Co., Ltd.","whois.jprs.jp","http://jprs.jp/registrar","kbg-lab","","35F,4-20,ofukacho,kitaku","Osaka","Osaka","530-0011","Japan","nic-staff@sakura.ad.jp","+81.663764800","","SAKURA Internet Inc.","","35F,4-20,ofukacho,kitaku","Osaka","Osaka","530-0011","Japan","nic-staff@sakura.ad.jp","+81.663764800","","SAKURA Internet Inc.","","35F,4-20,ofukacho,kitaku","Osaka","Osaka","530-0011","Japan","nic-staff@sakura.ad.jp","+81.663764800","","","","","","","","","","","","ns1.dns.ne.jp","ns2.dns.ne.jp","","","OK","","",""
"41","kei-logic.com","2021-07-08 16:29:54","2021-07-05","2021-07-05","2022-07-05","1485","Japan Registry Services Co., Ltd.","whois.jprs.jp","http://jprs.jp/registrar","Kitagata Hisao","","35F,4-20,ofukacho,kitaku","Osaka","Osaka","530-0011","Japan","nic-staff@sakura.ad.jp","+81.663764800","","SAKURA Internet Inc.","","35F,4-20,ofukacho,kitaku","Osaka","Osaka","530-0011","Japan","nic-staff@sakura.ad.jp","+81.663764800","","SAKURA Internet Inc.","","35F,4-20,ofukacho,kitaku","Osaka","Osaka","530-0011","Japan","nic-staff@sakura.ad.jp","+81.663764800","","","","","","","","","","","","ns1.dns.ne.jp","ns2.dns.ne.jp","","","OK","","",""
"42","kimonodokoro-murakami.com","2021-07-08 16:29:30","2021-07-05","2021-07-05","2022-07-05","1485","Japan Registry Services Co., Ltd.","whois.jprs.jp","http://jprs.jp/registrar","MURAKAMINOBUYUKISTORE CO.,LTD","","951-15","Beppu-city","Oita","874-0025","Japan","nic-contact@iflag.co.jp","+81.977217371","","iFLAG CO.,LTD","","2-4-1","Minato-ku,Shibakoen","Tokyo","105-0011","Japan","nic-contact@iflag.co.jp","+81.357333406","","iFLAG CO.,LTD","","2-4-1","Minato-ku,Shibakoen","Tokyo","105-0011","Japan","nic-contact@iflag.co.jp","+81.357333406","","","","","","","","","","","","ns1.value-domain.com","ns2.value-domain.com","","","OK","","",""
"43","kingfisher5.com","2021-07-08 16:29:29","2021-07-05","2021-07-05","2022-07-05","1485","Japan Registry Services Co., Ltd.","whois.jprs.jp","http://jprs.jp/registrar","kingfisher5","","35F,4-20,ofukacho,kitaku","Osaka","Osaka","530-0011","Japan","nic-staff@sakura.ad.jp","+81.663764800","","SAKURA Internet Inc.","","35F,4-20,ofukacho,kitaku","Osaka","Osaka","530-0011","Japan","nic-staff@sakura.ad.jp","+81.663764800","","SAKURA Internet Inc.","","35F,4-20,ofukacho,kitaku","Osaka","Osaka","530-0011","Japan","nic-staff@sakura.ad.jp","+81.663764800","","","","","","","","","","","","ns1.dns.ne.jp","ns2.dns.ne.jp","","","OK","","",""
"44","maxivalue21.com","2021-07-08 16:22:39","2021-07-05","2021-07-05","2022-07-05","1485","Japan Registry Services Co., Ltd.","whois.jprs.jp","http://jprs.jp/registrar","Fujiwara Hideki","","35F,4-20,ofukacho,kitaku","Osaka","Osaka","530-0011","Japan","nic-staff@sakura.ad.jp","+81.663764800","","SAKURA Internet Inc.","","35F,4-20,ofukacho,kitaku","Osaka","Osaka","530-0011","Japan","nic-staff@sakura.ad.jp","+81.663764800","","SAKURA Internet Inc.","","35F,4-20,ofukacho,kitaku","Osaka","Osaka","530-0011","Japan","nic-staff@sakura.ad.jp","+81.663764800","","","","","","","","","","","","ns1.dns.ne.jp","ns2.dns.ne.jp","","","OK","","",""
"45","memolyn.net","2021-07-08 15:30:35","2021-07-04","2021-07-04","2022-07-04","1485","Japan Registry Services Co., Ltd.","whois.jprs.jp","http://jprs.jp/registrar","Yamamoto Tokimitsu","","35F,4-20,ofukacho,kitaku","Osaka","Osaka","530-0011","Japan","nic-staff@sakura.ad.jp","+81.663764800","","SAKURA Internet Inc.","","35F,4-20,ofukacho,kitaku","Osaka","Osaka","530-0011","Japan","nic-staff@sakura.ad.jp","+81.663764800","","SAKURA Internet Inc.","","35F,4-20,ofukacho,kitaku","Osaka","Osaka","530-0011","Japan","nic-staff@sakura.ad.jp","+81.663764800","","","","","","","","","","","","ns1.dns.ne.jp","ns2.dns.ne.jp","","","OK","","",""
"46","merroute-design7.com","2021-07-08 16:22:00","2021-07-05","2021-07-05","2022-07-05","1485","Japan Registry Services Co., Ltd.","whois.jprs.jp","http://jprs.jp/registrar","kaido haruka","","35F,4-20,ofukacho,kitaku","Osaka","Osaka","530-0011","Japan","nic-staff@sakura.ad.jp","+81.663764800","","SAKURA Internet Inc.","","35F,4-20,ofukacho,kitaku","Osaka","Osaka","530-0011","Japan","nic-staff@sakura.ad.jp","+81.663764800","","SAKURA Internet Inc.","","35F,4-20,ofukacho,kitaku","Osaka","Osaka","530-0011","Japan","nic-staff@sakura.ad.jp","+81.663764800","","","","","","","","","","","","ns1.dns.ne.jp","ns2.dns.ne.jp","","","OK","","",""
"47","merroutedesign.com","2021-07-08 16:22:05","2021-07-05","2021-07-05","2022-07-05","1485","Japan Registry Services Co., Ltd.","whois.jprs.jp","http://jprs.jp/registrar","kaido haruka","","35F,4-20,ofukacho,kitaku","Osaka","Osaka","530-0011","Japan","nic-staff@sakura.ad.jp","+81.663764800","","SAKURA Internet Inc.","","35F,4-20,ofukacho,kitaku","Osaka","Osaka","530-0011","Japan","nic-staff@sakura.ad.jp","+81.663764800","","SAKURA Internet Inc.","","35F,4-20,ofukacho,kitaku","Osaka","Osaka","530-0011","Japan","nic-staff@sakura.ad.jp","+81.663764800","","","","","","","","","","","","ns1.dns.ne.jp","ns2.dns.ne.jp","","","OK","","",""
"48","micchan128.com","2021-07-08 16:21:38","2021-07-05","2021-07-05","2022-07-05","1485","Japan Registry Services Co., Ltd.","whois.jprs.jp","http://jprs.jp/registrar","Taniguchi,Haruka","","46-6","Anan-city","Tokushima","774-0030","Japan","nic-contact@iflag.co.jp","+81.7040025750","","iFLAG CO.,LTD","","2-4-1","Minato-ku,Shibakoen","Tokyo","105-0011","Japan","nic-contact@iflag.co.jp","+81.357333406","","iFLAG CO.,LTD","","2-4-1","Minato-ku,Shibakoen","Tokyo","105-0011","Japan","nic-contact@iflag.co.jp","+81.357333406","","","","","","","","","","","","ns1.value-domain.com","ns2.value-domain.com","","","OK","","",""
"49","mira-moon.info","2021-07-08 15:42:35","2021-07-06","2021-07-06","2022-07-06","1485","Japan Registry Services Co., Ltd.","whois.jprs.jp","http://jprs.jp/registrar","","","","","Osaka","","Japan","","","","","","","","","","","","","","","","","","","","","","","","","","","","","","","","","","ns1.dns.ne.jp","ns2.dns.ne.jp","","","addPeriod","serverTransferProhibited","",""
"50","miyabi-koushienguchi.com","2021-07-08 16:20:24","2021-07-05","2021-07-05","2022-07-05","1485","Japan Registry Services Co., Ltd.","whois.jprs.jp","http://jprs.jp/registrar","Fukami Suguru","","35F,4-20,ofukacho,kitaku","osaka","osaka","530-0011","Japan","nic-staff@sakura.ad.jp","+81.663764800","","SAKURA Internet Inc.","","35F,4-20,ofukacho,kitaku","Osaka","Osaka","530-0011","Japan","nic-staff@sakura.ad.jp","+81.663764800","","SAKURA Internet Inc.","","35F,4-20,ofukacho,kitaku","Osaka","Osaka","530-0011","Japan","nic-staff@sakura.ad.jp","+81.663764800","","","","","","","","","","","","ns1.dns.ne.jp","ns2.dns.ne.jp","","","OK","","",""
"51","mori-gj.com","2021-07-08 16:19:49","2021-07-05","2021-07-05","2022-07-05","1485","Japan Registry Services Co., Ltd.","whois.jprs.jp","http://jprs.jp/registrar","Mori Hisanao","","35F,4-20,ofukacho,kitaku","Osaka","Osaka","530-0011","Japan","nic-staff@sakura.ad.jp","+81.663764800","","SAKURA Internet Inc.","","35F,4-20,ofukacho,kitaku","Osaka","Osaka","530-0011","Japan","nic-staff@sakura.ad.jp","+81.663764800","","SAKURA Internet Inc.","","35F,4-20,ofukacho,kitaku","Osaka","Osaka","530-0011","Japan","nic-staff@sakura.ad.jp","+81.663764800","","","","","","","","","","","","ns1.dns.ne.jp","ns2.dns.ne.jp","","","OK","","",""
"52","n-omatsu.com","2021-07-08 16:18:34","2021-07-05","2021-07-05","2022-07-05","1485","Japan Registry Services Co., Ltd.","whois.jprs.jp","http://jprs.jp/registrar","Noriko Matsubayasshi","","35F,4-20,ofukacho,kitaku","Osaka","Osaka","530-0011","Japan","nic-staff@sakura.ad.jp","+81.663764800","","SAKURA Internet Inc.","","35F,4-20,ofukacho,kitaku","Osaka","Osaka","530-0011","Japan","nic-staff@sakura.ad.jp","+81.663764800","","SAKURA Internet Inc.","","35F,4-20,ofukacho,kitaku","Osaka","Osaka","530-0011","Japan","nic-staff@sakura.ad.jp","+81.663764800","","","","","","","","","","","","ns1.dns.ne.jp","ns2.dns.ne.jp","","","OK","","",""
"53","nagomi-c.com","2021-07-08 16:18:31","2021-07-05","2021-07-05","2022-07-05","1485","Japan Registry Services Co., Ltd.","whois.jprs.jp","http://jprs.jp/registrar","Katsuhiro Nishioka","","35F,4-20,ofukacho,kitaku","Osaka","Osaka","530-0011","Japan","nic-staff@sakura.ad.jp","+81.663764800","","SAKURA Internet Inc.","","35F,4-20,ofukacho,kitaku","Osaka","Osaka","530-0011","Japan","nic-staff@sakura.ad.jp","+81.663764800","","SAKURA Internet Inc.","","35F,4-20,ofukacho,kitaku","Osaka","Osaka","530-0011","Japan","nic-staff@sakura.ad.jp","+81.663764800","","","","","","","","","","","","ns1.dns.ne.jp","ns2.dns.ne.jp","","","OK","","",""
"54","nakano-kenchiku35.com","2021-07-08 16:18:39","2021-07-05","2021-07-05","2022-07-05","1485","Japan Registry Services Co., Ltd.","whois.jprs.jp","http://jprs.jp/registrar","nakanokenchiku","","35F,4-20,ofukacho,kitaku","osaka","osaka","530-0011","Japan","nic-staff@sakura.ad.jp","+81.663764800","","SAKURA Internet Inc.","","35F,4-20,ofukacho,kitaku","Osaka","Osaka","530-0011","Japan","nic-staff@sakura.ad.jp","+81.663764800","","SAKURA Internet Inc.","","35F,4-20,ofukacho,kitaku","Osaka","Osaka","530-0011","Japan","nic-staff@sakura.ad.jp","+81.663764800","","","","","","","","","","","","ns1.dns.ne.jp","ns2.dns.ne.jp","","","OK","","",""
"55","new14thdaypub.net","2021-07-08 15:30:13","2021-07-04","2021-07-04","2022-07-04","1485","Japan Registry Services Co., Ltd.","whois.jprs.jp","http://jprs.jp/registrar","Shizue Sato","","35F,4-20,ofukacho,kitaku","Osaka","Osaka","530-0011","Japan","nic-staff@sakura.ad.jp","+81.663764800","","SAKURA Internet Inc.","","35F,4-20,ofukacho,kitaku","Osaka","Osaka","530-0011","Japan","nic-staff@sakura.ad.jp","+81.663764800","","SAKURA Internet Inc.","","35F,4-20,ofukacho,kitaku","Osaka","Osaka","530-0011","Japan","nic-staff@sakura.ad.jp","+81.663764800","","","","","","","","","","","","ns1.dns.ne.jp","ns2.dns.ne.jp","","","OK","","",""
"56","nozomi-yasu2107.com","2021-07-08 14:41:01","2021-07-05","2021-07-05","2022-07-05","1485","Japan Registry Services Co., Ltd.","whois.jprs.jp","http://jprs.jp/registrar","Fujita,Tomoko","","1-21-30","Yasu-city","Shiga","520-2361","Japan","nic-contact@iflag.co.jp","+81.8014170883","","iFLAG CO.,LTD","","2-4-1","Minato-ku,Shibakoen","Tokyo","105-0011","Japan","nic-contact@iflag.co.jp","+81.357333406","","iFLAG CO.,LTD","","2-4-1","Minato-ku,Shibakoen","Tokyo","105-0011","Japan","nic-contact@iflag.co.jp","+81.357333406","","","","","","","","","","","","ns1.value-domain.com","ns2.value-domain.com","","","OK","","",""
"57","obanazawa-golf.com","2021-07-08 14:40:41","2021-07-05","2021-07-05","2022-07-05","1485","Japan Registry Services Co., Ltd.","whois.jprs.jp","http://jprs.jp/registrar","Sato,Mitsuo","","1631","Obanazawa-city","Yamagata","999-4223","Japan","nic-contact@iflag.co.jp","+81.237531707","","iFLAG CO.,LTD","","2-4-1","Minato-ku,Shibakoen","Tokyo","105-0011","Japan","nic-contact@iflag.co.jp","+81.357333406","","iFLAG CO.,LTD","","2-4-1","Minato-ku,Shibakoen","Tokyo","105-0011","Japan","nic-contact@iflag.co.jp","+81.357333406","","","","","","","","","","","","ns1.value-domain.com","ns2.value-domain.com","","","OK","","",""
"58","omehojinkai-seinen.com","2021-07-08 14:40:07","2021-07-05","2021-07-05","2022-07-05","1485","Japan Registry Services Co., Ltd.","whois.jprs.jp","http://jprs.jp/registrar","Ome Hojinkai Youth Group","","35F,4-20,ofukacho,kitaku","Osaka","Osaka","530-0011","Japan","nic-staff@sakura.ad.jp","+81.663764800","","SAKURA Internet Inc.","","35F,4-20,ofukacho,kitaku","Osaka","Osaka","530-0011","Japan","nic-staff@sakura.ad.jp","+81.663764800","","SAKURA Internet Inc.","","35F,4-20,ofukacho,kitaku","Osaka","Osaka","530-0011","Japan","nic-staff@sakura.ad.jp","+81.663764800","","","","","","","","","","","","ns1.dns.ne.jp","ns2.dns.ne.jp","","","OK","","",""
"59","omsabaisabai.com","2021-07-08 14:40:08","2021-07-05","2021-07-05","2022-07-05","1485","Japan Registry Services Co., Ltd.","whois.jprs.jp","http://jprs.jp/registrar","Kawaguchi Azusa","","35F,4-20,ofukacho,kitaku","Osaka","Osaka","530-0011","Japan","nic-staff@sakura.ad.jp","+81.663764800","","SAKURA Internet Inc.","","35F,4-20,ofukacho,kitaku","Osaka","Osaka","530-0011","Japan","nic-staff@sakura.ad.jp","+81.663764800","","SAKURA Internet Inc.","","35F,4-20,ofukacho,kitaku","Osaka","Osaka","530-0011","Japan","nic-staff@sakura.ad.jp","+81.663764800","","","","","","","","","","","","ns1.dns.ne.jp","ns2.dns.ne.jp","","","OK","","",""
"60","perfect-bright.com","2021-07-08 16:16:20","2021-07-05","2021-07-05","2022-07-05","1485","Japan Registry Services Co., Ltd.","whois.jprs.jp","http://jprs.jp/registrar","MIRAITEC CO., LTD.","","Nissay Ikebukuro Bldg 14F,1-24-1, Higashiikebukuro,","Toshima-Ku","Tokyo","1700013","Japan","watanabe@techno-link.co.jp","+81.369127180","","MIRAITEC CO., LTD.","","Nissay Ikebukuro Bldg 14F,1-24-1, Higashiikebukuro,","Toshima-Ku","Tokyo","1700013","Japan","watanabe@techno-link.co.jp","+81.369127180","","MIRAITEC CO., LTD.","","Nissay Ikebukuro Bldg 14F,1-24-1, Higashiikebukuro,","Toshima-Ku","Tokyo","1700013","Japan","watanabe@techno-link.co.jp","+81.369127180","","","","","","","","","","","","ns1.customer.ne.jp","ns2.customer.ne.jp","","","OK","","",""
"61","photosekai.com","2021-07-08 16:15:55","2021-07-05","2021-07-05","2022-07-05","1485","Japan Registry Services Co., Ltd.","whois.jprs.jp","http://jprs.jp/registrar","matsumoto","","35F,4-20,ofukacho,kitaku","osaka","osaka","530-0011","Japan","nic-staff@sakura.ad.jp","+81.663764800","","SAKURA Internet Inc.","","35F,4-20,ofukacho,kitaku","Osaka","Osaka","530-0011","Japan","nic-staff@sakura.ad.jp","+81.663764800","","SAKURA Internet Inc.","","35F,4-20,ofukacho,kitaku","Osaka","Osaka","530-0011","Japan","nic-staff@sakura.ad.jp","+81.663764800","","","","","","","","","","","","ns1.dns.ne.jp","ns2.dns.ne.jp","","","OK","","",""
"62","picopicoderby.com","2021-07-08 16:15:53","2021-07-05","2021-07-05","2022-07-05","1485","Japan Registry Services Co., Ltd.","whois.jprs.jp","http://jprs.jp/registrar","ideanomad LIMITED","","35F,4-20,ofukacho,kitaku","osaka","osaka","530-0011","Japan","nic-staff@sakura.ad.jp","+81.663764800","","SAKURA Internet Inc.","","35F,4-20,ofukacho,kitaku","Osaka","Osaka","530-0011","Japan","nic-staff@sakura.ad.jp","+81.663764800","","SAKURA Internet Inc.","","35F,4-20,ofukacho,kitaku","Osaka","Osaka","530-0011","Japan","nic-staff@sakura.ad.jp","+81.663764800","","","","","","","","","","","","ns1.dns.ne.jp","ns2.dns.ne.jp","","","OK","","",""
"63","pro-hr-kyoto.com","2021-07-08 16:14:03","2021-07-05","2021-07-05","2022-07-05","1485","Japan Registry Services Co., Ltd.","whois.jprs.jp","http://jprs.jp/registrar","Think and Act.inc","","35F,4-20,ofukacho,kitaku","Osaka","Osaka","530-0011","Japan","nic-staff@sakura.ad.jp","+81.663764800","","SAKURA Internet Inc.","","35F,4-20,ofukacho,kitaku","Osaka","Osaka","530-0011","Japan","nic-staff@sakura.ad.jp","+81.663764800","","SAKURA Internet Inc.","","35F,4-20,ofukacho,kitaku","Osaka","Osaka","530-0011","Japan","nic-staff@sakura.ad.jp","+81.663764800","","","","","","","","","","","","ns1.dns.ne.jp","ns2.dns.ne.jp","","","OK","","",""
"64","r-fulbright.com","2021-07-08 16:12:46","2021-07-05","2021-07-05","2022-07-05","1485","Japan Registry Services Co., Ltd.","whois.jprs.jp","http://jprs.jp/registrar","manpowergroup","","35F,4-20,ofukacho,kitaku","Osaka","Osaka","530-0011","Japan","nic-staff@sakura.ad.jp","+81.663764800","","SAKURA Internet Inc.","","35F,4-20,ofukacho,kitaku","Osaka","Osaka","530-0011","Japan","nic-staff@sakura.ad.jp","+81.663764800","","SAKURA Internet Inc.","","35F,4-20,ofukacho,kitaku","Osaka","Osaka","530-0011","Japan","nic-staff@sakura.ad.jp","+81.663764800","","","","","","","","","","","","ns1.dns.ne.jp","ns2.dns.ne.jp","","","OK","","",""
"65","raqness.com","2021-07-08 16:12:28","2021-07-05","2021-07-05","2026-07-05","1485","Japan Registry Services Co., Ltd.","whois.jprs.jp","http://jprs.jp/registrar","Sugita Kazutoshi","","35F,4-20,ofukacho,kitaku","osaka","osaka","530-0011","Japan","nic-staff@sakura.ad.jp","+81.663764800","","SAKURA Internet Inc.","","35F,4-20,ofukacho,kitaku","Osaka","Osaka","530-0011","Japan","nic-staff@sakura.ad.jp","+81.663764800","","SAKURA Internet Inc.","","35F,4-20,ofukacho,kitaku","Osaka","Osaka","530-0011","Japan","nic-staff@sakura.ad.jp","+81.663764800","","","","","","","","","","","","ns1.dns.ne.jp","ns2.dns.ne.jp","","","OK","","",""
"66","repair-obata.com","2021-07-08 16:11:14","2021-07-05","2021-07-05","2022-07-05","1485","Japan Registry Services Co., Ltd.","whois.jprs.jp","http://jprs.jp/registrar","Toshiya Watanabe","","35F,4-20,ofukacho,kitaku","Osaka","Osaka","530-0011","Japan","nic-staff@sakura.ad.jp","+81.663764800","","SAKURA Internet Inc.","","35F,4-20,ofukacho,kitaku","Osaka","Osaka","530-0011","Japan","nic-staff@sakura.ad.jp","+81.663764800","","SAKURA Internet Inc.","","35F,4-20,ofukacho,kitaku","Osaka","Osaka","530-0011","Japan","nic-staff@sakura.ad.jp","+81.663764800","","","","","","","","","","","","ns1.dns.ne.jp","ns2.dns.ne.jp","","","OK","","",""
"67","reps1.net","2021-07-08 15:29:55","2021-07-04","2021-07-04","2022-07-04","1485","Japan Registry Services Co., Ltd.","whois.jprs.jp","http://jprs.jp/registrar","Inaba Shigeki","","35F,4-20,ofukacho,kitaku","Osaka","Osaka","530-0011","Japan","nic-staff@sakura.ad.jp","+81.663764800","","SAKURA Internet Inc.","","35F,4-20,ofukacho,kitaku","Osaka","Osaka","530-0011","Japan","nic-staff@sakura.ad.jp","+81.663764800","","SAKURA Internet Inc.","","35F,4-20,ofukacho,kitaku","Osaka","Osaka","530-0011","Japan","nic-staff@sakura.ad.jp","+81.663764800","","","","","","","","","","","","ns1.dns.ne.jp","ns2.dns.ne.jp","","","OK","","",""
"68","revival-flow.com","2021-07-08 16:10:54","2021-07-05","2021-07-05","2022-07-05","1485","Japan Registry Services Co., Ltd.","whois.jprs.jp","http://jprs.jp/registrar","kyoheiyamazaki","","35F,4-20,ofukacho,kitaku","Osaka","Osaka","530-0011","Japan","nic-staff@sakura.ad.jp","+81.663764800","","SAKURA Internet Inc.","","35F,4-20,ofukacho,kitaku","Osaka","Osaka","530-0011","Japan","nic-staff@sakura.ad.jp","+81.663764800","","SAKURA Internet Inc.","","35F,4-20,ofukacho,kitaku","Osaka","Osaka","530-0011","Japan","nic-staff@sakura.ad.jp","+81.663764800","","","","","","","","","","","","ns1.dns.ne.jp","ns2.dns.ne.jp","","","OK","","",""
"69","rikenvitamin21summercp.com","2021-07-08 16:10:50","2021-07-05","2021-07-05","2022-07-05","1485","Japan Registry Services Co., Ltd.","whois.jprs.jp","http://jprs.jp/registrar","CDG Co., Ltd.","","35F,4-20,ofukacho,kitaku","Osaka","Osaka","530-0011","Japan","nic-staff@sakura.ad.jp","+81.663764800","","SAKURA Internet Inc.","","35F,4-20,ofukacho,kitaku","Osaka","Osaka","530-0011","Japan","nic-staff@sakura.ad.jp","+81.663764800","","SAKURA Internet Inc.","","35F,4-20,ofukacho,kitaku","Osaka","Osaka","530-0011","Japan","nic-staff@sakura.ad.jp","+81.663764800","","","","","","","","","","","","ns1.dns.ne.jp","ns2.dns.ne.jp","","","OK","","",""
"70","rycoriz.net","2021-07-08 15:29:48","2021-07-04","2021-07-04","2022-07-04","1485","Japan Registry Services Co., Ltd.","whois.jprs.jp","http://jprs.jp/registrar","TAKENAGA YUKIKO","","35F,4-20,ofukacho,kitaku","osaka","osaka","530-0011","Japan","nic-staff@sakura.ad.jp","+81.663764800","","SAKURA Internet Inc.","","35F,4-20,ofukacho,kitaku","Osaka","Osaka","530-0011","Japan","nic-staff@sakura.ad.jp","+81.663764800","","SAKURA Internet Inc.","","35F,4-20,ofukacho,kitaku","Osaka","Osaka","530-0011","Japan","nic-staff@sakura.ad.jp","+81.663764800","","","","","","","","","","","","ns1.dns.ne.jp","ns2.dns.ne.jp","","","OK","","",""
"71","salondecharlie-tokiwadai.com","2021-07-08 16:09:22","2021-07-05","2021-07-05","2022-07-05","1485","Japan Registry Services Co., Ltd.","whois.jprs.jp","http://jprs.jp/registrar","Isozaki,Haruna","","1-23-12","Itabashi-ku","Tokyo","174-0072","Japan","nic-contact@iflag.co.jp","+81.7065790630","","iFLAG CO.,LTD","","2-4-1","Minato-ku,Shibakoen","Tokyo","105-0011","Japan","nic-contact@iflag.co.jp","+81.357333406","","iFLAG CO.,LTD","","2-4-1","Minato-ku,Shibakoen","Tokyo","105-0011","Japan","nic-contact@iflag.co.jp","+81.357333406","","","","","","","","","","","","ns1.value-domain.com","ns2.value-domain.com","","","OK","","",""
"72","senendouga.com","2021-07-08 16:07:50","2021-07-05","2021-07-05","2022-07-05","1485","Japan Registry Services Co., Ltd.","whois.jprs.jp","http://jprs.jp/registrar","Kazuyoshi Shoji","","35F,4-20,ofukacho,kitaku","Osaka","Osaka","530-0011","Japan","nic-staff@sakura.ad.jp","+81.663764800","","SAKURA Internet Inc.","","35F,4-20,ofukacho,kitaku","Osaka","Osaka","530-0011","Japan","nic-staff@sakura.ad.jp","+81.663764800","","SAKURA Internet Inc.","","35F,4-20,ofukacho,kitaku","Osaka","Osaka","530-0011","Japan","nic-staff@sakura.ad.jp","+81.663764800","","","","","","","","","","","","ns1.dns.ne.jp","ns2.dns.ne.jp","","","OK","","",""
"73","shirasu-martialarts.com","2021-07-08 16:07:04","2021-07-05","2021-07-05","2022-07-05","1485","Japan Registry Services Co., Ltd.","whois.jprs.jp","http://jprs.jp/registrar","Shirasu Yasuhito","","35F,4-20,ofukacho,kitaku","Osaka","Osaka","530-0011","Japan","nic-staff@sakura.ad.jp","+81.663764800","","SAKURA Internet Inc.","","35F,4-20,ofukacho,kitaku","Osaka","Osaka","530-0011","Japan","nic-staff@sakura.ad.jp","+81.663764800","","SAKURA Internet Inc.","","35F,4-20,ofukacho,kitaku","Osaka","Osaka","530-0011","Japan","nic-staff@sakura.ad.jp","+81.663764800","","","","","","","","","","","","ns1.dns.ne.jp","ns2.dns.ne.jp","","","OK","","",""
"74","shizuokacity-pv-entry.com","2021-07-08 16:07:00","2021-07-05","2021-07-05","2022-07-05","1485","Japan Registry Services Co., Ltd.","whois.jprs.jp","http://jprs.jp/registrar","AMT Co.,Ltd.","","35F,4-20,ofukacho,kitaku","Osaka","Osaka","530-0011","Japan","nic-staff@sakura.ad.jp","+81.663764800","","SAKURA Internet Inc.","","35F,4-20,ofukacho,kitaku","Osaka","Osaka","530-0011","Japan","nic-staff@sakura.ad.jp","+81.663764800","","SAKURA Internet Inc.","","35F,4-20,ofukacho,kitaku","Osaka","Osaka","530-0011","Japan","nic-staff@sakura.ad.jp","+81.663764800","","","","","","","","","","","","ns1.dns.ne.jp","ns2.dns.ne.jp","","","OK","","",""
"75","siplidar.com","2021-07-08 16:06:25","2021-07-05","2021-07-05","2022-07-05","1485","Japan Registry Services Co., Ltd.","whois.jprs.jp","http://jprs.jp/registrar","SHIRAISHI Koichi","","35F,4-20,ofukacho,kitaku","Osaka","Osaka","530-0011","Japan","nic-staff@sakura.ad.jp","+81.663764800","","SAKURA Internet Inc.","","35F,4-20,ofukacho,kitaku","Osaka","Osaka","530-0011","Japan","nic-staff@sakura.ad.jp","+81.663764800","","SAKURA Internet Inc.","","35F,4-20,ofukacho,kitaku","Osaka","Osaka","530-0011","Japan","nic-staff@sakura.ad.jp","+81.663764800","","","","","","","","","","","","ns1.dns.ne.jp","ns2.dns.ne.jp","","","OK","","",""
"76","smart-coaching-zero.info","2021-07-08 15:42:29","2021-07-06","2021-07-06","2022-07-06","1485","Japan Registry Services Co., Ltd.","whois.jprs.jp","http://jprs.jp/registrar","","","","","Osaka","","Japan","","","","","","","","","","","","","","","","","","","","","","","","","","","","","","","","","","ns1.dns.ne.jp","ns2.dns.ne.jp","","","addPeriod","serverTransferProhibited","",""
"77","social-quality.com","2021-07-08 17:42:34","2021-07-05","2021-07-05","2022-07-05","1485","Japan Registry Services Co., Ltd.","whois.jprs.jp","http://jprs.jp/registrar","Ando Yoshihiro","","35F,4-20,ofukacho,kitaku","Osaka","Osaka","530-0011","Japan","nic-staff@sakura.ad.jp","+81.663764800","","SAKURA Internet Inc.","","35F,4-20,ofukacho,kitaku","Osaka","Osaka","530-0011","Japan","nic-staff@sakura.ad.jp","+81.663764800","","SAKURA Internet Inc.","","35F,4-20,ofukacho,kitaku","Osaka","Osaka","530-0011","Japan","nic-staff@sakura.ad.jp","+81.663764800","","","","","","","","","","","","ns1.dns.ne.jp","ns2.dns.ne.jp","","","OK","","",""
"78","soraaube.com","2021-07-08 16:04:50","2021-07-05","2021-07-05","2022-07-05","1485","Japan Registry Services Co., Ltd.","whois.jprs.jp","http://jprs.jp/registrar","tomohiro nakata","","35F,4-20,ofukacho,kitaku","Osaka","Osaka","530-0011","Japan","nic-staff@sakura.ad.jp","+81.663764800","","SAKURA Internet Inc.","","35F,4-20,ofukacho,kitaku","Osaka","Osaka","530-0011","Japan","nic-staff@sakura.ad.jp","+81.663764800","","SAKURA Internet Inc.","","35F,4-20,ofukacho,kitaku","Osaka","Osaka","530-0011","Japan","nic-staff@sakura.ad.jp","+81.663764800","","","","","","","","","","","","ns1.dns.ne.jp","ns2.dns.ne.jp","","","OK","","",""
"79","sosuke-guide.com","2021-07-08 16:04:44","2021-07-05","2021-07-05","2022-07-05","1485","Japan Registry Services Co., Ltd.","whois.jprs.jp","http://jprs.jp/registrar","Seguchi sousuke","","35F,4-20,ofukacho,kitaku","Osaka","Osaka","530-0011","Japan","nic-staff@sakura.ad.jp","+81.663764800","","SAKURA Internet Inc.","","35F,4-20,ofukacho,kitaku","Osaka","Osaka","530-0011","Japan","nic-staff@sakura.ad.jp","+81.663764800","","SAKURA Internet Inc.","","35F,4-20,ofukacho,kitaku","Osaka","Osaka","530-0011","Japan","nic-staff@sakura.ad.jp","+81.663764800","","","","","","","","","","","","ns1.dns.ne.jp","ns2.dns.ne.jp","","","OK","","",""
"80","sunline-sapporo.com","2021-07-08 16:03:21","2021-07-05","2021-07-05","2022-07-05","1485","Japan Registry Services Co., Ltd.","whois.jprs.jp","http://jprs.jp/registrar","Sun Line. Co., Ltd.","","Showa-SudachoBld.8F, 1-5","Chiyoda-ku, Kandasuda-cho","Tokyo","101-0041","Japan","staff@sppd.ne.jp","+81.352974090","+81.352974092","Playing Network,Inc","","Showa-SudachoBld.8F, 1-5","Kandasuda-cho, Chiyoda-ku","Tokyo","101-0041","Japan","staff@sppd.ne.jp","+81.352974090","","Playing Network,Inc","","Showa-SudachoBld.8F, 1-5","Kandasuda-cho, Chiyoda-ku","Tokyo","101-0041","Japan","staff@sppd.ne.jp","+81.352974090","","","","","","","","","","","","ns.sppd.ne.jp","ns7.sppd.ne.jp","","","clientTransferProhibited","","",""
"81","tashumi-life.net","2021-07-08 15:29:33","2021-07-04","2021-07-04","2022-07-04","1485","Japan Registry Services Co., Ltd.","whois.jprs.jp","http://jprs.jp/registrar","SASAKI MAKOTO","","35F,4-20,ofukacho,kitaku","Osaka","Osaka","530-0011","Japan","nic-staff@sakura.ad.jp","+81.663764800","","SAKURA Internet Inc.","","35F,4-20,ofukacho,kitaku","Osaka","Osaka","530-0011","Japan","nic-staff@sakura.ad.jp","+81.663764800","","SAKURA Internet Inc.","","35F,4-20,ofukacho,kitaku","Osaka","Osaka","530-0011","Japan","nic-staff@sakura.ad.jp","+81.663764800","","","","","","","","","","","","ns1.dns.ne.jp","ns2.dns.ne.jp","","","OK","","",""
"82","tensougroup.com","2021-07-08 14:45:43","2021-07-05","2021-07-05","2022-07-05","1485","Japan Registry Services Co., Ltd.","whois.jprs.jp","http://jprs.jp/registrar","Tensou Inc.","","35F,4-20,ofukacho,kitaku","Osaka","Osaka","530-0011","Japan","nic-staff@sakura.ad.jp","+81.663764800","","SAKURA Internet Inc.","","35F,4-20,ofukacho,kitaku","Osaka","Osaka","530-0011","Japan","nic-staff@sakura.ad.jp","+81.663764800","","SAKURA Internet Inc.","","35F,4-20,ofukacho,kitaku","Osaka","Osaka","530-0011","Japan","nic-staff@sakura.ad.jp","+81.663764800","","","","","","","","","","","","ns1.dns.ne.jp","ns2.dns.ne.jp","","","OK","","",""
"83","tmeetsa.com","2021-07-08 14:43:10","2021-07-05","2021-07-05","2022-07-05","1485","Japan Registry Services Co., Ltd.","whois.jprs.jp","http://jprs.jp/registrar","Kazuki Endo","","35F,4-20,ofukacho,kitaku","osaka","osaka","530-0011","Japan","nic-staff@sakura.ad.jp","+81.663764800","","SAKURA Internet Inc.","","35F,4-20,ofukacho,kitaku","Osaka","Osaka","530-0011","Japan","nic-staff@sakura.ad.jp","+81.663764800","","SAKURA Internet Inc.","","35F,4-20,ofukacho,kitaku","Osaka","Osaka","530-0011","Japan","nic-staff@sakura.ad.jp","+81.663764800","","","","","","","","","","","","ns1.dns.ne.jp","ns2.dns.ne.jp","","","OK","","",""
"84","tmj-kumiai.com","2021-07-08 14:43:05","2021-07-05","2021-07-05","2022-07-05","1485","Japan Registry Services Co., Ltd.","whois.jprs.jp","http://jprs.jp/registrar","tmjkumiai","","35F,4-20,ofukacho,kitaku","Osaka","Osaka","530-0011","Japan","nic-staff@sakura.ad.jp","+81.663764800","","SAKURA Internet Inc.","","35F,4-20,ofukacho,kitaku","Osaka","Osaka","530-0011","Japan","nic-staff@sakura.ad.jp","+81.663764800","","SAKURA Internet Inc.","","35F,4-20,ofukacho,kitaku","Osaka","Osaka","530-0011","Japan","nic-staff@sakura.ad.jp","+81.663764800","","","","","","","","","","","","ns1.dns.ne.jp","ns2.dns.ne.jp","","","OK","","",""
"85","tpljfile.com","2021-07-08 16:00:53","2021-07-05","2021-07-05","2022-07-05","1485","Japan Registry Services Co., Ltd.","whois.jprs.jp","http://jprs.jp/registrar","Trans-Pacific Links Japan Co., Ltd.","","35F,4-20,ofukacho,kitaku","Osaka","Osaka","530-0011","Japan","nic-staff@sakura.ad.jp","+81.663764800","","SAKURA Internet Inc.","","35F,4-20,ofukacho,kitaku","Osaka","Osaka","530-0011","Japan","nic-staff@sakura.ad.jp","+81.663764800","","SAKURA Internet Inc.","","35F,4-20,ofukacho,kitaku","Osaka","Osaka","530-0011","Japan","nic-staff@sakura.ad.jp","+81.663764800","","","","","","","","","","","","ns1.dns.ne.jp","ns2.dns.ne.jp","","","OK","","",""
"86","vonlog.com","2021-07-08 17:57:03","2021-07-05","2021-07-05","2022-07-05","1485","Japan Registry Services Co., Ltd.","whois.jprs.jp","http://jprs.jp/registrar","vonvon","","35F,4-20,ofukacho,kitaku","Osaka","Osaka","530-0011","Japan","nic-staff@sakura.ad.jp","+81.663764800","","SAKURA Internet Inc.","","35F,4-20,ofukacho,kitaku","Osaka","Osaka","530-0011","Japan","nic-staff@sakura.ad.jp","+81.663764800","","SAKURA Internet Inc.","","35F,4-20,ofukacho,kitaku","Osaka","Osaka","530-0011","Japan","nic-staff@sakura.ad.jp","+81.663764800","","","","","","","","","","","","ns1.dns.ne.jp","ns2.dns.ne.jp","","","OK","","",""
"87","wagashiya3-suzuki.com","2021-07-08 15:57:11","2021-07-05","2021-07-05","2022-07-05","1485","Japan Registry Services Co., Ltd.","whois.jprs.jp","http://jprs.jp/registrar","Yabe,Nobuyuki","","32-16","Yokohama-cityAsahi-ku","Kanagawa","241-0833","Japan","nic-contact@iflag.co.jp","+81.453526345","","iFLAG CO.,LTD","","2-4-1","Minato-ku,Shibakoen","Tokyo","105-0011","Japan","nic-contact@iflag.co.jp","+81.357333406","","iFLAG CO.,LTD","","2-4-1","Minato-ku,Shibakoen","Tokyo","105-0011","Japan","nic-contact@iflag.co.jp","+81.357333406","","","","","","","","","","","","ns01.xaas3.jp","ns02.xaas3.jp","","","OK","","",""
"88","yasuda-vets.com","2021-07-08 15:52:45","2021-07-05","2021-07-05","2022-07-05","1485","Japan Registry Services Co., Ltd.","whois.jprs.jp","http://jprs.jp/registrar","Yasuda Shohei","","35F,4-20,ofukacho,kitaku","Osaka","Osaka","530-0011","Japan","nic-staff@sakura.ad.jp","+81.663764800","","SAKURA Internet Inc.","","35F,4-20,ofukacho,kitaku","Osaka","Osaka","530-0011","Japan","nic-staff@sakura.ad.jp","+81.663764800","","SAKURA Internet Inc.","","35F,4-20,ofukacho,kitaku","Osaka","Osaka","530-0011","Japan","nic-staff@sakura.ad.jp","+81.663764800","","","","","","","","","","","","ns1.dns.ne.jp","ns2.dns.ne.jp","","","OK","","",""
"89","yomemoy.com","2021-07-08 15:52:19","2021-07-05","2021-07-05","2022-07-05","1485","Japan Registry Services Co., Ltd.","whois.jprs.jp","http://jprs.jp/registrar","yomemoy","","35F,4-20,ofukacho,kitaku","Osaka","Osaka","530-0011","Japan","nic-staff@sakura.ad.jp","+81.663764800","","SAKURA Internet Inc.","","35F,4-20,ofukacho,kitaku","Osaka","Osaka","530-0011","Japan","nic-staff@sakura.ad.jp","+81.663764800","","SAKURA Internet Inc.","","35F,4-20,ofukacho,kitaku","Osaka","Osaka","530-0011","Japan","nic-staff@sakura.ad.jp","+81.663764800","","","","","","","","","","","","ns1.dns.ne.jp","ns2.dns.ne.jp","","","OK","","",""
"90","yorisoicat.com","2021-07-08 15:52:13","2021-07-05","2021-07-05","2022-07-05","1485","Japan Registry Services Co., Ltd.","whois.jprs.jp","http://jprs.jp/registrar","Aoyagi Suguru","","35F,4-20,ofukacho,kitaku","Osaka","Osaka","530-0011","Japan","nic-staff@sakura.ad.jp","+81.663764800","","SAKURA Internet Inc.","","35F,4-20,ofukacho,kitaku","Osaka","Osaka","530-0011","Japan","nic-staff@sakura.ad.jp","+81.663764800","","SAKURA Internet Inc.","","35F,4-20,ofukacho,kitaku","Osaka","Osaka","530-0011","Japan","nic-staff@sakura.ad.jp","+81.663764800","","","","","","","","","","","","ns1.dns.ne.jp","ns2.dns.ne.jp","","","OK","","",""
"91","yoshihara-sr.com","2021-07-08 15:52:12","2021-07-05","2021-07-05","2022-07-05","1485","Japan Registry Services Co., Ltd.","whois.jprs.jp","http://jprs.jp/registrar","Masato Yoshihara","","35F,4-20,ofukacho,kitaku","Osaka","Osaka","530-0011","Japan","nic-staff@sakura.ad.jp","+81.663764800","","SAKURA Internet Inc.","","35F,4-20,ofukacho,kitaku","Osaka","Osaka","530-0011","Japan","nic-staff@sakura.ad.jp","+81.663764800","","SAKURA Internet Inc.","","35F,4-20,ofukacho,kitaku","Osaka","Osaka","530-0011","Japan","nic-staff@sakura.ad.jp","+81.663764800","","","","","","","","","","","","ns1.dns.ne.jp","ns2.dns.ne.jp","","","OK","","",""
"92","yoshis-blog.com","2021-07-08 17:15:40","2021-07-05","2021-07-05","2022-07-05","1485","Japan Registry Services Co., Ltd.","whois.jprs.jp","http://jprs.jp/registrar","Bun Yoshiaki","","35F,4-20,ofukacho,kitaku","Osaka","Osaka","530-0011","Japan","nic-staff@sakura.ad.jp","+81.663764800","","SAKURA Internet Inc.","","35F,4-20,ofukacho,kitaku","Osaka","Osaka","530-0011","Japan","nic-staff@sakura.ad.jp","+81.663764800","","SAKURA Internet Inc.","","35F,4-20,ofukacho,kitaku","Osaka","Osaka","530-0011","Japan","nic-staff@sakura.ad.jp","+81.663764800","","","","","","","","","","","","ns1.dns.ne.jp","ns2.dns.ne.jp","","","OK","","",""
"93","yukiai-dc1.com","2021-07-08 15:50:26","2021-07-05","2021-07-05","2022-07-05","1485","Japan Registry Services Co., Ltd.","whois.jprs.jp","http://jprs.jp/registrar","Washizuka,Masato","","20-2","Koriyama-city","Fukushima","963-0726","Japan","nic-contact@iflag.co.jp","+81.249547762","","iFLAG CO.,LTD","","2-4-1","Minato-ku,Shibakoen","Tokyo","105-0011","Japan","nic-contact@iflag.co.jp","+81.357333406","","iFLAG CO.,LTD","","2-4-1","Minato-ku,Shibakoen","Tokyo","105-0011","Japan","nic-contact@iflag.co.jp","+81.357333406","","","","","","","","","","","","ns1.value-domain.com","ns2.value-domain.com","","","OK","","",""
"94","zeke.mobi","2021-07-08 14:47:43","2021-07-06","2021-07-06","2022-07-06","1485","Japan Registry Services Co., Ltd.","whois.jprs.jp","http://jprs.jp/registrar","","","","","Osaka","","Japan","","","","","","","","","","","","","","","","","","","","","","","","","","","","","","","","","","ns1.dns.ne.jp","ns2.dns.ne.jp","","","addPeriod","serverTransferProhibited","",""
"95","zerotaro.com","2021-07-08 15:49:55","2021-07-05","2021-07-05","2022-07-05","1485","Japan Registry Services Co., Ltd.","whois.jprs.jp","http://jprs.jp/registrar","Suzuki Ichitaro","","35F,4-20,ofukacho,kitaku","Osaka","Osaka","530-0011","Japan","nic-staff@sakura.ad.jp","+81.663764800","","SAKURA Internet Inc.","","35F,4-20,ofukacho,kitaku","Osaka","Osaka","530-0011","Japan","nic-staff@sakura.ad.jp","+81.663764800","","SAKURA Internet Inc.","","35F,4-20,ofukacho,kitaku","Osaka","Osaka","530-0011","Japan","nic-staff@sakura.ad.jp","+81.663764800","","","","","","","","","","","","ns1.dns.ne.jp","ns2.dns.ne.jp","","","OK","","",""