"num","domain_name","query_time","create_date","update_date","expiry_date","domain_registrar_id","domain_registrar_name","domain_registrar_whois","domain_registrar_url","registrant_name","registrant_company","registrant_address","registrant_city","registrant_state","registrant_zip","registrant_country","registrant_email","registrant_phone","registrant_fax","administrative_name","administrative_company","administrative_address","administrative_city","administrative_state","administrative_zip","administrative_country","administrative_email","administrative_phone","administrative_fax","technical_name","technical_company","technical_address","technical_city","technical_state","technical_zip","technical_country","technical_email","technical_phone","technical_fax","billing_name","billing_company","billing_address","billing_city","billing_state","billing_zip","billing_country","billing_email","billing_phone","billing_fax","name_server_1","name_server_2","name_server_3","name_server_4","domain_status_1","domain_status_2","domain_status_3","domain_status_4"
"1","ayyildizfilmizle.com","2021-07-08 17:43:34","2021-07-05","2021-07-08","2022-07-05","2856","Jumpshot Domains LLC","whois.jumpshotdomainsllc.com","http://www.networksolutions.com","ding fu tan","tan ding fu","dong cheng qu, bei jing shi, dong cheng qu, he pin","bei jing shi","bei jing","100000","China","910468711@qq.com","+86.01001128538","+86.01001128538","ding fu tan","tan ding fu","dong cheng qu, bei jing shi, dong cheng qu, he pin","bei jing shi","bei jing","100000","China","910468711@qq.com","+86.01001128538","+86.01001128538","ding fu tan","tan ding fu","dong cheng qu, bei jing shi, dong cheng qu, he pin","bei jing shi","bei jing","100000","China","910468711@qq.com","+86.01001128538","+86.01001128538","","","","","","","","","","","jm1.alidns.com","jm2.alidns.com","","","OK","","",""
"2","bommucintannoi.com","2021-07-08 17:45:21","2021-07-05","2021-07-05","2022-07-05","2856","Jumpshot Domains LLC","whois.jumpshotdomainsllc.com","http://www.networksolutions.com","PERFECT PRIVACY, LLC","","5335 Gate Parkway","Jacksonville","FL","32256","United States","fdtd4aa1ushgeb2t74d6oq3f8n@domaindiscreet.com","+1.9027492701","","PERFECT PRIVACY, LLC","","5335 Gate Parkway","Jacksonville","FL","32256","United States","fdtd4aa1ushgeb2t74d6oq3f8n@domaindiscreet.com","+1.9027492701","","PERFECT PRIVACY, LLC","","5335 Gate Parkway","Jacksonville","FL","32256","United States","fdtd4aa1ushgeb2t74d6oq3f8n@domaindiscreet.com","+1.9027492701","","","","","","","","","","","","ns15.above.com","ns16.above.com","","","OK","","",""
"3","bq128.com","2021-07-08 17:56:57","2021-07-05","2021-07-06","2022-07-05","2856","Jumpshot Domains LLC","whois.jumpshotdomainsllc.com","http://www.networksolutions.com","zhai liu","liu zhai","wu ji xian, bei su zhen, peng jia zhuang cun, kang","shi jia zhuang shi","he bei","052400","China","liuzhai123@outlook.com","+86.0311","+86.0311","zhai liu","liu zhai","wu ji xian, bei su zhen, peng jia zhuang cun, kang","shi jia zhuang shi","he bei","052400","China","liuzhai123@outlook.com","+86.0311","+86.0311","zhai liu","liu zhai","wu ji xian, bei su zhen, peng jia zhuang cun, kang","shi jia zhuang shi","he bei","052400","China","liuzhai123@outlook.com","+86.0311","+86.0311","","","","","","","","","","","jm1.dns.com","jm2.dns.com","","","OK","","",""
"4","minimotorsports.com","2021-07-08 18:22:46","2021-07-05","2021-07-08","2022-07-05","2856","Jumpshot Domains LLC","whois.jumpshotdomainsllc.com","http://www.networksolutions.com","lin hao huang","","dong cheng qu, dong cheng qu, 138 hao","bei jing shi","bei jing","100000","China","huanlive@qq.com","+86.13800138008","+86.13800138008","lin hao huang","","dong cheng qu, dong cheng qu, 138 hao","bei jing shi","bei jing","100000","China","huanlive@qq.com","+86.13800138008","+86.13800138008","lin hao huang","","dong cheng qu, dong cheng qu, 138 hao","bei jing shi","bei jing","100000","China","huanlive@qq.com","+86.13800138008","+86.13800138008","","","","","","","","","","","jm1.dns.com","jm2.dns.com","","","OK","","",""
"5","xyztopnews.com","2021-07-08 14:28:30","2021-07-05","2021-07-05","2022-07-05","2856","Jumpshot Domains LLC","whois.jumpshotdomainsllc.com","http://www.networksolutions.com","PERFECT PRIVACY, LLC","","5335 Gate Parkway","Jacksonville","FL","32256","United States","fdtd4aa1ushgeb2t74d6oq3f8n@domaindiscreet.com","+1.9027492701","","PERFECT PRIVACY, LLC","","5335 Gate Parkway","Jacksonville","FL","32256","United States","fdtd4aa1ushgeb2t74d6oq3f8n@domaindiscreet.com","+1.9027492701","","PERFECT PRIVACY, LLC","","5335 Gate Parkway","Jacksonville","FL","32256","United States","fdtd4aa1ushgeb2t74d6oq3f8n@domaindiscreet.com","+1.9027492701","","","","","","","","","","","","ns15.above.com","ns16.above.com","","","OK","","",""