"num","domain_name","query_time","create_date","update_date","expiry_date","domain_registrar_id","domain_registrar_name","domain_registrar_whois","domain_registrar_url","registrant_name","registrant_company","registrant_address","registrant_city","registrant_state","registrant_zip","registrant_country","registrant_email","registrant_phone","registrant_fax","administrative_name","administrative_company","administrative_address","administrative_city","administrative_state","administrative_zip","administrative_country","administrative_email","administrative_phone","administrative_fax","technical_name","technical_company","technical_address","technical_city","technical_state","technical_zip","technical_country","technical_email","technical_phone","technical_fax","billing_name","billing_company","billing_address","billing_city","billing_state","billing_zip","billing_country","billing_email","billing_phone","billing_fax","name_server_1","name_server_2","name_server_3","name_server_4","domain_status_1","domain_status_2","domain_status_3","domain_status_4"
"1","domainehorizon.com","2021-07-08 14:18:56","2021-07-05","2021-07-05","2022-07-05","755","Name Nelly Corporation","whois.namenelly.com","http://www.namenelly.com","New Ventures Services, Corp","New Ventures Services, Corp","PO BOX 459 Drums","Drums","PA","18222","United States","admin@newvcorp.com","+1.8558971723","","New Ventures Services, Corp","New Ventures Services, Corp","PO BOX 459 Drums","Drums","PA","18222","United States","admin@newvcorp.com","+1.8558971723","","New Ventures Services, Corp","New Ventures Services, Corp","PO BOX 459 Drums","Drums","PA","18222","United States","admin@newvcorp.com","+1.8558971723","","","","","","","","","","","","ns1626.ztomy.com","ns2626.ztomy.com","","","OK","","",""
"2","imperialla.com","2021-07-08 14:18:30","2021-07-05","2021-07-05","2022-07-05","755","Name Nelly Corporation","whois.namenelly.com","http://www.namenelly.com","Statutory Masking Enabled","Statutory Masking Enabled","Statutory Masking Enabled","Statutory Masking Enabled","Alpes Maritimes","Statutory Masking Enabled","France","abuse@web.com","Statutory Masking Enabled","Statutory Masking Enabled","Statutory Masking Enabled","Statutory Masking Enabled","Statutory Masking Enabled","Statutory Masking Enabled","Statutory Masking Enabled","Statutory Masking Enabled","Statutory Masking Enabled","abuse@web.com","Statutory Masking Enabled","Statutory Masking Enabled","Statutory Masking Enabled","Statutory Masking Enabled","Statutory Masking Enabled","Statutory Masking Enabled","Statutory Masking Enabled","Statutory Masking Enabled","Statutory Masking Enabled","abuse@web.com","Statutory Masking Enabled","Statutory Masking Enabled","Statutory Masking Enabled","Statutory Masking Enabled","Statutory Masking Enabled","Statutory Masking Enabled","Statutory Masking Enabled","Statutory Masking Enabled","Statutory Masking Enabled","abuse@web.com","Statutory Masking Enabled","Statutory Masking Enabled","ns1.dan.com","ns2.dan.com","","","OK","","",""
"3","juniperacres.com","2021-07-08 18:43:10","2021-07-05","2021-07-08","2022-07-05","755","Name Nelly Corporation","whois.namenelly.com","http://www.namenelly.com","lin hao huang","","dong cheng qu, dong cheng qu, 138 hao","bei jing shi","bei jing","100000","China","huanlive@qq.com","+86.13800138008","+86.13800138008","lin hao huang","","dong cheng qu, dong cheng qu, 138 hao","bei jing shi","bei jing","100000","China","huanlive@qq.com","+86.13800138008","+86.13800138008","lin hao huang","","dong cheng qu, dong cheng qu, 138 hao","bei jing shi","bei jing","100000","China","huanlive@qq.com","+86.13800138008","+86.13800138008","","","","","","","","","","","jm1.dns.com","jm2.dns.com","","","OK","","",""
"4","kayakter.com","2021-07-08 14:28:15","2021-07-05","2021-07-05","2022-07-05","755","Name Nelly Corporation","whois.namenelly.com","http://www.namenelly.com","PERFECT PRIVACY, LLC","","5335 Gate Parkway","Jacksonville","FL","32256","United States","1d6v07uod8ii79rhhgbvvcdd3m@domaindiscreet.com","+1.9027492701","","PERFECT PRIVACY, LLC","","5335 Gate Parkway","Jacksonville","FL","32256","United States","1d6v07uod8ii79rhhgbvvcdd3m@domaindiscreet.com","+1.9027492701","","PERFECT PRIVACY, LLC","","5335 Gate Parkway","Jacksonville","FL","32256","United States","1d6v07uod8ii79rhhgbvvcdd3m@domaindiscreet.com","+1.9027492701","","","","","","","","","","","","ns15.above.com","ns16.above.com","","","OK","","",""
"5","leap-hr.com","2021-07-08 18:20:26","2021-07-05","2021-07-05","2022-07-05","755","Name Nelly Corporation","whois.namenelly.com","http://www.namenelly.com","New Ventures Services, Corp","New Ventures Services, Corp","PO BOX 459 Drums","Drums","PA","18222","United States","admin@newvcorp.com","+1.8558971723","","New Ventures Services, Corp","New Ventures Services, Corp","PO BOX 459 Drums","Drums","PA","18222","United States","admin@newvcorp.com","+1.8558971723","","New Ventures Services, Corp","New Ventures Services, Corp","PO BOX 459 Drums","Drums","PA","18222","United States","admin@newvcorp.com","+1.8558971723","","","","","","","","","","","","ns1626.ztomy.com","ns2626.ztomy.com","","","OK","","",""
"6","lockleads.com","2021-07-08 14:21:23","2021-07-05","2021-07-05","2022-07-05","755","Name Nelly Corporation","whois.namenelly.com","http://www.namenelly.com","New Ventures Services, Corp","New Ventures Services, Corp","PO BOX 459 Drums","Drums","PA","18222","United States","admin@newvcorp.com","+1.8558971723","","New Ventures Services, Corp","New Ventures Services, Corp","PO BOX 459 Drums","Drums","PA","18222","United States","admin@newvcorp.com","+1.8558971723","","New Ventures Services, Corp","New Ventures Services, Corp","PO BOX 459 Drums","Drums","PA","18222","United States","admin@newvcorp.com","+1.8558971723","","","","","","","","","","","","ns1626.ztomy.com","ns2626.ztomy.com","","","OK","","",""
"7","najingxian1.com","2021-07-08 14:30:16","2021-07-05","2021-07-05","2022-07-05","755","Name Nelly Corporation","whois.namenelly.com","http://www.namenelly.com","lian xin zhou","","NO.18 CENTRE STREET, SAI YING P OFFICE 3A-9, 12/F, KAISER CENTRE","Hong Kong","HONG KONG","999077","Hong Kong","privacyprotectionabuse@gmail.com","+852.59386627","","lian xin zhou","","NO.18 CENTRE STREET, SAI YING P OFFICE 3A-9, 12/F, KAISER CENTRE","Hong Kong","HONG KONG","999077","Hong Kong","privacyprotectionabuse@gmail.com","+852.59386627","","lian xin zhou","","NO.18 CENTRE STREET, SAI YING P OFFICE 3A-9, 12/F, KAISER CENTRE","Hong Kong","HONG KONG","999077","Hong Kong","privacyprotectionabuse@gmail.com","+852.59386627","","","","","","","","","","","","v1.juming-xz.com","v1.xz-juming.com","","","OK","","",""
"8","searchengineoptmization.com","2021-07-08 17:34:56","2021-07-05","2021-07-05","2022-07-05","755","Name Nelly Corporation","whois.namenelly.com","http://www.namenelly.com","PERFECT PRIVACY, LLC","","5335 Gate Parkway","Jacksonville","FL","32256","United States","1d6v07uod8ii79rhhgbvvcdd3m@domaindiscreet.com","+1.9027492701","","PERFECT PRIVACY, LLC","","5335 Gate Parkway","Jacksonville","FL","32256","United States","1d6v07uod8ii79rhhgbvvcdd3m@domaindiscreet.com","+1.9027492701","","PERFECT PRIVACY, LLC","","5335 Gate Parkway","Jacksonville","FL","32256","United States","1d6v07uod8ii79rhhgbvvcdd3m@domaindiscreet.com","+1.9027492701","","","","","","","","","","","","ns15.above.com","ns16.above.com","","","OK","","",""
"9","selldisc.com","2021-07-08 14:31:05","2021-07-05","2021-07-05","2022-07-05","755","Name Nelly Corporation","whois.namenelly.com","http://www.namenelly.com","New Ventures Services, Corp","New Ventures Services, Corp","PO BOX 459 Drums","Drums","PA","18222","United States","admin@newvcorp.com","+1.8558971723","","New Ventures Services, Corp","New Ventures Services, Corp","PO BOX 459 Drums","Drums","PA","18222","United States","admin@newvcorp.com","+1.8558971723","","New Ventures Services, Corp","New Ventures Services, Corp","PO BOX 459 Drums","Drums","PA","18222","United States","admin@newvcorp.com","+1.8558971723","","","","","","","","","","","","ns1626.ztomy.com","ns2626.ztomy.com","","","OK","","",""