"num","domain_name","query_time","create_date","update_date","expiry_date","domain_registrar_id","domain_registrar_name","domain_registrar_whois","domain_registrar_url","registrant_name","registrant_company","registrant_address","registrant_city","registrant_state","registrant_zip","registrant_country","registrant_email","registrant_phone","registrant_fax","administrative_name","administrative_company","administrative_address","administrative_city","administrative_state","administrative_zip","administrative_country","administrative_email","administrative_phone","administrative_fax","technical_name","technical_company","technical_address","technical_city","technical_state","technical_zip","technical_country","technical_email","technical_phone","technical_fax","billing_name","billing_company","billing_address","billing_city","billing_state","billing_zip","billing_country","billing_email","billing_phone","billing_fax","name_server_1","name_server_2","name_server_3","name_server_4","domain_status_1","domain_status_2","domain_status_3","domain_status_4"
"1","bhavangagan.com","2021-07-08 14:35:42","2021-07-05","2021-07-05","2022-07-05","1895","Namespro Solutions Inc.","whois.namespro.ca","http://www.namespro.ca/","Namespro.ca PrivateWHOIS","Namespro.ca PrivateWHOIS","Box 276, 130-8191 Westminster Highway","Richmond","BC","V6X1A7","Canada","88a-f779b5be@namesproprivacy.ca","+1.6046828059","","Namespro.ca PrivateWHOIS","Namespro.ca PrivateWHOIS","Box 276, 130-8191 Westminster Highway","Richmond","BC","V6X1A7","Canada","88a-f779b5be@namesproprivacy.ca","+1.6046828059","","Namespro.ca PrivateWHOIS","Namespro.ca PrivateWHOIS","Box 276, 130-8191 Westminster Highway","Richmond","BC","V6X1A7","Canada","88a-f779b5be@namesproprivacy.ca","+1.6046828059","","","","","","","","","","","","slns1.namespro.ca","slns2.namespro.ca","","","clientTransferProhibited","","",""
"2","cubeconnectedthings.com","2021-07-08 16:49:28","2021-07-05","2021-07-05","2022-07-05","1895","Namespro Solutions Inc.","whois.namespro.ca","http://www.namespro.ca/","Namespro.ca PrivateWHOIS","Namespro.ca PrivateWHOIS","PO Box 28123, West Pender St PO","Vancouver","BC","V6C3T7","Canada","y2r-ermqath5@namesproprivacy.ca","+1.6046828059","","Namespro.ca PrivateWHOIS","Namespro.ca PrivateWHOIS","PO Box 28123, West Pender St PO","Vancouver","BC","V6C3T7","Canada","y2r-ermqath5@namesproprivacy.ca","+1.6046828059","","Namespro.ca PrivateWHOIS","Namespro.ca PrivateWHOIS","PO Box 28123, West Pender St PO","Vancouver","BC","V6C3T7","Canada","y2r-ermqath5@namesproprivacy.ca","+1.6046828059","","","","","","","","","","","","slns1.namespro.ca","slns2.namespro.ca","","","clientTransferProhibited","","",""
"3","echosdutemps.com","2021-07-08 16:44:35","2021-07-05","2021-07-05","2022-07-05","1895","Namespro Solutions Inc.","whois.namespro.ca","http://www.namespro.ca/","Namespro.ca PrivateWHOIS","Namespro.ca PrivateWHOIS","PO Box 28123, West Pender St PO","Vancouver","BC","V6C3T7","Canada","a72-b1872074@namesproprivacy.ca","+1.6046828059","","Namespro.ca PrivateWHOIS","Namespro.ca PrivateWHOIS","PO Box 28123, West Pender St PO","Vancouver","BC","V6C3T7","Canada","a72-b1872074@namesproprivacy.ca","+1.6046828059","","Namespro.ca PrivateWHOIS","Namespro.ca PrivateWHOIS","PO Box 28123, West Pender St PO","Vancouver","BC","V6C3T7","Canada","a72-b1872074@namesproprivacy.ca","+1.6046828059","","","","","","","","","","","","slns1.namespro.ca","slns2.namespro.ca","","","clientTransferProhibited","","",""
"4","nulldata.net","2021-07-08 14:46:26","2021-07-04","2021-07-04","2026-07-04","1895","Namespro Solutions Inc.","whois.namespro.ca","http://www.namespro.ca/","Namespro.ca PrivateWHOIS","Namespro.ca PrivateWHOIS","PO Box 28123, West Pender St PO","Vancouver","BC","V6C3T7","Canada","2fd-959fa7df@namesproprivacy.ca","+1.6046828059","","Namespro.ca PrivateWHOIS","Namespro.ca PrivateWHOIS","PO Box 28123, West Pender St PO","Vancouver","BC","V6C3T7","Canada","2fd-959fa7df@namesproprivacy.ca","+1.6046828059","","Namespro.ca PrivateWHOIS","Namespro.ca PrivateWHOIS","PO Box 28123, West Pender St PO","Vancouver","BC","V6C3T7","Canada","2fd-959fa7df@namesproprivacy.ca","+1.6046828059","","","","","","","","","","","","ns-1324.awsdns-37.org","ns-1600.awsdns-08.co.uk","ns-751.awsdns-29.net","ns-80.awsdns-10.com","clientTransferProhibited","","",""
"5","thecieloboutique.com","2021-07-08 14:45:01","2021-07-05","2021-07-05","2023-07-05","1895","Namespro Solutions Inc.","whois.namespro.ca","http://www.namespro.ca/","Namespro.ca PrivateWHOIS","Namespro.ca PrivateWHOIS","Box 276, 130-8191 Westminster Highway","Richmond","BC","V6X1A7","Canada","8ut-eo5oefjn@namesproprivacy.ca","+1.6046828059","","Namespro.ca PrivateWHOIS","Namespro.ca PrivateWHOIS","Box 276, 130-8191 Westminster Highway","Richmond","BC","V6X1A7","Canada","8ut-eo5oefjn@namesproprivacy.ca","+1.6046828059","","Namespro.ca PrivateWHOIS","Namespro.ca PrivateWHOIS","Box 276, 130-8191 Westminster Highway","Richmond","BC","V6X1A7","Canada","8ut-eo5oefjn@namesproprivacy.ca","+1.6046828059","","","","","","","","","","","","slns1.namespro.ca","slns2.namespro.ca","","","clientTransferProhibited","","",""
"6","thecielocompany.com","2021-07-08 14:45:04","2021-07-05","2021-07-05","2023-07-05","1895","Namespro Solutions Inc.","whois.namespro.ca","http://www.namespro.ca/","Namespro.ca PrivateWHOIS","Namespro.ca PrivateWHOIS","Box 276, 130-8191 Westminster Highway","Richmond","BC","V6X1A7","Canada","8ut-eo5oefjn@namesproprivacy.ca","+1.6046828059","","Namespro.ca PrivateWHOIS","Namespro.ca PrivateWHOIS","Box 276, 130-8191 Westminster Highway","Richmond","BC","V6X1A7","Canada","8ut-eo5oefjn@namesproprivacy.ca","+1.6046828059","","Namespro.ca PrivateWHOIS","Namespro.ca PrivateWHOIS","Box 276, 130-8191 Westminster Highway","Richmond","BC","V6X1A7","Canada","8ut-eo5oefjn@namesproprivacy.ca","+1.6046828059","","","","","","","","","","","","slns1.namespro.ca","slns2.namespro.ca","","","clientTransferProhibited","","",""