"num","domain_name","query_time","create_date","update_date","expiry_date","domain_registrar_id","domain_registrar_name","domain_registrar_whois","domain_registrar_url","registrant_name","registrant_company","registrant_address","registrant_city","registrant_state","registrant_zip","registrant_country","registrant_email","registrant_phone","registrant_fax","administrative_name","administrative_company","administrative_address","administrative_city","administrative_state","administrative_zip","administrative_country","administrative_email","administrative_phone","administrative_fax","technical_name","technical_company","technical_address","technical_city","technical_state","technical_zip","technical_country","technical_email","technical_phone","technical_fax","billing_name","billing_company","billing_address","billing_city","billing_state","billing_zip","billing_country","billing_email","billing_phone","billing_fax","name_server_1","name_server_2","name_server_3","name_server_4","domain_status_1","domain_status_2","domain_status_3","domain_status_4"
"1","cardapiodelivery.com","2021-07-08 17:38:03","2021-07-05","2021-07-05","2022-07-05","2862","Name Connection Spot LLC","whois.nameconnectionspotllc.com","http://www.networksolutions.com","Statutory Masking Enabled","Statutory Masking Enabled","Statutory Masking Enabled","Statutory Masking Enabled","Alpes Maritimes","Statutory Masking Enabled","France","abuse@web.com","Statutory Masking Enabled","Statutory Masking Enabled","Statutory Masking Enabled","Statutory Masking Enabled","Statutory Masking Enabled","Statutory Masking Enabled","Statutory Masking Enabled","Statutory Masking Enabled","Statutory Masking Enabled","abuse@web.com","Statutory Masking Enabled","Statutory Masking Enabled","Statutory Masking Enabled","Statutory Masking Enabled","Statutory Masking Enabled","Statutory Masking Enabled","Statutory Masking Enabled","Statutory Masking Enabled","Statutory Masking Enabled","abuse@web.com","Statutory Masking Enabled","Statutory Masking Enabled","Statutory Masking Enabled","Statutory Masking Enabled","Statutory Masking Enabled","Statutory Masking Enabled","Statutory Masking Enabled","Statutory Masking Enabled","Statutory Masking Enabled","abuse@web.com","Statutory Masking Enabled","Statutory Masking Enabled","ns1.dan.com","ns2.dan.com","","","OK","","",""
"2","getvalueplussavings.com","2021-07-08 14:31:09","2021-07-05","2021-07-05","2022-07-05","2862","Name Connection Spot LLC","whois.nameconnectionspotllc.com","http://www.networksolutions.com","Statutory Masking Enabled","Statutory Masking Enabled","Statutory Masking Enabled","Statutory Masking Enabled","Alpes Maritimes","Statutory Masking Enabled","France","abuse@web.com","Statutory Masking Enabled","Statutory Masking Enabled","Statutory Masking Enabled","Statutory Masking Enabled","Statutory Masking Enabled","Statutory Masking Enabled","Statutory Masking Enabled","Statutory Masking Enabled","Statutory Masking Enabled","abuse@web.com","Statutory Masking Enabled","Statutory Masking Enabled","Statutory Masking Enabled","Statutory Masking Enabled","Statutory Masking Enabled","Statutory Masking Enabled","Statutory Masking Enabled","Statutory Masking Enabled","Statutory Masking Enabled","abuse@web.com","Statutory Masking Enabled","Statutory Masking Enabled","Statutory Masking Enabled","Statutory Masking Enabled","Statutory Masking Enabled","Statutory Masking Enabled","Statutory Masking Enabled","Statutory Masking Enabled","Statutory Masking Enabled","abuse@web.com","Statutory Masking Enabled","Statutory Masking Enabled","ns1.dan.com","ns2.dan.com","","","OK","","",""
"3","oktbmotel.com","2021-07-08 18:21:05","2021-07-05","2021-07-06","2022-07-05","2862","Name Connection Spot LLC","whois.nameconnectionspotllc.com","http://www.networksolutions.com","xiao jiang wu","wu xiao jiang","lu wan qu, nan hu da dao, nan hu lu, 111 hao","shang hai shi","shang hai","200000","China","zaoanwang@qq.com","+86.02189998545","+86.02189998545","xiao jiang wu","wu xiao jiang","lu wan qu, nan hu da dao, nan hu lu, 111 hao","shang hai shi","shang hai","200000","China","zaoanwang@qq.com","+86.02189998545","+86.02189998545","xiao jiang wu","wu xiao jiang","lu wan qu, nan hu da dao, nan hu lu, 111 hao","shang hai shi","shang hai","200000","China","zaoanwang@qq.com","+86.02189998545","+86.02189998545","","","","","","","","","","","jm1.alidns.com","jm2.alidns.com","","","OK","","",""
"4","pdfcard.net","2021-07-08 14:46:19","2021-07-04","2021-07-04","2022-07-04","2862","Name Connection Spot LLC","whois.nameconnectionspotllc.com","http://www.networksolutions.com","PERFECT PRIVACY, LLC","","5335 Gate Parkway","Jacksonville","FL","32256","United States","5bdsqtpmhci6cbfgtqet5a4a9c@domaindiscreet.com","+1.9027492701","","PERFECT PRIVACY, LLC","","5335 Gate Parkway","Jacksonville","FL","32256","United States","5bdsqtpmhci6cbfgtqet5a4a9c@domaindiscreet.com","+1.9027492701","","PERFECT PRIVACY, LLC","","5335 Gate Parkway","Jacksonville","FL","32256","United States","5bdsqtpmhci6cbfgtqet5a4a9c@domaindiscreet.com","+1.9027492701","","","","","","","","","","","","ns15.above.com","ns16.above.com","","","OK","","",""
"5","thornsbook.com","2021-07-08 17:53:30","2021-07-05","2021-07-08","2022-07-05","2862","Name Connection Spot LLC","whois.nameconnectionspotllc.com","http://www.networksolutions.com","lin hao huang","","dong cheng qu, dong cheng qu, 138 hao","bei jing shi","bei jing","100000","China","huanlive@qq.com","+86.13800138008","+86.13800138008","lin hao huang","","dong cheng qu, dong cheng qu, 138 hao","bei jing shi","bei jing","100000","China","huanlive@qq.com","+86.13800138008","+86.13800138008","lin hao huang","","dong cheng qu, dong cheng qu, 138 hao","bei jing shi","bei jing","100000","China","huanlive@qq.com","+86.13800138008","+86.13800138008","","","","","","","","","","","jm1.dns.com","jm2.dns.com","","","OK","","",""