"num","domain_name","query_time","create_date","update_date","expiry_date","domain_registrar_id","domain_registrar_name","domain_registrar_whois","domain_registrar_url","registrant_name","registrant_company","registrant_address","registrant_city","registrant_state","registrant_zip","registrant_country","registrant_email","registrant_phone","registrant_fax","administrative_name","administrative_company","administrative_address","administrative_city","administrative_state","administrative_zip","administrative_country","administrative_email","administrative_phone","administrative_fax","technical_name","technical_company","technical_address","technical_city","technical_state","technical_zip","technical_country","technical_email","technical_phone","technical_fax","billing_name","billing_company","billing_address","billing_city","billing_state","billing_zip","billing_country","billing_email","billing_phone","billing_fax","name_server_1","name_server_2","name_server_3","name_server_4","domain_status_1","domain_status_2","domain_status_3","domain_status_4"
"1","cloud-horoquartz.support","2021-07-08 15:07:57","2021-07-05","2021-07-05","2022-07-05","1251","Nameshield SAS","whois.nic.fr","http://www.nameshield.net/","REDACTED FOR PRIVACY","HOROQUARTZ G.T.","REDACTED FOR PRIVACY","REDACTED FOR PRIVACY","","REDACTED FOR PRIVACY","France","","REDACTED FOR PRIVACY","REDACTED FOR PRIVACY","","","","","","","","","","","","","","","","","","","","","","","","","","","","","","","","","","","addPeriod","clientDeleteProhibited","clientTransferProhibited","clientUpdateProhibited"
"2","hydro-lib.com","2021-07-08 14:30:06","2021-07-04","2021-07-04","2022-07-04","1251","Nameshield SAS","whois.nic.fr","http://www.nameshield.net/","VILLE DE PARIS","VILLE DE PARIS","","","N/C","","France","","","","","","","","","","","","","","","","","","","","","","","","","","","","","","","","","","ns2.observatoiredesmarques.fr","ns3.nameshield.net","obs.ns1.fr","","clientDeleteProhibited","clientTransferProhibited","clientUpdateProhibited",""
"3","mobilite-aerienne-legere.com","2021-07-08 16:20:18","2021-07-04","2021-07-04","2022-07-04","1251","Nameshield SAS","whois.nic.fr","http://www.nameshield.net/","ADVANCED BUSINESS EVENTS","ADVANCED BUSINESS EVENTS","","","N/C","","France","","","","","","","","","","","","","","","","","","","","","","","","","","","","","","","","","","ns2.observatoiredesmarques.fr","ns3.nameshield.net","obs.ns1.fr","","clientDeleteProhibited","clientTransferProhibited","clientUpdateProhibited",""
"4","qereis.com","2021-07-08 16:13:19","2021-07-04","2021-07-04","2022-07-04","1251","Nameshield SAS","whois.nic.fr","http://www.nameshield.net/","HESTIA HOLDING","HESTIA HOLDING","","","N/C","","France","","","","","","","","","","","","","","","","","","","","","","","","","","","","","","","","","","ns2.observatoiredesmarques.fr","ns3.nameshield.net","obs.ns1.fr","","clientDeleteProhibited","clientTransferProhibited","clientUpdateProhibited",""
"5","qereis.group","2021-07-08 15:45:49","2021-07-05","2021-07-05","2022-07-05","1251","Nameshield SAS","whois.nic.fr","http://www.nameshield.net/","REDACTED FOR PRIVACY","HESTIA HOLDING","REDACTED FOR PRIVACY","REDACTED FOR PRIVACY","","REDACTED FOR PRIVACY","France","","REDACTED FOR PRIVACY","REDACTED FOR PRIVACY","","","","","","","","","","","","","","","","","","","","","","","","","","","","","","","","","","","addPeriod","clientDeleteProhibited","clientTransferProhibited","clientUpdateProhibited"
"6","qereis.solutions","2021-07-08 15:10:13","2021-07-05","2021-07-05","2022-07-05","1251","Nameshield SAS","whois.nic.fr","http://www.nameshield.net/","REDACTED FOR PRIVACY","HESTIA HOLDING","REDACTED FOR PRIVACY","REDACTED FOR PRIVACY","","REDACTED FOR PRIVACY","France","","REDACTED FOR PRIVACY","REDACTED FOR PRIVACY","","","","","","","","","","","","","","","","","","","","","","","","","","","","","","","","","","","addPeriod","clientDeleteProhibited","clientTransferProhibited","clientUpdateProhibited"