"num","domain_name","query_time","create_date","update_date","expiry_date","domain_registrar_id","domain_registrar_name","domain_registrar_whois","domain_registrar_url","registrant_name","registrant_company","registrant_address","registrant_city","registrant_state","registrant_zip","registrant_country","registrant_email","registrant_phone","registrant_fax","administrative_name","administrative_company","administrative_address","administrative_city","administrative_state","administrative_zip","administrative_country","administrative_email","administrative_phone","administrative_fax","technical_name","technical_company","technical_address","technical_city","technical_state","technical_zip","technical_country","technical_email","technical_phone","technical_fax","billing_name","billing_company","billing_address","billing_city","billing_state","billing_zip","billing_country","billing_email","billing_phone","billing_fax","name_server_1","name_server_2","name_server_3","name_server_4","domain_status_1","domain_status_2","domain_status_3","domain_status_4"
"1","alejandra-arce.com","2021-07-08 17:00:27","2021-07-05","2021-07-05","2022-07-05","1407","SW Hosting & Communications Technologies SL dba Serveisweb","whois.serveisweb.com","http://www.serveisweb.com","REDACTED FOR PRIVACY","REDACTED FOR PRIVACY","REDACTED FOR PRIVACY","REDACTED FOR PRIVACY","Cochabamba","REDACTED FOR PRIVACY","Bolivia","vnds-ai030@swregistrar.com","REDACTED FOR PRIVACY","REDACTED FOR PRIVACY","REDACTED FOR PRIVACY","REDACTED FOR PRIVACY","REDACTED FOR PRIVACY","REDACTED FOR PRIVACY","REDACTED FOR PRIVACY","REDACTED FOR PRIVACY","REDACTED FOR PRIVACY","vnds-ef026@swregistrar.com","REDACTED FOR PRIVACY","REDACTED FOR PRIVACY","REDACTED FOR PRIVACY","REDACTED FOR PRIVACY","REDACTED FOR PRIVACY","REDACTED FOR PRIVACY","REDACTED FOR PRIVACY","REDACTED FOR PRIVACY","REDACTED FOR PRIVACY","vnds-ef026@swregistrar.com","REDACTED FOR PRIVACY","REDACTED FOR PRIVACY","","","","","","","","","","","ce2021070511001.dnssw.net","dns4.swhosting.com","","","OK","","",""
"2","claracolette.com","2021-07-08 16:51:25","2021-07-05","2021-07-05","2022-07-05","1407","SW Hosting & Communications Technologies SL dba Serveisweb","whois.serveisweb.com","http://www.serveisweb.com","REDACTED FOR PRIVACY","REDACTED FOR PRIVACY","REDACTED FOR PRIVACY","REDACTED FOR PRIVACY","VENEZUELA","REDACTED FOR PRIVACY","Venezuela","vnds-cg086@swregistrar.com","REDACTED FOR PRIVACY","REDACTED FOR PRIVACY","REDACTED FOR PRIVACY","REDACTED FOR PRIVACY","REDACTED FOR PRIVACY","REDACTED FOR PRIVACY","REDACTED FOR PRIVACY","REDACTED FOR PRIVACY","REDACTED FOR PRIVACY","vnds-ef026@swregistrar.com","REDACTED FOR PRIVACY","REDACTED FOR PRIVACY","REDACTED FOR PRIVACY","REDACTED FOR PRIVACY","REDACTED FOR PRIVACY","REDACTED FOR PRIVACY","REDACTED FOR PRIVACY","REDACTED FOR PRIVACY","REDACTED FOR PRIVACY","vnds-ef026@swregistrar.com","REDACTED FOR PRIVACY","REDACTED FOR PRIVACY","","","","","","","","","","","ce2021070511001.dnssw.net","dns4.swhosting.com","","","OK","","",""
"3","delfinacaride.com","2021-07-08 16:47:40","2021-07-05","2021-07-05","2022-07-05","1407","SW Hosting & Communications Technologies SL dba Serveisweb","whois.serveisweb.com","http://www.serveisweb.com","REDACTED FOR PRIVACY","REDACTED FOR PRIVACY","REDACTED FOR PRIVACY","REDACTED FOR PRIVACY","Barcelona","REDACTED FOR PRIVACY","Spain","vnds-dc060@swregistrar.com","REDACTED FOR PRIVACY","REDACTED FOR PRIVACY","REDACTED FOR PRIVACY","REDACTED FOR PRIVACY","REDACTED FOR PRIVACY","REDACTED FOR PRIVACY","REDACTED FOR PRIVACY","REDACTED FOR PRIVACY","REDACTED FOR PRIVACY","vnds-ef026@swregistrar.com","REDACTED FOR PRIVACY","REDACTED FOR PRIVACY","REDACTED FOR PRIVACY","REDACTED FOR PRIVACY","REDACTED FOR PRIVACY","REDACTED FOR PRIVACY","REDACTED FOR PRIVACY","REDACTED FOR PRIVACY","REDACTED FOR PRIVACY","vnds-ef026@swregistrar.com","REDACTED FOR PRIVACY","REDACTED FOR PRIVACY","","","","","","","","","","","ce2021070511001.dnssw.net","dns4.swhosting.com","","","OK","","",""
"4","juangverdu.com","2021-07-08 16:31:21","2021-07-05","2021-07-05","2022-07-05","1407","SW Hosting & Communications Technologies SL dba Serveisweb","whois.serveisweb.com","http://www.serveisweb.com","REDACTED FOR PRIVACY","REDACTED FOR PRIVACY","REDACTED FOR PRIVACY","REDACTED FOR PRIVACY","Almer?a","REDACTED FOR PRIVACY","Spain","vnds-jv108@swregistrar.com","REDACTED FOR PRIVACY","REDACTED FOR PRIVACY","REDACTED FOR PRIVACY","REDACTED FOR PRIVACY","REDACTED FOR PRIVACY","REDACTED FOR PRIVACY","REDACTED FOR PRIVACY","REDACTED FOR PRIVACY","REDACTED FOR PRIVACY","vnds-ef026@swregistrar.com","REDACTED FOR PRIVACY","REDACTED FOR PRIVACY","REDACTED FOR PRIVACY","REDACTED FOR PRIVACY","REDACTED FOR PRIVACY","REDACTED FOR PRIVACY","REDACTED FOR PRIVACY","REDACTED FOR PRIVACY","REDACTED FOR PRIVACY","vnds-ef026@swregistrar.com","REDACTED FOR PRIVACY","REDACTED FOR PRIVACY","","","","","","","","","","","ce2021070511001.dnssw.net","dns4.swhosting.com","","","OK","","",""
"5","marguivaldes.com","2021-07-08 17:15:32","2021-07-05","2021-07-05","2022-07-05","1407","SW Hosting & Communications Technologies SL dba Serveisweb","whois.serveisweb.com","http://www.serveisweb.com","REDACTED FOR PRIVACY","REDACTED FOR PRIVACY","REDACTED FOR PRIVACY","REDACTED FOR PRIVACY","Asturias","REDACTED FOR PRIVACY","Spain","vnds-mv048@swregistrar.com","REDACTED FOR PRIVACY","REDACTED FOR PRIVACY","REDACTED FOR PRIVACY","REDACTED FOR PRIVACY","REDACTED FOR PRIVACY","REDACTED FOR PRIVACY","REDACTED FOR PRIVACY","REDACTED FOR PRIVACY","REDACTED FOR PRIVACY","vnds-ef026@swregistrar.com","REDACTED FOR PRIVACY","REDACTED FOR PRIVACY","REDACTED FOR PRIVACY","REDACTED FOR PRIVACY","REDACTED FOR PRIVACY","REDACTED FOR PRIVACY","REDACTED FOR PRIVACY","REDACTED FOR PRIVACY","REDACTED FOR PRIVACY","vnds-ef026@swregistrar.com","REDACTED FOR PRIVACY","REDACTED FOR PRIVACY","","","","","","","","","","","ce2021070511001.dnssw.net","dns4.swhosting.com","","","OK","","",""
"6","mario-valdes.com","2021-07-08 16:23:11","2021-07-05","2021-07-05","2022-07-05","1407","SW Hosting & Communications Technologies SL dba Serveisweb","whois.serveisweb.com","http://www.serveisweb.com","REDACTED FOR PRIVACY","REDACTED FOR PRIVACY","REDACTED FOR PRIVACY","REDACTED FOR PRIVACY","Asturias","REDACTED FOR PRIVACY","Spain","vnds-mr091@swregistrar.com","REDACTED FOR PRIVACY","REDACTED FOR PRIVACY","REDACTED FOR PRIVACY","REDACTED FOR PRIVACY","REDACTED FOR PRIVACY","REDACTED FOR PRIVACY","REDACTED FOR PRIVACY","REDACTED FOR PRIVACY","REDACTED FOR PRIVACY","vnds-ef026@swregistrar.com","REDACTED FOR PRIVACY","REDACTED FOR PRIVACY","REDACTED FOR PRIVACY","REDACTED FOR PRIVACY","REDACTED FOR PRIVACY","REDACTED FOR PRIVACY","REDACTED FOR PRIVACY","REDACTED FOR PRIVACY","REDACTED FOR PRIVACY","vnds-ef026@swregistrar.com","REDACTED FOR PRIVACY","REDACTED FOR PRIVACY","","","","","","","","","","","ce2021070511001.dnssw.net","dns4.swhosting.com","","","OK","","",""
"7","nathalieaviles.com","2021-07-08 16:18:22","2021-07-05","2021-07-05","2022-07-05","1407","SW Hosting & Communications Technologies SL dba Serveisweb","whois.serveisweb.com","http://www.serveisweb.com","REDACTED FOR PRIVACY","REDACTED FOR PRIVACY","REDACTED FOR PRIVACY","REDACTED FOR PRIVACY","Santiago","REDACTED FOR PRIVACY","Chile","vnds-na020@swregistrar.com","REDACTED FOR PRIVACY","REDACTED FOR PRIVACY","REDACTED FOR PRIVACY","REDACTED FOR PRIVACY","REDACTED FOR PRIVACY","REDACTED FOR PRIVACY","REDACTED FOR PRIVACY","REDACTED FOR PRIVACY","REDACTED FOR PRIVACY","vnds-ef026@swregistrar.com","REDACTED FOR PRIVACY","REDACTED FOR PRIVACY","REDACTED FOR PRIVACY","REDACTED FOR PRIVACY","REDACTED FOR PRIVACY","REDACTED FOR PRIVACY","REDACTED FOR PRIVACY","REDACTED FOR PRIVACY","REDACTED FOR PRIVACY","vnds-ef026@swregistrar.com","REDACTED FOR PRIVACY","REDACTED FOR PRIVACY","","","","","","","","","","","ce2021070511001.dnssw.net","dns4.swhosting.com","","","OK","","",""
"8","teresaoviedo.com","2021-07-08 14:45:40","2021-07-05","2021-07-05","2022-07-05","1407","SW Hosting & Communications Technologies SL dba Serveisweb","whois.serveisweb.com","http://www.serveisweb.com","REDACTED FOR PRIVACY","REDACTED FOR PRIVACY","REDACTED FOR PRIVACY","REDACTED FOR PRIVACY","Asturias","REDACTED FOR PRIVACY","Spain","vnds-tf002@swregistrar.com","REDACTED FOR PRIVACY","REDACTED FOR PRIVACY","REDACTED FOR PRIVACY","REDACTED FOR PRIVACY","REDACTED FOR PRIVACY","REDACTED FOR PRIVACY","REDACTED FOR PRIVACY","REDACTED FOR PRIVACY","REDACTED FOR PRIVACY","vnds-ef026@swregistrar.com","REDACTED FOR PRIVACY","REDACTED FOR PRIVACY","REDACTED FOR PRIVACY","REDACTED FOR PRIVACY","REDACTED FOR PRIVACY","REDACTED FOR PRIVACY","REDACTED FOR PRIVACY","REDACTED FOR PRIVACY","REDACTED FOR PRIVACY","vnds-ef026@swregistrar.com","REDACTED FOR PRIVACY","REDACTED FOR PRIVACY","","","","","","","","","","","ce2021070511001.dnssw.net","dns4.swhosting.com","","","OK","","",""
"9","toldosfrau.com","2021-07-08 16:01:20","2021-07-05","2021-07-05","2022-07-05","1407","SW Hosting & Communications Technologies SL dba Serveisweb","whois.serveisweb.com","http://www.serveisweb.com","REDACTED FOR PRIVACY","REDACTED FOR PRIVACY","REDACTED FOR PRIVACY","REDACTED FOR PRIVACY","Illes Balears","REDACTED FOR PRIVACY","Cote D Ivoire","vnds-ma184@swregistrar.com","REDACTED FOR PRIVACY","REDACTED FOR PRIVACY","REDACTED FOR PRIVACY","REDACTED FOR PRIVACY","REDACTED FOR PRIVACY","REDACTED FOR PRIVACY","REDACTED FOR PRIVACY","REDACTED FOR PRIVACY","REDACTED FOR PRIVACY","vnds-ma184@swregistrar.com","REDACTED FOR PRIVACY","REDACTED FOR PRIVACY","REDACTED FOR PRIVACY","REDACTED FOR PRIVACY","REDACTED FOR PRIVACY","REDACTED FOR PRIVACY","REDACTED FOR PRIVACY","REDACTED FOR PRIVACY","REDACTED FOR PRIVACY","vnds-ma184@swregistrar.com","REDACTED FOR PRIVACY","REDACTED FOR PRIVACY","","","","","","","","","","","dns1.swregistrar.com","dns2.swregistrar.com","","","OK","","",""
"10","vivianapereyra.com","2021-07-08 15:57:36","2021-07-05","2021-07-06","2022-07-05","1407","SW Hosting & Communications Technologies SL dba Serveisweb","whois.serveisweb.com","http://www.serveisweb.com","REDACTED FOR PRIVACY","REDACTED FOR PRIVACY","REDACTED FOR PRIVACY","REDACTED FOR PRIVACY","Lima","REDACTED FOR PRIVACY","Peru","vnds-vi003@swregistrar.com","REDACTED FOR PRIVACY","REDACTED FOR PRIVACY","REDACTED FOR PRIVACY","REDACTED FOR PRIVACY","REDACTED FOR PRIVACY","REDACTED FOR PRIVACY","REDACTED FOR PRIVACY","REDACTED FOR PRIVACY","REDACTED FOR PRIVACY","vnds-ef026@swregistrar.com","REDACTED FOR PRIVACY","REDACTED FOR PRIVACY","REDACTED FOR PRIVACY","REDACTED FOR PRIVACY","REDACTED FOR PRIVACY","REDACTED FOR PRIVACY","REDACTED FOR PRIVACY","REDACTED FOR PRIVACY","REDACTED FOR PRIVACY","vnds-ef026@swregistrar.com","REDACTED FOR PRIVACY","REDACTED FOR PRIVACY","","","","","","","","","","","ce2021070511001.dnssw.net","dns4.swhosting.com","","","OK","","",""
"11","vulnerarte.com","2021-07-08 15:57:12","2021-07-05","2021-07-05","2022-07-05","1407","SW Hosting & Communications Technologies SL dba Serveisweb","whois.serveisweb.com","http://www.serveisweb.com","REDACTED FOR PRIVACY","REDACTED FOR PRIVACY","REDACTED FOR PRIVACY","REDACTED FOR PRIVACY","Cochabamba","REDACTED FOR PRIVACY","Bolivia","vnds-ai030@swregistrar.com","REDACTED FOR PRIVACY","REDACTED FOR PRIVACY","REDACTED FOR PRIVACY","REDACTED FOR PRIVACY","REDACTED FOR PRIVACY","REDACTED FOR PRIVACY","REDACTED FOR PRIVACY","REDACTED FOR PRIVACY","REDACTED FOR PRIVACY","vnds-ef026@swregistrar.com","REDACTED FOR PRIVACY","REDACTED FOR PRIVACY","REDACTED FOR PRIVACY","REDACTED FOR PRIVACY","REDACTED FOR PRIVACY","REDACTED FOR PRIVACY","REDACTED FOR PRIVACY","REDACTED FOR PRIVACY","REDACTED FOR PRIVACY","vnds-ef026@swregistrar.com","REDACTED FOR PRIVACY","REDACTED FOR PRIVACY","","","","","","","","","","","ce2021070511001.dnssw.net","dns4.swhosting.com","","","OK","","",""