"num","domain_name","query_time","create_date","update_date","expiry_date","domain_registrar_id","domain_registrar_name","domain_registrar_whois","domain_registrar_url","registrant_name","registrant_company","registrant_address","registrant_city","registrant_state","registrant_zip","registrant_country","registrant_email","registrant_phone","registrant_fax","administrative_name","administrative_company","administrative_address","administrative_city","administrative_state","administrative_zip","administrative_country","administrative_email","administrative_phone","administrative_fax","technical_name","technical_company","technical_address","technical_city","technical_state","technical_zip","technical_country","technical_email","technical_phone","technical_fax","billing_name","billing_company","billing_address","billing_city","billing_state","billing_zip","billing_country","billing_email","billing_phone","billing_fax","name_server_1","name_server_2","name_server_3","name_server_4","domain_status_1","domain_status_2","domain_status_3","domain_status_4"
"1","a3n.net","2021-07-08 14:47:02","2021-07-04","2021-07-07","2022-07-04","2896","Touchdown Domains LLC","whois.touchdowndomainsllc.com","http://www.networksolutions.com","lin hao huang","huang lin hao","dong cheng qu, dong cheng qu, 138 hao","bei jing shi","bei jing","100000","China","huanlive@qq.com","+86.138","+86.138","lin hao huang","huang lin hao","dong cheng qu, dong cheng qu, 138 hao","bei jing shi","bei jing","100000","China","huanlive@qq.com","+86.138","+86.138","lin hao huang","huang lin hao","dong cheng qu, dong cheng qu, 138 hao","bei jing shi","bei jing","100000","China","huanlive@qq.com","+86.138","+86.138","","","","","","","","","","","jm1.alidns.com","jm2.alidns.com","","","OK","","",""
"2","groupon-newsletter.com","2021-07-08 14:31:11","2021-07-05","2021-07-05","2022-07-05","2896","Touchdown Domains LLC","whois.touchdowndomainsllc.com","http://www.networksolutions.com","New Ventures Services, Corp","New Ventures Services, Corp","PO BOX 459 Drums","Drums","PA","18222","United States","admin@newvcorp.com","+1.8558971723","","New Ventures Services, Corp","New Ventures Services, Corp","PO BOX 459 Drums","Drums","PA","18222","United States","admin@newvcorp.com","+1.8558971723","","New Ventures Services, Corp","New Ventures Services, Corp","PO BOX 459 Drums","Drums","PA","18222","United States","admin@newvcorp.com","+1.8558971723","","","","","","","","","","","","ns1626.ztomy.com","ns2626.ztomy.com","","","OK","","",""
"3","intljcm.com","2021-07-08 18:28:44","2021-07-05","2021-07-08","2022-07-05","2896","Touchdown Domains LLC","whois.touchdowndomainsllc.com","http://www.networksolutions.com","yanjiang chen","chenyanjiang","suiyangqu,jinedefa,sheng544","shangqiushi","henan","476000","China","1584634651@qq.com","+86.03703202114","+86.03703202114","yanjiang chen","chenyanjiang","suiyangqu,jinedefa,sheng544","shangqiushi","henan","476000","China","1584634651@qq.com","+86.03703202114","+86.03703202114","yanjiang chen","chenyanjiang","suiyangqu,jinedefa,sheng544","shangqiushi","henan","476000","China","1584634651@qq.com","+86.03703202114","+86.03703202114","","","","","","","","","","","jm1.dns.com","jm2.dns.com","","","OK","","",""
"4","lachest.com","2021-07-08 17:46:10","2021-07-05","2021-07-05","2022-07-05","2896","Touchdown Domains LLC","whois.touchdowndomainsllc.com","http://www.networksolutions.com","PERFECT PRIVACY, LLC","","5335 Gate Parkway","Jacksonville","FL","32256","United States","an8rpbijs0ij8a004ic8n3d9dc@domaindiscreet.com","+1.9027492701","","PERFECT PRIVACY, LLC","","5335 Gate Parkway","Jacksonville","FL","32256","United States","an8rpbijs0ij8a004ic8n3d9dc@domaindiscreet.com","+1.9027492701","","PERFECT PRIVACY, LLC","","5335 Gate Parkway","Jacksonville","FL","32256","United States","an8rpbijs0ij8a004ic8n3d9dc@domaindiscreet.com","+1.9027492701","","","","","","","","","","","","ns15.above.com","ns16.above.com","","","OK","","",""
"5","legallygetfree.com","2021-07-08 17:26:09","2021-07-05","2021-07-05","2022-07-05","2896","Touchdown Domains LLC","whois.touchdowndomainsllc.com","http://www.networksolutions.com","New Ventures Services, Corp","New Ventures Services, Corp","PO BOX 459 Drums","Drums","PA","18222","United States","admin@newvcorp.com","+1.8558971723","","New Ventures Services, Corp","New Ventures Services, Corp","PO BOX 459 Drums","Drums","PA","18222","United States","admin@newvcorp.com","+1.8558971723","","New Ventures Services, Corp","New Ventures Services, Corp","PO BOX 459 Drums","Drums","PA","18222","United States","admin@newvcorp.com","+1.8558971723","","","","","","","","","","","","ns1626.ztomy.com","ns2626.ztomy.com","","","OK","","",""
"6","pd8.net","2021-07-08 14:46:37","2021-07-04","2021-07-05","2022-07-04","2896","Touchdown Domains LLC","whois.touchdowndomainsllc.com","http://www.networksolutions.com","dai qinghua","","xiachengquwulinguangchangkexiedalou","hangzhoushi","","310000","China","qianbaidu@vip.qq.com","+86.18805717266","","dai qinghua","","xiachengquwulinguangchangkexiedalou","hangzhoushi","","310000","China","qianbaidu@vip.qq.com","+86.18805717266","","dai qinghua","","xiachengquwulinguangchangkexiedalou","hangzhoushi","","310000","China","qianbaidu@vip.qq.com","+86.18805717266","","","","","","","","","","","","ns3.dns.com","ns4.dns.com","","","OK","","",""
"7","techiee9.com","2021-07-08 18:29:41","2021-07-05","2021-07-05","2022-07-05","2896","Touchdown Domains LLC","whois.touchdowndomainsllc.com","http://www.networksolutions.com","New Ventures Services, Corp","New Ventures Services, Corp","PO BOX 459 Drums","Drums","PA","18222","United States","admin@newvcorp.com","+1.8558971723","","New Ventures Services, Corp","New Ventures Services, Corp","PO BOX 459 Drums","Drums","PA","18222","United States","admin@newvcorp.com","+1.8558971723","","New Ventures Services, Corp","New Ventures Services, Corp","PO BOX 459 Drums","Drums","PA","18222","United States","admin@newvcorp.com","+1.8558971723","","","","","","","","","","","","ns1626.ztomy.com","ns2626.ztomy.com","","","OK","","",""
"8","websolutionzone.com","2021-07-08 14:27:37","2021-07-05","2021-07-05","2022-07-05","2896","Touchdown Domains LLC","whois.touchdowndomainsllc.com","http://www.networksolutions.com","PERFECT PRIVACY, LLC","","5335 Gate Parkway","Jacksonville","FL","32256","United States","an8rpbijs0ij8a004ic8n3d9dc@domaindiscreet.com","+1.9027492701","","PERFECT PRIVACY, LLC","","5335 Gate Parkway","Jacksonville","FL","32256","United States","an8rpbijs0ij8a004ic8n3d9dc@domaindiscreet.com","+1.9027492701","","PERFECT PRIVACY, LLC","","5335 Gate Parkway","Jacksonville","FL","32256","United States","an8rpbijs0ij8a004ic8n3d9dc@domaindiscreet.com","+1.9027492701","","","","","","","","","","","","ns15.above.com","ns16.above.com","","","OK","","",""
"9","wolf-web.com","2021-07-08 18:07:00","2021-07-05","2021-07-05","2022-07-05","2896","Touchdown Domains LLC","whois.touchdowndomainsllc.com","http://www.networksolutions.com","New Ventures Services, Corp","New Ventures Services, Corp","PO BOX 459 Drums","Drums","PA","18222","United States","admin@newvcorp.com","+1.8558971723","","New Ventures Services, Corp","New Ventures Services, Corp","PO BOX 459 Drums","Drums","PA","18222","United States","admin@newvcorp.com","+1.8558971723","","New Ventures Services, Corp","New Ventures Services, Corp","PO BOX 459 Drums","Drums","PA","18222","United States","admin@newvcorp.com","+1.8558971723","","","","","","","","","","","","ns1626.ztomy.com","ns2626.ztomy.com","","","OK","","",""