"num","domain_name","query_time","create_date","update_date","expiry_date","domain_registrar_id","domain_registrar_name","domain_registrar_whois","domain_registrar_url","registrant_name","registrant_company","registrant_address","registrant_city","registrant_state","registrant_zip","registrant_country","registrant_email","registrant_phone","registrant_fax","administrative_name","administrative_company","administrative_address","administrative_city","administrative_state","administrative_zip","administrative_country","administrative_email","administrative_phone","administrative_fax","technical_name","technical_company","technical_address","technical_city","technical_state","technical_zip","technical_country","technical_email","technical_phone","technical_fax","billing_name","billing_company","billing_address","billing_city","billing_state","billing_zip","billing_country","billing_email","billing_phone","billing_fax","name_server_1","name_server_2","name_server_3","name_server_4","domain_status_1","domain_status_2","domain_status_3","domain_status_4"
"1","akit.site","2021-07-08 15:11:49","2021-07-05","","2022-07-05","1749","Upperlink Limited","whois.upperlink.ng","http://domains.upperlink.ng","Steadfast Tech Limited","Steadfast Tech Limited","","","Kano","","Nigeria","","","","","","","","","","","","","","","","","","","","","","","","","","","","","","","","","","ns11.garanntor.net","ns12.garanntor.net","","","addPeriod","serverTransferProhibited","",""
"2","amopenaturals.com","2021-07-08 16:59:31","2021-07-05","2021-07-05","2022-07-05","1749","Upperlink Limited","whois.upperlink.ng","http://domains.upperlink.ng","Olusegun  Orimolade","","23 road, J close, House 6 festac","Amuwo","Lagos","100001","Nigeria","eaglesair2001@yahoo.com","+234.08027573268","","Olusegun  Orimolade","","23 road, J close, House 6 festac","Amuwo","Lagos","100001","Nigeria","eaglesair2001@yahoo.com","+234.08027573268","","Olusegun  Orimolade","","23 road, J close, House 6 festac","Amuwo","Lagos","100001","Nigeria","eaglesair2001@yahoo.com","+234.08027573268","","","","","","","","","","","","ns1.surfweb.com.ng","ns2.surfweb.com.ng","","","clientTransferProhibited","","",""
"3","apotheken24de.com","2021-07-08 16:58:46","2021-07-05","2021-07-05","2022-07-05","1749","Upperlink Limited","whois.upperlink.ng","http://domains.upperlink.ng","Domain Admin","Privacy Protect, LLC (PrivacyProtect.org)","10 Corporate Drive","Burlington","MA","01803","United States","contact@privacyprotect.org","+1.8022274003","","Domain Admin","Privacy Protect, LLC (PrivacyProtect.org)","10 Corporate Drive","Burlington","MA","01803","United States","contact@privacyprotect.org","+1.8022274003","","Domain Admin","Privacy Protect, LLC (PrivacyProtect.org)","10 Corporate Drive","Burlington","MA","01803","United States","contact@privacyprotect.org","+1.8022274003","","","","","","","","","","","","adelaide.ns.cloudflare.com","ned.ns.cloudflare.com","","","clientTransferProhibited","","",""
"4","fortehaven.com","2021-07-08 16:39:28","2021-07-05","2021-07-05","2022-07-05","1749","Upperlink Limited","whois.upperlink.ng","http://domains.upperlink.ng","Chidi Onwuchekwa","Noetico.IT","57, 62 Road, 6th Avenue, Gwarinpa, Abuja","Abuja","FCT","900001","Nigeria","zkentz@live.com","+234.8038062550","","Chidi Onwuchekwa","Noetico.IT","57, 62 Road, 6th Avenue, Gwarinpa, Abuja","Abuja","FCT","900001","Nigeria","zkentz@live.com","+234.8038062550","","Chidi Onwuchekwa","Noetico.IT","57, 62 Road, 6th Avenue, Gwarinpa, Abuja","Abuja","FCT","900001","Nigeria","zkentz@live.com","+234.8038062550","","","","","","","","","","","","ns1.upperserver29.com","ns2.upperserver29.com","","","clientTransferProhibited","","",""
"5","mtoplinks.com","2021-07-08 16:19:18","2021-07-05","2021-07-05","2022-07-05","1749","Upperlink Limited","whois.upperlink.ng","http://domains.upperlink.ng","Domain Admin","Privacy Protect, LLC (PrivacyProtect.org)","10 Corporate Drive","Burlington","MA","01803","United States","contact@privacyprotect.org","+1.8022274003","","Domain Admin","Privacy Protect, LLC (PrivacyProtect.org)","10 Corporate Drive","Burlington","MA","01803","United States","contact@privacyprotect.org","+1.8022274003","","Domain Admin","Privacy Protect, LLC (PrivacyProtect.org)","10 Corporate Drive","Burlington","MA","01803","United States","contact@privacyprotect.org","+1.8022274003","","","","","","","","","","","","ns1.upperserver29.com","ns2.upperserver29.com","","","clientTransferProhibited","","",""
"6","proflamedel.com","2021-07-08 16:13:56","2021-07-05","2021-07-05","2022-07-05","1749","Upperlink Limited","whois.upperlink.ng","http://domains.upperlink.ng","Henry Demola","","No. 9 Alhaja Agbeke street ,Ago Palace Way Okota","Isolo","Lagos State","110001","Nigeria","henrydemola72@yahoo.com","+234.8103025442","","Henry Demola","","No. 9 Alhaja Agbeke street ,Ago Palace Way Okota","Isolo","Lagos State","110001","Nigeria","henrydemola72@yahoo.com","+234.8103025442","","Henry Demola","","No. 9 Alhaja Agbeke street ,Ago Palace Way Okota","Isolo","Lagos State","110001","Nigeria","henrydemola72@yahoo.com","+234.8103025442","","","","","","","","","","","","ns1.upperserver5.com","ns2.upperserver5.com","","","clientTransferProhibited","","",""