"num","domain_name","query_time","create_date","update_date","expiry_date","domain_registrar_id","domain_registrar_name","domain_registrar_whois","domain_registrar_url","registrant_name","registrant_company","registrant_address","registrant_city","registrant_state","registrant_zip","registrant_country","registrant_email","registrant_phone","registrant_fax","administrative_name","administrative_company","administrative_address","administrative_city","administrative_state","administrative_zip","administrative_country","administrative_email","administrative_phone","administrative_fax","technical_name","technical_company","technical_address","technical_city","technical_state","technical_zip","technical_country","technical_email","technical_phone","technical_fax","billing_name","billing_company","billing_address","billing_city","billing_state","billing_zip","billing_country","billing_email","billing_phone","billing_fax","name_server_1","name_server_2","name_server_3","name_server_4","domain_status_1","domain_status_2","domain_status_3","domain_status_4"
"1","365boi-cancel-new-payment.com","2021-07-08 01:44:23","2021-07-01","2021-07-05","2022-07-01","1636","Hostinger, UAB","whois.hostinger.com","http://www.hostinger.com","Doughbreaad dough","","111N DKKD","cpital","Berat","4430","Albania","risecit419@nnacell.com","+355.3403693809","","Doughbreaad dough","","111N DKKD","cpital","Berat","4430","Albania","risecit419@nnacell.com","+355.3403693809","","Doughbreaad dough","","111N DKKD","cpital","Berat","4430","Albania","risecit419@nnacell.com","+355.3403693809","","","","","","","","","","","","ns1.dns-parking.com","ns2.dns-parking.com","","","clientDeleteProhibited","clientHold","clientTransferProhibited","clientUpdateProhibited"
"2","dogzrul.com","2021-07-08 01:34:06","2021-07-01","2021-07-01","2022-07-01","1636","Hostinger, UAB","whois.hostinger.com","http://www.hostinger.com","dog rul","","asd da 65","kagtg","Diber","6584","Albania","dogulsdo87gas86@mail.com","+355.698412566","","dog rul","","asd da 65","kagtg","Diber","6584","Albania","dogulsdo87gas86@mail.com","+355.698412566","","dog rul","","asd da 65","kagtg","Diber","6584","Albania","dogulsdo87gas86@mail.com","+355.698412566","","","","","","","","","","","","ns1.dns-parking.com","ns2.dns-parking.com","","","clientTransferProhibited","","",""
"3","ekspulszone.com","2021-07-08 16:44:04","2021-07-05","2021-07-05","2022-07-05","625","Name.com, Inc.","whois.name.com","http://www.name.com","Idlir Tivari","Mozzarella Italia","Via, G.Fanelli, 206/41","Bari","Italy","70125","Albania","","Non-Public Data","","Idlir Tivari","Mozzarella Italia","Via, G.Fanelli, 206/41","Bari","Italy","70125","Albania","","Non-Public Data","","Idlir Tivari","Mozzarella Italia","Via, G.Fanelli, 206/41","Bari","Italy","70125","Albania","","Non-Public Data","","","","","","","","","","","","ns1kpv.name.com","ns2glx.name.com","ns3ghw.name.com","ns4htz.name.com","addPeriod","clientTransferProhibited","",""
"4","essentishop.com","2021-07-08 16:42:30","2021-07-05","2021-07-08","2022-07-05","440","Wild West Domains, LLC","whois.wildwestdomains.com","http://www.wildwestdomains.com","essenti","essenti","","","Tirane","","Albania","","","","","","","","","","","","","","","","","","","","","","","","","","","","","","","","","","ns59.domaincontrol.com","ns60.domaincontrol.com","","","clientDeleteProhibited","clientRenewProhibited","clientTransferProhibited","clientUpdateProhibited"
"5","hcyo.site","2021-07-08 15:11:22","2021-07-05","2021-07-05","2022-07-05","146","GoDaddy.com, LLC","whois.godaddy.com","http://registrar.godaddy.com","","","","","arnavutluk","","Albania","","","","","","","","","","","","","","","","","","","","","","","","","","","","","","","","","","keenan.ns.cloudflare.com","melinda.ns.cloudflare.com","","","addPeriod","clientDeleteProhibited","clientRenewProhibited","clientTransferProhibited"
"6","huntnft.net","2021-07-08 15:31:03","2021-07-04","2021-07-04","2022-07-04","146","GoDaddy.com, LLC","whois.godaddy.com","http://registrar.godaddy.com","","","","","123123","","Albania","","","","","","","","","","","","","","","","","","","","","","","","","","","","","","","","","","ns17.domaincontrol.com","ns18.domaincontrol.com","","","clientDeleteProhibited","clientRenewProhibited","clientTransferProhibited","clientUpdateProhibited"
"7","natyralsex.com","2021-07-08 16:18:16","2021-07-05","2021-07-05","2022-07-05","146","GoDaddy.com, LLC","whois.godaddy.com","http://registrar.godaddy.com","","","","","Albania","","Albania","","","","","","","","","","","","","","","","","","","","","","","","","","","","","","","","","","ns35.domaincontrol.com","ns36.domaincontrol.com","","","clientDeleteProhibited","clientRenewProhibited","clientTransferProhibited","clientUpdateProhibited"
"8","nextstep.host","2021-07-08 15:45:37","2021-07-05","","2022-07-05","303","PDR Ltd. d/b/a PublicDomainRegistry.com","whois.publicdomainregistry.com","http://www.publicdomainregistry.com","None","None","","","KO","","Albania","","","","","","","","","","","","","","","","","","","","","","","","","","","","","","","","","","wns2175.hostgator.com","wns2176.hostgator.com","","","addPeriod","clientTransferProhibited","serverTransferProhibited",""
"9","risedoge.space","2021-07-08 15:09:54","2021-07-05","","2022-07-05","1636","Hostinger, UAB","whois.hostinger.com","http://www.hostinger.com","Not Applicable","Not Applicable","","","Fier","","Albania","","","","","","","","","","","","","","","","","","","","","","","","","","","","","","","","","","ns1.dns-parking.com","ns2.dns-parking.com","","","addPeriod","clientTransferProhibited","serverTransferProhibited",""
"10","trapiantocapellitirana.com","2021-07-08 17:43:27","2021-07-05","2021-07-05","2024-07-05","303","PDR Ltd. d/b/a PublicDomainRegistry.com","whois.publicdomainregistry.com","http://www.publicdomainregistry.com","grean luzi","","rruga ismail qemali rruga brigada 8","tirane","shqiperi","1001","Albania","laserway1@gmail.com","+355.682081816","","grean luzi","","rruga ismail qemali rruga brigada 8","tirane","shqiperi","1001","Albania","laserway1@gmail.com","+355.682081816","","grean luzi","","rruga ismail qemali rruga brigada 8","tirane","shqiperi","1001","Albania","laserway1@gmail.com","+355.682081816","","","","","","","","","","","","ns1.cloudydns.com","ns2.cloudydns.com","ns3.cloudydns.com","","clientTransferProhibited","","",""
"11","zirafa50.com","2021-07-08 15:49:41","2021-07-05","2021-07-05","2022-07-05","303","PDR Ltd. d/b/a PublicDomainRegistry.com","whois.publicdomainregistry.com","http://www.publicdomainregistry.com","Diogjen Elshani","Gjirafa, Inc.","Rr Ahmet Krasniqi nr 1","Prishtine","Kosove","1000","Albania","diogjen@gjirafa.com","+355.45649012","","Diogjen Elshani","Gjirafa, Inc.","Rr Ahmet Krasniqi nr 1","Prishtine","Kosove","1000","Albania","diogjen@gjirafa.com","+355.45649012","","Diogjen Elshani","Gjirafa, Inc.","Rr Ahmet Krasniqi nr 1","Prishtine","Kosove","1000","Albania","diogjen@gjirafa.com","+355.45649012","","","","","","","","","","","","ns1.cloudydns.com","ns2.cloudydns.com","ns3.cloudydns.com","","clientTransferProhibited","","",""