"num","domain_name","query_time","create_date","update_date","expiry_date","domain_registrar_id","domain_registrar_name","domain_registrar_whois","domain_registrar_url","registrant_name","registrant_company","registrant_address","registrant_city","registrant_state","registrant_zip","registrant_country","registrant_email","registrant_phone","registrant_fax","administrative_name","administrative_company","administrative_address","administrative_city","administrative_state","administrative_zip","administrative_country","administrative_email","administrative_phone","administrative_fax","technical_name","technical_company","technical_address","technical_city","technical_state","technical_zip","technical_country","technical_email","technical_phone","technical_fax","billing_name","billing_company","billing_address","billing_city","billing_state","billing_zip","billing_country","billing_email","billing_phone","billing_fax","name_server_1","name_server_2","name_server_3","name_server_4","domain_status_1","domain_status_2","domain_status_3","domain_status_4"
"1","21daymeditation.host","2021-07-08 15:45:39","2021-07-05","2021-07-05","2022-07-05","1636","Hostinger, UAB","whois.hostinger.com","http://www.hostinger.com","Not Applicable","Not Applicable","","","Bouira","","Algeria","","","","","","","","","","","","","","","","","","","","","","","","","","","","","","","","","","ns1.dns-parking.com","ns2.dns-parking.com","","","addPeriod","clientTransferProhibited","serverTransferProhibited",""
"2","armoiremagique.com","2021-07-08 18:44:33","2021-07-05","2021-07-05","2022-07-05","2487","Internet Domain Services BS Corp","whois.publicinterestregistry.net","http://www.internetbs.net","Not disclosed Not disclosed","algeria","30 acc mea","algeria","algeria","31000","Algeria","a62e5ba6c6f751abae0886a8d7044c3a.gdrp@customers.whoisprivacycorp.com","+213.552812260","","Not disclosed Not disclosed","algeria","30 acc mea","algeria","algeria","31000","Algeria","a62e5ba6c6f751abae0886a8d7044c3a.gdrp@customers.whoisprivacycorp.com","+213.552812260","","Not disclosed Not disclosed","algeria","30 acc mea","algeria","algeria","31000","Algeria","a62e5ba6c6f751abae0886a8d7044c3a.gdrp@customers.whoisprivacycorp.com","+213.552812260","","","","","","","","","","","","ns95.namehero.net","ns96.namehero.net","","","OK","","",""
"3","bforelites.com","2021-07-08 14:35:45","2021-07-05","2021-07-05","2022-07-05","433","OVH sas","whois.ovh.com","http://www.ovh.com","REDACTED FOR PRIVACY","","REDACTED FOR PRIVACY","REDACTED FOR PRIVACY","","REDACTED FOR PRIVACY","Algeria","","REDACTED FOR PRIVACY","REDACTED FOR PRIVACY","REDACTED FOR PRIVACY","REDACTED FOR PRIVACY","REDACTED FOR PRIVACY","REDACTED FOR PRIVACY","REDACTED FOR PRIVACY","REDACTED FOR PRIVACY","REDACTED FOR PRIVACY","","REDACTED FOR PRIVACY","REDACTED FOR PRIVACY","REDACTED FOR PRIVACY","REDACTED FOR PRIVACY","REDACTED FOR PRIVACY","REDACTED FOR PRIVACY","REDACTED FOR PRIVACY","REDACTED FOR PRIVACY","REDACTED FOR PRIVACY","","REDACTED FOR PRIVACY","REDACTED FOR PRIVACY","","","","","","","","","","","dns106.ovh.net","ns106.ovh.net","","","clientDeleteProhibited","clientTransferProhibited","",""
"4","businesszonetraining.com","2021-07-08 16:54:47","2021-07-05","2021-07-05","2022-07-05","1647","Hosting Concepts B.V. dba Openprovider","whois.registrar.eu","http://www.openprovider.com","REDACTED FOR PRIVACY","business zone training","REDACTED FOR PRIVACY","REDACTED FOR PRIVACY","Algiers","REDACTED FOR PRIVACY","Algeria","","REDACTED FOR PRIVACY","REDACTED FOR PRIVACY","REDACTED FOR PRIVACY","REDACTED FOR PRIVACY","REDACTED FOR PRIVACY","REDACTED FOR PRIVACY","REDACTED FOR PRIVACY","REDACTED FOR PRIVACY","REDACTED FOR PRIVACY","","REDACTED FOR PRIVACY","REDACTED FOR PRIVACY","REDACTED FOR PRIVACY","REDACTED FOR PRIVACY","REDACTED FOR PRIVACY","REDACTED FOR PRIVACY","REDACTED FOR PRIVACY","REDACTED FOR PRIVACY","REDACTED FOR PRIVACY","","REDACTED FOR PRIVACY","REDACTED FOR PRIVACY","","","","","","","","","","","ns1.dns-parking.com","ns2.dns-parking.com","","","clientTransferProhibited","","",""
"5","conect-id.info","2021-07-08 15:46:21","2021-07-06","2021-07-06","2022-07-06","1606","Limited Liability Company 'Registrar of domain names REG.RU'","whois.reg.ru","http://www.reg.ru","Private Person","Private Person","","","algeria","","Algeria","","","","","","","","","","","","","","","","","","","","","","","","","","","","","","","","","","ns1.reg.ru","ns2.reg.ru","","","addPeriod","clientTransferProhibited","serverTransferProhibited",""
"6","coupon-us-co.com","2021-07-08 16:50:01","2021-07-05","2021-07-05","2022-07-05","1647","Hosting Concepts B.V. dba Openprovider","whois.registrar.eu","http://www.openprovider.com","REDACTED FOR PRIVACY","","REDACTED FOR PRIVACY","REDACTED FOR PRIVACY","Adrar","REDACTED FOR PRIVACY","Algeria","","REDACTED FOR PRIVACY","REDACTED FOR PRIVACY","REDACTED FOR PRIVACY","REDACTED FOR PRIVACY","REDACTED FOR PRIVACY","REDACTED FOR PRIVACY","REDACTED FOR PRIVACY","REDACTED FOR PRIVACY","REDACTED FOR PRIVACY","","REDACTED FOR PRIVACY","REDACTED FOR PRIVACY","REDACTED FOR PRIVACY","REDACTED FOR PRIVACY","REDACTED FOR PRIVACY","REDACTED FOR PRIVACY","REDACTED FOR PRIVACY","REDACTED FOR PRIVACY","REDACTED FOR PRIVACY","","REDACTED FOR PRIVACY","REDACTED FOR PRIVACY","","","","","","","","","","","ns1.dns-parking.com","ns2.dns-parking.com","","","clientTransferProhibited","ok","",""
"7","denititoxpro.website","2021-07-08 14:52:23","2021-07-05","2021-07-06","2022-07-05","303","PDR Ltd. d/b/a PublicDomainRegistry.com","whois.publicdomainregistry.com","http://www.publicdomainregistry.com","health-in-pocket","health-in-pocket","","","01","","Algeria","","","","","","","","","","","","","","","","","","","","","","","","","","","","","","","","","","ns5.l4dns.com","ns6.l4dns.com","","","addPeriod","clientTransferProhibited","serverTransferProhibited",""
"8","dentitoxpro-review.online","2021-07-08 15:27:23","2021-07-05","2021-07-05","2022-07-05","1636","Hostinger, UAB","whois.hostinger.com","http://www.hostinger.com","Not Applicable","Not Applicable","","","Batna","","Algeria","","","","","","","","","","","","","","","","","","","","","","","","","","","","","","","","","","ns1.dns-parking.com","ns2.dns-parking.com","","","addPeriod","clientTransferProhibited","serverTransferProhibited",""
"9","extrajobsfromhome.com","2021-07-08 16:41:58","2021-07-05","2021-07-06","2022-07-05","1647","Hosting Concepts B.V. dba Openprovider","whois.registrar.eu","http://www.openprovider.com","REDACTED FOR PRIVACY","","REDACTED FOR PRIVACY","REDACTED FOR PRIVACY","Jijel","REDACTED FOR PRIVACY","Algeria","","REDACTED FOR PRIVACY","REDACTED FOR PRIVACY","REDACTED FOR PRIVACY","REDACTED FOR PRIVACY","REDACTED FOR PRIVACY","REDACTED FOR PRIVACY","REDACTED FOR PRIVACY","REDACTED FOR PRIVACY","REDACTED FOR PRIVACY","","REDACTED FOR PRIVACY","REDACTED FOR PRIVACY","REDACTED FOR PRIVACY","REDACTED FOR PRIVACY","REDACTED FOR PRIVACY","REDACTED FOR PRIVACY","REDACTED FOR PRIVACY","REDACTED FOR PRIVACY","REDACTED FOR PRIVACY","","REDACTED FOR PRIVACY","REDACTED FOR PRIVACY","","","","","","","","","","","curt.ns.cloudflare.com","delilah.ns.cloudflare.com","","","clientTransferProhibited","","",""
"10","gamers1store.net","2021-07-08 15:31:58","2021-07-04","2021-07-04","2022-07-04","433","OVH sas","whois.ovh.com","http://www.ovh.com","REDACTED FOR PRIVACY","","REDACTED FOR PRIVACY","REDACTED FOR PRIVACY","","REDACTED FOR PRIVACY","Algeria","","REDACTED FOR PRIVACY","REDACTED FOR PRIVACY","REDACTED FOR PRIVACY","REDACTED FOR PRIVACY","REDACTED FOR PRIVACY","REDACTED FOR PRIVACY","REDACTED FOR PRIVACY","REDACTED FOR PRIVACY","REDACTED FOR PRIVACY","","REDACTED FOR PRIVACY","REDACTED FOR PRIVACY","REDACTED FOR PRIVACY","REDACTED FOR PRIVACY","REDACTED FOR PRIVACY","REDACTED FOR PRIVACY","REDACTED FOR PRIVACY","REDACTED FOR PRIVACY","REDACTED FOR PRIVACY","","REDACTED FOR PRIVACY","REDACTED FOR PRIVACY","","","","","","","","","","","dns2-r.dzsecurity.net","mercury-shared.dzsecurity.net","","","clientDeleteProhibited","clientTransferProhibited","",""
"11","healthdepartment.club","2021-07-08 14:15:45","2021-07-05","2021-07-05","2022-07-05","146","GoDaddy.com, LLC","whois.godaddy.com","http://registrar.godaddy.com","REDACTED FOR PRIVACY","","REDACTED FOR PRIVACY REDACTED FOR PRIVACY REDACTED FOR PRIVACY","REDACTED FOR PRIVACY","Skikda","REDACTED FOR PRIVACY","Algeria","","REDACTED FOR PRIVACY","REDACTED FOR PRIVACY","REDACTED FOR PRIVACY","REDACTED FOR PRIVACY","REDACTED FOR PRIVACY REDACTED FOR PRIVACY REDACTED FOR PRIVACY","REDACTED FOR PRIVACY","REDACTED FOR PRIVACY","REDACTED FOR PRIVACY","REDACTED FOR PRIVACY","","REDACTED FOR PRIVACY","REDACTED FOR PRIVACY","REDACTED FOR PRIVACY","REDACTED FOR PRIVACY","REDACTED FOR PRIVACY REDACTED FOR PRIVACY REDACTED FOR PRIVACY","REDACTED FOR PRIVACY","REDACTED FOR PRIVACY","REDACTED FOR PRIVACY","REDACTED FOR PRIVACY","","REDACTED FOR PRIVACY","REDACTED FOR PRIVACY","","","","","","","","","","","ns69.domaincontrol.com","ns70.domaincontrol.com","","","addPeriod","clientDeleteProhibited","clientRenewProhibited","clientTransferProhibited"
"12","icloud-ilocaliser.com","2021-07-08 16:35:15","2021-07-05","2021-07-05","2022-07-05","1606","Limited Liability Company 'Registrar of domain names REG.RU'","whois.reg.ru","http://www.reg.ru","Bobi Houu","AppIe","mazian 58","hidab","Alger","19046","Algeria","houssam.ios19@gmail.com","+213.671191252","+213.671191252","Bobi Houu","AppIe","mazian 58","hidab","Alger","19046","Algeria","houssam.ios19@gmail.com","+213.671191252","+213.671191252","Bobi Houu","AppIe","mazian 58","hidab","Alger","19046","Algeria","houssam.ios19@gmail.com","+213.671191252","+213.671191252","","","","","","","","","","","ns1.hosting.reg.ru","ns2.hosting.reg.ru","","","clientTransferProhibited","","",""
"13","icloud-report.com","2021-07-08 17:31:45","2021-07-05","2021-07-05","2022-07-05","1606","Limited Liability Company 'Registrar of domain names REG.RU'","whois.reg.ru","http://www.reg.ru","Bobi Houu","AppIe","mazian 58","hidab","Alger","19046","Algeria","houssam.ios19@gmail.com","+213.671191252","+213.671191252","Bobi Houu","AppIe","mazian 58","hidab","Alger","19046","Algeria","houssam.ios19@gmail.com","+213.671191252","+213.671191252","Bobi Houu","AppIe","mazian 58","hidab","Alger","19046","Algeria","houssam.ios19@gmail.com","+213.671191252","+213.671191252","","","","","","","","","","","ns1.hosting.reg.ru","ns2.hosting.reg.ru","","","clientTransferProhibited","","",""
"14","inflaim-agency.com","2021-07-08 16:34:18","2021-07-05","2021-07-06","2022-07-05","1647","Hosting Concepts B.V. dba Openprovider","whois.registrar.eu","http://www.openprovider.com","REDACTED FOR PRIVACY","","REDACTED FOR PRIVACY","REDACTED FOR PRIVACY","Blida","REDACTED FOR PRIVACY","Algeria","","REDACTED FOR PRIVACY","REDACTED FOR PRIVACY","REDACTED FOR PRIVACY","REDACTED FOR PRIVACY","REDACTED FOR PRIVACY","REDACTED FOR PRIVACY","REDACTED FOR PRIVACY","REDACTED FOR PRIVACY","REDACTED FOR PRIVACY","","REDACTED FOR PRIVACY","REDACTED FOR PRIVACY","REDACTED FOR PRIVACY","REDACTED FOR PRIVACY","REDACTED FOR PRIVACY","REDACTED FOR PRIVACY","REDACTED FOR PRIVACY","REDACTED FOR PRIVACY","REDACTED FOR PRIVACY","","REDACTED FOR PRIVACY","REDACTED FOR PRIVACY","","","","","","","","","","","ns1.dns-parking.com","ns2.dns-parking.com","","","clientTransferProhibited","","",""
"15","isofim.com","2021-07-08 16:32:58","2021-07-05","2021-07-05","2022-07-05","433","OVH sas","whois.ovh.com","http://www.ovh.com","REDACTED FOR PRIVACY","The Shift","REDACTED FOR PRIVACY","REDACTED FOR PRIVACY","","REDACTED FOR PRIVACY","Algeria","","REDACTED FOR PRIVACY","REDACTED FOR PRIVACY","REDACTED FOR PRIVACY","REDACTED FOR PRIVACY","REDACTED FOR PRIVACY","REDACTED FOR PRIVACY","REDACTED FOR PRIVACY","REDACTED FOR PRIVACY","REDACTED FOR PRIVACY","","REDACTED FOR PRIVACY","REDACTED FOR PRIVACY","REDACTED FOR PRIVACY","REDACTED FOR PRIVACY","REDACTED FOR PRIVACY","REDACTED FOR PRIVACY","REDACTED FOR PRIVACY","REDACTED FOR PRIVACY","REDACTED FOR PRIVACY","","REDACTED FOR PRIVACY","REDACTED FOR PRIVACY","","","","","","","","","","","dns200.anycast.me","ns200.anycast.me","","","clientDeleteProhibited","clientTransferProhibited","",""
"16","linatidz.com","2021-07-08 16:26:19","2021-07-05","2021-07-05","2022-07-05","74","Online SAS","whois.bookmyname.com","http://www.bookmyname.com","REDACTED FOR PRIVACY","","REDACTED FOR PRIVACY","REDACTED FOR PRIVACY","","REDACTED FOR PRIVACY","Algeria","3787728a74ed366a.1737081@spamfree.bookmyname.com","REDACTED FOR PRIVACY","REDACTED FOR PRIVACY","Alexandre YEPES","O2SWITCH","222 Boulevard Gustave Flaubert","CLERMONT FERRAND","","63000","France","dns-nospam@o2switch.fr","+33.444446040","+33.444446041","Alexandre YEPES","O2SWITCH","222 Boulevard Gustave Flaubert","CLERMONT FERRAND","","63000","France","dns-nospam@o2switch.fr","+33.444446040","+33.444446041","","","","","","","","","","","ns1.o2switch.net","ns2.o2switch.net","","","clientTransferProhibited","","",""
"17","maps-singin.com","2021-07-08 16:23:18","2021-07-05","2021-07-05","2022-07-05","625","Name.com, Inc.","whois.name.com","http://www.name.com","Romaissa Boussaha","Appie","Algeria , Algeria","hidab","Alger","19600","Algeria","","Non-Public Data","","Romaissa Boussaha","Appie","Algeria , Algeria","hidab","Alger","19600","Algeria","","Non-Public Data","","Romaissa Boussaha","Appie","Algeria , Algeria","hidab","Alger","19600","Algeria","","Non-Public Data","","","","","","","","","","","","ns1.hosting.reg.ru","ns2.hosting.reg.ru","","","addPeriod","clientTransferProhibited","",""
"18","salotalnt.com","2021-07-08 16:09:26","2021-07-05","2021-07-05","2022-07-05","303","PDR Ltd. d/b/a PublicDomainRegistry.com","whois.publicdomainregistry.com","http://www.publicdomainregistry.com","Marcelo Scofield","","spoirin kiev solomon island","Kiev","Illinois","74857","Algeria","chanika@salotalnt.com","+213.784862349812","","Marcelo Scofield","","spoirin kiev solomon island","Kiev","Illinois","74857","Algeria","chanika@salotalnt.com","+213.784862349812","","Marcelo Scofield","","spoirin kiev solomon island","Kiev","Illinois","74857","Algeria","chanika@salotalnt.com","+213.784862349812","","","","","","","","","","","","monovm.earth.orderbox-dns.com","monovm.mars.orderbox-dns.com","monovm.mercury.orderbox-dns.com","monovm.venus.orderbox-dns.com","clientTransferProhibited","","",""
"19","styluxia.com","2021-07-08 17:27:46","2021-07-05","2021-07-05","2022-07-05","955","Launchpad, Inc.","whois.launchpad.com","http://www.launchpad.com","Archimed Kaddouri","i-design Studio","Cite million n23","Batna","05","05000","Algeria","imkaddouri@gmail.com","+971.557871991","","Archimed Kaddouri","i-design Studio","Cite million n23","Batna","05","05000","Algeria","imkaddouri@gmail.com","+971.557871991","","Archimed Kaddouri","i-design Studio","Cite million n23","Batna","05","05000","Algeria","imkaddouri@gmail.com","+971.557871991","","","","","","","","","","","","ns8031.hostgator.com","ns8032.hostgator.com","","","clientTransferProhibited","","",""