"num","domain_name","query_time","create_date","update_date","expiry_date","domain_registrar_id","domain_registrar_name","domain_registrar_whois","domain_registrar_url","registrant_name","registrant_company","registrant_address","registrant_city","registrant_state","registrant_zip","registrant_country","registrant_email","registrant_phone","registrant_fax","administrative_name","administrative_company","administrative_address","administrative_city","administrative_state","administrative_zip","administrative_country","administrative_email","administrative_phone","administrative_fax","technical_name","technical_company","technical_address","technical_city","technical_state","technical_zip","technical_country","technical_email","technical_phone","technical_fax","billing_name","billing_company","billing_address","billing_city","billing_state","billing_zip","billing_country","billing_email","billing_phone","billing_fax","name_server_1","name_server_2","name_server_3","name_server_4","domain_status_1","domain_status_2","domain_status_3","domain_status_4"
"1","braziliantanaruba.com","2021-07-08 14:34:02","2021-07-05","2021-07-05","2022-07-05","146","GoDaddy.com, LLC","whois.godaddy.com","http://registrar.godaddy.com","Brazilian Tan","Brazilian Tan","","","Paradera","","Aruba","","","","","","","","","","","","","","","","","","","","","","","","","","","","","","","","","","ns71.domaincontrol.com","ns72.domaincontrol.com","","","clientDeleteProhibited","clientRenewProhibited","clientTransferProhibited","clientUpdateProhibited"
"2","categorywatcd.space","2021-07-08 15:11:07","2021-07-05","2021-07-05","2022-07-05","146","GoDaddy.com, LLC","whois.godaddy.com","http://registrar.godaddy.com","","","","","","","Aruba","","","","","","","","","","","","","","","","","","","","","","","","","","","","","","","","","","ns09.domaincontrol.com","ns10.domaincontrol.com","","","addPeriod","clientDeleteProhibited","clientRenewProhibited","clientTransferProhibited"
"3","hstle247.com","2021-07-08 14:36:54","2021-07-05","2021-07-04","2022-07-05","146","GoDaddy.com, LLC","whois.godaddy.com","http://registrar.godaddy.com","","","","","Soltero","","Aruba","","","","","","","","","","","","","","","","","","","","","","","","","","","","","","","","","","ns71.domaincontrol.com","ns72.domaincontrol.com","","","clientDeleteProhibited","clientRenewProhibited","clientTransferProhibited","clientUpdateProhibited"
"4","julisahoevertsz.com","2021-07-08 16:31:05","2021-07-05","2021-07-05","2022-07-05","146","GoDaddy.com, LLC","whois.godaddy.com","http://registrar.godaddy.com","","","","","Savaneta","","Aruba","","","","","","","","","","","","","","","","","","","","","","","","","","","","","","","","","","ns11.domaincontrol.com","ns12.domaincontrol.com","","","clientDeleteProhibited","clientRenewProhibited","clientTransferProhibited","clientUpdateProhibited"
"5","oleever.com","2021-07-08 14:40:21","2021-07-05","2021-07-04","2022-07-05","146","GoDaddy.com, LLC","whois.godaddy.com","http://registrar.godaddy.com","","","","","Soltero","","Aruba","","","","","","","","","","","","","","","","","","","","","","","","","","","","","","","","","","ns59.domaincontrol.com","ns60.domaincontrol.com","","","clientDeleteProhibited","clientRenewProhibited","clientTransferProhibited","clientUpdateProhibited"