"num","domain_name","query_time","create_date","update_date","expiry_date","domain_registrar_id","domain_registrar_name","domain_registrar_whois","domain_registrar_url","registrant_name","registrant_company","registrant_address","registrant_city","registrant_state","registrant_zip","registrant_country","registrant_email","registrant_phone","registrant_fax","administrative_name","administrative_company","administrative_address","administrative_city","administrative_state","administrative_zip","administrative_country","administrative_email","administrative_phone","administrative_fax","technical_name","technical_company","technical_address","technical_city","technical_state","technical_zip","technical_country","technical_email","technical_phone","technical_fax","billing_name","billing_company","billing_address","billing_city","billing_state","billing_zip","billing_country","billing_email","billing_phone","billing_fax","name_server_1","name_server_2","name_server_3","name_server_4","domain_status_1","domain_status_2","domain_status_3","domain_status_4"
"1","allur.show","2021-07-08 14:49:25","2021-07-05","2021-07-05","2022-07-05","625","Name.com, Inc.","whois.name.com","http://www.name.com","REDACTED FOR PRIVACY","","REDACTED FOR PRIVACY","REDACTED FOR PRIVACY","BY","REDACTED FOR PRIVACY","Belarus","","REDACTED FOR PRIVACY","REDACTED FOR PRIVACY","","","","","","","","","","","","","","","","","","","","","","","","","","","","","","","","","","","addPeriod","clientTransferProhibited","",""
"2","arktrast.com","2021-07-08 16:58:02","2021-07-05","2021-07-06","2022-07-05","69","Tucows Domains Inc.","whois.tucows.com","http://domainhelp.opensrs.net","REDACTED FOR PRIVACY","REDACTED FOR PRIVACY","REDACTED FOR PRIVACY","REDACTED FOR PRIVACY","","REDACTED FOR PRIVACY","Belarus","","REDACTED FOR PRIVACY","REDACTED FOR PRIVACY","REDACTED FOR PRIVACY","REDACTED FOR PRIVACY","REDACTED FOR PRIVACY","REDACTED FOR PRIVACY","REDACTED FOR PRIVACY","REDACTED FOR PRIVACY","REDACTED FOR PRIVACY","","REDACTED FOR PRIVACY","REDACTED FOR PRIVACY","REDACTED FOR PRIVACY","REDACTED FOR PRIVACY","REDACTED FOR PRIVACY","REDACTED FOR PRIVACY","REDACTED FOR PRIVACY","REDACTED FOR PRIVACY","REDACTED FOR PRIVACY","","REDACTED FOR PRIVACY","REDACTED FOR PRIVACY","","","","","","","","","","","u1.hoster.by","u2.hoster.by","","","","","",""
"3","ayakorotkaya.com","2021-07-08 16:56:41","2021-07-05","2021-07-07","2023-07-05","69","Tucows Domains Inc.","whois.tucows.com","http://domainhelp.opensrs.net","REDACTED FOR PRIVACY","REDACTED FOR PRIVACY","REDACTED FOR PRIVACY","REDACTED FOR PRIVACY","","REDACTED FOR PRIVACY","Belarus","","REDACTED FOR PRIVACY","REDACTED FOR PRIVACY","REDACTED FOR PRIVACY","REDACTED FOR PRIVACY","REDACTED FOR PRIVACY","REDACTED FOR PRIVACY","REDACTED FOR PRIVACY","REDACTED FOR PRIVACY","REDACTED FOR PRIVACY","","REDACTED FOR PRIVACY","REDACTED FOR PRIVACY","REDACTED FOR PRIVACY","REDACTED FOR PRIVACY","REDACTED FOR PRIVACY","REDACTED FOR PRIVACY","REDACTED FOR PRIVACY","REDACTED FOR PRIVACY","REDACTED FOR PRIVACY","","REDACTED FOR PRIVACY","REDACTED FOR PRIVACY","","","","","","","","","","","u1.hoster.by","u2.hoster.by","","","","","",""
"4","cent.today","2021-07-08 15:06:16","2021-07-05","2021-07-05","2022-07-05","146","GoDaddy.com, LLC","whois.godaddy.com","http://registrar.godaddy.com","REDACTED FOR PRIVACY","","REDACTED FOR PRIVACY","REDACTED FOR PRIVACY","\u041c\u0438\u043d\u0441\u043a\u0430\u044f \u043e\","REDACTED FOR PRIVACY","Belarus","","REDACTED FOR PRIVACY","REDACTED FOR PRIVACY","","","","","","","","","","","","","","","","","","","","","","","","","","","","","","","","","","","addPeriod","clientDeleteProhibited","clientRenewProhibited","clientTransferProhibited"
"5","cogstock.info","2021-07-08 15:46:17","2021-07-06","2021-07-06","2022-07-06","146","GoDaddy.com, LLC","whois.godaddy.com","http://registrar.godaddy.com","","","","","Minsk","","Belarus","","","","","","","","","","","","","","","","","","","","","","","","","","","","","","","","","","ns15.domaincontrol.com","ns16.domaincontrol.com","","","addPeriod","clientDeleteProhibited","clientRenewProhibited","clientTransferProhibited"
"6","decor-monaco.pro","2021-07-08 14:49:47","2021-07-05","2021-07-05","2022-07-05","3246","Reliable Software, Ltd.","","","Contact Privacy","Contact Privacy","","","","","Belarus","","","","","","","","","","","","","","","","","","","","","","","","","","","","","","","","","","u1.hoster.by","u2.hoster.by","","","addPeriod","serverTransferProhibited","",""
"7","dialogue-constructif.art","2021-07-08 14:17:10","2021-07-05","","2022-07-05","3246","Reliable Software, Ltd.","","","Chastnoe turistskoe unitarnoe predpriyatie 'Birs Trevel'","Chastnoe turistskoe unitarnoe predpriyatie 'Birs Trevel'","","","","","Belarus","","","","","","","","","","","","","","","","","","","","","","","","","","","","","","","","","","ns1.hoster.by","ns2.hoster.by","","","addPeriod","serverTransferProhibited","",""
"8","do-zarplaty.site","2021-07-08 15:11:29","2021-07-05","2021-07-05","2022-07-05","3246","Reliable Software, Ltd.","","","Contact Privacy","Contact Privacy","","","","","Belarus","","","","","","","","","","","","","","","","","","","","","","","","","","","","","","","","","","ns3.ws-host.com","ns4.ws-host.com","","","addPeriod","serverTransferProhibited","",""
"9","grasstilegames.com","2021-07-08 16:36:22","2021-07-05","2021-07-05","2022-07-05","1606","Limited Liability Company 'Registrar of domain names REG.RU'","whois.reg.ru","http://www.reg.ru","Yury Kakareka","Private Person","Ul. Belye Rosy 3, kv. 34","Grodno","Grodnenskaya oblast","230005","Belarus","minedoomerz@gmail.com","+375.295822570","+375.295822570","Yury Kakareka","Private Person","Ul. Belye Rosy 3, kv. 34","Grodno","Grodnenskaya oblast","230005","Belarus","minedoomerz@gmail.com","+375.295822570","+375.295822570","Yury Kakareka","Private Person","Ul. Belye Rosy 3, kv. 34","Grodno","Grodnenskaya oblast","230005","Belarus","minedoomerz@gmail.com","+375.295822570","+375.295822570","","","","","","","","","","","ns1.reg.ru","ns2.reg.ru","","","clientTransferProhibited","","",""
"10","gsm-service.online","2021-07-08 15:27:13","2021-07-05","","2022-07-05","3806","Beget LLC","","","Not Applicable","Not Applicable","","","Moskva","","Belarus","","","","","","","","","","","","","","","","","","","","","","","","","","","","","","","","","","ns1.beget.com","ns1.beget.pro","ns2.beget.com","ns2.beget.pro","addPeriod","clientTransferProhibited","serverTransferProhibited",""
"11","kategusik.site","2021-07-08 15:11:18","2021-07-05","","2022-07-05","1606","Limited Liability Company 'Registrar of domain names REG.RU'","whois.reg.ru","http://www.reg.ru","","","","","Brestskaya","","Belarus","gusikekaterina@gmail.com","+375.292331077","","","","","","","","","gusikekaterina@gmail.com","+375.292331077","","","","","","","","","gusikekaterina@gmail.com","+375.292331077","","","","","","","","","gusikekaterina@gmail.com","+375.292331077","","ns1.reg.ru","ns2.reg.ru","","","addPeriod","serverTransferProhibited","",""
"12","kupitut.online","2021-07-08 15:27:59","2021-07-05","2021-07-05","2022-07-05","3246","Reliable Software, Ltd.","","","Contact Privacy","Contact Privacy","","","","","Belarus","","","","","","","","","","","","","","","","","","","","","","","","","","","","","","","","","","ns3.ws-host.com","ns4.ws-host.com","","","addPeriod","serverTransferProhibited","",""
"13","kursseo.online","2021-07-08 15:26:30","2021-07-05","2021-07-05","2022-07-05","3246","Reliable Software, Ltd.","","","Contact Privacy","Contact Privacy","","","","","Belarus","","","","","","","","","","","","","","","","","","","","","","","","","","","","","","","","","","ns1.beget.com","ns1.beget.pro","ns2.beget.com","","addPeriod","serverTransferProhibited","",""
"14","lidanature.info","2021-07-08 15:44:47","2021-07-06","2021-07-06","2022-07-06","3246","Reliable Software, Ltd.","","","Contact Privacy","Contact Privacy","","","","","Belarus","","","","","","","","","","","","","","","","","","","","","","","","","","","","","","","","","","ns1.digitalocean.com","ns2.digitalocean.com","ns3.digitalocean.com","","addPeriod","serverTransferProhibited","",""
"15","maksredwolf.com","2021-07-08 16:23:35","2021-07-05","2021-07-05","2022-07-05","1606","Limited Liability Company 'Registrar of domain names REG.RU'","whois.reg.ru","http://www.reg.ru","Dzmitry Bulash","Private Person","Bedy 2b, 147","Minsk","Minsk","220040","Belarus","bulashdima@gmail.com","+375.336096776","","Dzmitry Bulash","Private Person","Bedy 2b, 147","Minsk","Minsk","220040","Belarus","bulashdima@gmail.com","+375.336096776","","Dzmitry Bulash","Private Person","Bedy 2b, 147","Minsk","Minsk","220040","Belarus","bulashdima@gmail.com","+375.336096776","","","","","","","","","","","","ns1.reg.ru","ns2.reg.ru","","","clientTransferProhibited","","",""
"16","mirormundi.com","2021-07-08 18:00:26","2021-07-05","2021-07-05","2022-07-05","3806","Beget LLC","","","Andrej G Skakun","","Orlovskaya 56","Minsk","Minskaya","220000","Belarus","abdulla_sea@mail.ru","+7.9102349987","","Andrej G Skakun","","Orlovskaya 56","Minsk","Minskaya","220000","Belarus","abdulla_sea@mail.ru","+7.9102349987","","Andrej G Skakun","","Orlovskaya 56","Minsk","Minskaya","220000","Belarus","abdulla_sea@mail.ru","+7.9102349987","","","","","","","","","","","","ns1.beget.com","ns1.beget.pro","ns2.beget.com","ns2.beget.pro","clientTransferProhibited","","",""
"17","mkgrafika.online","2021-07-08 15:26:22","2021-07-05","","2022-07-05","1606","Limited Liability Company 'Registrar of domain names REG.RU'","whois.reg.ru","http://www.reg.ru","","","","","Minskaya","","Belarus","nastasiyasuper@gmail.com","+375.447682220","","","","","","","","","nastasiyasuper@gmail.com","+375.447682220","","","","","","","","","nastasiyasuper@gmail.com","+375.447682220","","","","","","","","","nastasiyasuper@gmail.com","+375.447682220","","ns1.reg.ru","ns2.reg.ru","","","addPeriod","serverTransferProhibited","",""
"18","nizkie-ceny.site","2021-07-08 15:11:49","2021-07-05","2021-07-05","2022-07-05","3246","Reliable Software, Ltd.","","","Contact Privacy","Contact Privacy","","","","","Belarus","","","","","","","","","","","","","","","","","","","","","","","","","","","","","","","","","","ns3.ws-host.com","ns4.ws-host.com","","","addPeriod","serverTransferProhibited","",""
"19","podborpersonal.com","2021-07-08 16:15:20","2021-07-05","2021-07-05","2022-07-05","69","Tucows Domains Inc.","whois.tucows.com","http://domainhelp.opensrs.net","REDACTED FOR PRIVACY","REDACTED FOR PRIVACY","REDACTED FOR PRIVACY","REDACTED FOR PRIVACY","","REDACTED FOR PRIVACY","Belarus","","REDACTED FOR PRIVACY","REDACTED FOR PRIVACY","REDACTED FOR PRIVACY","REDACTED FOR PRIVACY","REDACTED FOR PRIVACY","REDACTED FOR PRIVACY","REDACTED FOR PRIVACY","REDACTED FOR PRIVACY","REDACTED FOR PRIVACY","","REDACTED FOR PRIVACY","REDACTED FOR PRIVACY","REDACTED FOR PRIVACY","REDACTED FOR PRIVACY","REDACTED FOR PRIVACY","REDACTED FOR PRIVACY","REDACTED FOR PRIVACY","REDACTED FOR PRIVACY","REDACTED FOR PRIVACY","","REDACTED FOR PRIVACY","REDACTED FOR PRIVACY","","","","","","","","","","","u1.hoster.by","u2.hoster.by","","","","","",""
"20","registracia-ooo.online","2021-07-08 15:26:08","2021-07-05","","2022-07-05","1606","Limited Liability Company 'Registrar of domain names REG.RU'","whois.reg.ru","http://www.reg.ru","","","","","Minsk","","Belarus","izycheniesprosa@gmail.com","+375.297000000","","","","","","","","","izycheniesprosa@gmail.com","+375.297000000","","","","","","","","","izycheniesprosa@gmail.com","+375.297000000","","","","","","","","","izycheniesprosa@gmail.com","+375.297000000","","ns1.reg.ru","ns2.reg.ru","","","addPeriod","serverTransferProhibited","",""
"21","relayz.online","2021-07-08 15:26:04","2021-07-05","","2022-07-05","1606","Limited Liability Company 'Registrar of domain names REG.RU'","whois.reg.ru","http://www.reg.ru","","","","","Moskovskaya","","Belarus","nosia858@gmail.com","+7.9260350465","","","","","","","","","nosia858@gmail.com","+7.9260350465","","","","","","","","","nosia858@gmail.com","+7.9260350465","","","","","","","","","nosia858@gmail.com","+7.9260350465","","ns1.reg.ru","ns2.reg.ru","","","addPeriod","serverTransferProhibited","",""
"22","sanrises.online","2021-07-08 15:26:05","2021-07-06","","2022-07-06","1606","Limited Liability Company 'Registrar of domain names REG.RU'","whois.reg.ru","http://www.reg.ru","","","","","Gomelskaya","","Belarus","jobgomel@gmail.com","+7.9266571044","","","","","","","","","jobgomel@gmail.com","+7.9266571044","","","","","","","","","jobgomel@gmail.com","+7.9266571044","","","","","","","","","jobgomel@gmail.com","+7.9266571044","","ns1.reg.ru","ns2.reg.ru","","","addPeriod","serverTransferProhibited","",""
"23","seastar-led.online","2021-07-08 15:25:59","2021-07-05","","2022-07-05","1606","Limited Liability Company 'Registrar of domain names REG.RU'","whois.reg.ru","http://www.reg.ru","","","","","Moskva","","Belarus","ghostlogi@gmail.com","+7.9652405107","","","","","","","","","ghostlogi@gmail.com","+7.9652405107","","","","","","","","","ghostlogi@gmail.com","+7.9652405107","","","","","","","","","ghostlogi@gmail.com","+7.9652405107","","ns1.reg.ru","ns2.reg.ru","","","addPeriod","serverTransferProhibited","",""
"24","sibtime.online","2021-07-08 15:26:01","2021-07-05","","2022-07-05","303","PDR Ltd. d/b/a PublicDomainRegistry.com","whois.publicdomainregistry.com","http://www.publicdomainregistry.com","","","","","","","Belarus","","","","","","","","","","","","","","","","","","","","","","","","","","","","","","","","","","ns1.timeweb.ru","ns2.timeweb.ru","ns3.timeweb.org","ns4.timeweb.org","addPeriod","clientTransferProhibited","serverTransferProhibited",""
"25","softfree.tech","2021-07-08 15:06:20","2021-07-05","","2022-07-05","303","PDR Ltd. d/b/a PublicDomainRegistry.com","whois.publicdomainregistry.com","http://www.publicdomainregistry.com","","","","","","","Belarus","","","","","","","","","","","","","","","","","","","","","","","","","","","","","","","","","","ns1.timeweb.ru","ns2.timeweb.ru","ns3.timeweb.org","ns4.timeweb.org","addPeriod","clientTransferProhibited","serverTransferProhibited",""
"26","sura.beauty","2021-07-08 18:47:52","2021-07-05","","2022-07-05","1606","Limited Liability Company 'Registrar of domain names REG.RU'","whois.reg.ru","http://www.reg.ru","","","","","Minsk","","Belarus","val@greencard.by","+375.296829999","","","","","","","","","val@greencard.by","+375.296829999","","","","","","","","","val@greencard.by","+375.296829999","","","","","","","","","val@greencard.by","+375.296829999","","ns1.reg.ru","ns2.reg.ru","","","addPeriod","serverTransferProhibited","",""
"27","tut-top.online","2021-07-08 15:24:33","2021-07-05","2021-07-05","2022-07-05","3246","Reliable Software, Ltd.","","","Contact Privacy","Contact Privacy","","","","","Belarus","","","","","","","","","","","","","","","","","","","","","","","","","","","","","","","","","","ns3.ws-host.com","ns4.ws-host.com","","","addPeriod","serverTransferProhibited","",""
"28","vauceny.online","2021-07-08 15:24:26","2021-07-05","2021-07-05","2022-07-05","3246","Reliable Software, Ltd.","","","Contact Privacy","Contact Privacy","","","","","Belarus","","","","","","","","","","","","","","","","","","","","","","","","","","","","","","","","","","ns3.ws-host.com","ns4.ws-host.com","","","addPeriod","serverTransferProhibited","",""
"29","walllet-umi.top","2021-07-08 14:55:12","2021-07-05","2021-07-05","2022-07-05","1068","NameCheap, Inc.","whois.namecheap.com","http://www.namecheap.com","REDACTED FOR PRIVACY","","REDACTED FOR PRIVACY","REDACTED FOR PRIVACY","?????????","REDACTED FOR PRIVACY","Belarus","","REDACTED FOR PRIVACY","REDACTED FOR PRIVACY","REDACTED FOR PRIVACY","REDACTED FOR PRIVACY","REDACTED FOR PRIVACY","REDACTED FOR PRIVACY","REDACTED FOR PRIVACY","REDACTED FOR PRIVACY","REDACTED FOR PRIVACY","","REDACTED FOR PRIVACY","REDACTED FOR PRIVACY","REDACTED FOR PRIVACY","REDACTED FOR PRIVACY","REDACTED FOR PRIVACY","REDACTED FOR PRIVACY","REDACTED FOR PRIVACY","REDACTED FOR PRIVACY","REDACTED FOR PRIVACY","","REDACTED FOR PRIVACY","REDACTED FOR PRIVACY","","","","","","","","","","","ns1.darkhost.pro","ns2.darkhost.pro","","","addPeriod","clientTransferProhibited","",""
"30","zaim-rb.online","2021-07-08 15:24:25","2021-07-05","2021-07-06","2022-07-05","303","PDR Ltd. d/b/a PublicDomainRegistry.com","whois.publicdomainregistry.com","http://www.publicdomainregistry.com","","","","","","","Belarus","","","","","","","","","","","","","","","","","","","","","","","","","","","","","","","","","","clay.ns.cloudflare.com","dee.ns.cloudflare.com","","","addPeriod","clientTransferProhibited","serverTransferProhibited",""