"num","domain_name","query_time","create_date","update_date","expiry_date","domain_registrar_id","domain_registrar_name","domain_registrar_whois","domain_registrar_url","registrant_name","registrant_company","registrant_address","registrant_city","registrant_state","registrant_zip","registrant_country","registrant_email","registrant_phone","registrant_fax","administrative_name","administrative_company","administrative_address","administrative_city","administrative_state","administrative_zip","administrative_country","administrative_email","administrative_phone","administrative_fax","technical_name","technical_company","technical_address","technical_city","technical_state","technical_zip","technical_country","technical_email","technical_phone","technical_fax","billing_name","billing_company","billing_address","billing_city","billing_state","billing_zip","billing_country","billing_email","billing_phone","billing_fax","name_server_1","name_server_2","name_server_3","name_server_4","domain_status_1","domain_status_2","domain_status_3","domain_status_4"
"1","applebios.com","2021-07-08 08:37:19","2021-07-07","2021-07-07","2022-07-07","3775","ALIBABA.COM SINGAPORE E-COMMERCE PRIVATE LIMITED","","","","","","","FBiH","","Bosnia and Herzegovina","","","","","","","","","","","","","","","","","","","","","","","","","","","","","","","","","","ns7.alidns.com","ns8.alidns.com","","","OK","","",""
"2","beautysalonmadamme.com","2021-07-08 16:55:44","2021-07-05","2021-07-05","2022-07-05","48","eNom, Inc.","whois.enom.com","http://www.enom.com","REDACTED FOR PRIVACY","REDACTED FOR PRIVACY","REDACTED FOR PRIVACY","REDACTED FOR PRIVACY","Bosna i Hercegovina","REDACTED FOR PRIVACY","Bosnia and Herzegovina","","REDACTED FOR PRIVACY","REDACTED FOR PRIVACY","REDACTED FOR PRIVACY","REDACTED FOR PRIVACY","REDACTED FOR PRIVACY","REDACTED FOR PRIVACY","REDACTED FOR PRIVACY","REDACTED FOR PRIVACY","REDACTED FOR PRIVACY","","REDACTED FOR PRIVACY","REDACTED FOR PRIVACY","REDACTED FOR PRIVACY","REDACTED FOR PRIVACY","REDACTED FOR PRIVACY","REDACTED FOR PRIVACY","REDACTED FOR PRIVACY","REDACTED FOR PRIVACY","REDACTED FOR PRIVACY","","REDACTED FOR PRIVACY","REDACTED FOR PRIVACY","","","","","","","","","","","dns.fakat.net","dns2.fakat.net","dns3.fakat.net","dns4.fakat.net","addPeriod","clientTransferProhibited","",""
"3","budala.info","2021-07-08 15:43:19","2021-07-06","2021-07-06","2022-07-06","1068","NameCheap, Inc.","whois.namecheap.com","http://www.namecheap.com","Nemam","Nemam","","","Nova Topola","","Bosnia and Herzegovina","","","","","","","","","","","","","","","","","","","","","","","","","","","","","","","","","","dns1.registrar-servers.com","dns2.registrar-servers.com","","","addPeriod","clientTransferProhibited","serverTransferProhibited",""
"4","exyuiptv.online","2021-07-08 15:27:21","2021-07-05","","2022-07-05","1479","Namesilo, LLC","whois.namesilo.com","http://www.namesilo.com","","","","","BiH","","Bosnia and Herzegovina","","","","","","","","","","","","","","","","","","","","","","","","","","","","","","","","","","ns1.gocheapweb.com","ns2.gocheapweb.com","","","addPeriod","clientTransferProhibited","serverTransferProhibited",""
"5","fsad.codes","2021-07-08 18:45:20","2021-07-06","2021-07-06","2022-07-06","1408","united-domains AG","whois.udag.net","http://www.united-domains.de","REDACTED FOR PRIVACY","Greenbird Medical d.o.o.","REDACTED FOR PRIVACY","REDACTED FOR PRIVACY","","REDACTED FOR PRIVACY","Bosnia and Herzegovina","","REDACTED FOR PRIVACY","REDACTED FOR PRIVACY","","","","","","","","","","","","","","","","","","","","","","","","","","","","","","","","","","","addPeriod","clientTransferProhibited","",""
"6","fsad.digital","2021-07-08 15:47:13","2021-07-06","2021-07-06","2022-07-06","1408","united-domains AG","whois.udag.net","http://www.united-domains.de","REDACTED FOR PRIVACY","Greenbird Medical d.o.o.","REDACTED FOR PRIVACY","REDACTED FOR PRIVACY","","REDACTED FOR PRIVACY","Bosnia and Herzegovina","","REDACTED FOR PRIVACY","REDACTED FOR PRIVACY","","","","","","","","","","","","","","","","","","","","","","","","","","","","","","","","","","","addPeriod","clientTransferProhibited","",""
"7","fsad.gold","2021-07-08 15:45:46","2021-07-06","2021-07-06","2022-07-06","1408","united-domains AG","whois.udag.net","http://www.united-domains.de","REDACTED FOR PRIVACY","Greenbird Medical d.o.o.","REDACTED FOR PRIVACY","REDACTED FOR PRIVACY","","REDACTED FOR PRIVACY","Bosnia and Herzegovina","","REDACTED FOR PRIVACY","REDACTED FOR PRIVACY","","","","","","","","","","","","","","","","","","","","","","","","","","","","","","","","","","","addPeriod","clientTransferProhibited","",""
"8","fsad.report","2021-07-08 14:49:44","2021-07-06","2021-07-06","2022-07-06","1408","united-domains AG","whois.udag.net","http://www.united-domains.de","REDACTED FOR PRIVACY","Greenbird Medical d.o.o.","REDACTED FOR PRIVACY","REDACTED FOR PRIVACY","","REDACTED FOR PRIVACY","Bosnia and Herzegovina","","REDACTED FOR PRIVACY","REDACTED FOR PRIVACY","","","","","","","","","","","","","","","","","","","","","","","","","","","","","","","","","","","addPeriod","clientTransferProhibited","",""
"9","fsad.tools","2021-07-08 15:06:14","2021-07-06","2021-07-06","2022-07-06","1408","united-domains AG","whois.udag.net","http://www.united-domains.de","REDACTED FOR PRIVACY","Greenbird Medical d.o.o.","REDACTED FOR PRIVACY","REDACTED FOR PRIVACY","","REDACTED FOR PRIVACY","Bosnia and Herzegovina","","REDACTED FOR PRIVACY","REDACTED FOR PRIVACY","","","","","","","","","","","","","","","","","","","","","","","","","","","","","","","","","","","addPeriod","clientTransferProhibited","",""
"10","gp-develop.com","2021-07-08 16:37:06","2021-07-05","2021-07-05","2022-07-05","828","Hetzner Online AG","whois.your-server.de","http://www.hetzner.de","REDACTED FOR PRIVACY","REDACTED FOR PRIVACY","REDACTED FOR PRIVACY REDACTED FOR PRIVACY REDACTED FOR PRIVACY","REDACTED FOR PRIVACY","","REDACTED FOR PRIVACY","Bosnia and Herzegovina","info@domain-contact.org","REDACTED FOR PRIVACY","REDACTED FOR PRIVACY","REDACTED FOR PRIVACY","REDACTED FOR PRIVACY","REDACTED FOR PRIVACY REDACTED FOR PRIVACY REDACTED FOR PRIVACY","REDACTED FOR PRIVACY","REDACTED FOR PRIVACY","REDACTED FOR PRIVACY","REDACTED FOR PRIVACY","info@domain-contact.org","REDACTED FOR PRIVACY","REDACTED FOR PRIVACY","REDACTED FOR PRIVACY","REDACTED FOR PRIVACY","REDACTED FOR PRIVACY REDACTED FOR PRIVACY REDACTED FOR PRIVACY","REDACTED FOR PRIVACY","REDACTED FOR PRIVACY","REDACTED FOR PRIVACY","REDACTED FOR PRIVACY","info@domain-contact.org","REDACTED FOR PRIVACY","REDACTED FOR PRIVACY","REDACTED FOR PRIVACY","REDACTED FOR PRIVACY","REDACTED FOR PRIVACY REDACTED FOR PRIVACY REDACTED FOR PRIVACY","REDACTED FOR PRIVACY","REDACTED FOR PRIVACY","REDACTED FOR PRIVACY","REDACTED FOR PRIVACY","info@domain-contact.org","REDACTED FOR PRIVACY","REDACTED FOR PRIVACY","ns.second-ns.com","ns1.your-server.de","ns3.second-ns.de","","OK","","",""
"11","igamingdev.com","2021-07-08 18:13:27","2021-07-05","2021-07-05","2022-07-05","69","Tucows Domains Inc.","whois.tucows.com","http://domainhelp.opensrs.net","REDACTED FOR PRIVACY","REDACTED FOR PRIVACY","REDACTED FOR PRIVACY","REDACTED FOR PRIVACY","Sa","REDACTED FOR PRIVACY","Bosnia and Herzegovina","","REDACTED FOR PRIVACY","REDACTED FOR PRIVACY","REDACTED FOR PRIVACY","REDACTED FOR PRIVACY","REDACTED FOR PRIVACY","REDACTED FOR PRIVACY","REDACTED FOR PRIVACY","REDACTED FOR PRIVACY","REDACTED FOR PRIVACY","","REDACTED FOR PRIVACY","REDACTED FOR PRIVACY","REDACTED FOR PRIVACY","REDACTED FOR PRIVACY","REDACTED FOR PRIVACY","REDACTED FOR PRIVACY","REDACTED FOR PRIVACY","REDACTED FOR PRIVACY","REDACTED FOR PRIVACY","","REDACTED FOR PRIVACY","REDACTED FOR PRIVACY","","","","","","","","","","","ns1.site4now.net","ns2.site4now.net","ns3.site4now.net","","OK","","",""
"12","marijanatoleart.com","2021-07-08 16:23:12","2021-07-05","2021-07-05","2022-07-05","303","PDR Ltd. d/b/a PublicDomainRegistry.com","whois.publicdomainregistry.com","http://www.publicdomainregistry.com","Ivan Soldo","","Kranjcevica 33","Siroki Brijeg","Zapadnohercegovacka","88220","Bosnia and Herzegovina","ivansoldo42@gmail.com","+387.63969900","","Ivan Soldo","","Kranjcevica 33","Siroki Brijeg","Zapadnohercegovacka","88220","Bosnia and Herzegovina","ivansoldo42@gmail.com","+387.63969900","","Ivan Soldo","","Kranjcevica 33","Siroki Brijeg","Zapadnohercegovacka","88220","Bosnia and Herzegovina","ivansoldo42@gmail.com","+387.63969900","","","","","","","","","","","","ns1.crohost.net","ns2.crohost.net","","","clientTransferProhibited","","",""
"13","mojmezimac.com","2021-07-08 17:15:25","2021-07-05","2021-07-05","2022-07-05","146","GoDaddy.com, LLC","whois.godaddy.com","http://registrar.godaddy.com","","","","","Sarajevo","","Bosnia and Herzegovina","","","","","","","","","","","","","","","","","","","","","","","","","","","","","","","","","","vega.mysafeservers.com","vega2.mysafeservers.com","","","clientDeleteProhibited","clientRenewProhibited","clientTransferProhibited","clientUpdateProhibited"
"14","muertegodot.com","2021-07-09 01:15:45","2021-07-02","2021-07-02","2022-07-02","1636","Hostinger, UAB","whois.hostinger.com","http://www.hostinger.com","Srdan Mrsic","","Trg Ilidzanske brigade 1","Istocno Sarajevo","Republika Srpska","71123","Bosnia and Herzegovina","genezism9@gmail.com","+387.65269897","","Srdan Mrsic","","Trg Ilidzanske brigade 1","Istocno Sarajevo","Republika Srpska","71123","Bosnia and Herzegovina","genezism9@gmail.com","+387.65269897","","Srdan Mrsic","","Trg Ilidzanske brigade 1","Istocno Sarajevo","Republika Srpska","71123","Bosnia and Herzegovina","genezism9@gmail.com","+387.65269897","","","","","","","","","","","","ns1.dns-parking.com","ns2.dns-parking.com","","","clientTransferProhibited","","",""
"15","opstinesanulaotpada.com","2021-07-08 16:18:03","2021-07-05","2021-07-05","2022-07-05","146","GoDaddy.com, LLC","whois.godaddy.com","http://registrar.godaddy.com","CENER 21","CENER 21","","","FBiH","","Bosnia and Herzegovina","","","","","","","","","","","","","","","","","","","","","","","","","","","","","","","","","","mary.ns.cloudflare.com","mitch.ns.cloudflare.com","","","clientDeleteProhibited","clientRenewProhibited","clientTransferProhibited","clientUpdateProhibited"
"16","planetaartis.com","2021-07-08 16:15:40","2021-07-05","2021-07-05","2022-07-05","1387","1API GmbH","whois.1api.net","http://www.1api.net","REDACTED FOR PRIVACY","REDACTED FOR PRIVACY","REDACTED FOR PRIVACY","REDACTED FOR PRIVACY","RS","REDACTED FOR PRIVACY","Bosnia and Herzegovina","","REDACTED FOR PRIVACY","","REDACTED FOR PRIVACY","REDACTED FOR PRIVACY","REDACTED FOR PRIVACY","REDACTED FOR PRIVACY","REDACTED FOR PRIVACY","REDACTED FOR PRIVACY","REDACTED FOR PRIVACY","","REDACTED FOR PRIVACY","","REDACTED FOR PRIVACY","REDACTED FOR PRIVACY","REDACTED FOR PRIVACY","REDACTED FOR PRIVACY","REDACTED FOR PRIVACY","REDACTED FOR PRIVACY","REDACTED FOR PRIVACY","","REDACTED FOR PRIVACY","","","","","","","","","","","","ns1.dihost.net","ns2.dihost.net","ns3.dihost.net","","clientTransferProhibited","","",""
"17","sad.services","2021-07-08 14:49:27","2021-07-06","2021-07-06","2022-07-06","1408","united-domains AG","whois.udag.net","http://www.united-domains.de","REDACTED FOR PRIVACY","Greenbird Medical d.o.o.","REDACTED FOR PRIVACY","REDACTED FOR PRIVACY","","REDACTED FOR PRIVACY","Bosnia and Herzegovina","","REDACTED FOR PRIVACY","REDACTED FOR PRIVACY","","","","","","","","","","","","","","","","","","","","","","","","","","","","","","","","","","","addPeriod","clientTransferProhibited","",""
"18","saradnja.info","2021-07-08 15:42:32","2021-07-06","2021-07-06","2022-07-06","1068","NameCheap, Inc.","whois.namecheap.com","http://www.namecheap.com","Nemam","Nemam","","","Nova Topola","","Bosnia and Herzegovina","","","","","","","","","","","","","","","","","","","","","","","","","","","","","","","","","","dns1.registrar-servers.com","dns2.registrar-servers.com","","","addPeriod","clientTransferProhibited","serverTransferProhibited",""
"19","webhagency.com","2021-07-08 15:56:18","2021-07-05","2021-07-06","2022-07-05","1647","Hosting Concepts B.V. dba Openprovider","whois.registrar.eu","http://www.openprovider.com","REDACTED FOR PRIVACY","WEBH Agency","REDACTED FOR PRIVACY","REDACTED FOR PRIVACY","Federacija Bosne i Hercegovine","REDACTED FOR PRIVACY","Bosnia and Herzegovina","","REDACTED FOR PRIVACY","REDACTED FOR PRIVACY","REDACTED FOR PRIVACY","REDACTED FOR PRIVACY","REDACTED FOR PRIVACY","REDACTED FOR PRIVACY","REDACTED FOR PRIVACY","REDACTED FOR PRIVACY","REDACTED FOR PRIVACY","","REDACTED FOR PRIVACY","REDACTED FOR PRIVACY","REDACTED FOR PRIVACY","REDACTED FOR PRIVACY","REDACTED FOR PRIVACY","REDACTED FOR PRIVACY","REDACTED FOR PRIVACY","REDACTED FOR PRIVACY","REDACTED FOR PRIVACY","","REDACTED FOR PRIVACY","REDACTED FOR PRIVACY","","","","","","","","","","","ns1.dns-parking.com","ns2.dns-parking.com","","","clientTransferProhibited","","",""