"num","domain_name","query_time","create_date","update_date","expiry_date","domain_registrar_id","domain_registrar_name","domain_registrar_whois","domain_registrar_url","registrant_name","registrant_company","registrant_address","registrant_city","registrant_state","registrant_zip","registrant_country","registrant_email","registrant_phone","registrant_fax","administrative_name","administrative_company","administrative_address","administrative_city","administrative_state","administrative_zip","administrative_country","administrative_email","administrative_phone","administrative_fax","technical_name","technical_company","technical_address","technical_city","technical_state","technical_zip","technical_country","technical_email","technical_phone","technical_fax","billing_name","billing_company","billing_address","billing_city","billing_state","billing_zip","billing_country","billing_email","billing_phone","billing_fax","name_server_1","name_server_2","name_server_3","name_server_4","domain_status_1","domain_status_2","domain_status_3","domain_status_4"
"1","actalis-consulting.com","2021-07-08 17:02:05","2021-07-05","2021-07-05","2022-07-05","820","ELB Group Inc.","whois.retailstudio.com","http://www.netissime.com","Francois JOUJA TEMOUKAM","JSCOM SERVICES","BP 34879 YAOUNDE CAMEROUN","YAOUNDE","","34879","Cameroon","fjouja@gmail.com","+237.678796052","","Francois JOUJA TEMOUKAM","JSCOM SERVICES","BP 34879 YAOUNDE CAMEROUN","YAOUNDE","","34879","Cameroon","fjouja@gmail.com","+237.678796052","","Francois JOUJA TEMOUKAM","JSCOM SERVICES","BP 34879 YAOUNDE CAMEROUN","YAOUNDE","","34879","Cameroon","fjouja@gmail.com","+237.678796052","","","","","","","","","","","","ns1.webmo.fr","ns2.webmo.fr","","","clientTransferProhibited","","",""
"2","amazingfirearms.com","2021-07-08 16:59:45","2021-07-05","2021-07-05","2022-07-05","955","Launchpad, Inc.","whois.launchpad.com","http://www.launchpad.com","desmond stark","None","659 bonanjo","Douala","CE","00000","Cameroon","fitback21@gmail.com","+237.679938023","","desmond stark","None","659 bonanjo","Douala","CE","00000","Cameroon","fitback21@gmail.com","+237.679938023","","desmond stark","None","659 bonanjo","Douala","CE","00000","Cameroon","fitback21@gmail.com","+237.679938023","","","","","","","","","","","","ns1.amazingfirearms.com","ns2.amazingfirearms.com","","","clientTransferProhibited","","",""
"3","axiomesarl.com","2021-07-08 16:56:45","2021-07-05","2021-07-05","2022-07-05","886","Domain.com, LLC","whois.domain.com","http://www.domain.com","REDACTED FOR PRIVACY","REDACTED FOR PRIVACY","REDACTED FOR PRIVACY","REDACTED FOR PRIVACY","na","REDACTED FOR PRIVACY","Cameroon","","REDACTED FOR PRIVACY","REDACTED FOR PRIVACY","REDACTED FOR PRIVACY","REDACTED FOR PRIVACY","REDACTED FOR PRIVACY","REDACTED FOR PRIVACY","REDACTED FOR PRIVACY","REDACTED FOR PRIVACY","REDACTED FOR PRIVACY","","REDACTED FOR PRIVACY","REDACTED FOR PRIVACY","REDACTED FOR PRIVACY","REDACTED FOR PRIVACY","REDACTED FOR PRIVACY","REDACTED FOR PRIVACY","REDACTED FOR PRIVACY","REDACTED FOR PRIVACY","REDACTED FOR PRIVACY","","REDACTED FOR PRIVACY","REDACTED FOR PRIVACY","","","","","","","","","","","ns1.dreamhost.com","ns2.dreamhost.com","ns3.dreamhost.com","","","","",""
"4","beafpro.com","2021-07-08 16:55:41","2021-07-05","2021-07-05","2022-07-05","303","PDR Ltd. d/b/a PublicDomainRegistry.com","whois.publicdomainregistry.com","http://www.publicdomainregistry.com","kuate joel parfait","Dh company","damas, yaounde","yaounde","","237","Cameroon","darkhoeofficiel@yahoo.fr","+237.694311114","","Achille Frankie Ndjimi","CAMOO SARL","Rue 7001, Melen","Yaounde","","3891","Cameroon","domains@camoo.sarl","+237.222312027","","Achille Frankie Ndjimi","CAMOO SARL","Rue 7001, Melen","Yaounde","","3891","Cameroon","domains@camoo.sarl","+237.222312027","","","","","","","","","","","","ns1.camoogroup.com","ns2.camoogroup.com","","","clientTransferProhibited","","",""
"5","blaiseblaizo.com","2021-07-08 14:34:58","2021-07-05","2021-07-05","2022-07-05","1647","Hosting Concepts B.V. dba Openprovider","whois.registrar.eu","http://www.openprovider.com","REDACTED FOR PRIVACY","","REDACTED FOR PRIVACY","REDACTED FOR PRIVACY","Littoral","REDACTED FOR PRIVACY","Cameroon","","REDACTED FOR PRIVACY","REDACTED FOR PRIVACY","REDACTED FOR PRIVACY","REDACTED FOR PRIVACY","REDACTED FOR PRIVACY","REDACTED FOR PRIVACY","REDACTED FOR PRIVACY","REDACTED FOR PRIVACY","REDACTED FOR PRIVACY","","REDACTED FOR PRIVACY","REDACTED FOR PRIVACY","REDACTED FOR PRIVACY","REDACTED FOR PRIVACY","REDACTED FOR PRIVACY","REDACTED FOR PRIVACY","REDACTED FOR PRIVACY","REDACTED FOR PRIVACY","REDACTED FOR PRIVACY","","REDACTED FOR PRIVACY","REDACTED FOR PRIVACY","","","","","","","","","","","ns1.dns-parking.com","ns2.dns-parking.com","","","clientTransferProhibited","","",""
"6","bristyleevent.com","2021-07-08 14:33:52","2021-07-05","2021-07-06","2022-07-05","146","GoDaddy.com, LLC","whois.godaddy.com","http://registrar.godaddy.com","","","","","litoral","","Cameroon","","","","","","","","","","","","","","","","","","","","","","","","","","","","","","","","","","ns3011.mochahost.com","ns4011.mochahost.com","","","OK","","",""
"7","buymushroomonlineus.com","2021-07-08 16:54:44","2021-07-05","2021-07-05","2022-07-05","69","Tucows Domains Inc.","whois.tucows.com","http://domainhelp.opensrs.net","REDACTED FOR PRIVACY","REDACTED FOR PRIVACY","REDACTED FOR PRIVACY","REDACTED FOR PRIVACY","Cameroon/West Region","REDACTED FOR PRIVACY","Cameroon","","REDACTED FOR PRIVACY","REDACTED FOR PRIVACY","REDACTED FOR PRIVACY","REDACTED FOR PRIVACY","REDACTED FOR PRIVACY","REDACTED FOR PRIVACY","REDACTED FOR PRIVACY","REDACTED FOR PRIVACY","REDACTED FOR PRIVACY","","REDACTED FOR PRIVACY","REDACTED FOR PRIVACY","REDACTED FOR PRIVACY","REDACTED FOR PRIVACY","REDACTED FOR PRIVACY","REDACTED FOR PRIVACY","REDACTED FOR PRIVACY","REDACTED FOR PRIVACY","REDACTED FOR PRIVACY","","REDACTED FOR PRIVACY","REDACTED FOR PRIVACY","","","","","","","","","","","ns1.stackdns.com","ns2.stackdns.com","ns3.stackdns.com","ns4.stackdns.com","clientTransferProhibited","clientUpdateProhibited","",""
"8","camerwomen.com","2021-07-08 16:54:11","2021-07-05","2021-07-05","2022-07-05","81","Gandi SAS","whois.gandi.net","http://www.gandi.net","REDACTED FOR PRIVACY","","REDACTED FOR PRIVACY","REDACTED FOR PRIVACY","","REDACTED FOR PRIVACY","Cameroon","08ed7666c7cf7a367fb70301202bae98-29039114@contact.gandi.net","REDACTED FOR PRIVACY","REDACTED FOR PRIVACY","REDACTED FOR PRIVACY","REDACTED FOR PRIVACY","REDACTED FOR PRIVACY","REDACTED FOR PRIVACY","REDACTED FOR PRIVACY","REDACTED FOR PRIVACY","REDACTED FOR PRIVACY","08ed7666c7cf7a367fb70301202bae98-29039114@contact.gandi.net","REDACTED FOR PRIVACY","REDACTED FOR PRIVACY","REDACTED FOR PRIVACY","REDACTED FOR PRIVACY","REDACTED FOR PRIVACY","REDACTED FOR PRIVACY","REDACTED FOR PRIVACY","REDACTED FOR PRIVACY","REDACTED FOR PRIVACY","08ed7666c7cf7a367fb70301202bae98-29039114@contact.gandi.net","REDACTED FOR PRIVACY","REDACTED FOR PRIVACY","","","","","","","","","","","ns-179-b.gandi.net","ns-244-c.gandi.net","ns-8-a.gandi.net","","clientTransferProhibited","","",""
"9","chezkdo.com","2021-07-08 16:52:36","2021-07-05","2021-07-05","2022-07-05","303","PDR Ltd. d/b/a PublicDomainRegistry.com","whois.publicdomainregistry.com","http://www.publicdomainregistry.com","Djou Zangue Myrdal","XL-CORPORATION","Biscuiterie Obili","Yaounde","","","Cameroon","djouzangue@gmail.com","+237.695779179","","Achille Frankie Ndjimi","CAMOO SARL","Rue d'Elig Efa, Melen","Yaounde","","3891","Cameroon","domains@camoo.sarl","+237.222312027","","Achille Frankie Ndjimi","CAMOO SARL","Rue d'Elig Efa, Melen","Yaounde","","3891","Cameroon","domains@camoo.sarl","+237.222312027","","","","","","","","","","","","ns1.camoogroup.com","ns2.camoogroup.com","","","clientTransferProhibited","","",""
"10","demopubli.com","2021-07-08 18:10:09","2021-07-05","2021-07-05","2022-07-05","303","PDR Ltd. d/b/a PublicDomainRegistry.com","whois.publicdomainregistry.com","http://www.publicdomainregistry.com","Gaston Mobitang","G.O.A","Yaounde","Yaounde","","","Cameroon","goaentreprise@gmail.com","+237.673151975","","Achille Frankie Ndjimi","CAMOO SARL","Rue d'Elig Efa, Melen","Yaounde","","3891","Cameroon","domains@camoo.sarl","+237.222312027","","Achille Frankie Ndjimi","CAMOO SARL","Rue d'Elig Efa, Melen","Yaounde","","3891","Cameroon","domains@camoo.sarl","+237.222312027","","","","","","","","","","","","ns1.camoogroup.com","ns2.camoogroup.com","","","clientTransferProhibited","","",""
"11","digitsprint.com","2021-07-08 16:46:52","2021-07-05","2021-07-05","2022-07-05","48","eNom, Inc.","whois.enom.com","http://www.enom.com","REDACTED FOR PRIVACY","REDACTED FOR PRIVACY","REDACTED FOR PRIVACY","REDACTED FOR PRIVACY","LT","REDACTED FOR PRIVACY","Cameroon","","REDACTED FOR PRIVACY","REDACTED FOR PRIVACY","REDACTED FOR PRIVACY","REDACTED FOR PRIVACY","REDACTED FOR PRIVACY","REDACTED FOR PRIVACY","REDACTED FOR PRIVACY","REDACTED FOR PRIVACY","REDACTED FOR PRIVACY","","REDACTED FOR PRIVACY","REDACTED FOR PRIVACY","REDACTED FOR PRIVACY","REDACTED FOR PRIVACY","REDACTED FOR PRIVACY","REDACTED FOR PRIVACY","REDACTED FOR PRIVACY","REDACTED FOR PRIVACY","REDACTED FOR PRIVACY","","REDACTED FOR PRIVACY","REDACTED FOR PRIVACY","","","","","","","","","","","ns1.jangahost.com","ns2.jangahost.com","","","addPeriod","clientTransferProhibited","",""
"12","dominiontvnetwork.com","2021-07-08 16:46:10","2021-07-05","2021-07-05","2022-07-05","106","Ascio Technologies, Inc. Danmark - Filial af Ascio technologies, Inc. USA","whois.ascio.com","http://www.ascio.com","Not Disclosed","Not Disclosed","Not Disclosed","Not Disclosed","","Not Disclosed","Cameroon","","Not Disclosed","Not Disclosed","Not Disclosed","Not Disclosed","Not Disclosed","Not Disclosed","Not Disclosed","Not Disclosed","Not Disclosed","","Not Disclosed","Not Disclosed","Not Disclosed","Not Disclosed","Not Disclosed","Not Disclosed","Not Disclosed","Not Disclosed","Not Disclosed","","Not Disclosed","Not Disclosed","","","","","","","","","","","dns1.123hjemmeside.dk","dns2.123hjemmeside.dk","dns3.123hjemmeside.dk","","OK","","",""
"13","easybanksoft.com","2021-07-08 16:44:43","2021-07-05","2021-07-05","2022-07-05","303","PDR Ltd. d/b/a PublicDomainRegistry.com","whois.publicdomainregistry.com","http://www.publicdomainregistry.com","NSOGA Oscar","RAS","Yaounde","Yaounde","","1500","Cameroon","oscarbisso@gmail.com","+237.655597066","","Achille Frankie Ndjimi","CAMOO SARL","Rue d'Elig Efa, Melen","Yaounde","","3891","Cameroon","domains@camoo.sarl","+237.222312027","","Achille Frankie Ndjimi","CAMOO SARL","Rue d'Elig Efa, Melen","Yaounde","","3891","Cameroon","domains@camoo.sarl","+237.222312027","","","","","","","","","","","","ns1.camoogroup.com","ns2.camoogroup.com","","","clientTransferProhibited","","",""
"14","frostcannabisweedshop.com","2021-07-08 16:39:01","2021-07-05","2021-07-05","2022-07-05","1005","NetEarth One Inc. d/b/a NetEarth","whois.advancedregistrar.com","http://www.netearthone.com","Frostcannabis Weedshop","","Denver Colorado 1828","Denver","Colorado","80001","Cameroon","frostcannabisweedshop@gmail.com","+1.7205997089","","Frostcannabis Weedshop","","Denver Colorado 1828","Denver","Colorado","80001","Cameroon","frostcannabisweedshop@gmail.com","+1.7205997089","","Frostcannabis Weedshop","","Denver Colorado 1828","Denver","Colorado","80001","Cameroon","frostcannabisweedshop@gmail.com","+1.7205997089","","","","","","","","","","","","ns1.globexcamhost.com","ns2.globexcamhost.com","","","clientTransferProhibited","","",""
"15","garageprofil.com","2021-07-08 16:38:20","2021-07-05","2021-07-05","2022-07-05","74","Online SAS","whois.bookmyname.com","http://www.bookmyname.com","REDACTED FOR PRIVACY","","REDACTED FOR PRIVACY","REDACTED FOR PRIVACY","","REDACTED FOR PRIVACY","Cameroon","b7185db13f13f017.1737105@spamfree.bookmyname.com","REDACTED FOR PRIVACY","REDACTED FOR PRIVACY","Alexandre YEPES","O2SWITCH","222 Boulevard Gustave Flaubert","CLERMONT FERRAND","","63000","France","dns-nospam@o2switch.fr","+33.444446040","+33.444446041","Alexandre YEPES","O2SWITCH","222 Boulevard Gustave Flaubert","CLERMONT FERRAND","","63000","France","dns-nospam@o2switch.fr","+33.444446040","+33.444446041","","","","","","","","","","","ns1.o2switch.net","ns2.o2switch.net","","","clientTransferProhibited","","",""
"16","hafcharityinternational.com","2021-07-08 14:39:11","2021-07-05","2021-07-05","2022-07-05","955","Launchpad, Inc.","whois.launchpad.com","http://www.launchpad.com","desmond stark","None","659 bonanjo","Douala","CE","00000","Cameroon","fitback21@gmail.com","+237.679938023","","desmond stark","None","659 bonanjo","Douala","CE","00000","Cameroon","fitback21@gmail.com","+237.679938023","","desmond stark","None","659 bonanjo","Douala","CE","00000","Cameroon","fitback21@gmail.com","+237.679938023","","","","","","","","","","","","ns6403.hostgator.com","ns6404.hostgator.com","","","clientTransferProhibited","","",""
"17","highratedmunitions.com","2021-07-08 14:37:54","2021-07-05","","2022-07-05","1068","NameCheap, Inc.","whois.namecheap.com","http://www.namecheap.com","Ndip Junior Arrey Johnson","Johnson Empire","New Town Airport","Douala","Littoral","1000","Cameroon","arreyjohnson518@gmail.com","+237.675088243","","Ndip Junior Arrey Johnson","Johnson Empire","New Town Airport","Douala","Littoral","1000","Cameroon","arreyjohnson518@gmail.com","+237.675088243","","Ndip Junior Arrey Johnson","Johnson Empire","New Town Airport","Douala","Littoral","1000","Cameroon","arreyjohnson518@gmail.com","+237.675088243","","","","","","","","","","","","ns1.ntas-server.com","ns2.ntas-server.com","","","addPeriod","clientTransferProhibited","",""
"18","hotelbeloasis.com","2021-07-08 14:37:12","2021-07-05","2021-07-05","2022-07-05","303","PDR Ltd. d/b/a PublicDomainRegistry.com","whois.publicdomainregistry.com","http://www.publicdomainregistry.com","Arthur kith","ADK Comptuter","Douala Douala","Douala","237","BP 0821","Cameroon","arthurkith2@gmail.com","+237.698889995","","Arthur kith","ADK Comptuter","Douala Douala","Douala","237","BP 0821","Cameroon","arthurkith2@gmail.com","+237.698889995","","Arthur kith","ADK Comptuter","Douala Douala","Douala","237","BP 0821","Cameroon","arthurkith2@gmail.com","+237.698889995","","","","","","","","","","","","ns1.supercp.com","ns2.supercp.com","ns3.supercp.com","ns4.supercp.com","clientTransferProhibited","","",""
"19","jjcmrcarrentalservices.com","2021-07-08 16:31:50","2021-07-05","2021-07-05","2022-07-05","74","Online SAS","whois.bookmyname.com","http://www.bookmyname.com","REDACTED FOR PRIVACY","","REDACTED FOR PRIVACY","REDACTED FOR PRIVACY","","REDACTED FOR PRIVACY","Cameroon","3fda687555dede62.1737082@spamfree.bookmyname.com","REDACTED FOR PRIVACY","REDACTED FOR PRIVACY","Alexandre YEPES","O2SWITCH","222 Boulevard Gustave Flaubert","CLERMONT FERRAND","","63000","France","dns-nospam@o2switch.fr","+33.444446040","+33.444446041","Alexandre YEPES","O2SWITCH","222 Boulevard Gustave Flaubert","CLERMONT FERRAND","","63000","France","dns-nospam@o2switch.fr","+33.444446040","+33.444446041","","","","","","","","","","","ns1.o2switch.net","ns2.o2switch.net","","","clientTransferProhibited","","",""
"20","kkfa-safety.com","2021-07-08 16:29:17","2021-07-05","2021-07-05","2022-07-05","74","Online SAS","whois.bookmyname.com","http://www.bookmyname.com","REDACTED FOR PRIVACY","E-Business Cameroo SARL","REDACTED FOR PRIVACY","REDACTED FOR PRIVACY","","REDACTED FOR PRIVACY","Cameroon","f9e7f59c34a0d6bf.1688313@spamfree.bookmyname.com","REDACTED FOR PRIVACY","REDACTED FOR PRIVACY","REDACTED FOR PRIVACY","REDACTED FOR PRIVACY","REDACTED FOR PRIVACY","REDACTED FOR PRIVACY","REDACTED FOR PRIVACY","REDACTED FOR PRIVACY","REDACTED FOR PRIVACY","d1987df56d389f5c.18162@spamfree.bookmyname.com","REDACTED FOR PRIVACY","REDACTED FOR PRIVACY","REDACTED FOR PRIVACY","REDACTED FOR PRIVACY","REDACTED FOR PRIVACY","REDACTED FOR PRIVACY","REDACTED FOR PRIVACY","REDACTED FOR PRIVACY","REDACTED FOR PRIVACY","f9e7f59c34a0d6bf.1688313@spamfree.bookmyname.com","REDACTED FOR PRIVACY","REDACTED FOR PRIVACY","","","","","","","","","","","ns1.o2switch.net","ns2.o2switch.net","","","clientTransferProhibited","","",""
"21","legion-web.com","2021-07-08 11:36:00","2021-07-08","2021-07-08","2022-07-08","303","PDR Ltd. d/b/a PublicDomainRegistry.com","whois.publicdomainregistry.com","http://www.publicdomainregistry.com","Claude  Jordan AYISSI","Entreprise  LEGIONWEB","Yde Quartier emia","Yaounde","Centre","00000","Cameroon","claudejordanayissi@gmail.com","+237.691071367","","Claude  Jordan AYISSI","Entreprise  LEGIONWEB","Yde Quartier emia","Yaounde","Centre","00000","Cameroon","claudejordanayissi@gmail.com","+237.691071367","","Claude  Jordan AYISSI","Entreprise  LEGIONWEB","Yde Quartier emia","Yaounde","Centre","00000","Cameroon","claudejordanayissi@gmail.com","+237.691071367","","","","","","","","","","","","ns1.supercp.com","ns2.supercp.com","ns3.supercp.com","ns4.supercp.com","clientTransferProhibited","","",""
"22","magnatetrading.com","2021-07-08 14:18:03","2021-07-05","2021-07-05","2022-07-05","1647","Hosting Concepts B.V. dba Openprovider","whois.registrar.eu","http://www.openprovider.com","REDACTED FOR PRIVACY","","REDACTED FOR PRIVACY","REDACTED FOR PRIVACY","Centre","REDACTED FOR PRIVACY","Cameroon","","REDACTED FOR PRIVACY","REDACTED FOR PRIVACY","REDACTED FOR PRIVACY","REDACTED FOR PRIVACY","REDACTED FOR PRIVACY","REDACTED FOR PRIVACY","REDACTED FOR PRIVACY","REDACTED FOR PRIVACY","REDACTED FOR PRIVACY","","REDACTED FOR PRIVACY","REDACTED FOR PRIVACY","REDACTED FOR PRIVACY","REDACTED FOR PRIVACY","REDACTED FOR PRIVACY","REDACTED FOR PRIVACY","REDACTED FOR PRIVACY","REDACTED FOR PRIVACY","REDACTED FOR PRIVACY","","REDACTED FOR PRIVACY","REDACTED FOR PRIVACY","","","","","","","","","","","ns1.dns-parking.com","ns2.dns-parking.com","","","clientTransferProhibited","","",""
"23","mayaspethome.com","2021-07-08 16:22:40","2021-07-05","2021-07-05","2022-07-05","48","eNom, Inc.","whois.enom.com","http://www.enom.com","REDACTED FOR PRIVACY","REDACTED FOR PRIVACY","REDACTED FOR PRIVACY","REDACTED FOR PRIVACY","buea","REDACTED FOR PRIVACY","Cameroon","","REDACTED FOR PRIVACY","REDACTED FOR PRIVACY","REDACTED FOR PRIVACY","REDACTED FOR PRIVACY","REDACTED FOR PRIVACY","REDACTED FOR PRIVACY","REDACTED FOR PRIVACY","REDACTED FOR PRIVACY","REDACTED FOR PRIVACY","","REDACTED FOR PRIVACY","REDACTED FOR PRIVACY","REDACTED FOR PRIVACY","REDACTED FOR PRIVACY","REDACTED FOR PRIVACY","REDACTED FOR PRIVACY","REDACTED FOR PRIVACY","REDACTED FOR PRIVACY","REDACTED FOR PRIVACY","","REDACTED FOR PRIVACY","REDACTED FOR PRIVACY","","","","","","","","","","","ns1.blogvisa.com","ns2.blogvisa.com","","","addPeriod","clientTransferProhibited","",""
"24","mk-consultings.com","2021-07-08 17:06:58","2021-07-05","2021-07-05","2022-07-05","433","OVH sas","whois.ovh.com","http://www.ovh.com","REDACTED FOR PRIVACY","","REDACTED FOR PRIVACY","REDACTED FOR PRIVACY","","REDACTED FOR PRIVACY","Cameroon","","REDACTED FOR PRIVACY","REDACTED FOR PRIVACY","REDACTED FOR PRIVACY","REDACTED FOR PRIVACY","REDACTED FOR PRIVACY","REDACTED FOR PRIVACY","REDACTED FOR PRIVACY","REDACTED FOR PRIVACY","REDACTED FOR PRIVACY","","REDACTED FOR PRIVACY","REDACTED FOR PRIVACY","REDACTED FOR PRIVACY","REDACTED FOR PRIVACY","REDACTED FOR PRIVACY","REDACTED FOR PRIVACY","REDACTED FOR PRIVACY","REDACTED FOR PRIVACY","REDACTED FOR PRIVACY","","REDACTED FOR PRIVACY","REDACTED FOR PRIVACY","","","","","","","","","","","dns200.anycast.me","ns200.anycast.me","","","clientDeleteProhibited","clientTransferProhibited","",""
"25","nagrofunds.com","2021-07-08 16:18:40","2021-07-05","2021-07-05","2022-07-05","955","Launchpad, Inc.","whois.launchpad.com","http://www.launchpad.com","desmond stark","None","659 bonanjo","Douala","CE","00000","Cameroon","fitback21@gmail.com","+237.679938023","","desmond stark","None","659 bonanjo","Douala","CE","00000","Cameroon","fitback21@gmail.com","+237.679938023","","desmond stark","None","659 bonanjo","Douala","CE","00000","Cameroon","fitback21@gmail.com","+237.679938023","","","","","","","","","","","","ns6403.hostgator.com","ns6404.hostgator.com","","","clientTransferProhibited","","",""
"26","prepsychedelics.com","2021-07-08 16:14:21","2021-07-05","2021-07-05","2022-07-05","69","Tucows Domains Inc.","whois.tucows.com","http://domainhelp.opensrs.net","REDACTED FOR PRIVACY","REDACTED FOR PRIVACY","REDACTED FOR PRIVACY","REDACTED FOR PRIVACY","Cameroon/West Region","REDACTED FOR PRIVACY","Cameroon","","REDACTED FOR PRIVACY","REDACTED FOR PRIVACY","REDACTED FOR PRIVACY","REDACTED FOR PRIVACY","REDACTED FOR PRIVACY","REDACTED FOR PRIVACY","REDACTED FOR PRIVACY","REDACTED FOR PRIVACY","REDACTED FOR PRIVACY","","REDACTED FOR PRIVACY","REDACTED FOR PRIVACY","REDACTED FOR PRIVACY","REDACTED FOR PRIVACY","REDACTED FOR PRIVACY","REDACTED FOR PRIVACY","REDACTED FOR PRIVACY","REDACTED FOR PRIVACY","REDACTED FOR PRIVACY","","REDACTED FOR PRIVACY","REDACTED FOR PRIVACY","","","","","","","","","","","ns1.stackdns.com","ns2.stackdns.com","ns3.stackdns.com","ns4.stackdns.com","clientTransferProhibited","clientUpdateProhibited","",""
"27","sopadi.store","2021-07-08 15:08:17","2021-07-05","2021-07-07","2022-07-05","1630","Ligne Web Services SARL","whois.nic.fr","http://www.ait.com","","","","","","","Cameroon","","","","","","","","","","","","","","","","","","","","","","","","","","","","","","","","","","ns17.lwsdns.com","ns18.lwsdns.com","ns19.lwsdns.com","ns20.lwsdns.com","addPeriod","clientTransferProhibited","serverTransferProhibited",""
"28","swiftcargo-transport.com","2021-07-08 17:05:18","2021-07-05","2021-07-05","2022-07-05","303","PDR Ltd. d/b/a PublicDomainRegistry.com","whois.publicdomainregistry.com","http://www.publicdomainregistry.com","GEORGE VINCE","SWFIT CARGO TRANSPORT","4800 Beach Blvd #3,","BUEA","BUEA","00237","Cameroon","jacoaps90@gmail.com","+237.9945043","","GEORGE VINCE","SWFIT CARGO TRANSPORT","4800 Beach Blvd #3,","BUEA","BUEA","00237","Cameroon","jacoaps90@gmail.com","+237.9945043","","GEORGE VINCE","SWFIT CARGO TRANSPORT","4800 Beach Blvd #3,","BUEA","BUEA","00237","Cameroon","jacoaps90@gmail.com","+237.9945043","","","","","","","","","","","","ns1.uphoster.net","ns2.uphoster.net","","","clientTransferProhibited","","",""
"29","timegloballshipping.com","2021-07-08 14:43:23","2021-07-05","2021-07-05","2022-07-05","955","Launchpad, Inc.","whois.launchpad.com","http://www.launchpad.com","desmond stark","None","659 bonanjo","Douala","CE","00000","Cameroon","fitback21@gmail.com","+237.679938023","","desmond stark","None","659 bonanjo","Douala","CE","00000","Cameroon","fitback21@gmail.com","+237.679938023","","desmond stark","None","659 bonanjo","Douala","CE","00000","Cameroon","fitback21@gmail.com","+237.679938023","","","","","","","","","","","","ns1.timegloballshipping.com","ns2.timegloballshipping.com","","","clientTransferProhibited","","",""
"30","transxglobe.com","2021-07-08 17:30:20","2021-07-05","2021-07-06","2022-07-05","955","Launchpad, Inc.","whois.launchpad.com","http://www.launchpad.com","chong kaa","None","Molyko","Buea","SW","","Cameroon","jaid447427@gmail.com","+237.650579855","","chong kaa","None","Molyko","Buea","SW","","Cameroon","jaid447427@gmail.com","+237.650579855","","chong kaa","None","Molyko","Buea","SW","","Cameroon","jaid447427@gmail.com","+237.650579855","","","","","","","","","","","","dns1.namecheaphosting.com","dns2.namecheaphosting.com","","","clientTransferProhibited","","",""
"31","usksolution.net","2021-07-08 15:29:18","2021-07-04","2021-07-04","2022-07-04","69","Tucows Domains Inc.","whois.tucows.com","http://domainhelp.opensrs.net","REDACTED FOR PRIVACY","REDACTED FOR PRIVACY","REDACTED FOR PRIVACY","REDACTED FOR PRIVACY","East","REDACTED FOR PRIVACY","Cameroon","","REDACTED FOR PRIVACY","REDACTED FOR PRIVACY","REDACTED FOR PRIVACY","REDACTED FOR PRIVACY","REDACTED FOR PRIVACY","REDACTED FOR PRIVACY","REDACTED FOR PRIVACY","REDACTED FOR PRIVACY","REDACTED FOR PRIVACY","","REDACTED FOR PRIVACY","REDACTED FOR PRIVACY","REDACTED FOR PRIVACY","REDACTED FOR PRIVACY","REDACTED FOR PRIVACY","REDACTED FOR PRIVACY","REDACTED FOR PRIVACY","REDACTED FOR PRIVACY","REDACTED FOR PRIVACY","","REDACTED FOR PRIVACY","REDACTED FOR PRIVACY","","","","","","","","","","","ns1.systemdns.com","ns2.systemdns.com","ns3.systemdns.com","","clientTransferProhibited","clientUpdateProhibited","",""
"32","xvideocul.com","2021-07-08 15:53:01","2021-07-05","2021-07-05","2022-07-05","1647","Hosting Concepts B.V. dba Openprovider","whois.registrar.eu","http://www.openprovider.com","REDACTED FOR PRIVACY","","REDACTED FOR PRIVACY","REDACTED FOR PRIVACY","Littoral","REDACTED FOR PRIVACY","Cameroon","","REDACTED FOR PRIVACY","REDACTED FOR PRIVACY","REDACTED FOR PRIVACY","REDACTED FOR PRIVACY","REDACTED FOR PRIVACY","REDACTED FOR PRIVACY","REDACTED FOR PRIVACY","REDACTED FOR PRIVACY","REDACTED FOR PRIVACY","","REDACTED FOR PRIVACY","REDACTED FOR PRIVACY","REDACTED FOR PRIVACY","REDACTED FOR PRIVACY","REDACTED FOR PRIVACY","REDACTED FOR PRIVACY","REDACTED FOR PRIVACY","REDACTED FOR PRIVACY","REDACTED FOR PRIVACY","","REDACTED FOR PRIVACY","REDACTED FOR PRIVACY","","","","","","","","","","","ns1.dns-parking.com","ns2.dns-parking.com","","","clientTransferProhibited","","",""