"num","domain_name","query_time","create_date","update_date","expiry_date","domain_registrar_id","domain_registrar_name","domain_registrar_whois","domain_registrar_url","registrant_name","registrant_company","registrant_address","registrant_city","registrant_state","registrant_zip","registrant_country","registrant_email","registrant_phone","registrant_fax","administrative_name","administrative_company","administrative_address","administrative_city","administrative_state","administrative_zip","administrative_country","administrative_email","administrative_phone","administrative_fax","technical_name","technical_company","technical_address","technical_city","technical_state","technical_zip","technical_country","technical_email","technical_phone","technical_fax","billing_name","billing_company","billing_address","billing_city","billing_state","billing_zip","billing_country","billing_email","billing_phone","billing_fax","name_server_1","name_server_2","name_server_3","name_server_4","domain_status_1","domain_status_2","domain_status_3","domain_status_4"
"1","academiacdc.com","2021-07-08 17:02:18","2021-07-05","2021-07-05","2023-07-05","146","GoDaddy.com, LLC","whois.godaddy.com","http://registrar.godaddy.com","CDC ACADEMIA LTDA","CDC ACADEMIA LTDA","","","RM","","Chile","","","","","","","","","","","","","","","","","","","","","","","","","","","","","","","","","","ns35.domaincontrol.com","ns36.domaincontrol.com","","","clientDeleteProhibited","clientRenewProhibited","clientTransferProhibited","clientUpdateProhibited"
"2","acpormandy.com","2021-07-08 17:02:02","2021-07-05","2021-07-05","2022-07-05","146","GoDaddy.com, LLC","whois.godaddy.com","http://registrar.godaddy.com","Sano con Amor EIRL","Sano con Amor EIRL","","","Region Metropolitana de Santiago","","Chile","","","","","","","","","","","","","","","","","","","","","","","","","","","","","","","","","","ns25.domaincontrol.com","ns26.domaincontrol.com","","","clientDeleteProhibited","clientRenewProhibited","clientTransferProhibited","clientUpdateProhibited"
"3","adminupgirl.com","2021-07-08 17:01:53","2021-07-05","2021-07-05","2022-07-05","303","PDR Ltd. d/b/a PublicDomainRegistry.com","whois.publicdomainregistry.com","http://www.publicdomainregistry.com","Kim Maturana Barias","UpGirl Company SpA","Av. Apoquindo 6410 of 605 Las Condes","Santiago","Region Metropolitana de Santiago","7550000","Chile","k.maturana@upgirl.cl","+56.968213316","","Kim Maturana Barias","UpGirl Company SpA","Av. Apoquindo 6410 of 605 Las Condes","Santiago","Region Metropolitana de Santiago","7550000","Chile","k.maturana@upgirl.cl","+56.968213316","","Kim Maturana Barias","UpGirl Company SpA","Av. Apoquindo 6410 of 605 Las Condes","Santiago","Region Metropolitana de Santiago","7550000","Chile","k.maturana@upgirl.cl","+56.968213316","","","","","","","","","","","","ns1.dnsmisitio.net","ns2.dnsmisitio.net","ns3.dnsmisitio.net","","clientTransferProhibited","","",""
"4","aldeadetulor.com","2021-07-08 17:00:27","2021-07-05","2021-07-05","2022-07-05","1383","Soluciones Corporativas IP, SLU","whois.scip.es","http://www.dondominio.com","REDACTED FOR PRIVACY","","REDACTED FOR PRIVACY","REDACTED FOR PRIVACY","antofagasta","REDACTED FOR PRIVACY","Chile","","REDACTED FOR PRIVACY","REDACTED FOR PRIVACY","REDACTED FOR PRIVACY","REDACTED FOR PRIVACY","REDACTED FOR PRIVACY","REDACTED FOR PRIVACY","REDACTED FOR PRIVACY","REDACTED FOR PRIVACY","REDACTED FOR PRIVACY","","REDACTED FOR PRIVACY","REDACTED FOR PRIVACY","REDACTED FOR PRIVACY","REDACTED FOR PRIVACY","REDACTED FOR PRIVACY","REDACTED FOR PRIVACY","REDACTED FOR PRIVACY","REDACTED FOR PRIVACY","REDACTED FOR PRIVACY","","REDACTED FOR PRIVACY","REDACTED FOR PRIVACY","","","","","","","","","","","ns1.aldeadetulor.com","ns2.aldeadetulor.com","","","OK","","",""
"5","andes-riders.com","2021-07-08 16:59:28","2021-07-05","2021-07-05","2023-07-05","146","GoDaddy.com, LLC","whois.godaddy.com","http://registrar.godaddy.com","","","","","Metropolitana","","Chile","","","","","","","","","","","","","","","","","","","","","","","","","","","","","","","","","","ns25.domaincontrol.com","ns26.domaincontrol.com","","","clientDeleteProhibited","clientRenewProhibited","clientTransferProhibited","clientUpdateProhibited"
"6","anevarawebbuilder.com","2021-07-08 01:55:01","2021-07-01","2021-07-01","2022-07-01","1636","Hostinger, UAB","whois.hostinger.com","http://www.hostinger.com","Emilio Andres Aillapan Aravena","","Tres Oriente 8460","Santiago","Santiago","8320000","Chile","emilandresaravena@icloud.com","+56.952328638","","Emilio Andres Aillapan Aravena","","Tres Oriente 8460","Santiago","Santiago","8320000","Chile","emilandresaravena@icloud.com","+56.952328638","","Emilio Andres Aillapan Aravena","","Tres Oriente 8460","Santiago","Santiago","8320000","Chile","emilandresaravena@icloud.com","+56.952328638","","","","","","","","","","","","ns1.dns-parking.com","ns2.dns-parking.com","","","clientTransferProhibited","","",""
"7","animaloverscl.com","2021-07-08 16:59:09","2021-07-05","2021-07-05","2022-07-05","1647","Hosting Concepts B.V. dba Openprovider","whois.registrar.eu","http://www.openprovider.com","REDACTED FOR PRIVACY","","REDACTED FOR PRIVACY","REDACTED FOR PRIVACY","SANTIAGO","REDACTED FOR PRIVACY","Chile","","REDACTED FOR PRIVACY","REDACTED FOR PRIVACY","REDACTED FOR PRIVACY","REDACTED FOR PRIVACY","REDACTED FOR PRIVACY","REDACTED FOR PRIVACY","REDACTED FOR PRIVACY","REDACTED FOR PRIVACY","REDACTED FOR PRIVACY","","REDACTED FOR PRIVACY","REDACTED FOR PRIVACY","REDACTED FOR PRIVACY","REDACTED FOR PRIVACY","REDACTED FOR PRIVACY","REDACTED FOR PRIVACY","REDACTED FOR PRIVACY","REDACTED FOR PRIVACY","REDACTED FOR PRIVACY","","REDACTED FOR PRIVACY","REDACTED FOR PRIVACY","","","","","","","","","","","ns1.dns-parking.com","ns2.dns-parking.com","","","clientTransferProhibited","ok","",""
"8","applegal.online","2021-07-08 05:46:26","2021-07-08","","2022-07-08","1388","Dattatec.com SRL","whois.dattatec.com","http://www.dattatec.com","Martina Ferrada Contreras","Martina Ferrada Contreras","","","Biobio","","Chile","","","","","","","","","","","","","","","","","","","","","","","","","","","","","","","","","","ns1.donweb.cl","ns1.donweb.co","ns1.donweb.mx","ns1.donweb.uy","addPeriod","serverTransferProhibited","",""
"9","atacama-research.com","2021-07-08 16:57:29","2021-07-05","2021-07-05","2022-07-05","9","register.com, Inc.","whois.register.com","http://www.register.com","Vinales, Danton","PuntoTicket S.A.","Alonso de Cordova 5320, P.20","Santiago","Region Metropolitana","7560873","Chile","admin@puntoticket.com","+56.225955840","","Vinales, Danton","PuntoTicket S.A.","Alonso de Cordova 5320, P.20","Santiago","Region Metropolitana","7560873","Chile","admin@puntoticket.com","+56.225955840","","Vinales, Danton","PuntoTicket S.A.","Alonso de Cordova 5320, P.20","Santiago","Region Metropolitana","7560873","Chile","admin@puntoticket.com","+56.225955840","","","","","","","","","","","","hank.ns.cloudflare.com","isla.ns.cloudflare.com","","","clientTransferProhibited","","",""
"10","atacamaresearch.com","2021-07-08 16:57:24","2021-07-05","2021-07-05","2022-07-05","9","register.com, Inc.","whois.register.com","http://www.register.com","Vinales, Danton","PuntoTicket S.A.","Alonso de Cordova 5320, P.20","Santiago","Region Metropolitana","7560873","Chile","admin@puntoticket.com","+56.225955840","","Vinales, Danton","PuntoTicket S.A.","Alonso de Cordova 5320, P.20","Santiago","Region Metropolitana","7560873","Chile","admin@puntoticket.com","+56.225955840","","Vinales, Danton","PuntoTicket S.A.","Alonso de Cordova 5320, P.20","Santiago","Region Metropolitana","7560873","Chile","admin@puntoticket.com","+56.225955840","","","","","","","","","","","","hank.ns.cloudflare.com","isla.ns.cloudflare.com","","","clientTransferProhibited","","",""
"11","automotrizcastro.com","2021-07-08 16:56:58","2021-07-05","2021-07-07","2022-07-05","69","Tucows Domains Inc.","whois.tucows.com","http://domainhelp.opensrs.net","REDACTED FOR PRIVACY","REDACTED FOR PRIVACY","REDACTED FOR PRIVACY","REDACTED FOR PRIVACY","XX","REDACTED FOR PRIVACY","Chile","","REDACTED FOR PRIVACY","REDACTED FOR PRIVACY","REDACTED FOR PRIVACY","REDACTED FOR PRIVACY","REDACTED FOR PRIVACY","REDACTED FOR PRIVACY","REDACTED FOR PRIVACY","REDACTED FOR PRIVACY","REDACTED FOR PRIVACY","","REDACTED FOR PRIVACY","REDACTED FOR PRIVACY","REDACTED FOR PRIVACY","REDACTED FOR PRIVACY","REDACTED FOR PRIVACY","REDACTED FOR PRIVACY","REDACTED FOR PRIVACY","REDACTED FOR PRIVACY","REDACTED FOR PRIVACY","","REDACTED FOR PRIVACY","REDACTED FOR PRIVACY","","","","","","","","","","","ns1.siteground.net","ns2.siteground.net","","","clientTransferProhibited","clientUpdateProhibited","",""
"12","campusempresasdbs.com","2021-07-08 16:54:17","2021-07-05","2021-07-07","2022-07-05","303","PDR Ltd. d/b/a PublicDomainRegistry.com","whois.publicdomainregistry.com","http://www.publicdomainregistry.com","Luz Maria Imalay Galleguillos","INCEF","Laguna El Laja Norte 9168","Santinago","Metropolitana","8320000","Chile","luzmaria.imalay@incef.cl","+56.968787285","","Luz Maria Imalay Galleguillos","INCEF","Laguna El Laja Norte 9168","Santinago","Metropolitana","8320000","Chile","luzmaria.imalay@incef.cl","+56.968787285","","Luz Maria Imalay Galleguillos","INCEF","Laguna El Laja Norte 9168","Santinago","Metropolitana","8320000","Chile","luzmaria.imalay@incef.cl","+56.968787285","","","","","","","","","","","","ns1.empresadns.net","ns2.empresadns.net","ns3.empresadns.net","","clientTransferProhibited","","",""
"13","cartablu.info","2021-07-08 15:46:25","2021-07-06","2021-07-06","2022-07-06","146","GoDaddy.com, LLC","whois.godaddy.com","http://registrar.godaddy.com","Agrocannabischile","Agrocannabischile","","","olmue","","Chile","","","","","","","","","","","","","","","","","","","","","","","","","","","","","","","","","","ns65.domaincontrol.com","ns66.domaincontrol.com","","","addPeriod","clientDeleteProhibited","clientRenewProhibited","clientTransferProhibited"
"14","circulareh.com","2021-07-08 16:51:42","2021-07-05","2021-07-05","2022-07-05","1647","Hosting Concepts B.V. dba Openprovider","whois.registrar.eu","http://www.openprovider.com","REDACTED FOR PRIVACY","ehumana","REDACTED FOR PRIVACY","REDACTED FOR PRIVACY","Santiago","REDACTED FOR PRIVACY","Chile","","REDACTED FOR PRIVACY","REDACTED FOR PRIVACY","REDACTED FOR PRIVACY","REDACTED FOR PRIVACY","REDACTED FOR PRIVACY","REDACTED FOR PRIVACY","REDACTED FOR PRIVACY","REDACTED FOR PRIVACY","REDACTED FOR PRIVACY","","REDACTED FOR PRIVACY","REDACTED FOR PRIVACY","REDACTED FOR PRIVACY","REDACTED FOR PRIVACY","REDACTED FOR PRIVACY","REDACTED FOR PRIVACY","REDACTED FOR PRIVACY","REDACTED FOR PRIVACY","REDACTED FOR PRIVACY","","REDACTED FOR PRIVACY","REDACTED FOR PRIVACY","","","","","","","","","","","ns1.dns-parking.com","ns2.dns-parking.com","","","clientTransferProhibited","ok","",""
"15","comercialrvd.com","2021-07-08 17:49:53","2021-07-05","2021-07-05","2022-07-05","1388","Dattatec.com SRL","whois.dattatec.com","http://www.dattatec.com","Comercial RVD","Comercial RVD","Av. Providencia 1208, 0f. 207","","","","Chile","comercialrvd@hotmail.com","+56.56994353057","","Comercial RVD","Comercial RVD","Av. Providencia 1208, 0f. 207","","","","Chile","comercialrvd@hotmail.com","+56.56994353057","","Comercial RVD","Comercial RVD","Av. Providencia 1208, 0f. 207","","","","Chile","comercialrvd@hotmail.com","+56.56994353057","","","","","","","","","","","","ns1.donweb.cl","ns1.donweb.co","ns1.donweb.mx","ns1.donweb.uy","OK","","",""
"16","constructoraquinurspa.com","2021-07-08 16:50:19","2021-07-05","2021-07-05","2022-07-05","433","OVH sas","whois.ovh.com","http://www.ovh.com","REDACTED FOR PRIVACY","","REDACTED FOR PRIVACY","REDACTED FOR PRIVACY","Region Metropolitana - Santiago","REDACTED FOR PRIVACY","Chile","","REDACTED FOR PRIVACY","REDACTED FOR PRIVACY","REDACTED FOR PRIVACY","REDACTED FOR PRIVACY","REDACTED FOR PRIVACY","REDACTED FOR PRIVACY","REDACTED FOR PRIVACY","REDACTED FOR PRIVACY","REDACTED FOR PRIVACY","","REDACTED FOR PRIVACY","REDACTED FOR PRIVACY","REDACTED FOR PRIVACY","REDACTED FOR PRIVACY","REDACTED FOR PRIVACY","REDACTED FOR PRIVACY","REDACTED FOR PRIVACY","REDACTED FOR PRIVACY","REDACTED FOR PRIVACY","","REDACTED FOR PRIVACY","REDACTED FOR PRIVACY","","","","","","","","","","","dns106.ovh.net","ns106.ovh.net","","","clientDeleteProhibited","clientTransferProhibited","",""
"17","convencion.info","2021-07-08 15:48:16","2021-07-06","2021-07-06","2022-07-06","303","PDR Ltd. d/b/a PublicDomainRegistry.com","whois.publicdomainregistry.com","http://www.publicdomainregistry.com","","","","","RM","","Chile","","","","","","","","","","","","","","","","","","","","","","","","","","","","","","","","","","ns14.hostgator.cl","ns15.hostgator.cl","","","addPeriod","clientTransferProhibited","serverTransferProhibited",""
"18","copeteadomicilio.com","2021-07-08 18:37:57","2021-07-05","2021-07-05","2022-07-05","625","Name.com, Inc.","whois.name.com","http://www.name.com","Nelson Breguel","Nelson Breguel","General Prieto 250 Los Almendros , Renaca","Vina del Mar","Valparaiso","2520000","Chile","","Non-Public Data","","Nelson Breguel","Nelson Breguel","General Prieto 250 Los Almendros , Renaca","Vina del Mar","Valparaiso","2520000","Chile","","Non-Public Data","","Nelson Breguel","Nelson Breguel","General Prieto 250 Los Almendros , Renaca","Vina del Mar","Valparaiso","2520000","Chile","","Non-Public Data","","","","","","","","","","","","ns1bcp.name.com","ns2fjz.name.com","ns3hjx.name.com","ns4fmw.name.com","addPeriod","clientTransferProhibited","",""
"19","corredoresprocanje.com","2021-07-08 16:50:10","2021-07-05","2021-07-05","2022-07-05","1388","Dattatec.com SRL","whois.dattatec.com","http://www.dattatec.com","Francisco Foncea","Francisco Foncea","general cordova","","","","Chile","franciscofoncea@gmail.com","+56.965393423","","Francisco Foncea","Francisco Foncea","general cordova","","","","Chile","franciscofoncea@gmail.com","+56.965393423","","Francisco Foncea","Francisco Foncea","general cordova","","","","Chile","franciscofoncea@gmail.com","+56.965393423","","","","","","","","","","","","ns1.tubien.co","ns2.tubien.co","","","OK","","",""
"20","criptolance.com","2021-07-08 16:49:41","2021-07-05","2021-07-05","2022-07-05","1647","Hosting Concepts B.V. dba Openprovider","whois.registrar.eu","http://www.openprovider.com","REDACTED FOR PRIVACY","","REDACTED FOR PRIVACY","REDACTED FOR PRIVACY","SANTIAGO","REDACTED FOR PRIVACY","Chile","","REDACTED FOR PRIVACY","REDACTED FOR PRIVACY","REDACTED FOR PRIVACY","REDACTED FOR PRIVACY","REDACTED FOR PRIVACY","REDACTED FOR PRIVACY","REDACTED FOR PRIVACY","REDACTED FOR PRIVACY","REDACTED FOR PRIVACY","","REDACTED FOR PRIVACY","REDACTED FOR PRIVACY","REDACTED FOR PRIVACY","REDACTED FOR PRIVACY","REDACTED FOR PRIVACY","REDACTED FOR PRIVACY","REDACTED FOR PRIVACY","REDACTED FOR PRIVACY","REDACTED FOR PRIVACY","","REDACTED FOR PRIVACY","REDACTED FOR PRIVACY","","","","","","","","","","","ns1.dns-parking.com","ns2.dns-parking.com","","","clientTransferProhibited","","",""
"21","cumbrecl.com","2021-07-08 16:49:23","2021-07-05","2021-07-05","2022-07-05","303","PDR Ltd. d/b/a PublicDomainRegistry.com","whois.publicdomainregistry.com","http://www.publicdomainregistry.com","Felipe Rojas","frg","Alvarez de toledo 764","Santiago","Metropolitana","1800000","Chile","contacto@frg.cl","+56.984465419","","Felipe Rojas","frg","Alvarez de toledo 764","Santiago","Metropolitana","1800000","Chile","contacto@frg.cl","+56.984465419","","Felipe Rojas","frg","Alvarez de toledo 764","Santiago","Metropolitana","1800000","Chile","contacto@frg.cl","+56.984465419","","","","","","","","","","","","ns1.frg.cl","ns2.frg.cl","","","clientTransferProhibited","","",""
"22","cwl.agency","2021-07-08 14:15:12","2021-07-05","2021-07-05","2022-07-05","146","GoDaddy.com, LLC","whois.godaddy.com","http://registrar.godaddy.com","REDACTED FOR PRIVACY","SocialMedia Venezuela","REDACTED FOR PRIVACY","REDACTED FOR PRIVACY","Tachira","REDACTED FOR PRIVACY","Chile","","REDACTED FOR PRIVACY","REDACTED FOR PRIVACY","","","","","","","","","","","","","","","","","","","","","","","","","","","","","","","","","","","addPeriod","clientDeleteProhibited","clientRenewProhibited","clientTransferProhibited"
"23","davidkressin.com","2021-07-08 16:48:08","2021-07-05","2021-07-05","2022-07-05","48","eNom, Inc.","whois.enom.com","http://www.enom.com","REDACTED FOR PRIVACY","REDACTED FOR PRIVACY","REDACTED FOR PRIVACY","REDACTED FOR PRIVACY","Biobio","REDACTED FOR PRIVACY","Chile","","REDACTED FOR PRIVACY","REDACTED FOR PRIVACY","REDACTED FOR PRIVACY","REDACTED FOR PRIVACY","REDACTED FOR PRIVACY","REDACTED FOR PRIVACY","REDACTED FOR PRIVACY","REDACTED FOR PRIVACY","REDACTED FOR PRIVACY","","REDACTED FOR PRIVACY","REDACTED FOR PRIVACY","REDACTED FOR PRIVACY","REDACTED FOR PRIVACY","REDACTED FOR PRIVACY","REDACTED FOR PRIVACY","REDACTED FOR PRIVACY","REDACTED FOR PRIVACY","REDACTED FOR PRIVACY","","REDACTED FOR PRIVACY","REDACTED FOR PRIVACY","","","","","","","","","","","dns1.ninjahosting.cl","dns2.ninjahosting.cl","","","addPeriod","clientTransferProhibited","",""
"24","diamondpaintingsantiago.com","2021-07-08 16:47:07","2021-07-05","2021-07-05","2022-07-05","69","Tucows Domains Inc.","whois.tucows.com","http://domainhelp.opensrs.net","REDACTED FOR PRIVACY","REDACTED FOR PRIVACY","REDACTED FOR PRIVACY","REDACTED FOR PRIVACY","XX","REDACTED FOR PRIVACY","Chile","","REDACTED FOR PRIVACY","REDACTED FOR PRIVACY","REDACTED FOR PRIVACY","REDACTED FOR PRIVACY","REDACTED FOR PRIVACY","REDACTED FOR PRIVACY","REDACTED FOR PRIVACY","REDACTED FOR PRIVACY","REDACTED FOR PRIVACY","","REDACTED FOR PRIVACY","REDACTED FOR PRIVACY","REDACTED FOR PRIVACY","REDACTED FOR PRIVACY","REDACTED FOR PRIVACY","REDACTED FOR PRIVACY","REDACTED FOR PRIVACY","REDACTED FOR PRIVACY","REDACTED FOR PRIVACY","","REDACTED FOR PRIVACY","REDACTED FOR PRIVACY","","","","","","","","","","","ns1.siteground.net","ns2.siteground.net","","","clientTransferProhibited","clientUpdateProhibited","",""
"25","drabarbarasoto.com","2021-07-08 16:45:19","2021-07-05","2021-07-05","2022-07-05","1647","Hosting Concepts B.V. dba Openprovider","whois.registrar.eu","http://www.openprovider.com","REDACTED FOR PRIVACY","Clinica Dra. Barbara Soto","REDACTED FOR PRIVACY","REDACTED FOR PRIVACY","metropolitana","REDACTED FOR PRIVACY","Chile","","REDACTED FOR PRIVACY","REDACTED FOR PRIVACY","REDACTED FOR PRIVACY","REDACTED FOR PRIVACY","REDACTED FOR PRIVACY","REDACTED FOR PRIVACY","REDACTED FOR PRIVACY","REDACTED FOR PRIVACY","REDACTED FOR PRIVACY","","REDACTED FOR PRIVACY","REDACTED FOR PRIVACY","REDACTED FOR PRIVACY","REDACTED FOR PRIVACY","REDACTED FOR PRIVACY","REDACTED FOR PRIVACY","REDACTED FOR PRIVACY","REDACTED FOR PRIVACY","REDACTED FOR PRIVACY","","REDACTED FOR PRIVACY","REDACTED FOR PRIVACY","","","","","","","","","","","ns54.v2net.cl","ns55.v2net.cl","","","clientTransferProhibited","ok","",""
"26","e-htorres.com","2021-07-08 16:44:49","2021-07-05","2021-07-05","2022-07-05","1647","Hosting Concepts B.V. dba Openprovider","whois.registrar.eu","http://www.openprovider.com","REDACTED FOR PRIVACY","","REDACTED FOR PRIVACY","REDACTED FOR PRIVACY","RM","REDACTED FOR PRIVACY","Chile","","REDACTED FOR PRIVACY","REDACTED FOR PRIVACY","REDACTED FOR PRIVACY","REDACTED FOR PRIVACY","REDACTED FOR PRIVACY","REDACTED FOR PRIVACY","REDACTED FOR PRIVACY","REDACTED FOR PRIVACY","REDACTED FOR PRIVACY","","REDACTED FOR PRIVACY","REDACTED FOR PRIVACY","REDACTED FOR PRIVACY","REDACTED FOR PRIVACY","REDACTED FOR PRIVACY","REDACTED FOR PRIVACY","REDACTED FOR PRIVACY","REDACTED FOR PRIVACY","REDACTED FOR PRIVACY","","REDACTED FOR PRIVACY","REDACTED FOR PRIVACY","","","","","","","","","","","dns1.hostingplus.cl","dns2.hostingplus.cl","dns3.hostingplus.cl","","clientTransferProhibited","ok","",""
"27","edugami.pro","2021-07-08 14:49:47","2021-07-05","2021-07-05","2022-07-05","146","GoDaddy.com, LLC","whois.godaddy.com","http://registrar.godaddy.com","","","","","Region Metropolitana de Santiago","","Chile","","","","","","","","","","","","","","","","","","","","","","","","","","","","","","","","","","ns10.wixdns.net","ns11.wixdns.net","","","addPeriod","clientDeleteProhibited","clientRenewProhibited","clientTransferProhibited"
"28","elimoon.com","2021-07-08 17:27:20","2021-07-05","2021-07-05","2022-07-05","48","eNom, Inc.","whois.enom.com","http://www.enom.com","REDACTED FOR PRIVACY","REDACTED FOR PRIVACY","REDACTED FOR PRIVACY","REDACTED FOR PRIVACY","Region Metropolitana","REDACTED FOR PRIVACY","Chile","","REDACTED FOR PRIVACY","REDACTED FOR PRIVACY","REDACTED FOR PRIVACY","REDACTED FOR PRIVACY","REDACTED FOR PRIVACY","REDACTED FOR PRIVACY","REDACTED FOR PRIVACY","REDACTED FOR PRIVACY","REDACTED FOR PRIVACY","","REDACTED FOR PRIVACY","REDACTED FOR PRIVACY","REDACTED FOR PRIVACY","REDACTED FOR PRIVACY","REDACTED FOR PRIVACY","REDACTED FOR PRIVACY","REDACTED FOR PRIVACY","REDACTED FOR PRIVACY","REDACTED FOR PRIVACY","","REDACTED FOR PRIVACY","REDACTED FOR PRIVACY","","","","","","","","","","","dns1.ihost.cl","dns2.ihost.cl","","","addPeriod","clientTransferProhibited","",""
"29","elimoongroup.com","2021-07-08 16:44:03","2021-07-05","2021-07-05","2022-07-05","48","eNom, Inc.","whois.enom.com","http://www.enom.com","REDACTED FOR PRIVACY","REDACTED FOR PRIVACY","REDACTED FOR PRIVACY","REDACTED FOR PRIVACY","Region Metropolitana","REDACTED FOR PRIVACY","Chile","","REDACTED FOR PRIVACY","REDACTED FOR PRIVACY","REDACTED FOR PRIVACY","REDACTED FOR PRIVACY","REDACTED FOR PRIVACY","REDACTED FOR PRIVACY","REDACTED FOR PRIVACY","REDACTED FOR PRIVACY","REDACTED FOR PRIVACY","","REDACTED FOR PRIVACY","REDACTED FOR PRIVACY","REDACTED FOR PRIVACY","REDACTED FOR PRIVACY","REDACTED FOR PRIVACY","REDACTED FOR PRIVACY","REDACTED FOR PRIVACY","REDACTED FOR PRIVACY","REDACTED FOR PRIVACY","","REDACTED FOR PRIVACY","REDACTED FOR PRIVACY","","","","","","","","","","","dns1.ihost.cl","dns2.ihost.cl","","","addPeriod","clientTransferProhibited","",""
"30","engedros.com","2021-07-08 16:43:32","2021-07-05","2021-07-05","2022-07-05","1388","Dattatec.com SRL","whois.dattatec.com","http://www.dattatec.com","Ricardo Javier Quintana Munoz","Ricardo Javier Quintana Munoz","Engedralia","","","","Chile","ricardomerkat@gmail.com","+56.+56 9 4037 8","","Ricardo Javier Quintana Munoz","Ricardo Javier Quintana Munoz","Engedralia","","","","Chile","ricardomerkat@gmail.com","+56.+56 9 4037 8","","Ricardo Javier Quintana Munoz","Ricardo Javier Quintana Munoz","Engedralia","","","","Chile","ricardomerkat@gmail.com","+56.+56 9 4037 8","","","","","","","","","","","","ns1.donweb.cl","ns1.donweb.co","ns1.donweb.mx","ns1.donweb.uy","OK","","",""
"31","equilibriocosmico.com","2021-07-08 17:40:34","2021-07-05","2021-07-05","2022-07-05","1388","Dattatec.com SRL","whois.dattatec.com","http://www.dattatec.com","Nasin Mohamed","Nasin Mohamed","puertas del mar 425","","","","Chile","dharmedia@hotmail.com","+56.972196842","","Nasin Mohamed","Nasin Mohamed","puertas del mar 425","","","","Chile","dharmedia@hotmail.com","+56.972196842","","Nasin Mohamed","Nasin Mohamed","puertas del mar 425","","","","Chile","dharmedia@hotmail.com","+56.972196842","","","","","","","","","","","","ns1.donweb.cl","ns1.donweb.co","ns1.donweb.mx","ns1.donweb.uy","OK","","",""
"32","escueladeloficio.com","2021-07-08 16:43:02","2021-07-05","2021-07-05","2023-07-05","146","GoDaddy.com, LLC","whois.godaddy.com","http://registrar.godaddy.com","Multidev","Multidev","","","Santiago","","Chile","","","","","","","","","","","","","","","","","","","","","","","","","","","","","","","","","","ns35.domaincontrol.com","ns36.domaincontrol.com","","","clientDeleteProhibited","clientRenewProhibited","clientTransferProhibited","clientUpdateProhibited"
"33","estadoanimal.com","2021-07-08 16:42:30","2021-07-05","2021-07-05","2022-07-05","625","Name.com, Inc.","whois.name.com","http://www.name.com","ruben olivares","","santa amalia 0161","santiago","metropolitana","00000000","Chile","","Non-Public Data","","ruben olivares","","santa amalia 0161","santiago","metropolitana","00000000","Chile","","Non-Public Data","","ruben olivares","","santa amalia 0161","santiago","metropolitana","00000000","Chile","","Non-Public Data","","","","","","","","","","","","ns1kwy.name.com","ns2fhn.name.com","ns3gmv.name.com","ns4cgs.name.com","addPeriod","clientTransferProhibited","",""
"34","evobanco.digital","2021-07-08 05:10:33","2021-07-07","2021-07-07","2022-07-07","1636","Hostinger, UAB","whois.hostinger.com","http://www.hostinger.com","REDACTED FOR PRIVACY","Not Applicable","REDACTED FOR PRIVACY","REDACTED FOR PRIVACY","Santiago","REDACTED FOR PRIVACY","Chile","","REDACTED FOR PRIVACY","REDACTED FOR PRIVACY","","","","","","","","","","","","","","","","","","","","","","","","","","","","","","","","","","","addPeriod","clientTransferProhibited","",""
"35","exopadel.com","2021-07-08 16:42:04","2021-07-05","2021-07-05","2022-07-05","146","GoDaddy.com, LLC","whois.godaddy.com","http://registrar.godaddy.com","By Barcelona SpA","By Barcelona SpA","","","Region del Maule","","Chile","","","","","","","","","","","","","","","","","","","","","","","","","","","","","","","","","","ns55.domaincontrol.com","ns56.domaincontrol.com","","","clientDeleteProhibited","clientRenewProhibited","clientTransferProhibited","clientUpdateProhibited"
"36","experiencesrentals.com","2021-07-08 16:41:59","2021-07-05","2021-07-05","2022-07-05","303","PDR Ltd. d/b/a PublicDomainRegistry.com","whois.publicdomainregistry.com","http://www.publicdomainregistry.com","Michael Vecchi","","manuel varas 165, comuna de mariquina, region de los rios.","san jose de la mariquina","Los Rios","5150000","Chile","michaelvecchig@gmail.com","+56.930724666","","Michael Vecchi","","manuel varas 165, comuna de mariquina, region de los rios.","san jose de la mariquina","Los Rios","5150000","Chile","michaelvecchig@gmail.com","+56.930724666","","Michael Vecchi","","manuel varas 165, comuna de mariquina, region de los rios.","san jose de la mariquina","Los Rios","5150000","Chile","michaelvecchig@gmail.com","+56.930724666","","","","","","","","","","","","ns1.dnsmisitio.net","ns2.dnsmisitio.net","ns3.dnsmisitio.net","","clientTransferProhibited","","",""
"37","felipeibarra.com","2021-07-08 17:54:19","2021-07-05","2021-07-05","2022-07-05","379","Arsys Internet, S.L. dba NICLINE.COM","whois.nicline.com","http://www.nicline.com","REDACTED FOR PRIVACY","","REDACTED FOR PRIVACY","REDACTED FOR PRIVACY","SIN PROVINCIA","REDACTED FOR PRIVACY","Chile","whoiscontact@domainconnection.info","REDACTED FOR PRIVACY","REDACTED FOR PRIVACY","REDACTED FOR PRIVACY","REDACTED FOR PRIVACY","REDACTED FOR PRIVACY","REDACTED FOR PRIVACY","REDACTED FOR PRIVACY","REDACTED FOR PRIVACY","REDACTED FOR PRIVACY","whoiscontact@domainconnection.info","REDACTED FOR PRIVACY","REDACTED FOR PRIVACY","REDACTED FOR PRIVACY","REDACTED FOR PRIVACY","REDACTED FOR PRIVACY","REDACTED FOR PRIVACY","REDACTED FOR PRIVACY","REDACTED FOR PRIVACY","REDACTED FOR PRIVACY","whoiscontact@domainconnection.info","REDACTED FOR PRIVACY","REDACTED FOR PRIVACY","","","","","","","","","","","ns25.piensasolutions.com","ns26.piensasolutions.com","","","addPeriod","clientTransferProhibited","",""
"38","franklesco.com","2021-07-08 16:39:18","2021-07-05","2021-07-05","2022-07-05","1154","FastDomain Inc.","whois.fastdomain.com","http://www.fastdomain.com","VALENTINA PEFAUR","VPEFAUR","LAS CLARISAS 32","SANTIAGO","","756-0760","Chile","valepefaur@gmail.com","+56.950305421","","VALENTINA PEFAUR","VPEFAUR","LAS CLARISAS 32","SANTIAGO","","756-0760","Chile","valepefaur@gmail.com","+56.950305421","","BLUEHOST INC","BLUEHOST.COM","550 E TIMPANOGOS PKWY","OREM","UTAH","84097","United States","domain@redl.ca","+1.8017659400","+1.8017651992","","","","","","","","","","","ns1.bluehost.com","ns2.bluehost.com","","","clientTransferProhibited","","",""
"39","freshandsilky.com","2021-07-08 18:40:39","2021-07-05","2021-07-05","2022-07-05","146","GoDaddy.com, LLC","whois.godaddy.com","http://registrar.godaddy.com","","","","","Metropolitana","","Chile","","","","","","","","","","","","","","","","","","","","","","","","","","","","","","","","","","ns1.txpro13.fcomet.com","ns2.txpro13.fcomet.com","","","clientDeleteProhibited","clientRenewProhibited","clientTransferProhibited","clientUpdateProhibited"
"40","fundacionmaxneef.com","2021-07-08 16:38:56","2021-07-05","2021-07-05","2022-07-05","1647","Hosting Concepts B.V. dba Openprovider","whois.registrar.eu","http://www.openprovider.com","Redacted for privacy","","Redacted for privacy","Redacted for privacy","los rios","Redacted for privacy","Chile","","Redacted for privacy","Redacted for privacy","REDACTED FOR PRIVACY","REDACTED FOR PRIVACY","REDACTED FOR PRIVACY","REDACTED FOR PRIVACY","REDACTED FOR PRIVACY","REDACTED FOR PRIVACY","REDACTED FOR PRIVACY","","REDACTED FOR PRIVACY","REDACTED FOR PRIVACY","REDACTED FOR PRIVACY","REDACTED FOR PRIVACY","REDACTED FOR PRIVACY","REDACTED FOR PRIVACY","REDACTED FOR PRIVACY","REDACTED FOR PRIVACY","REDACTED FOR PRIVACY","","REDACTED FOR PRIVACY","REDACTED FOR PRIVACY","","","","","","","","","","","ns01.inc.cl","ns02.inc.cl","ns03.inc.cl","ns04.inc.cl","clientTransferProhibited","ok","",""
"41","haddi.cat","2021-07-08 14:16:53","2021-07-05","2021-07-05","2022-07-05","76","Nominalia Internet S.L.","whois.nominalia.com","http://www.nominalia.com","HADDI","HADDI","","","TALCA","","Chile","","","","","","","","","","","","","","","","","","","","","","","","","","","","","","","","","","lars.ns.cloudflare.com","megan.ns.cloudflare.com","","","addPeriod","serverTransferProhibited","",""
"42","hectoresfit.com","2021-07-08 14:38:25","2021-07-05","2021-07-06","2022-07-05","1479","Namesilo, LLC","whois.namesilo.com","http://www.namesilo.com","Hector Suarez","","Conde del Maule 4175 apartamento 2201","Santiago","Region Metropolitana de Santiago","8320000","Chile","hlsuarez90@gmail.com","+56.973626188","","Hector Suarez","","Conde del Maule 4175 apartamento 2201","Santiago","Region Metropolitana de Santiago","8320000","Chile","hlsuarez90@gmail.com","+56.973626188","","Hector Suarez","","Conde del Maule 4175 apartamento 2201","Santiago","Region Metropolitana de Santiago","8320000","Chile","hlsuarez90@gmail.com","+56.973626188","","","","","","","","","","","","ns8908.banahosting.com","ns8909.banahosting.com","","","clientTransferProhibited","","",""
"43","imenosd.online","2021-07-08 15:26:32","2021-07-06","2021-07-06","2022-07-06","1636","Hostinger, UAB","whois.hostinger.com","http://www.hostinger.com","Not Applicable","Not Applicable","","","Araucania","","Chile","","","","","","","","","","","","","","","","","","","","","","","","","","","","","","","","","","ns1.vultr.com","ns2.vultr.com","","","addPeriod","clientTransferProhibited","serverTransferProhibited",""
"44","importacionesjdrstore.com","2021-07-08 16:34:36","2021-07-05","2021-07-05","2022-07-05","69","Tucows Domains Inc.","whois.tucows.com","http://domainhelp.opensrs.net","REDACTED FOR PRIVACY","REDACTED FOR PRIVACY","REDACTED FOR PRIVACY","REDACTED FOR PRIVACY","XX","REDACTED FOR PRIVACY","Chile","","REDACTED FOR PRIVACY","REDACTED FOR PRIVACY","REDACTED FOR PRIVACY","REDACTED FOR PRIVACY","REDACTED FOR PRIVACY","REDACTED FOR PRIVACY","REDACTED FOR PRIVACY","REDACTED FOR PRIVACY","REDACTED FOR PRIVACY","","REDACTED FOR PRIVACY","REDACTED FOR PRIVACY","REDACTED FOR PRIVACY","REDACTED FOR PRIVACY","REDACTED FOR PRIVACY","REDACTED FOR PRIVACY","REDACTED FOR PRIVACY","REDACTED FOR PRIVACY","REDACTED FOR PRIVACY","","REDACTED FOR PRIVACY","REDACTED FOR PRIVACY","","","","","","","","","","","ns1.siteground.net","ns2.siteground.net","","","clientTransferProhibited","clientUpdateProhibited","",""
"45","ineptuno.com","2021-07-08 18:13:07","2021-07-05","2021-07-05","2022-07-05","1154","FastDomain Inc.","whois.fastdomain.com","http://www.fastdomain.com","MARCELO RUIZ","","JOSE RABAT GORCHS 11860","SANTIAGO","","000-0000","Chile","marcruiz@outlook.cl","+56.995395722","","MARCELO RUIZ","","JOSE RABAT GORCHS 11860","SANTIAGO","","000-0000","Chile","marcruiz@outlook.cl","+56.995395722","","BLUEHOST INC","BLUEHOST.COM","550 E TIMPANOGOS PKWY","OREM","UTAH","84097","United States","domain@redl.ca","+1.8017659400","+1.8017651992","","","","","","","","","","","ns1.bluehost.com","ns2.bluehost.com","","","clientTransferProhibited","","",""
"46","ingenieriadecorazones.com","2021-07-08 16:34:17","2021-07-05","2021-07-05","2023-07-05","303","PDR Ltd. d/b/a PublicDomainRegistry.com","whois.publicdomainregistry.com","http://www.publicdomainregistry.com","Valeria Pino Valdebenito","Joyas PePi","Parcela Giraol","San Pablo","Los Lagos","0000000","Chile","contacto@corazondecomodin.com","+56.0966786781","","Valeria Pino Valdebenito","Joyas PePi","Parcela Giraol","San Pablo","Los Lagos","0000000","Chile","contacto@corazondecomodin.com","+56.0966786781","","Valeria Pino Valdebenito","Joyas PePi","Parcela Giraol","San Pablo","Los Lagos","0000000","Chile","contacto@corazondecomodin.com","+56.0966786781","","","","","","","","","","","","ns1.dnsmisitio.net","ns2.dnsmisitio.net","ns3.dnsmisitio.net","","clientTransferProhibited","","",""
"47","iremember2.com","2021-07-08 16:33:06","2021-07-05","2021-07-05","2023-07-05","146","GoDaddy.com, LLC","whois.godaddy.com","http://registrar.godaddy.com","","","","","Metropolitana","","Chile","","","","","","","","","","","","","","","","","","","","","","","","","","","","","","","","","","ns69.domaincontrol.com","ns70.domaincontrol.com","","","clientDeleteProhibited","clientRenewProhibited","clientTransferProhibited","clientUpdateProhibited"
"48","itcadvisers.com","2021-07-08 17:56:01","2021-07-05","2021-07-05","2022-07-05","379","Arsys Internet, S.L. dba NICLINE.COM","whois.nicline.com","http://www.nicline.com","REDACTED FOR PRIVACY","Tartimet Inversiones Ltda.","REDACTED FOR PRIVACY","REDACTED FOR PRIVACY","San Antonio","REDACTED FOR PRIVACY","Chile","whoiscontact@domainconnection.info","REDACTED FOR PRIVACY","REDACTED FOR PRIVACY","REDACTED FOR PRIVACY","REDACTED FOR PRIVACY","REDACTED FOR PRIVACY","REDACTED FOR PRIVACY","REDACTED FOR PRIVACY","REDACTED FOR PRIVACY","REDACTED FOR PRIVACY","whoiscontact@domainconnection.info","REDACTED FOR PRIVACY","REDACTED FOR PRIVACY","REDACTED FOR PRIVACY","REDACTED FOR PRIVACY","REDACTED FOR PRIVACY","REDACTED FOR PRIVACY","REDACTED FOR PRIVACY","REDACTED FOR PRIVACY","REDACTED FOR PRIVACY","whoiscontact@domainconnection.info","REDACTED FOR PRIVACY","REDACTED FOR PRIVACY","","","","","","","","","","","ns1.dns-principal-32.com","ns2.dns-principal-32.com","","","addPeriod","clientTransferProhibited","",""
"49","izuam.com","2021-07-08 16:32:49","2021-07-05","2021-07-05","2023-07-05","146","GoDaddy.com, LLC","whois.godaddy.com","http://registrar.godaddy.com","","","","","santiago","","Chile","","","","","","","","","","","","","","","","","","","","","","","","","","","","","","","","","","ns15.domaincontrol.com","ns16.domaincontrol.com","","","clientDeleteProhibited","clientRenewProhibited","clientTransferProhibited","clientUpdateProhibited"
"50","jorgitoparrillero.com","2021-07-08 16:31:30","2021-07-05","2021-07-05","2022-07-05","146","GoDaddy.com, LLC","whois.godaddy.com","http://registrar.godaddy.com","Jorgito parrillero","Jorgito parrillero","","","Ohiggins","","Chile","","","","","","","","","","","","","","","","","","","","","","","","","","","","","","","","","","ns25.domaincontrol.com","ns26.domaincontrol.com","","","clientDeleteProhibited","clientRenewProhibited","clientTransferProhibited","clientUpdateProhibited"
"51","jyjspa.com","2021-07-08 16:31:05","2021-07-05","2021-07-05","2022-07-05","146","GoDaddy.com, LLC","whois.godaddy.com","http://registrar.godaddy.com","Dremweb ltda","Dremweb ltda","","","metropolitana","","Chile","","","","","","","","","","","","","","","","","","","","","","","","","","","","","","","","","","dane.ns.cloudflare.com","june.ns.cloudflare.com","","","clientDeleteProhibited","clientRenewProhibited","clientTransferProhibited","clientUpdateProhibited"
"52","kottylovers.com","2021-07-08 16:28:50","2021-07-05","2021-07-05","2022-07-05","303","PDR Ltd. d/b/a PublicDomainRegistry.com","whois.publicdomainregistry.com","http://www.publicdomainregistry.com","MILITZA ACURERO","","san ignacio del oyola , 633 SANTIAGO","Santiago","Region Metropolitana de Santiago","8320000","Chile","militzaacurero@gmail.com","+56.993269244","","MILITZA ACURERO","","san ignacio del oyola , 633 SANTIAGO","Santiago","Region Metropolitana de Santiago","8320000","Chile","militzaacurero@gmail.com","+56.993269244","","MILITZA ACURERO","","san ignacio del oyola , 633 SANTIAGO","Santiago","Region Metropolitana de Santiago","8320000","Chile","militzaacurero@gmail.com","+56.993269244","","","","","","","","","","","","ns20.hostgator.cl","ns21.hostgator.cl","","","clientTransferProhibited","","",""
"53","kriclub.online","2021-07-08 15:26:26","2021-07-05","","2022-07-05","1388","Dattatec.com SRL","whois.dattatec.com","http://www.dattatec.com","carolina  rodriguez","carolina  rodriguez","","","region de Valparaiso","","Chile","","","","","","","","","","","","","","","","","","","","","","","","","","","","","","","","","","ns1.donweb.cl","ns1.donweb.co","ns1.donweb.mx","ns1.donweb.uy","addPeriod","serverTransferProhibited","",""
"54","laclassdigital.com","2021-07-08 16:28:20","2021-07-05","2021-07-05","2022-07-05","69","Tucows Domains Inc.","whois.tucows.com","http://domainhelp.opensrs.net","REDACTED FOR PRIVACY","REDACTED FOR PRIVACY","REDACTED FOR PRIVACY","REDACTED FOR PRIVACY","XX","REDACTED FOR PRIVACY","Chile","","REDACTED FOR PRIVACY","REDACTED FOR PRIVACY","REDACTED FOR PRIVACY","REDACTED FOR PRIVACY","REDACTED FOR PRIVACY","REDACTED FOR PRIVACY","REDACTED FOR PRIVACY","REDACTED FOR PRIVACY","REDACTED FOR PRIVACY","","REDACTED FOR PRIVACY","REDACTED FOR PRIVACY","REDACTED FOR PRIVACY","REDACTED FOR PRIVACY","REDACTED FOR PRIVACY","REDACTED FOR PRIVACY","REDACTED FOR PRIVACY","REDACTED FOR PRIVACY","REDACTED FOR PRIVACY","","REDACTED FOR PRIVACY","REDACTED FOR PRIVACY","","","","","","","","","","","ns1.siteground.net","ns2.siteground.net","","","clientTransferProhibited","clientUpdateProhibited","",""
"55","lacteosgaritapalmera.com","2021-07-08 16:28:15","2021-07-05","2021-07-04","2022-07-05","146","GoDaddy.com, LLC","whois.godaddy.com","http://registrar.godaddy.com","REDES TECHNOLOGIES SPA.","REDES TECHNOLOGIES SPA.","","","BIOBIO","","Chile","","","","","","","","","","","","","","","","","","","","","","","","","","","","","","","","","","ns71.domaincontrol.com","ns72.domaincontrol.com","","","clientDeleteProhibited","clientRenewProhibited","clientTransferProhibited","clientUpdateProhibited"
"56","ladder-group.com","2021-07-08 16:28:19","2021-07-05","2021-07-05","2023-07-05","1647","Hosting Concepts B.V. dba Openprovider","whois.registrar.eu","http://www.openprovider.com","REDACTED FOR PRIVACY","Ladder Consultancy SpA","REDACTED FOR PRIVACY","REDACTED FOR PRIVACY","Santiago","REDACTED FOR PRIVACY","Chile","","REDACTED FOR PRIVACY","REDACTED FOR PRIVACY","REDACTED FOR PRIVACY","REDACTED FOR PRIVACY","REDACTED FOR PRIVACY","REDACTED FOR PRIVACY","REDACTED FOR PRIVACY","REDACTED FOR PRIVACY","REDACTED FOR PRIVACY","","REDACTED FOR PRIVACY","REDACTED FOR PRIVACY","REDACTED FOR PRIVACY","REDACTED FOR PRIVACY","REDACTED FOR PRIVACY","REDACTED FOR PRIVACY","REDACTED FOR PRIVACY","REDACTED FOR PRIVACY","REDACTED FOR PRIVACY","","REDACTED FOR PRIVACY","REDACTED FOR PRIVACY","","","","","","","","","","","ns1.openprovider.nl","ns2.openprovider.be","ns3.openprovider.eu","","clientTransferProhibited","ok","",""
"57","layra.net","2021-07-08 15:30:42","2021-07-03","2021-07-03","2022-07-03","146","GoDaddy.com, LLC","whois.godaddy.com","http://registrar.godaddy.com","educacion","educacion","","","Biobio","","Chile","","","","","","","","","","","","","","","","","","","","","","","","","","","","","","","","","","ns19.domaincontrol.com","ns20.domaincontrol.com","","","clientDeleteProhibited","clientRenewProhibited","clientTransferProhibited","clientUpdateProhibited"
"58","liteappscl.com","2021-07-08 16:26:07","2021-07-05","2021-07-08","2022-07-05","146","GoDaddy.com, LLC","whois.godaddy.com","http://registrar.godaddy.com","","","","","Region Metropolitana","","Chile","","","","","","","","","","","","","","","","","","","","","","","","","","","","","","","","","","ns13.domaincontrol.com","ns14.domaincontrol.com","","","clientDeleteProhibited","clientRenewProhibited","clientTransferProhibited","clientUpdateProhibited"
"59","luteraglobal.com","2021-07-09 01:02:02","2021-07-02","2021-07-02","2022-07-02","1636","Hostinger, UAB","whois.hostinger.com","http://www.hostinger.com","Joaquin Walter","Joaquin Walter","av.pedro de valdivia 668","Santiago","Metropolitana","7510380","Chile","joaquinv.walter@gmail.com","+56.971427089","","Joaquin Walter","Joaquin Walter","av.pedro de valdivia 668","Santiago","Metropolitana","7510380","Chile","joaquinv.walter@gmail.com","+56.971427089","","Joaquin Walter","Joaquin Walter","av.pedro de valdivia 668","Santiago","Metropolitana","7510380","Chile","joaquinv.walter@gmail.com","+56.971427089","","","","","","","","","","","","ns1.dns-parking.com","ns2.dns-parking.com","","","clientTransferProhibited","","",""
"60","mediaficcion.com","2021-07-08 16:22:22","2021-07-05","2021-07-05","2022-07-05","1388","Dattatec.com SRL","whois.dattatec.com","http://www.dattatec.com","RODRIGO GAONA","RODRIGO GAONA","18 DE SEPTIEMBRE CALLE TENIENTE MERINO 05505","","","","Chile","djrodrigogaona@gmail.com","+56.+56944418596","","RODRIGO GAONA","RODRIGO GAONA","18 DE SEPTIEMBRE CALLE TENIENTE MERINO 05505","","","","Chile","djrodrigogaona@gmail.com","+56.+56944418596","","RODRIGO GAONA","RODRIGO GAONA","18 DE SEPTIEMBRE CALLE TENIENTE MERINO 05505","","","","Chile","djrodrigogaona@gmail.com","+56.+56944418596","","","","","","","","","","","","ns1.donweb.cl","ns1.donweb.co","ns1.donweb.mx","ns1.donweb.uy","OK","","",""
"61","miliersweet.com","2021-07-08 16:21:23","2021-07-04","2021-07-07","2022-07-04","146","GoDaddy.com, LLC","whois.godaddy.com","http://registrar.godaddy.com","global marketing","global marketing","","","valparaiso","","Chile","","","","","","","","","","","","","","","","","","","","","","","","","","","","","","","","","","ns59.benzahosting.cl","ns59.benzahosting.net","ns60.benzahosting.cl","ns60.benzahosting.net","clientDeleteProhibited","clientRenewProhibited","clientTransferProhibited","clientUpdateProhibited"
"62","mineraladventure.com","2021-07-08 16:21:22","2021-07-05","2021-07-05","2022-07-05","303","PDR Ltd. d/b/a PublicDomainRegistry.com","whois.publicdomainregistry.com","http://www.publicdomainregistry.com","Bruno Sanhueza","","Regimiento arica","La Serena","Coquimbo","1760000","Chile","bsanhuez@live.cl","+56.982610798","","Bruno Sanhueza","","Regimiento arica","La Serena","Coquimbo","1760000","Chile","bsanhuez@live.cl","+56.982610798","","Bruno Sanhueza","","Regimiento arica","La Serena","Coquimbo","1760000","Chile","bsanhuez@live.cl","+56.982610798","","","","","","","","","","","","dns5.nubedns.cl","dns6.nubedns.net","","","clientTransferProhibited","","",""
"63","mkpsiconetwork.com","2021-07-08 16:20:26","2021-07-04","2021-07-05","2023-07-04","146","GoDaddy.com, LLC","whois.godaddy.com","http://registrar.godaddy.com","","","","","Talca","","Chile","","","","","","","","","","","","","","","","","","","","","","","","","","","","","","","","","","ns1.siteground.net","ns2.siteground.net","","","clientDeleteProhibited","clientRenewProhibited","clientTransferProhibited","clientUpdateProhibited"
"64","moonwomen-network.com","2021-07-08 16:19:52","2021-07-05","2021-07-07","2024-07-05","886","Domain.com, LLC","whois.domain.com","http://www.domain.com","REDACTED FOR PRIVACY","REDACTED FOR PRIVACY","REDACTED FOR PRIVACY","REDACTED FOR PRIVACY","NA","REDACTED FOR PRIVACY","Chile","","REDACTED FOR PRIVACY","REDACTED FOR PRIVACY","REDACTED FOR PRIVACY","REDACTED FOR PRIVACY","REDACTED FOR PRIVACY","REDACTED FOR PRIVACY","REDACTED FOR PRIVACY","REDACTED FOR PRIVACY","REDACTED FOR PRIVACY","","REDACTED FOR PRIVACY","REDACTED FOR PRIVACY","REDACTED FOR PRIVACY","REDACTED FOR PRIVACY","REDACTED FOR PRIVACY","REDACTED FOR PRIVACY","REDACTED FOR PRIVACY","REDACTED FOR PRIVACY","REDACTED FOR PRIVACY","","REDACTED FOR PRIVACY","REDACTED FOR PRIVACY","","","","","","","","","","","ns1.domain.com","ns2.domain.com","","","clientTransferProhibited","clientUpdateProhibited","",""
"65","mundoplayiptv.com","2021-07-08 17:24:06","2021-07-05","2021-07-04","2022-07-05","146","GoDaddy.com, LLC","whois.godaddy.com","http://registrar.godaddy.com","","","","","Araucania","","Chile","","","","","","","","","","","","","","","","","","","","","","","","","","","","","","","","","","ns55.domaincontrol.com","ns56.domaincontrol.com","","","clientDeleteProhibited","clientRenewProhibited","clientTransferProhibited","clientUpdateProhibited"
"66","nathalieaviles.com","2021-07-08 16:18:22","2021-07-05","2021-07-05","2022-07-05","1407","SW Hosting & Communications Technologies SL dba Serveisweb","whois.serveisweb.com","http://www.serveisweb.com","REDACTED FOR PRIVACY","REDACTED FOR PRIVACY","REDACTED FOR PRIVACY","REDACTED FOR PRIVACY","Santiago","REDACTED FOR PRIVACY","Chile","vnds-na020@swregistrar.com","REDACTED FOR PRIVACY","REDACTED FOR PRIVACY","REDACTED FOR PRIVACY","REDACTED FOR PRIVACY","REDACTED FOR PRIVACY","REDACTED FOR PRIVACY","REDACTED FOR PRIVACY","REDACTED FOR PRIVACY","REDACTED FOR PRIVACY","vnds-ef026@swregistrar.com","REDACTED FOR PRIVACY","REDACTED FOR PRIVACY","REDACTED FOR PRIVACY","REDACTED FOR PRIVACY","REDACTED FOR PRIVACY","REDACTED FOR PRIVACY","REDACTED FOR PRIVACY","REDACTED FOR PRIVACY","REDACTED FOR PRIVACY","vnds-ef026@swregistrar.com","REDACTED FOR PRIVACY","REDACTED FOR PRIVACY","","","","","","","","","","","ce2021070511001.dnssw.net","dns4.swhosting.com","","","OK","","",""
"67","nexados.com","2021-07-08 14:41:55","2021-07-05","2021-07-05","2022-07-05","146","GoDaddy.com, LLC","whois.godaddy.com","http://registrar.godaddy.com","Nexados","Nexados","","","Region Metropolitana","","Chile","","","","","","","","","","","","","","","","","","","","","","","","","","","","","","","","","","ns15.domaincontrol.com","ns16.domaincontrol.com","","","clientDeleteProhibited","clientRenewProhibited","clientTransferProhibited","clientUpdateProhibited"
"68","nieblaproducciones.com","2021-07-08 14:41:51","2021-07-05","2021-07-05","2023-07-05","1388","Dattatec.com SRL","whois.dattatec.com","http://www.dattatec.com","Victor Silva","Victor Silva","capitan diaz #52 casa 4 san roque, valparaiso","valparaiso","Valparaiso","2340000","Chile","v.silva.f@gmail.com","+56.85051553","","Victor Silva","Victor Silva","capitan diaz #52 casa 4 san roque, valparaiso","valparaiso","Valparaiso","2340000","Chile","v.silva.f@gmail.com","+56.85051553","","Victor Silva","Victor Silva","capitan diaz #52 casa 4 san roque, valparaiso","valparaiso","Valparaiso","2340000","Chile","v.silva.f@gmail.com","+56.85051553","","","","","","","","","","","","ns1.donweb.cl","ns1.donweb.co","ns1.donweb.mx","ns1.donweb.uy","OK","","",""
"69","novainccl.com","2021-07-08 14:41:03","2021-07-05","2021-07-05","2022-07-05","440","Wild West Domains, LLC","whois.wildwestdomains.com","http://www.wildwestdomains.com","NOVA INC","NOVA INC","","","Santiago Region Metropolitana","","Chile","","","","","","","","","","","","","","","","","","","","","","","","","","","","","","","","","","ns15.domaincontrol.com","ns16.domaincontrol.com","","","clientDeleteProhibited","clientRenewProhibited","clientTransferProhibited","clientUpdateProhibited"
"70","pandashop.online","2021-07-08 15:28:06","2021-07-05","2021-07-05","2022-07-05","146","GoDaddy.com, LLC","whois.godaddy.com","http://registrar.godaddy.com","Trends Life","Trends Life","","","Los Pinos, Quilpue","","Chile","","","","","","","","","","","","","","","","","","","","","","","","","","","","","","","","","","ns35.domaincontrol.com","ns36.domaincontrol.com","","","addPeriod","clientDeleteProhibited","clientRenewProhibited","clientTransferProhibited"
"71","porkysgroup.com","2021-07-08 16:15:15","2021-07-05","2021-07-05","2022-07-05","1647","Hosting Concepts B.V. dba Openprovider","whois.registrar.eu","http://www.openprovider.com","REDACTED FOR PRIVACY","Porkys Copper SPA","REDACTED FOR PRIVACY","REDACTED FOR PRIVACY","","REDACTED FOR PRIVACY","Chile","","REDACTED FOR PRIVACY","REDACTED FOR PRIVACY","REDACTED FOR PRIVACY","REDACTED FOR PRIVACY","REDACTED FOR PRIVACY","REDACTED FOR PRIVACY","REDACTED FOR PRIVACY","REDACTED FOR PRIVACY","REDACTED FOR PRIVACY","","REDACTED FOR PRIVACY","REDACTED FOR PRIVACY","REDACTED FOR PRIVACY","REDACTED FOR PRIVACY","REDACTED FOR PRIVACY","REDACTED FOR PRIVACY","REDACTED FOR PRIVACY","REDACTED FOR PRIVACY","REDACTED FOR PRIVACY","","REDACTED FOR PRIVACY","REDACTED FOR PRIVACY","","","","","","","","","","","ns1.nameaction.com","ns2.nameaction.com","","","clientTransferProhibited","ok","",""
"72","presionarterialnormal.online","2021-07-08 15:26:11","2021-07-05","2021-07-05","2022-07-05","1647","Hosting Concepts B.V. dba Openprovider","whois.registrar.eu","http://www.openprovider.com","","","","","santiago","","Chile","","","","","","","","","","","","","","","","","","","","","","","","","","","","","","","","","","dns1.sered.net","dns2.sered.net","dns3.sered.net","dns4.sered.net","addPeriod","clientTransferProhibited","serverTransferProhibited",""
"73","proyectospereira.com","2021-07-08 16:13:47","2021-07-05","2021-07-05","2023-07-05","1388","Dattatec.com SRL","whois.dattatec.com","http://www.dattatec.com","Dario Pereira","Dario Pereira","Los militares 5150","","","","Chile","dariojpc76@gmail.com","+56.981769358","","Dario Pereira","Dario Pereira","Los militares 5150","","","","Chile","dariojpc76@gmail.com","+56.981769358","","Dario Pereira","Dario Pereira","Los militares 5150","","","","Chile","dariojpc76@gmail.com","+56.981769358","","","","","","","","","","","","ns1.donweb.cl","ns1.donweb.co","ns1.donweb.mx","ns1.donweb.uy","clientTransferProhibited","","",""
"74","puga.info","2021-07-08 15:43:34","2021-07-06","2021-07-06","2022-07-06","146","GoDaddy.com, LLC","whois.godaddy.com","http://registrar.godaddy.com","","","","","La reina","","Chile","","","","","","","","","","","","","","","","","","","","","","","","","","","","","","","","","","ns41.domaincontrol.com","ns42.domaincontrol.com","","","addPeriod","clientDeleteProhibited","clientRenewProhibited","clientTransferProhibited"
"75","qcheckchile.com","2021-07-08 16:13:30","2021-07-05","2021-07-05","2024-07-05","146","GoDaddy.com, LLC","whois.godaddy.com","http://registrar.godaddy.com","","","","","Tarapaca","","Chile","","","","","","","","","","","","","","","","","","","","","","","","","","","","","","","","","","ns55.domaincontrol.com","ns56.domaincontrol.com","","","clientDeleteProhibited","clientRenewProhibited","clientTransferProhibited","clientUpdateProhibited"
"76","quintatours.com","2021-07-08 18:11:32","2021-07-05","2021-07-05","2023-07-05","303","PDR Ltd. d/b/a PublicDomainRegistry.com","whois.publicdomainregistry.com","http://www.publicdomainregistry.com","JONATHAN CHETELAT PI","","Avenida Alemania , 5048 Valparaiso","Valparaiso","Valparaiso","2372859","Chile","chetelat.jonathan@gmail.com","+56.987677841","","JONATHAN CHETELAT PI","","Avenida Alemania , 5048 Valparaiso","Valparaiso","Valparaiso","2372859","Chile","chetelat.jonathan@gmail.com","+56.987677841","","JONATHAN CHETELAT PI","","Avenida Alemania , 5048 Valparaiso","Valparaiso","Valparaiso","2372859","Chile","chetelat.jonathan@gmail.com","+56.987677841","","","","","","","","","","","","dns1.hostgator.com.br","dns2.hostgator.com.br","","","clientTransferProhibited","","",""
"77","rakiduam.com","2021-07-08 18:20:15","2021-07-05","2021-07-05","2023-07-05","146","GoDaddy.com, LLC","whois.godaddy.com","http://registrar.godaddy.com","","","","","santiago","","Chile","","","","","","","","","","","","","","","","","","","","","","","","","","","","","","","","","","ns15.domaincontrol.com","ns16.domaincontrol.com","","","clientDeleteProhibited","clientRenewProhibited","clientTransferProhibited","clientUpdateProhibited"
"78","rakinzuam.com","2021-07-08 16:12:43","2021-07-05","2021-07-05","2023-07-05","146","GoDaddy.com, LLC","whois.godaddy.com","http://registrar.godaddy.com","","","","","santiago","","Chile","","","","","","","","","","","","","","","","","","","","","","","","","","","","","","","","","","ns15.domaincontrol.com","ns16.domaincontrol.com","","","clientDeleteProhibited","clientRenewProhibited","clientTransferProhibited","clientUpdateProhibited"
"79","rakizuam.com","2021-07-08 16:12:34","2021-07-05","2021-07-05","2023-07-05","146","GoDaddy.com, LLC","whois.godaddy.com","http://registrar.godaddy.com","","","","","santiago","","Chile","","","","","","","","","","","","","","","","","","","","","","","","","","","","","","","","","","ns11.domaincontrol.com","ns12.domaincontrol.com","","","clientDeleteProhibited","clientRenewProhibited","clientTransferProhibited","clientUpdateProhibited"
"80","realcrudos.com","2021-07-08 16:12:14","2021-07-05","2021-07-05","2022-07-05","303","PDR Ltd. d/b/a PublicDomainRegistry.com","whois.publicdomainregistry.com","http://www.publicdomainregistry.com","claudia luco","","manuel castillo , 2333 penaflor","Penaflor","Region Metropolitana de Santiago","8320000","Chile","c.luco.olguin@gmail.com","+56.977780304","","claudia luco","","manuel castillo , 2333 penaflor","Penaflor","Region Metropolitana de Santiago","8320000","Chile","c.luco.olguin@gmail.com","+56.977780304","","claudia luco","","manuel castillo , 2333 penaflor","Penaflor","Region Metropolitana de Santiago","8320000","Chile","c.luco.olguin@gmail.com","+56.977780304","","","","","","","","","","","","ns20.hostgator.cl","ns21.hostgator.cl","","","clientTransferProhibited","","",""
"81","redmujeresluna.com","2021-07-08 16:11:35","2021-07-05","2021-07-07","2024-07-05","886","Domain.com, LLC","whois.domain.com","http://www.domain.com","REDACTED FOR PRIVACY","REDACTED FOR PRIVACY","REDACTED FOR PRIVACY","REDACTED FOR PRIVACY","NA","REDACTED FOR PRIVACY","Chile","","REDACTED FOR PRIVACY","REDACTED FOR PRIVACY","REDACTED FOR PRIVACY","REDACTED FOR PRIVACY","REDACTED FOR PRIVACY","REDACTED FOR PRIVACY","REDACTED FOR PRIVACY","REDACTED FOR PRIVACY","REDACTED FOR PRIVACY","","REDACTED FOR PRIVACY","REDACTED FOR PRIVACY","REDACTED FOR PRIVACY","REDACTED FOR PRIVACY","REDACTED FOR PRIVACY","REDACTED FOR PRIVACY","REDACTED FOR PRIVACY","REDACTED FOR PRIVACY","REDACTED FOR PRIVACY","","REDACTED FOR PRIVACY","REDACTED FOR PRIVACY","","","","","","","","","","","ns1.siteground.net","ns2.siteground.net","","","clientTransferProhibited","clientUpdateProhibited","",""
"82","sancebeauty.com","2021-07-08 16:09:13","2021-07-05","2021-07-05","2022-07-05","886","Domain.com, LLC","whois.domain.com","http://www.domain.com","REDACTED FOR PRIVACY","REDACTED FOR PRIVACY","REDACTED FOR PRIVACY","REDACTED FOR PRIVACY","NA","REDACTED FOR PRIVACY","Chile","","REDACTED FOR PRIVACY","REDACTED FOR PRIVACY","REDACTED FOR PRIVACY","REDACTED FOR PRIVACY","REDACTED FOR PRIVACY","REDACTED FOR PRIVACY","REDACTED FOR PRIVACY","REDACTED FOR PRIVACY","REDACTED FOR PRIVACY","","REDACTED FOR PRIVACY","REDACTED FOR PRIVACY","REDACTED FOR PRIVACY","REDACTED FOR PRIVACY","REDACTED FOR PRIVACY","REDACTED FOR PRIVACY","REDACTED FOR PRIVACY","REDACTED FOR PRIVACY","REDACTED FOR PRIVACY","","REDACTED FOR PRIVACY","REDACTED FOR PRIVACY","","","","","","","","","","","ns1.domain.com","ns2.domain.com","","","","","",""
"83","showyourfootprint.com","2021-07-08 16:06:47","2021-07-05","2021-07-05","2022-07-05","303","PDR Ltd. d/b/a PublicDomainRegistry.com","whois.publicdomainregistry.com","http://www.publicdomainregistry.com","OSCAR CALDERON","","AVENIDA ANTOFAGASTA 281 AVENIDA ANTOFAGASTA 281","VINA DEL MAR","VALPARAISO","2540383","Chile","oscarcalderon2019@yahoo.com","+56.994971144","","OSCAR CALDERON","","AVENIDA ANTOFAGASTA 281 AVENIDA ANTOFAGASTA 281","VINA DEL MAR","VALPARAISO","2540383","Chile","oscarcalderon2019@yahoo.com","+56.994971144","","OSCAR CALDERON","","AVENIDA ANTOFAGASTA 281 AVENIDA ANTOFAGASTA 281","VINA DEL MAR","VALPARAISO","2540383","Chile","oscarcalderon2019@yahoo.com","+56.994971144","","","","","","","","","","","","ns1.dnsmisitio.net","ns2.dnsmisitio.net","ns3.dnsmisitio.net","","clientTransferProhibited","","",""
"84","silviaselowsky.com","2021-07-08 16:06:30","2021-07-05","2021-07-05","2022-07-05","303","PDR Ltd. d/b/a PublicDomainRegistry.com","whois.publicdomainregistry.com","http://www.publicdomainregistry.com","Margarita Ovalle","Margarita Ovalle","Jose Canias 1585","Santiago","Santiago","0000000","Chile","margaritamitologia@gmail.com","+56.995051360","","Margarita Ovalle","Margarita Ovalle","Jose Canias 1585","Santiago","Santiago","0000000","Chile","margaritamitologia@gmail.com","+56.995051360","","Margarita Ovalle","Margarita Ovalle","Jose Canias 1585","Santiago","Santiago","0000000","Chile","margaritamitologia@gmail.com","+56.995051360","","","","","","","","","","","","ns1.wordpress.com","ns2.wordpress.com","ns3.wordpress.com","","clientTransferProhibited","","",""
"85","solucionesnoproblemas.com","2021-07-08 16:05:00","2021-07-05","2021-07-05","2022-07-05","379","Arsys Internet, S.L. dba NICLINE.COM","whois.nicline.com","http://www.nicline.com","REDACTED FOR PRIVACY","","REDACTED FOR PRIVACY","REDACTED FOR PRIVACY","SIN PROVINCIA","REDACTED FOR PRIVACY","Chile","whoiscontact@domainconnection.info","REDACTED FOR PRIVACY","REDACTED FOR PRIVACY","REDACTED FOR PRIVACY","REDACTED FOR PRIVACY","REDACTED FOR PRIVACY","REDACTED FOR PRIVACY","REDACTED FOR PRIVACY","REDACTED FOR PRIVACY","REDACTED FOR PRIVACY","whoiscontact@domainconnection.info","REDACTED FOR PRIVACY","REDACTED FOR PRIVACY","REDACTED FOR PRIVACY","REDACTED FOR PRIVACY","REDACTED FOR PRIVACY","REDACTED FOR PRIVACY","REDACTED FOR PRIVACY","REDACTED FOR PRIVACY","REDACTED FOR PRIVACY","whoiscontact@domainconnection.info","REDACTED FOR PRIVACY","REDACTED FOR PRIVACY","","","","","","","","","","","ns25.piensasolutions.com","ns26.piensasolutions.com","","","addPeriod","clientTransferProhibited","",""
"86","speedupmedia.com","2021-07-08 17:57:56","2021-07-04","2021-07-07","2022-07-04","146","GoDaddy.com, LLC","whois.godaddy.com","http://registrar.godaddy.com","global marketing","global marketing","","","valparaiso","","Chile","","","","","","","","","","","","","","","","","","","","","","","","","","","","","","","","","","ns59.benzahosting.cl","ns59.benzahosting.net","ns60.benzahosting.cl","ns60.benzahosting.net","clientDeleteProhibited","clientRenewProhibited","clientTransferProhibited","clientUpdateProhibited"
"87","study-gram.net","2021-07-08 15:29:42","2021-07-03","2021-07-03","2022-07-03","146","GoDaddy.com, LLC","whois.godaddy.com","http://registrar.godaddy.com","educacion","educacion","","","Biobio","","Chile","","","","","","","","","","","","","","","","","","","","","","","","","","","","","","","","","","ns19.domaincontrol.com","ns20.domaincontrol.com","","","clientDeleteProhibited","clientRenewProhibited","clientTransferProhibited","clientUpdateProhibited"
"88","studygramed.net","2021-07-08 15:29:32","2021-07-03","2021-07-03","2022-07-03","146","GoDaddy.com, LLC","whois.godaddy.com","http://registrar.godaddy.com","educacion","educacion","","","Biobio","","Chile","","","","","","","","","","","","","","","","","","","","","","","","","","","","","","","","","","ns17.domaincontrol.com","ns18.domaincontrol.com","","","clientDeleteProhibited","clientRenewProhibited","clientTransferProhibited","clientUpdateProhibited"
"89","stuffmc.club","2021-07-08 18:45:37","2021-07-05","2021-07-05","2022-07-05","146","GoDaddy.com, LLC","whois.godaddy.com","http://registrar.godaddy.com","REDACTED FOR PRIVACY","Dashplay","REDACTED FOR PRIVACY REDACTED FOR PRIVACY REDACTED FOR PRIVACY","REDACTED FOR PRIVACY","Region de Antofagasta","REDACTED FOR PRIVACY","Chile","","REDACTED FOR PRIVACY","REDACTED FOR PRIVACY","REDACTED FOR PRIVACY","REDACTED FOR PRIVACY","REDACTED FOR PRIVACY REDACTED FOR PRIVACY REDACTED FOR PRIVACY","REDACTED FOR PRIVACY","REDACTED FOR PRIVACY","REDACTED FOR PRIVACY","REDACTED FOR PRIVACY","","REDACTED FOR PRIVACY","REDACTED FOR PRIVACY","REDACTED FOR PRIVACY","REDACTED FOR PRIVACY","REDACTED FOR PRIVACY REDACTED FOR PRIVACY REDACTED FOR PRIVACY","REDACTED FOR PRIVACY","REDACTED FOR PRIVACY","REDACTED FOR PRIVACY","REDACTED FOR PRIVACY","","REDACTED FOR PRIVACY","REDACTED FOR PRIVACY","","","","","","","","","","","ns55.domaincontrol.com","ns56.domaincontrol.com","","","addPeriod","clientDeleteProhibited","clientRenewProhibited","clientTransferProhibited"
"90","surindomito.com","2021-07-08 17:15:41","2021-07-05","2021-07-05","2022-07-05","146","GoDaddy.com, LLC","whois.godaddy.com","http://registrar.godaddy.com","Checkmate Spa","Checkmate Spa","","","La Araucania","","Chile","","","","","","","","","","","","","","","","","","","","","","","","","","","","","","","","","","ns25.domaincontrol.com","ns26.domaincontrol.com","","","clientDeleteProhibited","clientRenewProhibited","clientTransferProhibited","clientUpdateProhibited"
"91","takefive.tech","2021-07-08 15:07:53","2021-07-05","2021-07-05","2022-07-05","146","GoDaddy.com, LLC","whois.godaddy.com","http://registrar.godaddy.com","Independiente","Independiente","","","O'Higgins","","Chile","","","","","","","","","","","","","","","","","","","","","","","","","","","","","","","","","","ns15.domaincontrol.com","ns16.domaincontrol.com","","","addPeriod","clientDeleteProhibited","clientRenewProhibited","clientTransferProhibited"
"92","tamedclinicos.com","2021-07-08 16:01:51","2021-07-05","2021-07-05","2022-07-05","303","PDR Ltd. d/b/a PublicDomainRegistry.com","whois.publicdomainregistry.com","http://www.publicdomainregistry.com","eduardo andres ortiz salazar","","diego portales , 1073 la florida","La Florida","Region Metropolitana de Santiago","8320000","Chile","eduar2ortiz@gmail.com","+56.945426747","","eduardo andres ortiz salazar","","diego portales , 1073 la florida","La Florida","Region Metropolitana de Santiago","8320000","Chile","eduar2ortiz@gmail.com","+56.945426747","","eduardo andres ortiz salazar","","diego portales , 1073 la florida","La Florida","Region Metropolitana de Santiago","8320000","Chile","eduar2ortiz@gmail.com","+56.945426747","","","","","","","","","","","","ns20.hostgator.cl","ns21.hostgator.cl","","","clientTransferProhibited","","",""
"93","tecnologiasagrada.com","2021-07-08 16:01:24","2021-07-04","2021-07-07","2022-07-04","146","GoDaddy.com, LLC","whois.godaddy.com","http://registrar.godaddy.com","","","","","Metropolitana","","Chile","","","","","","","","","","","","","","","","","","","","","","","","","","","","","","","","","","ns-1069.awsdns-05.org","ns-1594.awsdns-07.co.uk","ns-509.awsdns-63.com","ns-571.awsdns-07.net","clientDeleteProhibited","clientRenewProhibited","clientTransferProhibited","clientUpdateProhibited"
"94","tengoqr.com","2021-07-08 05:48:57","2021-07-03","2021-07-04","2022-07-03","146","GoDaddy.com, LLC","whois.godaddy.com","http://registrar.godaddy.com","","","","","Las Condes","","Chile","","","","","","","","","","","","","","","","","","","","","","","","","","","","","","","","","","ns1.mktcafe.com","ns2.mktcafe.com","","","clientDeleteProhibited","clientRenewProhibited","clientTransferProhibited","clientUpdateProhibited"
"95","terrasapiensmarket.com","2021-07-08 14:45:37","2021-07-05","2021-07-05","2022-07-05","303","PDR Ltd. d/b/a PublicDomainRegistry.com","whois.publicdomainregistry.com","http://www.publicdomainregistry.com","Daniel Escobar","","Juan Francisco Gonzalez 985, Casa C La Reina","Santiago","RM","7860213","Chile","descobal@hotmail.com","+56.992335592","","Daniel Escobar","","Juan Francisco Gonzalez 985, Casa C La Reina","Santiago","RM","7860213","Chile","descobal@hotmail.com","+56.992335592","","Daniel Escobar","","Juan Francisco Gonzalez 985, Casa C La Reina","Santiago","RM","7860213","Chile","descobal@hotmail.com","+56.992335592","","","","","","","","","","","","ns20.hostgator.cl","ns21.hostgator.cl","","","clientTransferProhibited","","",""
"96","testhuaweicloud.tech","2021-07-08 15:06:24","2021-07-06","2021-07-06","2022-07-06","1636","Hostinger, UAB","whois.hostinger.com","http://www.hostinger.com","Not Applicable","Not Applicable","","","Santiago","","Chile","","","","","","","","","","","","","","","","","","","","","","","","","","","","","","","","","","ns1.dns-parking.com","ns2.dns-parking.com","","","addPeriod","clientTransferProhibited","serverTransferProhibited",""
"97","thewinelegend.com","2021-07-08 18:06:09","2021-07-05","2021-07-05","2023-07-05","1086","Marcaria.com International, Inc.","whois.melbourneit.com","http://www.melbourneit.com","Domain Manager","Vina Concha y Toro S.A.","Nva. Tajamar 481","Santiago","Santiago","7550611","Chile","dominios@sargent.cl","+56.23683500","","Domain Manager","Vina Concha y Toro S.A.","Nva. Tajamar 481","Santiago","Santiago","7550611","Chile","dominios@sargent.cl","+56.23683500","","Domain Manager","Marcaria.com LLC","8345 NW 66 ST #B1673","Miami","Florida","33195","United States","domains@marcaria.com","+1.3054348621","","","","","","","","","","","","ns01.trademarkarea.com","ns02.trademarkarea.com","ns03.trademarkarea.com","","clientTransferProhibited","","",""
"98","tiendasomosyuntas.com","2021-07-08 14:43:28","2021-07-05","2021-07-05","2022-07-05","146","GoDaddy.com, LLC","whois.godaddy.com","http://registrar.godaddy.com","los pozos spa","los pozos spa","","","region metropolitana","","Chile","","","","","","","","","","","","","","","","","","","","","","","","","","","","","","","","","","ns-1135.awsdns-13.org","ns-1757.awsdns-27.co.uk","ns-307.awsdns-38.com","ns-870.awsdns-44.net","clientDeleteProhibited","clientRenewProhibited","clientTransferProhibited","clientUpdateProhibited"
"99","tiroclic.com","2021-07-08 14:43:16","2021-07-05","2021-07-05","2022-07-05","69","Tucows Domains Inc.","whois.tucows.com","http://domainhelp.opensrs.net","REDACTED FOR PRIVACY","REDACTED FOR PRIVACY","REDACTED FOR PRIVACY","REDACTED FOR PRIVACY","XX","REDACTED FOR PRIVACY","Chile","","REDACTED FOR PRIVACY","REDACTED FOR PRIVACY","REDACTED FOR PRIVACY","REDACTED FOR PRIVACY","REDACTED FOR PRIVACY","REDACTED FOR PRIVACY","REDACTED FOR PRIVACY","REDACTED FOR PRIVACY","REDACTED FOR PRIVACY","","REDACTED FOR PRIVACY","REDACTED FOR PRIVACY","REDACTED FOR PRIVACY","REDACTED FOR PRIVACY","REDACTED FOR PRIVACY","REDACTED FOR PRIVACY","REDACTED FOR PRIVACY","REDACTED FOR PRIVACY","REDACTED FOR PRIVACY","","REDACTED FOR PRIVACY","REDACTED FOR PRIVACY","","","","","","","","","","","ns1.siteground.net","ns2.siteground.net","","","clientTransferProhibited","clientUpdateProhibited","",""
"100","undimotriz.com","2021-07-08 15:59:00","2021-07-05","2021-07-05","2022-07-05","1388","Dattatec.com SRL","whois.dattatec.com","http://www.dattatec.com","Juan Carlos Llanos Vasquez","Juan Carlos Llanos Vasquez","Domingo Santa Cruz 377","Villa Alemana","Valparaiso","651-0489","Chile","juan.llanos@farmonitoring.com","+56.2147483647","","Juan Carlos Llanos Vasquez","Juan Carlos Llanos Vasquez","Domingo Santa Cruz 377","Villa Alemana","Valparaiso","651-0489","Chile","juan.llanos@farmonitoring.com","+56.2147483647","","Juan Carlos Llanos Vasquez","Juan Carlos Llanos Vasquez","Domingo Santa Cruz 377","Villa Alemana","Valparaiso","651-0489","Chile","juan.llanos@farmonitoring.com","+56.2147483647","","","","","","","","","","","","ns1.donweb.cl","ns1.donweb.co","ns1.donweb.mx","ns1.donweb.uy","OK","","",""
"101","undimotriz.online","2021-07-08 15:24:27","2021-07-05","","2022-07-05","1388","Dattatec.com SRL","whois.dattatec.com","http://www.dattatec.com","Juan Carlos Llanos Vasquez","Juan Carlos Llanos Vasquez","","","Valparaiso","","Chile","","","","","","","","","","","","","","","","","","","","","","","","","","","","","","","","","","ns1.donweb.cl","ns1.donweb.co","ns1.donweb.mx","ns1.donweb.uy","addPeriod","serverTransferProhibited","",""
"102","valegentil.com","2021-07-08 15:58:25","2021-07-04","2021-07-04","2023-07-04","146","GoDaddy.com, LLC","whois.godaddy.com","http://registrar.godaddy.com","","","","","santiago","","Chile","","","","","","","","","","","","","","","","","","","","","","","","","","","","","","","","","","ns09.domaincontrol.com","ns10.domaincontrol.com","","","clientDeleteProhibited","clientRenewProhibited","clientTransferProhibited","clientUpdateProhibited"
"103","verbumcapacitacion.com","2021-07-08 15:58:04","2021-07-05","2021-07-05","2022-07-05","1388","Dattatec.com SRL","whois.dattatec.com","http://www.dattatec.com","Ruth Annelice Gutierrez Rodriguez","Ruth Annelice Gutierrez Rodriguez","HUERFANOS 1160, OFICINA 1101","Santiago","Maipo","8050000","Chile","ruthannelicegutierrezrodriguez@gmail.com","+56.984753205","","Ruth Annelice Gutierrez Rodriguez","Ruth Annelice Gutierrez Rodriguez","HUERFANOS 1160, OFICINA 1101","Santiago","Maipo","8050000","Chile","ruthannelicegutierrezrodriguez@gmail.com","+56.984753205","","Ruth Annelice Gutierrez Rodriguez","Ruth Annelice Gutierrez Rodriguez","HUERFANOS 1160, OFICINA 1101","Santiago","Maipo","8050000","Chile","ruthannelicegutierrezrodriguez@gmail.com","+56.984753205","","","","","","","","","","","","ns1.donweb.cl","ns1.donweb.co","ns1.donweb.mx","ns1.donweb.uy","OK","","",""
"104","verbumcapacitacion.online","2021-07-08 15:24:25","2021-07-05","","2022-07-05","1388","Dattatec.com SRL","whois.dattatec.com","http://www.dattatec.com","Ruth Annelice Gutierrez Rodriguez","Ruth Annelice Gutierrez Rodriguez","","","Maipo","","Chile","","","","","","","","","","","","","","","","","","","","","","","","","","","","","","","","","","ns1.donweb.cl","ns1.donweb.co","ns1.donweb.mx","ns1.donweb.uy","addPeriod","serverTransferProhibited","",""
"105","verticalprospa.com","2021-07-08 15:58:10","2021-07-05","2021-07-05","2022-07-05","1388","Dattatec.com SRL","whois.dattatec.com","http://www.dattatec.com","Brian","Brian","Las Dalias 1230","","","","Chile","brianfuentessanchezo@gmail.com","+56.949003178","","Brian","Brian","Las Dalias 1230","","","","Chile","brianfuentessanchezo@gmail.com","+56.949003178","","Brian","Brian","Las Dalias 1230","","","","Chile","brianfuentessanchezo@gmail.com","+56.949003178","","","","","","","","","","","","ns1.cpanelhost.cl","ns2.cpanelhost.cl","","","OK","","",""
"106","wardrich.com","2021-07-08 15:56:24","2021-07-05","2021-07-05","2022-07-05","886","Domain.com, LLC","whois.domain.com","http://www.domain.com","REDACTED FOR PRIVACY","REDACTED FOR PRIVACY","REDACTED FOR PRIVACY","REDACTED FOR PRIVACY","NA","REDACTED FOR PRIVACY","Chile","","REDACTED FOR PRIVACY","REDACTED FOR PRIVACY","REDACTED FOR PRIVACY","REDACTED FOR PRIVACY","REDACTED FOR PRIVACY","REDACTED FOR PRIVACY","REDACTED FOR PRIVACY","REDACTED FOR PRIVACY","REDACTED FOR PRIVACY","","REDACTED FOR PRIVACY","REDACTED FOR PRIVACY","REDACTED FOR PRIVACY","REDACTED FOR PRIVACY","REDACTED FOR PRIVACY","REDACTED FOR PRIVACY","REDACTED FOR PRIVACY","REDACTED FOR PRIVACY","REDACTED FOR PRIVACY","","REDACTED FOR PRIVACY","REDACTED FOR PRIVACY","","","","","","","","","","","ns1.mydomaincom-default.domainparkingserver.net","ns2.mydomaincom-default.domainparkingserver.net","","","clientTransferProhibited","clientUpdateProhibited","",""
"107","xn--sloarte-l0a.com","2021-07-08 15:53:16","2021-07-05","2021-07-05","2022-07-05","69","Tucows Domains Inc.","whois.tucows.com","http://domainhelp.opensrs.net","REDACTED FOR PRIVACY","REDACTED FOR PRIVACY","REDACTED FOR PRIVACY","REDACTED FOR PRIVACY","XX","REDACTED FOR PRIVACY","Chile","","REDACTED FOR PRIVACY","REDACTED FOR PRIVACY","REDACTED FOR PRIVACY","REDACTED FOR PRIVACY","REDACTED FOR PRIVACY","REDACTED FOR PRIVACY","REDACTED FOR PRIVACY","REDACTED FOR PRIVACY","REDACTED FOR PRIVACY","","REDACTED FOR PRIVACY","REDACTED FOR PRIVACY","REDACTED FOR PRIVACY","REDACTED FOR PRIVACY","REDACTED FOR PRIVACY","REDACTED FOR PRIVACY","REDACTED FOR PRIVACY","REDACTED FOR PRIVACY","REDACTED FOR PRIVACY","","REDACTED FOR PRIVACY","REDACTED FOR PRIVACY","","","","","","","","","","","ns1.siteground.net","ns2.siteground.net","","","clientTransferProhibited","clientUpdateProhibited","",""
"108","yakcoders.com","2021-07-08 15:52:54","2021-07-05","2021-07-05","2023-07-05","146","GoDaddy.com, LLC","whois.godaddy.com","http://registrar.godaddy.com","Multidev","Multidev","","","Santiago","","Chile","","","","","","","","","","","","","","","","","","","","","","","","","","","","","","","","","","ns15.domaincontrol.com","ns16.domaincontrol.com","","","clientDeleteProhibited","clientRenewProhibited","clientTransferProhibited","clientUpdateProhibited"