"num","domain_name","query_time","create_date","update_date","expiry_date","domain_registrar_id","domain_registrar_name","domain_registrar_whois","domain_registrar_url","registrant_name","registrant_company","registrant_address","registrant_city","registrant_state","registrant_zip","registrant_country","registrant_email","registrant_phone","registrant_fax","administrative_name","administrative_company","administrative_address","administrative_city","administrative_state","administrative_zip","administrative_country","administrative_email","administrative_phone","administrative_fax","technical_name","technical_company","technical_address","technical_city","technical_state","technical_zip","technical_country","technical_email","technical_phone","technical_fax","billing_name","billing_company","billing_address","billing_city","billing_state","billing_zip","billing_country","billing_email","billing_phone","billing_fax","name_server_1","name_server_2","name_server_3","name_server_4","domain_status_1","domain_status_2","domain_status_3","domain_status_4"
"1","abauresidence.com","2021-07-08 17:02:29","2021-07-05","2021-07-05","2022-07-05","82","OnlineNIC, Inc.","whois.onlinenic.com","http://www.onlinenic.com","design project","design project","","","PGZ","","Croatia","","","","","","","","","","","","","","","","","","","","","","","","","","","","","","","","","","ns1.dsnproject.hr","ns2.dsnproject.hr","","","OK","","",""
"2","andelavidic.com","2021-07-08 17:14:54","2021-07-05","2021-07-05","2022-07-05","303","PDR Ltd. d/b/a PublicDomainRegistry.com","whois.publicdomainregistry.com","http://www.publicdomainregistry.com","GDPR Masked","GDPR Masked","GDPR Masked","GDPR Masked","Splitsko-Dalmatinska","GDPR Masked","Croatia","gdpr-masking@gdpr-masked.com","GDPR Masked","GDPR Masked","GDPR Masked","GDPR Masked","GDPR Masked","GDPR Masked","GDPR Masked","GDPR Masked","GDPR Masked","gdpr-masking@gdpr-masked.com","GDPR Masked","GDPR Masked","GDPR Masked","GDPR Masked","GDPR Masked","GDPR Masked","GDPR Masked","GDPR Masked","GDPR Masked","gdpr-masking@gdpr-masked.com","GDPR Masked","GDPR Masked","","","","","","","","","","","ns1.crohost.net","ns2.crohost.net","","","clientTransferProhibited","","",""
"3","apartmani-zlotrg.com","2021-07-08 16:58:55","2021-07-05","2021-07-05","2022-07-05","1647","Hosting Concepts B.V. dba Openprovider","whois.registrar.eu","http://www.openprovider.com","REDACTED FOR PRIVACY","","REDACTED FOR PRIVACY","REDACTED FOR PRIVACY","Grad Zagreb","REDACTED FOR PRIVACY","Croatia","","REDACTED FOR PRIVACY","REDACTED FOR PRIVACY","REDACTED FOR PRIVACY","REDACTED FOR PRIVACY","REDACTED FOR PRIVACY","REDACTED FOR PRIVACY","REDACTED FOR PRIVACY","REDACTED FOR PRIVACY","REDACTED FOR PRIVACY","","REDACTED FOR PRIVACY","REDACTED FOR PRIVACY","REDACTED FOR PRIVACY","REDACTED FOR PRIVACY","REDACTED FOR PRIVACY","REDACTED FOR PRIVACY","REDACTED FOR PRIVACY","REDACTED FOR PRIVACY","REDACTED FOR PRIVACY","","REDACTED FOR PRIVACY","REDACTED FOR PRIVACY","","","","","","","","","","","ns1.totohost.com","ns2.totohost.com","ns3.totohost.com","ns4.totohost.com","clientTransferProhibited","ok","",""
"4","auto-office.info","2021-07-08 15:43:24","2021-07-06","2021-07-06","2022-07-06","303","PDR Ltd. d/b/a PublicDomainRegistry.com","whois.publicdomainregistry.com","http://www.publicdomainregistry.com","GDPR Masked","GDPR Masked","","","Zadarska Zupanija","","Croatia","","","","","","","","","","","","","","","","","","","","","","","","","","","","","","","","","","ns1.dns-parking.com","ns2.dns-parking.com","","","addPeriod","clientTransferProhibited","serverTransferProhibited",""
"5","bike-kastela.com","2021-07-08 18:23:38","2021-07-05","2021-07-05","2022-07-05","146","GoDaddy.com, LLC","whois.godaddy.com","http://registrar.godaddy.com","","","","","Croatia","","Croatia","","","","","","","","","","","","","","","","","","","","","","","","","","","","","","","","","","dee.ns.cloudflare.com","kevin.ns.cloudflare.com","","","clientDeleteProhibited","clientRenewProhibited","clientTransferProhibited","clientUpdateProhibited"
"6","biorefleks.com","2021-07-08 14:22:32","2021-07-05","2021-07-05","2022-07-05","113","CSL Computer Service Langenbach GmbH d/b/a joker.com","whois.joker.com","http://www.joker.com","","","","","","","Croatia","","","","","","","","","","","","","","","","","","","","","","","","","","","","","","","","","","ns1.infoitdns.com","ns2.infoitdns.com","","","clientTransferProhibited","","",""
"7","cookievanilla.com","2021-07-08 16:50:23","2021-07-05","2021-07-05","2022-07-05","146","GoDaddy.com, LLC","whois.godaddy.com","http://registrar.godaddy.com","Cookie Vanilla","Cookie Vanilla","","","Koprivnicko-Krizevacka","","Croatia","","","","","","","","","","","","","","","","","","","","","","","","","","","","","","","","","","ns35.domaincontrol.com","ns36.domaincontrol.com","","","clientDeleteProhibited","clientRenewProhibited","clientTransferProhibited","clientUpdateProhibited"
"8","cuvajmozdravlje.com","2021-07-08 17:33:06","2021-07-05","2021-07-05","2022-07-05","113","CSL Computer Service Langenbach GmbH d/b/a joker.com","whois.joker.com","http://www.joker.com","Alfa Bit, vl. Alen Kulenovic","Alfa Bit, vl. Alen Kulenovic","","","Sisacko-moslavacka","","Croatia","","","","","","","","","","","","","","","","","","","","","","","","","","","","","","","","","","ns1.hostingalfa.com","ns2.hostingalfa.com","","","clientTransferProhibited","","",""
"9","divasec.info","2021-07-08 15:44:53","2021-07-06","2021-07-06","2022-07-06","1328","RegistryGate GmbH","whois.registrygate.com","http://www.registrygate.com","","","","","","","Croatia","","","","","","","","","","","","","","","","","","","","","","","","","","","","","","","","","","ns5.kasserver.com","ns6.kasserver.com","","","addPeriod","clientTransferProhibited","serverTransferProhibited",""
"10","freesolarquotes.online","2021-07-08 15:27:13","2021-07-05","2021-07-05","2022-07-05","146","GoDaddy.com, LLC","whois.godaddy.com","http://registrar.godaddy.com","Legitime Domains d.o.o. HR44343267716","Legitime Domains d.o.o. HR44343267716","","","Slobostina","","Croatia","","","","","","","","","","","","","","","","","","","","","","","","","","","","","","","","","","ns15.domaincontrol.com","ns16.domaincontrol.com","","","addPeriod","clientDeleteProhibited","clientRenewProhibited","clientTransferProhibited"
"11","fsad.agency","2021-07-08 14:15:10","2021-07-05","2021-07-05","2022-07-05","1328","RegistryGate GmbH","whois.registrygate.com","http://www.registrygate.com","REDACTED FOR PRIVACY","","REDACTED FOR PRIVACY","REDACTED FOR PRIVACY","","REDACTED FOR PRIVACY","Croatia","","REDACTED FOR PRIVACY","REDACTED FOR PRIVACY","","","","","","","","","","","","","","","","","","","","","","","","","","","","","","","","","","","addPeriod","clientTransferProhibited","",""
"12","fsad.fund","2021-07-08 15:45:49","2021-07-05","2021-07-05","2022-07-05","1345","Key-Systems, LLC","whois.nic.uk","http://www.key-systems.net/","REDACTED FOR PRIVACY","","REDACTED FOR PRIVACY","REDACTED FOR PRIVACY","","REDACTED FOR PRIVACY","Croatia","","REDACTED FOR PRIVACY","REDACTED FOR PRIVACY","","","","","","","","","","","","","","","","","","","","","","","","","","","","","","","","","","","addPeriod","clientTransferProhibited","",""
"13","gamesofbelgrade.com","2021-07-08 16:38:30","2021-07-05","2021-07-05","2022-07-05","106","Ascio Technologies, Inc. Danmark - Filial af Ascio technologies, Inc. USA","whois.ascio.com","http://www.ascio.com","Not Disclosed","Not Disclosed","Not Disclosed","Not Disclosed","","Not Disclosed","Croatia","","Not Disclosed","Not Disclosed","Not Disclosed","Not Disclosed","Not Disclosed","Not Disclosed","Not Disclosed","Not Disclosed","Not Disclosed","","Not Disclosed","Not Disclosed","Not Disclosed","Not Disclosed","Not Disclosed","Not Disclosed","Not Disclosed","Not Disclosed","Not Disclosed","","Not Disclosed","Not Disclosed","","","","","","","","","","","ns1.loopia.se","ns2.loopia.se","","","OK","","",""
"14","helpinsweden.com","2021-07-08 14:38:15","2021-07-05","2021-07-05","2022-07-05","106","Ascio Technologies, Inc. Danmark - Filial af Ascio technologies, Inc. USA","whois.ascio.com","http://www.ascio.com","Not Disclosed","Not Disclosed","Not Disclosed","Not Disclosed","","Not Disclosed","Croatia","","Not Disclosed","Not Disclosed","Not Disclosed","Not Disclosed","Not Disclosed","Not Disclosed","Not Disclosed","Not Disclosed","Not Disclosed","","Not Disclosed","Not Disclosed","Not Disclosed","Not Disclosed","Not Disclosed","Not Disclosed","Not Disclosed","Not Disclosed","Not Disclosed","","Not Disclosed","Not Disclosed","","","","","","","","","","","ns1.loopia.se","ns2.loopia.se","","","OK","","",""
"15","kirteh.com","2021-07-08 16:29:23","2021-07-05","","2022-07-05","15","Corehub, S.R.L.","whois.corehub.net","http://www.corehub.net","AMG Dangersoft d.o.o.","AMG Dangersoft d.o.o.","","","","","Croatia","","","","","","","","","","","","","","REGica.NET d.o.o.","REGica.NET d.o.o.","","","none","","Croatia","","","","","","","","","","","","","","ns1.crohost.net","ns2.crohost.net","","","OK","","",""
"16","kozmetickicentarloops.com","2021-07-08 16:28:49","2021-07-05","2021-07-05","2022-07-05","303","PDR Ltd. d/b/a PublicDomainRegistry.com","whois.publicdomainregistry.com","http://www.publicdomainregistry.com","GDPR Masked","GDPR Masked","GDPR Masked","GDPR Masked","Bjelovarsko-bilogorska","GDPR Masked","Croatia","gdpr-masking@gdpr-masked.com","GDPR Masked","GDPR Masked","GDPR Masked","GDPR Masked","GDPR Masked","GDPR Masked","GDPR Masked","GDPR Masked","GDPR Masked","gdpr-masking@gdpr-masked.com","GDPR Masked","GDPR Masked","GDPR Masked","GDPR Masked","GDPR Masked","GDPR Masked","GDPR Masked","GDPR Masked","GDPR Masked","gdpr-masking@gdpr-masked.com","GDPR Masked","GDPR Masked","","","","","","","","","","","dns1.cdn.hr","dns2.cdn.hr","","","clientTransferProhibited","","",""
"17","laziatravel.com","2021-07-08 18:16:12","2021-07-05","2021-07-05","2022-07-05","303","PDR Ltd. d/b/a PublicDomainRegistry.com","whois.publicdomainregistry.com","http://www.publicdomainregistry.com","GDPR Masked","GDPR Masked","GDPR Masked","GDPR Masked","Croatia","GDPR Masked","Croatia","gdpr-masking@gdpr-masked.com","GDPR Masked","GDPR Masked","GDPR Masked","GDPR Masked","GDPR Masked","GDPR Masked","GDPR Masked","GDPR Masked","GDPR Masked","gdpr-masking@gdpr-masked.com","GDPR Masked","GDPR Masked","GDPR Masked","GDPR Masked","GDPR Masked","GDPR Masked","GDPR Masked","GDPR Masked","GDPR Masked","gdpr-masking@gdpr-masked.com","GDPR Masked","GDPR Masked","","","","","","","","","","","dns1.cdn.hr","dns2.cdn.hr","","","clientTransferProhibited","","",""
"18","macawtoken.com","2021-07-08 16:24:42","2021-07-05","2021-07-05","2022-07-05","1647","Hosting Concepts B.V. dba Openprovider","whois.registrar.eu","http://www.openprovider.com","REDACTED FOR PRIVACY","","REDACTED FOR PRIVACY","REDACTED FOR PRIVACY","Varazdinska Zupanija","REDACTED FOR PRIVACY","Croatia","","REDACTED FOR PRIVACY","REDACTED FOR PRIVACY","REDACTED FOR PRIVACY","REDACTED FOR PRIVACY","REDACTED FOR PRIVACY","REDACTED FOR PRIVACY","REDACTED FOR PRIVACY","REDACTED FOR PRIVACY","REDACTED FOR PRIVACY","","REDACTED FOR PRIVACY","REDACTED FOR PRIVACY","REDACTED FOR PRIVACY","REDACTED FOR PRIVACY","REDACTED FOR PRIVACY","REDACTED FOR PRIVACY","REDACTED FOR PRIVACY","REDACTED FOR PRIVACY","REDACTED FOR PRIVACY","","REDACTED FOR PRIVACY","REDACTED FOR PRIVACY","","","","","","","","","","","ns1.crohost.net","ns2.crohost.net","","","clientTransferProhibited","","",""
"19","mistyb33.com","2021-07-08 16:20:34","2021-07-05","2021-07-05","2022-07-05","1647","Hosting Concepts B.V. dba Openprovider","whois.registrar.eu","http://www.openprovider.com","REDACTED FOR PRIVACY","","REDACTED FOR PRIVACY","REDACTED FOR PRIVACY","Vukovarsko-Srijemska","REDACTED FOR PRIVACY","Croatia","","REDACTED FOR PRIVACY","REDACTED FOR PRIVACY","REDACTED FOR PRIVACY","REDACTED FOR PRIVACY","REDACTED FOR PRIVACY","REDACTED FOR PRIVACY","REDACTED FOR PRIVACY","REDACTED FOR PRIVACY","REDACTED FOR PRIVACY","","REDACTED FOR PRIVACY","REDACTED FOR PRIVACY","REDACTED FOR PRIVACY","REDACTED FOR PRIVACY","REDACTED FOR PRIVACY","REDACTED FOR PRIVACY","REDACTED FOR PRIVACY","REDACTED FOR PRIVACY","REDACTED FOR PRIVACY","","REDACTED FOR PRIVACY","REDACTED FOR PRIVACY","","","","","","","","","","","ns1.totohost.com","ns2.totohost.com","ns3.totohost.com","ns4.totohost.com","clientTransferProhibited","","",""
"20","opatija-luxury-apartments.com","2021-07-08 16:18:18","2021-07-05","2021-07-05","2022-07-05","82","OnlineNIC, Inc.","whois.onlinenic.com","http://www.onlinenic.com","design project","design project","","","PGZ","","Croatia","","","","","","","","","","","","","","","","","","","","","","","","","","","","","","","","","","jim.ns.cloudflare.com","may.ns.cloudflare.com","","","OK","","",""
"21","paymaster.services","2021-07-08 14:49:27","2021-07-05","2021-07-05","2022-07-05","1345","Key-Systems, LLC","whois.nic.uk","http://www.key-systems.net/","REDACTED FOR PRIVACY","","REDACTED FOR PRIVACY","REDACTED FOR PRIVACY","","REDACTED FOR PRIVACY","Croatia","","REDACTED FOR PRIVACY","REDACTED FOR PRIVACY","","","","","","","","","","","","","","","","","","","","","","","","","","","","","","","","","","","addPeriod","clientTransferProhibited","",""
"22","petra-antonio.com","2021-07-08 16:16:14","2021-07-05","2021-07-05","2022-07-05","146","GoDaddy.com, LLC","whois.godaddy.com","http://registrar.godaddy.com","","","","","Medjimurska","","Croatia","","","","","","","","","","","","","","","","","","","","","","","","","","","","","","","","","","ns71.domaincontrol.com","ns72.domaincontrol.com","","","OK","","",""
"23","radnickovijece.com","2021-07-08 16:12:41","2021-07-05","2021-07-05","2022-07-05","113","CSL Computer Service Langenbach GmbH d/b/a joker.com","whois.joker.com","http://www.joker.com","Hrvatski sindikat telekomunikacija","Hrvatski sindikat telekomunikacija","","","","","Croatia","","","","","","","","","","","","","","","","","","","","","","","","","","","","","","","","","","ns1.infoitdns.com","ns2.infoitdns.com","","","clientTransferProhibited","","",""
"24","rolltheflag.com","2021-07-08 16:10:15","2021-07-05","2021-07-05","2022-07-05","113","CSL Computer Service Langenbach GmbH d/b/a joker.com","whois.joker.com","http://www.joker.com","POSLuH Hosting d.o.o.","POSLuH Hosting d.o.o.","","","","","Croatia","","","","","","","","","","","","","","","","","","","","","","","","","","","","","","","","","","dns3.posluh.hr","dns4.posluh.hr","","","clientTransferProhibited","","",""
"25","seninskin.com","2021-07-08 16:07:46","2021-07-05","2021-07-05","2022-07-05","146","GoDaddy.com, LLC","whois.godaddy.com","http://registrar.godaddy.com","","","","","Dubrova\u010dko neretvanska","","Croatia","","","","","","","","","","","","","","","","","","","","","","","","","","","","","","","","","","ns59.domaincontrol.com","ns60.domaincontrol.com","","","clientDeleteProhibited","clientRenewProhibited","clientTransferProhibited","clientUpdateProhibited"
"26","skinitreal.com","2021-07-08 16:05:42","2021-07-05","2021-07-05","2022-07-05","886","Domain.com, LLC","whois.domain.com","http://www.domain.com","REDACTED FOR PRIVACY","REDACTED FOR PRIVACY","REDACTED FOR PRIVACY","REDACTED FOR PRIVACY","NA","REDACTED FOR PRIVACY","Croatia","","REDACTED FOR PRIVACY","REDACTED FOR PRIVACY","REDACTED FOR PRIVACY","REDACTED FOR PRIVACY","REDACTED FOR PRIVACY","REDACTED FOR PRIVACY","REDACTED FOR PRIVACY","REDACTED FOR PRIVACY","REDACTED FOR PRIVACY","","REDACTED FOR PRIVACY","REDACTED FOR PRIVACY","REDACTED FOR PRIVACY","REDACTED FOR PRIVACY","REDACTED FOR PRIVACY","REDACTED FOR PRIVACY","REDACTED FOR PRIVACY","REDACTED FOR PRIVACY","REDACTED FOR PRIVACY","","REDACTED FOR PRIVACY","REDACTED FOR PRIVACY","","","","","","","","","","","ns1.domaincom-default.domainparkingserver.net","ns2.domaincom-default.domainparkingserver.net","","","OK","","",""
"27","tenis-liga-ravnice.com","2021-07-08 14:45:33","2021-07-05","2021-07-05","2022-07-05","15","Corehub, S.R.L.","whois.corehub.net","http://www.corehub.net","TM2 Sistem d.o.o.","TM2 Sistem d.o.o.","","","","","Croatia","","","","","","","","","","","","","","REGica.NET d.o.o.","REGica.NET d.o.o.","","","none","","Croatia","","","","","","","","","","","","","","nola.ns.cloudflare.com","rick.ns.cloudflare.com","","","OK","","",""
"28","truedubrovniktours.com","2021-07-08 16:00:25","2021-07-05","2021-07-07","2022-07-05","113","CSL Computer Service Langenbach GmbH d/b/a joker.com","whois.joker.com","http://www.joker.com","","","","","","","Croatia","","","","","","","","","","","","","","","","","","","","","","","","","","","","","","","","","","ns1.mojsite.com","ns2.mojsite.com","","","clientTransferProhibited","","",""
"29","umag-funride.com","2021-07-08 15:59:09","2021-07-05","2021-07-05","2022-07-05","303","PDR Ltd. d/b/a PublicDomainRegistry.com","whois.publicdomainregistry.com","http://www.publicdomainregistry.com","GDPR Masked","GDPR Masked","GDPR Masked","GDPR Masked","Grad Zagreb","GDPR Masked","Croatia","gdpr-masking@gdpr-masked.com","GDPR Masked","GDPR Masked","GDPR Masked","GDPR Masked","GDPR Masked","GDPR Masked","GDPR Masked","GDPR Masked","GDPR Masked","gdpr-masking@gdpr-masked.com","GDPR Masked","GDPR Masked","GDPR Masked","GDPR Masked","GDPR Masked","GDPR Masked","GDPR Masked","GDPR Masked","GDPR Masked","gdpr-masking@gdpr-masked.com","GDPR Masked","GDPR Masked","","","","","","","","","","","ns1.studio4web.com","ns2.studio4web.com","","","clientTransferProhibited","","",""
"30","uredske-stolice.com","2021-07-08 18:38:29","2021-07-05","2021-07-05","2022-07-05","303","PDR Ltd. d/b/a PublicDomainRegistry.com","whois.publicdomainregistry.com","http://www.publicdomainregistry.com","GDPR Masked","GDPR Masked","GDPR Masked","GDPR Masked","Grad Zagreb","GDPR Masked","Croatia","gdpr-masking@gdpr-masked.com","GDPR Masked","GDPR Masked","GDPR Masked","GDPR Masked","GDPR Masked","GDPR Masked","GDPR Masked","GDPR Masked","GDPR Masked","gdpr-masking@gdpr-masked.com","GDPR Masked","GDPR Masked","GDPR Masked","GDPR Masked","GDPR Masked","GDPR Masked","GDPR Masked","GDPR Masked","GDPR Masked","gdpr-masking@gdpr-masked.com","GDPR Masked","GDPR Masked","","","","","","","","","","","ns1.mydataknox.com","ns2.mydataknox.com","","","clientTransferProhibited","","",""
"31","useful-hub.com","2021-07-08 15:58:40","2021-07-05","2021-07-05","2022-07-05","146","GoDaddy.com, LLC","whois.godaddy.com","http://registrar.godaddy.com","","","","","Zagrebacka","","Croatia","","","","","","","","","","","","","","","","","","","","","","","","","","","","","","","","","","ns11.domaincontrol.com","ns12.domaincontrol.com","","","clientDeleteProhibited","clientRenewProhibited","clientTransferProhibited","clientUpdateProhibited"
"32","wearthetshirt.com","2021-07-08 14:31:32","2021-07-05","2021-07-05","2022-07-05","113","CSL Computer Service Langenbach GmbH d/b/a joker.com","whois.joker.com","http://www.joker.com","","","","","","","Croatia","","","","","","","","","","","","","","","","","","","","","","","","","","","","","","","","","","ns1.infoitdns.com","ns2.infoitdns.com","","","clientTransferProhibited","","",""