"num","domain_name","query_time","create_date","update_date","expiry_date","domain_registrar_id","domain_registrar_name","domain_registrar_whois","domain_registrar_url","registrant_name","registrant_company","registrant_address","registrant_city","registrant_state","registrant_zip","registrant_country","registrant_email","registrant_phone","registrant_fax","administrative_name","administrative_company","administrative_address","administrative_city","administrative_state","administrative_zip","administrative_country","administrative_email","administrative_phone","administrative_fax","technical_name","technical_company","technical_address","technical_city","technical_state","technical_zip","technical_country","technical_email","technical_phone","technical_fax","billing_name","billing_company","billing_address","billing_city","billing_state","billing_zip","billing_country","billing_email","billing_phone","billing_fax","name_server_1","name_server_2","name_server_3","name_server_4","domain_status_1","domain_status_2","domain_status_3","domain_status_4"
"1","3josoft.com","2021-07-08 17:03:28","2021-07-05","2021-07-05","2022-07-05","1418","EvoPlus Ltd.","whois.evonames.com","http://www.evonames.com","DANESCO TRADING LTD","DANESCO TRADING LTD.","157, Archbishop Makarios Ave, office 1","Limassol","","3026","Cyprus","3josoft.com@whoisprotectservice.net","+357.95713635","+357.95713635","DANESCO TRADING LTD","DANESCO TRADING LTD.","157, Archbishop Makarios Ave, office 1","Limassol","","3026","Cyprus","3josoft.com@whoisprotectservice.net","+357.95713635","+357.95713635","DANESCO TRADING LTD","DANESCO TRADING LTD.","157, Archbishop Makarios Ave, office 1","Limassol","","3026","Cyprus","3josoft.com@whoisprotectservice.net","+357.95713635","+357.95713635","DANESCO TRADING LTD","DANESCO TRADING LTD.","157, Archbishop Makarios Ave, office 1","Limassol","","3026","Cyprus","3josoft.com@whoisprotectservice.net","+357.95713635","+357.95713635","louis.ns.cloudflare.com","tessa.ns.cloudflare.com","","","OK","","",""
"2","alko-domodedovo2019.com","2021-07-08 17:00:17","2021-07-05","2021-07-05","2022-07-05","1418","EvoPlus Ltd.","whois.evonames.com","http://www.evonames.com","DANESCO TRADING LTD","DANESCO TRADING LTD.","157, Archbishop Makarios Ave, office 1","Limassol","","3026","Cyprus","alko-domodedovo2019.com@whoisprotectservice.net","+357.95713635","+357.95713635","DANESCO TRADING LTD","DANESCO TRADING LTD.","157, Archbishop Makarios Ave, office 1","Limassol","","3026","Cyprus","alko-domodedovo2019.com@whoisprotectservice.net","+357.95713635","+357.95713635","DANESCO TRADING LTD","DANESCO TRADING LTD.","157, Archbishop Makarios Ave, office 1","Limassol","","3026","Cyprus","alko-domodedovo2019.com@whoisprotectservice.net","+357.95713635","+357.95713635","DANESCO TRADING LTD","DANESCO TRADING LTD.","157, Archbishop Makarios Ave, office 1","Limassol","","3026","Cyprus","alko-domodedovo2019.com@whoisprotectservice.net","+357.95713635","+357.95713635","ns1.ucoz.net","ns2.ucoz.net","ns3.ucoz.net","","OK","","",""
"3","bahagokce.com","2021-07-08 16:56:26","2021-07-05","2021-07-05","2022-07-05","839","Realtime Register B.V.","whois.yoursrs.com","http://www.realtimeregister.com","REDACTED FOR PRIVACY","REDACTED FOR PRIVACY","REDACTED FOR PRIVACY","REDACTED FOR PRIVACY","Ammochostos Magusa","REDACTED FOR PRIVACY","Cyprus","","REDACTED FOR PRIVACY","REDACTED FOR PRIVACY","REDACTED FOR PRIVACY","REDACTED FOR PRIVACY","REDACTED FOR PRIVACY","REDACTED FOR PRIVACY","REDACTED FOR PRIVACY","REDACTED FOR PRIVACY","REDACTED FOR PRIVACY","","REDACTED FOR PRIVACY","REDACTED FOR PRIVACY","REDACTED FOR PRIVACY","REDACTED FOR PRIVACY","REDACTED FOR PRIVACY","REDACTED FOR PRIVACY","REDACTED FOR PRIVACY","REDACTED FOR PRIVACY","REDACTED FOR PRIVACY","","REDACTED FOR PRIVACY","REDACTED FOR PRIVACY","","","","","","","","","","","ns1.yoncu.com","ns2.yoncu.com","","","addPeriod","ok","",""
"4","bcosystems.com","2021-07-08 16:55:44","2021-07-05","2021-07-08","2022-07-05","146","GoDaddy.com, LLC","whois.godaddy.com","http://registrar.godaddy.com","","","","","Nicosia","","Cyprus","","","","","","","","","","","","","","","","","","","","","","","","","","","","","","","","","","ns14.wixdns.net","ns15.wixdns.net","","","clientDeleteProhibited","clientRenewProhibited","clientTransferProhibited","clientUpdateProhibited"
"5","besttraderjetski.com","2021-07-08 14:35:49","2021-07-05","2021-07-05","2022-07-05","1418","EvoPlus Ltd.","whois.evonames.com","http://www.evonames.com","DANESCO TRADING LTD","DANESCO TRADING LTD.","157, Archbishop Makarios Ave, office 1","Limassol","","3026","Cyprus","besttraderjetski.com@whoisprotectservice.net","+357.95713635","+357.95713635","DANESCO TRADING LTD","DANESCO TRADING LTD.","157, Archbishop Makarios Ave, office 1","Limassol","","3026","Cyprus","besttraderjetski.com@whoisprotectservice.net","+357.95713635","+357.95713635","DANESCO TRADING LTD","DANESCO TRADING LTD.","157, Archbishop Makarios Ave, office 1","Limassol","","3026","Cyprus","besttraderjetski.com@whoisprotectservice.net","+357.95713635","+357.95713635","DANESCO TRADING LTD","DANESCO TRADING LTD.","157, Archbishop Makarios Ave, office 1","Limassol","","3026","Cyprus","besttraderjetski.com@whoisprotectservice.net","+357.95713635","+357.95713635","ns1.ukit.com","ns2.ukit.com","ns3.ukit.com","","OK","","",""
"6","bursadavulzurnaci.com","2021-07-08 14:23:30","2021-07-05","","2022-07-05","839","Realtime Register B.V.","whois.yoursrs.com","http://www.realtimeregister.com","REDACTED FOR PRIVACY","REDACTED FOR PRIVACY","REDACTED FOR PRIVACY","REDACTED FOR PRIVACY","Ammochostos Magusa","REDACTED FOR PRIVACY","Cyprus","","REDACTED FOR PRIVACY","REDACTED FOR PRIVACY","REDACTED FOR PRIVACY","REDACTED FOR PRIVACY","REDACTED FOR PRIVACY","REDACTED FOR PRIVACY","REDACTED FOR PRIVACY","REDACTED FOR PRIVACY","REDACTED FOR PRIVACY","","REDACTED FOR PRIVACY","REDACTED FOR PRIVACY","REDACTED FOR PRIVACY","REDACTED FOR PRIVACY","REDACTED FOR PRIVACY","REDACTED FOR PRIVACY","REDACTED FOR PRIVACY","REDACTED FOR PRIVACY","REDACTED FOR PRIVACY","","REDACTED FOR PRIVACY","REDACTED FOR PRIVACY","","","","","","","","","","","ns1.yoncu.com","ns2.yoncu.com","","","addPeriod","ok","",""
"7","casinovipinform.com","2021-07-08 16:53:34","2021-07-01","2021-07-01","2022-07-01","1418","EvoPlus Ltd.","whois.evonames.com","http://www.evonames.com","DANESCO TRADING LTD","DANESCO TRADING LTD.","157, Archbishop Makarios Ave, office 1","Limassol","","3026","Cyprus","casinovipinform.com@whoisprotectservice.net","+357.95713635","+357.95713635","DANESCO TRADING LTD","DANESCO TRADING LTD.","157, Archbishop Makarios Ave, office 1","Limassol","","3026","Cyprus","casinovipinform.com@whoisprotectservice.net","+357.95713635","+357.95713635","DANESCO TRADING LTD","DANESCO TRADING LTD.","157, Archbishop Makarios Ave, office 1","Limassol","","3026","Cyprus","casinovipinform.com@whoisprotectservice.net","+357.95713635","+357.95713635","DANESCO TRADING LTD","DANESCO TRADING LTD.","157, Archbishop Makarios Ave, office 1","Limassol","","3026","Cyprus","casinovipinform.com@whoisprotectservice.net","+357.95713635","+357.95713635","kevin.ns.cloudflare.com","ulla.ns.cloudflare.com","","","inactive","","",""
"8","christosioannides.com","2021-07-08 17:41:27","2021-07-05","2021-07-05","2022-07-05","146","GoDaddy.com, LLC","whois.godaddy.com","http://registrar.godaddy.com","","","","","None (International)","","Cyprus","","","","","","","","","","","","","","","","","","","","","","","","","","","","","","","","","","ns55.domaincontrol.com","ns56.domaincontrol.com","","","clientDeleteProhibited","clientRenewProhibited","clientTransferProhibited","clientUpdateProhibited"
"9","cz-financessarcelles.com","2021-07-08 16:48:38","2021-07-05","2021-07-05","2022-07-05","48","eNom, Inc.","whois.enom.com","http://www.enom.com","REDACTED FOR PRIVACY","REDACTED FOR PRIVACY","REDACTED FOR PRIVACY","REDACTED FOR PRIVACY","2407 Engomi","REDACTED FOR PRIVACY","Cyprus","","REDACTED FOR PRIVACY","REDACTED FOR PRIVACY","REDACTED FOR PRIVACY","REDACTED FOR PRIVACY","REDACTED FOR PRIVACY","REDACTED FOR PRIVACY","REDACTED FOR PRIVACY","REDACTED FOR PRIVACY","REDACTED FOR PRIVACY","","REDACTED FOR PRIVACY","REDACTED FOR PRIVACY","REDACTED FOR PRIVACY","REDACTED FOR PRIVACY","REDACTED FOR PRIVACY","REDACTED FOR PRIVACY","REDACTED FOR PRIVACY","REDACTED FOR PRIVACY","REDACTED FOR PRIVACY","","REDACTED FOR PRIVACY","REDACTED FOR PRIVACY","","","","","","","","","","","ns3019.mochahost.com","ns4019.mochahost.com","","","addPeriod","clientTransferProhibited","",""
"10","darkarchlight.com","2021-07-08 16:48:10","2021-07-05","2021-07-05","2022-07-05","1647","Hosting Concepts B.V. dba Openprovider","whois.registrar.eu","http://www.openprovider.com","REDACTED FOR PRIVACY","Stelios Monoyios","REDACTED FOR PRIVACY","REDACTED FOR PRIVACY","Limassol","REDACTED FOR PRIVACY","Cyprus","","REDACTED FOR PRIVACY","REDACTED FOR PRIVACY","REDACTED FOR PRIVACY","REDACTED FOR PRIVACY","REDACTED FOR PRIVACY","REDACTED FOR PRIVACY","REDACTED FOR PRIVACY","REDACTED FOR PRIVACY","REDACTED FOR PRIVACY","","REDACTED FOR PRIVACY","REDACTED FOR PRIVACY","REDACTED FOR PRIVACY","REDACTED FOR PRIVACY","REDACTED FOR PRIVACY","REDACTED FOR PRIVACY","REDACTED FOR PRIVACY","REDACTED FOR PRIVACY","REDACTED FOR PRIVACY","","REDACTED FOR PRIVACY","REDACTED FOR PRIVACY","","","","","","","","","","","ns1.dns-parking.com","ns2.dns-parking.com","","","clientTransferProhibited","","",""
"11","digitalfrontiercorp.com","2021-07-08 17:27:30","2021-07-05","2021-07-05","2022-07-05","1418","EvoPlus Ltd.","whois.evonames.com","http://www.evonames.com","DANESCO TRADING LTD","DANESCO TRADING LTD.","157, Archbishop Makarios Ave, office 1","Limassol","","3026","Cyprus","digitalfrontiercorp.com@whoisprotectservice.net","+357.95713635","+357.95713635","DANESCO TRADING LTD","DANESCO TRADING LTD.","157, Archbishop Makarios Ave, office 1","Limassol","","3026","Cyprus","digitalfrontiercorp.com@whoisprotectservice.net","+357.95713635","+357.95713635","DANESCO TRADING LTD","DANESCO TRADING LTD.","157, Archbishop Makarios Ave, office 1","Limassol","","3026","Cyprus","digitalfrontiercorp.com@whoisprotectservice.net","+357.95713635","+357.95713635","DANESCO TRADING LTD","DANESCO TRADING LTD.","157, Archbishop Makarios Ave, office 1","Limassol","","3026","Cyprus","digitalfrontiercorp.com@whoisprotectservice.net","+357.95713635","+357.95713635","rita.ns.cloudflare.com","sri.ns.cloudflare.com","","","inactive","","",""
"12","dogecoinmini.com","2021-07-08 16:46:20","2021-07-05","2021-07-06","2022-07-05","1647","Hosting Concepts B.V. dba Openprovider","whois.registrar.eu","http://www.openprovider.com","REDACTED FOR PRIVACY","","REDACTED FOR PRIVACY","REDACTED FOR PRIVACY","Larnaka","REDACTED FOR PRIVACY","Cyprus","","REDACTED FOR PRIVACY","REDACTED FOR PRIVACY","REDACTED FOR PRIVACY","REDACTED FOR PRIVACY","REDACTED FOR PRIVACY","REDACTED FOR PRIVACY","REDACTED FOR PRIVACY","REDACTED FOR PRIVACY","REDACTED FOR PRIVACY","","REDACTED FOR PRIVACY","REDACTED FOR PRIVACY","REDACTED FOR PRIVACY","REDACTED FOR PRIVACY","REDACTED FOR PRIVACY","REDACTED FOR PRIVACY","REDACTED FOR PRIVACY","REDACTED FOR PRIVACY","REDACTED FOR PRIVACY","","REDACTED FOR PRIVACY","REDACTED FOR PRIVACY","","","","","","","","","","","cdns1.main-hosting.eu","cdns2.main-hosting.eu","","","OK","","",""
"13","dogeminertr.com","2021-07-08 16:46:19","2021-07-05","","2022-07-05","839","Realtime Register B.V.","whois.yoursrs.com","http://www.realtimeregister.com","REDACTED FOR PRIVACY","REDACTED FOR PRIVACY","REDACTED FOR PRIVACY","REDACTED FOR PRIVACY","Ammochostos Magusa","REDACTED FOR PRIVACY","Cyprus","","REDACTED FOR PRIVACY","REDACTED FOR PRIVACY","REDACTED FOR PRIVACY","REDACTED FOR PRIVACY","REDACTED FOR PRIVACY","REDACTED FOR PRIVACY","REDACTED FOR PRIVACY","REDACTED FOR PRIVACY","REDACTED FOR PRIVACY","","REDACTED FOR PRIVACY","REDACTED FOR PRIVACY","REDACTED FOR PRIVACY","REDACTED FOR PRIVACY","REDACTED FOR PRIVACY","REDACTED FOR PRIVACY","REDACTED FOR PRIVACY","REDACTED FOR PRIVACY","REDACTED FOR PRIVACY","","REDACTED FOR PRIVACY","REDACTED FOR PRIVACY","","","","","","","","","","","ns1.yoncu.com","ns2.yoncu.com","","","addPeriod","ok","",""
"14","domen007.com","2021-07-08 16:46:15","2021-07-05","2021-07-06","2025-07-05","1418","EvoPlus Ltd.","whois.evonames.com","http://www.evonames.com","DANESCO TRADING LTD","DANESCO TRADING LTD.","157, Archbishop Makarios Ave, office 1","Limassol","","3026","Cyprus","domen007.com@whoisprotectservice.net","+357.95713635","+357.95713635","DANESCO TRADING LTD","DANESCO TRADING LTD.","157, Archbishop Makarios Ave, office 1","Limassol","","3026","Cyprus","domen007.com@whoisprotectservice.net","+357.95713635","+357.95713635","DANESCO TRADING LTD","DANESCO TRADING LTD.","157, Archbishop Makarios Ave, office 1","Limassol","","3026","Cyprus","domen007.com@whoisprotectservice.net","+357.95713635","+357.95713635","DANESCO TRADING LTD","DANESCO TRADING LTD.","157, Archbishop Makarios Ave, office 1","Limassol","","3026","Cyprus","domen007.com@whoisprotectservice.net","+357.95713635","+357.95713635","ns1.ukit.com","ns2.ukit.com","","","OK","","",""
"15","egemensoft.com","2021-07-08 16:44:12","2021-07-05","","2022-07-05","839","Realtime Register B.V.","whois.yoursrs.com","http://www.realtimeregister.com","REDACTED FOR PRIVACY","REDACTED FOR PRIVACY","REDACTED FOR PRIVACY","REDACTED FOR PRIVACY","Ammochostos Magusa","REDACTED FOR PRIVACY","Cyprus","","REDACTED FOR PRIVACY","REDACTED FOR PRIVACY","REDACTED FOR PRIVACY","REDACTED FOR PRIVACY","REDACTED FOR PRIVACY","REDACTED FOR PRIVACY","REDACTED FOR PRIVACY","REDACTED FOR PRIVACY","REDACTED FOR PRIVACY","","REDACTED FOR PRIVACY","REDACTED FOR PRIVACY","REDACTED FOR PRIVACY","REDACTED FOR PRIVACY","REDACTED FOR PRIVACY","REDACTED FOR PRIVACY","REDACTED FOR PRIVACY","REDACTED FOR PRIVACY","REDACTED FOR PRIVACY","","REDACTED FOR PRIVACY","REDACTED FOR PRIVACY","","","","","","","","","","","ns1.yoncu.com","ns2.yoncu.com","","","addPeriod","ok","",""
"16","eightflixtv.com","2021-07-08 16:44:15","2021-07-05","","2022-07-05","839","Realtime Register B.V.","whois.yoursrs.com","http://www.realtimeregister.com","REDACTED FOR PRIVACY","REDACTED FOR PRIVACY","REDACTED FOR PRIVACY","REDACTED FOR PRIVACY","Ammochostos Magusa","REDACTED FOR PRIVACY","Cyprus","","REDACTED FOR PRIVACY","REDACTED FOR PRIVACY","REDACTED FOR PRIVACY","REDACTED FOR PRIVACY","REDACTED FOR PRIVACY","REDACTED FOR PRIVACY","REDACTED FOR PRIVACY","REDACTED FOR PRIVACY","REDACTED FOR PRIVACY","","REDACTED FOR PRIVACY","REDACTED FOR PRIVACY","REDACTED FOR PRIVACY","REDACTED FOR PRIVACY","REDACTED FOR PRIVACY","REDACTED FOR PRIVACY","REDACTED FOR PRIVACY","REDACTED FOR PRIVACY","REDACTED FOR PRIVACY","","REDACTED FOR PRIVACY","REDACTED FOR PRIVACY","","","","","","","","","","","ns1.yoncu.com","ns2.yoncu.com","","","addPeriod","ok","",""
"17","embagroups.com","2021-07-08 16:43:50","2021-07-05","2021-07-05","2022-07-05","839","Realtime Register B.V.","whois.yoursrs.com","http://www.realtimeregister.com","REDACTED FOR PRIVACY","REDACTED FOR PRIVACY","REDACTED FOR PRIVACY","REDACTED FOR PRIVACY","Ammochostos Magusa","REDACTED FOR PRIVACY","Cyprus","","REDACTED FOR PRIVACY","REDACTED FOR PRIVACY","REDACTED FOR PRIVACY","REDACTED FOR PRIVACY","REDACTED FOR PRIVACY","REDACTED FOR PRIVACY","REDACTED FOR PRIVACY","REDACTED FOR PRIVACY","REDACTED FOR PRIVACY","","REDACTED FOR PRIVACY","REDACTED FOR PRIVACY","REDACTED FOR PRIVACY","REDACTED FOR PRIVACY","REDACTED FOR PRIVACY","REDACTED FOR PRIVACY","REDACTED FOR PRIVACY","REDACTED FOR PRIVACY","REDACTED FOR PRIVACY","","REDACTED FOR PRIVACY","REDACTED FOR PRIVACY","","","","","","","","","","","ns1.embagroups.com","ns2.embagroups.com","","","addPeriod","ok","",""
"18","feridunkunakdetoxsu.com","2021-07-08 16:41:12","2021-07-05","","2022-07-05","839","Realtime Register B.V.","whois.yoursrs.com","http://www.realtimeregister.com","REDACTED FOR PRIVACY","REDACTED FOR PRIVACY","REDACTED FOR PRIVACY","REDACTED FOR PRIVACY","Ammochostos Magusa","REDACTED FOR PRIVACY","Cyprus","","REDACTED FOR PRIVACY","REDACTED FOR PRIVACY","REDACTED FOR PRIVACY","REDACTED FOR PRIVACY","REDACTED FOR PRIVACY","REDACTED FOR PRIVACY","REDACTED FOR PRIVACY","REDACTED FOR PRIVACY","REDACTED FOR PRIVACY","","REDACTED FOR PRIVACY","REDACTED FOR PRIVACY","REDACTED FOR PRIVACY","REDACTED FOR PRIVACY","REDACTED FOR PRIVACY","REDACTED FOR PRIVACY","REDACTED FOR PRIVACY","REDACTED FOR PRIVACY","REDACTED FOR PRIVACY","","REDACTED FOR PRIVACY","REDACTED FOR PRIVACY","","","","","","","","","","","ns1.yoncu.com","ns2.yoncu.com","","","addPeriod","ok","",""
"19","global-investment-explorer.com","2021-07-08 16:37:36","2021-07-05","2021-07-05","2022-07-05","3240","Infomaniak Network SA","","","REDACTED FOR PRIVACY","","REDACTED FOR PRIVACY","REDACTED FOR PRIVACY","","REDACTED FOR PRIVACY","Cyprus","","REDACTED FOR PRIVACY","REDACTED FOR PRIVACY","REDACTED FOR PRIVACY","","REDACTED FOR PRIVACY","REDACTED FOR PRIVACY","","REDACTED FOR PRIVACY","Cyprus","","REDACTED FOR PRIVACY","REDACTED FOR PRIVACY","REDACTED FOR PRIVACY","","REDACTED FOR PRIVACY","REDACTED FOR PRIVACY","","REDACTED FOR PRIVACY","Cyprus","","REDACTED FOR PRIVACY","REDACTED FOR PRIVACY","REDACTED FOR PRIVACY","","REDACTED FOR PRIVACY","REDACTED FOR PRIVACY","","REDACTED FOR PRIVACY","Cyprus","","REDACTED FOR PRIVACY","REDACTED FOR PRIVACY","ns11.infomaniak.ch","ns12.infomaniak.ch","","","clientTransferProhibited","ok","",""
"20","granovskaya.com","2021-07-08 18:38:10","2021-07-05","2021-07-05","2022-07-05","1418","EvoPlus Ltd.","whois.evonames.com","http://www.evonames.com","DANESCO TRADING LTD","DANESCO TRADING LTD.","157, Archbishop Makarios Ave, office 1","Limassol","","3026","Cyprus","granovskaya.com@whoisprotectservice.net","+357.95713635","+357.95713635","DANESCO TRADING LTD","DANESCO TRADING LTD.","157, Archbishop Makarios Ave, office 1","Limassol","","3026","Cyprus","granovskaya.com@whoisprotectservice.net","+357.95713635","+357.95713635","DANESCO TRADING LTD","DANESCO TRADING LTD.","157, Archbishop Makarios Ave, office 1","Limassol","","3026","Cyprus","granovskaya.com@whoisprotectservice.net","+357.95713635","+357.95713635","DANESCO TRADING LTD","DANESCO TRADING LTD.","157, Archbishop Makarios Ave, office 1","Limassol","","3026","Cyprus","granovskaya.com@whoisprotectservice.net","+357.95713635","+357.95713635","dns1.yandex.net","dns2.yandex.net","","","inactive","","",""
"21","herrbacchus.com","2021-07-08 14:38:06","2021-07-05","2021-07-05","2024-07-05","1647","Hosting Concepts B.V. dba Openprovider","whois.registrar.eu","http://www.openprovider.com","REDACTED FOR PRIVACY","ADVISORIN LTD","REDACTED FOR PRIVACY","REDACTED FOR PRIVACY","","REDACTED FOR PRIVACY","Cyprus","","REDACTED FOR PRIVACY","REDACTED FOR PRIVACY","REDACTED FOR PRIVACY","REDACTED FOR PRIVACY","REDACTED FOR PRIVACY","REDACTED FOR PRIVACY","REDACTED FOR PRIVACY","REDACTED FOR PRIVACY","REDACTED FOR PRIVACY","","REDACTED FOR PRIVACY","REDACTED FOR PRIVACY","REDACTED FOR PRIVACY","REDACTED FOR PRIVACY","REDACTED FOR PRIVACY","REDACTED FOR PRIVACY","REDACTED FOR PRIVACY","REDACTED FOR PRIVACY","REDACTED FOR PRIVACY","","REDACTED FOR PRIVACY","REDACTED FOR PRIVACY","","","","","","","","","","","ns1.openprovider.nl","ns2.openprovider.be","ns3.openprovider.eu","","clientTransferProhibited","ok","",""
"22","ianrushnft.com","2021-07-08 16:35:12","2021-07-05","2021-07-05","2022-07-05","146","GoDaddy.com, LLC","whois.godaddy.com","http://registrar.godaddy.com","CORE CY","CORE CY","","","Cyprus","","Cyprus","","","","","","","","","","","","","","","","","","","","","","","","","","","","","","","","","","ns13.domaincontrol.com","ns14.domaincontrol.com","","","clientDeleteProhibited","clientRenewProhibited","clientTransferProhibited","clientUpdateProhibited"
"23","ifsazamanim.com","2021-07-08 16:34:57","2021-07-05","","2022-07-05","839","Realtime Register B.V.","whois.yoursrs.com","http://www.realtimeregister.com","REDACTED FOR PRIVACY","REDACTED FOR PRIVACY","REDACTED FOR PRIVACY","REDACTED FOR PRIVACY","Ammochostos Magusa","REDACTED FOR PRIVACY","Cyprus","","REDACTED FOR PRIVACY","REDACTED FOR PRIVACY","REDACTED FOR PRIVACY","REDACTED FOR PRIVACY","REDACTED FOR PRIVACY","REDACTED FOR PRIVACY","REDACTED FOR PRIVACY","REDACTED FOR PRIVACY","REDACTED FOR PRIVACY","","REDACTED FOR PRIVACY","REDACTED FOR PRIVACY","REDACTED FOR PRIVACY","REDACTED FOR PRIVACY","REDACTED FOR PRIVACY","REDACTED FOR PRIVACY","REDACTED FOR PRIVACY","REDACTED FOR PRIVACY","REDACTED FOR PRIVACY","","REDACTED FOR PRIVACY","REDACTED FOR PRIVACY","","","","","","","","","","","ns1.yoncu.com","ns2.yoncu.com","","","addPeriod","ok","",""
"24","impresshello.com","2021-07-08 12:06:36","2021-07-07","2021-07-07","2023-07-07","146","GoDaddy.com, LLC","whois.godaddy.com","http://registrar.godaddy.com","Zandivio LTD","Zandivio LTD","","","Limassol District","","Cyprus","","","","","","","","","","","","","","","","","","","","","","","","","","","","","","","","","","ns47.domaincontrol.com","ns48.domaincontrol.com","","","clientDeleteProhibited","clientRenewProhibited","clientTransferProhibited","clientUpdateProhibited"
"25","insurancewiser.com","2021-07-08 17:36:16","2021-07-05","2021-07-04","2022-07-05","146","GoDaddy.com, LLC","whois.godaddy.com","http://registrar.godaddy.com","tony","tony","","","","","Cyprus","","","","","","","","","","","","","","","","","","","","","","","","","","","","","","","","","","ns59.domaincontrol.com","ns60.domaincontrol.com","","","clientDeleteProhibited","clientRenewProhibited","clientTransferProhibited","clientUpdateProhibited"
"26","ixirwebtasarim.com","2021-07-08 17:05:11","2021-07-05","2021-07-05","2022-07-05","839","Realtime Register B.V.","whois.yoursrs.com","http://www.realtimeregister.com","REDACTED FOR PRIVACY","REDACTED FOR PRIVACY","REDACTED FOR PRIVACY","REDACTED FOR PRIVACY","Ammochostos Magusa","REDACTED FOR PRIVACY","Cyprus","","REDACTED FOR PRIVACY","REDACTED FOR PRIVACY","REDACTED FOR PRIVACY","REDACTED FOR PRIVACY","REDACTED FOR PRIVACY","REDACTED FOR PRIVACY","REDACTED FOR PRIVACY","REDACTED FOR PRIVACY","REDACTED FOR PRIVACY","","REDACTED FOR PRIVACY","REDACTED FOR PRIVACY","REDACTED FOR PRIVACY","REDACTED FOR PRIVACY","REDACTED FOR PRIVACY","REDACTED FOR PRIVACY","REDACTED FOR PRIVACY","REDACTED FOR PRIVACY","REDACTED FOR PRIVACY","","REDACTED FOR PRIVACY","REDACTED FOR PRIVACY","","","","","","","","","","","ns1.turkiyewordpress.com","ns2.turkiyewordpress.com","","","addPeriod","ok","",""
"27","jet-para.online","2021-07-08 15:26:29","2021-07-05","","2022-07-05","1454","Nics Telekomünikasyon Ticaret Ltd. Şti.","whois.nicproxy.com","http://www.nicproxy.com","CEM  YAVUZ YILMAZ","CEM  YAVUZ YILMAZ","","","GAZI MAGUSA","","Cyprus","","","","","","","","","","","","","","","","","","","","","","","","","","","","","","","","","","ns1.natrohost.com","ns2.natrohost.com","","","addPeriod","serverTransferProhibited","",""
"28","kozackadolina.com","2021-07-08 16:28:55","2021-07-05","2021-07-05","2022-07-05","1418","EvoPlus Ltd.","whois.evonames.com","http://www.evonames.com","DANESCO TRADING LTD","DANESCO TRADING LTD.","157, Archbishop Makarios Ave, office 1","Limassol","","3026","Cyprus","kozackadolina.com@whoisprotectservice.net","+357.95713635","+357.95713635","DANESCO TRADING LTD","DANESCO TRADING LTD.","157, Archbishop Makarios Ave, office 1","Limassol","","3026","Cyprus","kozackadolina.com@whoisprotectservice.net","+357.95713635","+357.95713635","DANESCO TRADING LTD","DANESCO TRADING LTD.","157, Archbishop Makarios Ave, office 1","Limassol","","3026","Cyprus","kozackadolina.com@whoisprotectservice.net","+357.95713635","+357.95713635","DANESCO TRADING LTD","DANESCO TRADING LTD.","157, Archbishop Makarios Ave, office 1","Limassol","","3026","Cyprus","kozackadolina.com@whoisprotectservice.net","+357.95713635","+357.95713635","ns1.ucoz.net","ns2.ucoz.net","ns3.ucoz.net","","OK","","",""
"29","lifestylemedicinecyprus.com","2021-07-08 16:26:29","2021-07-05","2021-07-05","2022-07-05","1727","Papaki Ltd.","whois.eu","http://www.papaki.gr","REDACTED FOR PRIVACY","REDACTED FOR PRIVACY","REDACTED FOR PRIVACY","REDACTED FOR PRIVACY","Pafos","REDACTED FOR PRIVACY","Cyprus","","REDACTED FOR PRIVACY","REDACTED FOR PRIVACY","REDACTED FOR PRIVACY","REDACTED FOR PRIVACY","REDACTED FOR PRIVACY","REDACTED FOR PRIVACY","REDACTED FOR PRIVACY","REDACTED FOR PRIVACY","REDACTED FOR PRIVACY","","REDACTED FOR PRIVACY","REDACTED FOR PRIVACY","REDACTED FOR PRIVACY","REDACTED FOR PRIVACY","REDACTED FOR PRIVACY","REDACTED FOR PRIVACY","REDACTED FOR PRIVACY","REDACTED FOR PRIVACY","REDACTED FOR PRIVACY","","REDACTED FOR PRIVACY","REDACTED FOR PRIVACY","","","","","","","","","","","dns1.papaki.gr","dns2.papaki.gr","","","clientTransferProhibited","clientUpdateProhibited","",""
"30","ligonnet.com","2021-07-08 17:13:48","2021-07-05","2021-07-05","2022-07-05","1418","EvoPlus Ltd.","whois.evonames.com","http://www.evonames.com","DANESCO TRADING LTD","DANESCO TRADING LTD.","157, Archbishop Makarios Ave, office 1","Limassol","","3026","Cyprus","ligonnet.com@whoisprotectservice.net","+357.95713635","+357.95713635","DANESCO TRADING LTD","DANESCO TRADING LTD.","157, Archbishop Makarios Ave, office 1","Limassol","","3026","Cyprus","ligonnet.com@whoisprotectservice.net","+357.95713635","+357.95713635","DANESCO TRADING LTD","DANESCO TRADING LTD.","157, Archbishop Makarios Ave, office 1","Limassol","","3026","Cyprus","ligonnet.com@whoisprotectservice.net","+357.95713635","+357.95713635","DANESCO TRADING LTD","DANESCO TRADING LTD.","157, Archbishop Makarios Ave, office 1","Limassol","","3026","Cyprus","ligonnet.com@whoisprotectservice.net","+357.95713635","+357.95713635","dns1.yandex.net","dns2.yandex.net","","","OK","","",""
"31","menreportermedia.com","2021-07-08 16:22:03","2021-07-05","2021-07-05","2022-07-05","48","eNom, Inc.","whois.enom.com","http://www.enom.com","REDACTED FOR PRIVACY","REDACTED FOR PRIVACY","REDACTED FOR PRIVACY","REDACTED FOR PRIVACY","Nicosia","REDACTED FOR PRIVACY","Cyprus","","REDACTED FOR PRIVACY","REDACTED FOR PRIVACY","REDACTED FOR PRIVACY","REDACTED FOR PRIVACY","REDACTED FOR PRIVACY","REDACTED FOR PRIVACY","REDACTED FOR PRIVACY","REDACTED FOR PRIVACY","REDACTED FOR PRIVACY","","REDACTED FOR PRIVACY","REDACTED FOR PRIVACY","REDACTED FOR PRIVACY","REDACTED FOR PRIVACY","REDACTED FOR PRIVACY","REDACTED FOR PRIVACY","REDACTED FOR PRIVACY","REDACTED FOR PRIVACY","REDACTED FOR PRIVACY","","REDACTED FOR PRIVACY","REDACTED FOR PRIVACY","","","","","","","","","","","ariadne.ns.fastpath.gr","cassandra.ns.fastpath.gr","","","addPeriod","clientTransferProhibited","",""
"32","mplay-f0rtyna.info","2021-07-08 15:44:41","2021-07-06","2021-07-07","2022-07-06","1418","EvoPlus Ltd.","whois.evonames.com","http://www.evonames.com","DANESCO TRADING LTD.","DANESCO TRADING LTD.","","","","","Cyprus","","","","","","","","","","","","","","","","","","","","","","","","","","","","","","","","","","ns1.ua-hosting.company","ns2.ua-hosting.company","","","addPeriod","serverTransferProhibited","",""
"33","mrshinelimassol.com","2021-07-08 16:19:30","2021-07-05","2021-07-06","2022-07-05","1727","Papaki Ltd.","whois.eu","http://www.papaki.gr","REDACTED FOR PRIVACY","REDACTED FOR PRIVACY","REDACTED FOR PRIVACY","REDACTED FOR PRIVACY","Pafos","REDACTED FOR PRIVACY","Cyprus","","REDACTED FOR PRIVACY","REDACTED FOR PRIVACY","REDACTED FOR PRIVACY","REDACTED FOR PRIVACY","REDACTED FOR PRIVACY","REDACTED FOR PRIVACY","REDACTED FOR PRIVACY","REDACTED FOR PRIVACY","REDACTED FOR PRIVACY","","REDACTED FOR PRIVACY","REDACTED FOR PRIVACY","REDACTED FOR PRIVACY","REDACTED FOR PRIVACY","REDACTED FOR PRIVACY","REDACTED FOR PRIVACY","REDACTED FOR PRIVACY","REDACTED FOR PRIVACY","REDACTED FOR PRIVACY","","REDACTED FOR PRIVACY","REDACTED FOR PRIVACY","","","","","","","","","","","ns1126.papaki.gr","ns2126.papaki.gr","","","clientTransferProhibited","clientUpdateProhibited","",""
"34","natuocup.com","2021-07-08 16:18:14","2021-07-05","2021-07-05","2023-07-05","146","GoDaddy.com, LLC","whois.godaddy.com","http://registrar.godaddy.com","","","","","Nicosia","","Cyprus","","","","","","","","","","","","","","","","","","","","","","","","","","","","","","","","","","ns69.domaincontrol.com","ns70.domaincontrol.com","","","clientDeleteProhibited","clientRenewProhibited","clientTransferProhibited","clientUpdateProhibited"
"35","neoclaris.com","2021-07-08 14:42:13","2021-07-05","2021-07-04","2031-07-05","146","GoDaddy.com, LLC","whois.godaddy.com","http://registrar.godaddy.com","NIPD Genetics LTD","NIPD Genetics LTD","","","NA","","Cyprus","","","","","","","","","","","","","","","","","","","","","","","","","","","","","","","","","","ns69.domaincontrol.com","ns70.domaincontrol.com","","","clientDeleteProhibited","clientRenewProhibited","clientTransferProhibited","clientUpdateProhibited"
"36","neometis.com","2021-07-08 17:42:47","2021-07-05","2021-07-04","2031-07-05","146","GoDaddy.com, LLC","whois.godaddy.com","http://registrar.godaddy.com","NIPD Genetics LTD","NIPD Genetics LTD","","","NA","","Cyprus","","","","","","","","","","","","","","","","","","","","","","","","","","","","","","","","","","ns59.domaincontrol.com","ns60.domaincontrol.com","","","clientDeleteProhibited","clientRenewProhibited","clientTransferProhibited","clientUpdateProhibited"
"37","neostrech-new.com","2021-07-08 14:42:17","2021-07-05","2021-07-05","2022-07-05","1418","EvoPlus Ltd.","whois.evonames.com","http://www.evonames.com","DANESCO TRADING LTD","DANESCO TRADING LTD.","157, Archbishop Makarios Ave, office 1","Limassol","","3026","Cyprus","neostrech-new.com@whoisprotectservice.net","+357.95713635","+357.95713635","DANESCO TRADING LTD","DANESCO TRADING LTD.","157, Archbishop Makarios Ave, office 1","Limassol","","3026","Cyprus","neostrech-new.com@whoisprotectservice.net","+357.95713635","+357.95713635","DANESCO TRADING LTD","DANESCO TRADING LTD.","157, Archbishop Makarios Ave, office 1","Limassol","","3026","Cyprus","neostrech-new.com@whoisprotectservice.net","+357.95713635","+357.95713635","DANESCO TRADING LTD","DANESCO TRADING LTD.","157, Archbishop Makarios Ave, office 1","Limassol","","3026","Cyprus","neostrech-new.com@whoisprotectservice.net","+357.95713635","+357.95713635","ns1.fornex.com","ns2.fornex.com","ns3.fornex.com","ns4.fornex.com","OK","","",""
"38","neothetis.com","2021-07-08 14:42:17","2021-07-05","2021-07-04","2031-07-05","146","GoDaddy.com, LLC","whois.godaddy.com","http://registrar.godaddy.com","NIPD Genetics LTD","NIPD Genetics LTD","","","NA","","Cyprus","","","","","","","","","","","","","","","","","","","","","","","","","","","","","","","","","","ns69.domaincontrol.com","ns70.domaincontrol.com","","","clientDeleteProhibited","clientRenewProhibited","clientTransferProhibited","clientUpdateProhibited"
"39","nexia.academy","2021-07-08 14:15:10","2021-07-05","2021-07-05","2022-07-05","146","GoDaddy.com, LLC","whois.godaddy.com","http://registrar.godaddy.com","REDACTED FOR PRIVACY","","REDACTED FOR PRIVACY","REDACTED FOR PRIVACY","Nicosia","REDACTED FOR PRIVACY","Cyprus","","REDACTED FOR PRIVACY","REDACTED FOR PRIVACY","","","","","","","","","","","","","","","","","","","","","","","","","","","","","","","","","","","addPeriod","clientDeleteProhibited","clientRenewProhibited","clientTransferProhibited"
"40","paxfx.net","2021-07-08 15:30:04","2021-07-04","2021-07-04","2022-07-04","1647","Hosting Concepts B.V. dba Openprovider","whois.registrar.eu","http://www.openprovider.com","REDACTED FOR PRIVACY","rof","REDACTED FOR PRIVACY","REDACTED FOR PRIVACY","Lemesos","REDACTED FOR PRIVACY","Cyprus","","REDACTED FOR PRIVACY","REDACTED FOR PRIVACY","REDACTED FOR PRIVACY","REDACTED FOR PRIVACY","REDACTED FOR PRIVACY","REDACTED FOR PRIVACY","REDACTED FOR PRIVACY","REDACTED FOR PRIVACY","REDACTED FOR PRIVACY","","REDACTED FOR PRIVACY","REDACTED FOR PRIVACY","REDACTED FOR PRIVACY","REDACTED FOR PRIVACY","REDACTED FOR PRIVACY","REDACTED FOR PRIVACY","REDACTED FOR PRIVACY","REDACTED FOR PRIVACY","REDACTED FOR PRIVACY","","REDACTED FOR PRIVACY","REDACTED FOR PRIVACY","","","","","","","","","","","ns1.dns-parking.com","ns2.dns-parking.com","","","clientTransferProhibited","ok","",""
"41","pinasmenos.com","2021-07-08 16:15:49","2021-07-05","2021-07-05","2022-07-05","146","GoDaddy.com, LLC","whois.godaddy.com","http://registrar.godaddy.com","","","","","Select a region","","Cyprus","","","","","","","","","","","","","","","","","","","","","","","","","","","","","","","","","","ns13.domaincontrol.com","ns14.domaincontrol.com","","","clientDeleteProhibited","clientRenewProhibited","clientTransferProhibited","clientUpdateProhibited"
"42","pornhubprm.com","2021-07-08 16:15:15","2021-07-05","2021-07-05","2022-07-05","1418","EvoPlus Ltd.","whois.evonames.com","http://www.evonames.com","DANESCO TRADING LTD","DANESCO TRADING LTD.","157, Archbishop Makarios Ave, office 1","Limassol","","3026","Cyprus","pornhubprm.com@whoisprotectservice.net","+357.95713635","+357.95713635","DANESCO TRADING LTD","DANESCO TRADING LTD.","157, Archbishop Makarios Ave, office 1","Limassol","","3026","Cyprus","pornhubprm.com@whoisprotectservice.net","+357.95713635","+357.95713635","DANESCO TRADING LTD","DANESCO TRADING LTD.","157, Archbishop Makarios Ave, office 1","Limassol","","3026","Cyprus","pornhubprm.com@whoisprotectservice.net","+357.95713635","+357.95713635","DANESCO TRADING LTD","DANESCO TRADING LTD.","157, Archbishop Makarios Ave, office 1","Limassol","","3026","Cyprus","pornhubprm.com@whoisprotectservice.net","+357.95713635","+357.95713635","aria.ns.cloudflare.com","oswald.ns.cloudflare.com","","","inactive","","",""
"43","pornhubsmm.com","2021-07-08 16:15:09","2021-07-05","2021-07-05","2022-07-05","1418","EvoPlus Ltd.","whois.evonames.com","http://www.evonames.com","DANESCO TRADING LTD","DANESCO TRADING LTD.","157, Archbishop Makarios Ave, office 1","Limassol","","3026","Cyprus","pornhubsmm.com@whoisprotectservice.net","+357.95713635","+357.95713635","DANESCO TRADING LTD","DANESCO TRADING LTD.","157, Archbishop Makarios Ave, office 1","Limassol","","3026","Cyprus","pornhubsmm.com@whoisprotectservice.net","+357.95713635","+357.95713635","DANESCO TRADING LTD","DANESCO TRADING LTD.","157, Archbishop Makarios Ave, office 1","Limassol","","3026","Cyprus","pornhubsmm.com@whoisprotectservice.net","+357.95713635","+357.95713635","DANESCO TRADING LTD","DANESCO TRADING LTD.","157, Archbishop Makarios Ave, office 1","Limassol","","3026","Cyprus","pornhubsmm.com@whoisprotectservice.net","+357.95713635","+357.95713635","cpstwoone.iphoster.net","cpstwotwo.iphoster.net","","","OK","","",""
"44","pricol123test1.com","2021-07-08 16:14:15","2021-07-05","2021-07-05","2024-07-05","1418","EvoPlus Ltd.","whois.evonames.com","http://www.evonames.com","DANESCO TRADING LTD","DANESCO TRADING LTD.","157, Archbishop Makarios Ave, office 1","Limassol","","3026","Cyprus","pricol123test1.com@whoisprotectservice.net","+357.95713635","+357.95713635","DANESCO TRADING LTD","DANESCO TRADING LTD.","157, Archbishop Makarios Ave, office 1","Limassol","","3026","Cyprus","pricol123test1.com@whoisprotectservice.net","+357.95713635","+357.95713635","DANESCO TRADING LTD","DANESCO TRADING LTD.","157, Archbishop Makarios Ave, office 1","Limassol","","3026","Cyprus","pricol123test1.com@whoisprotectservice.net","+357.95713635","+357.95713635","DANESCO TRADING LTD","DANESCO TRADING LTD.","157, Archbishop Makarios Ave, office 1","Limassol","","3026","Cyprus","pricol123test1.com@whoisprotectservice.net","+357.95713635","+357.95713635","ns1.ukit.com","ns2.ukit.com","","","OK","","",""
"45","pro-rabota.com","2021-07-08 17:39:45","2021-07-05","2021-07-07","2022-07-05","1418","EvoPlus Ltd.","whois.evonames.com","http://www.evonames.com","DANESCO TRADING LTD","DANESCO TRADING LTD.","157, Archbishop Makarios Ave, office 1","Limassol","","3026","Cyprus","pro-rabota.com@whoisprotectservice.net","+357.95713635","+357.95713635","DANESCO TRADING LTD","DANESCO TRADING LTD.","157, Archbishop Makarios Ave, office 1","Limassol","","3026","Cyprus","pro-rabota.com@whoisprotectservice.net","+357.95713635","+357.95713635","DANESCO TRADING LTD","DANESCO TRADING LTD.","157, Archbishop Makarios Ave, office 1","Limassol","","3026","Cyprus","pro-rabota.com@whoisprotectservice.net","+357.95713635","+357.95713635","DANESCO TRADING LTD","DANESCO TRADING LTD.","157, Archbishop Makarios Ave, office 1","Limassol","","3026","Cyprus","pro-rabota.com@whoisprotectservice.net","+357.95713635","+357.95713635","ns1.ucoz.net","ns2.ucoz.net","ns3.ucoz.net","","OK","","",""
"46","sattakingfix.com","2021-07-08 14:31:43","2021-07-05","2021-07-05","2022-07-05","277","Interlink Co., Ltd.","whois.eu","http://www.gonbei.jp","REDACTED FOR PRIVACY","REDACTED FOR PRIVACY","REDACTED FOR PRIVACY","REDACTED FOR PRIVACY","Limassol","REDACTED FOR PRIVACY","Cyprus","","REDACTED FOR PRIVACY","","REDACTED FOR PRIVACY","REDACTED FOR PRIVACY","REDACTED FOR PRIVACY","REDACTED FOR PRIVACY","REDACTED FOR PRIVACY","REDACTED FOR PRIVACY","REDACTED FOR PRIVACY","","REDACTED FOR PRIVACY","","REDACTED FOR PRIVACY","REDACTED FOR PRIVACY","REDACTED FOR PRIVACY","REDACTED FOR PRIVACY","REDACTED FOR PRIVACY","REDACTED FOR PRIVACY","REDACTED FOR PRIVACY","","REDACTED FOR PRIVACY","","","","","","","","","","","","ns1.ispapi.net","ns2.ispapi.net","ns3.ispapi.net","","OK","","",""
"47","tarotpersonalchoice.com","2021-07-08 16:01:51","2021-07-05","2021-07-05","2022-07-05","1418","EvoPlus Ltd.","whois.evonames.com","http://www.evonames.com","DANESCO TRADING LTD","DANESCO TRADING LTD.","157, Archbishop Makarios Ave, office 1","Limassol","","3026","Cyprus","tarotpersonalchoice.com@whoisprotectservice.net","+357.95713635","+357.95713635","DANESCO TRADING LTD","DANESCO TRADING LTD.","157, Archbishop Makarios Ave, office 1","Limassol","","3026","Cyprus","tarotpersonalchoice.com@whoisprotectservice.net","+357.95713635","+357.95713635","DANESCO TRADING LTD","DANESCO TRADING LTD.","157, Archbishop Makarios Ave, office 1","Limassol","","3026","Cyprus","tarotpersonalchoice.com@whoisprotectservice.net","+357.95713635","+357.95713635","DANESCO TRADING LTD","DANESCO TRADING LTD.","157, Archbishop Makarios Ave, office 1","Limassol","","3026","Cyprus","tarotpersonalchoice.com@whoisprotectservice.net","+357.95713635","+357.95713635","keenan.ns.cloudflare.com","kristin.ns.cloudflare.com","","","inactive","","",""
"48","tatlibayan.com","2021-07-08 16:01:38","2021-07-05","2021-07-07","2022-07-05","839","Realtime Register B.V.","whois.yoursrs.com","http://www.realtimeregister.com","REDACTED FOR PRIVACY","REDACTED FOR PRIVACY","REDACTED FOR PRIVACY","REDACTED FOR PRIVACY","Ammochostos Magusa","REDACTED FOR PRIVACY","Cyprus","","REDACTED FOR PRIVACY","REDACTED FOR PRIVACY","REDACTED FOR PRIVACY","REDACTED FOR PRIVACY","REDACTED FOR PRIVACY","REDACTED FOR PRIVACY","REDACTED FOR PRIVACY","REDACTED FOR PRIVACY","REDACTED FOR PRIVACY","","REDACTED FOR PRIVACY","REDACTED FOR PRIVACY","REDACTED FOR PRIVACY","REDACTED FOR PRIVACY","REDACTED FOR PRIVACY","REDACTED FOR PRIVACY","REDACTED FOR PRIVACY","REDACTED FOR PRIVACY","REDACTED FOR PRIVACY","","REDACTED FOR PRIVACY","REDACTED FOR PRIVACY","","","","","","","","","","","doug.ns.cloudflare.com","yolanda.ns.cloudflare.com","","","addPeriod","ok","",""
"49","teemlly.com","2021-07-08 16:01:27","2021-07-05","2021-07-05","2022-07-05","146","GoDaddy.com, LLC","whois.godaddy.com","http://registrar.godaddy.com","","","","","Lakatamia","","Cyprus","","","","","","","","","","","","","","","","","","","","","","","","","","","","","","","","","","ns1.uk11.tmd.cloud","ns2.uk11.tmd.cloud","","","clientDeleteProhibited","clientRenewProhibited","clientTransferProhibited","clientUpdateProhibited"
"50","thatisappstation.com","2021-07-08 14:45:20","2021-07-05","2021-07-05","2022-07-05","1418","EvoPlus Ltd.","whois.evonames.com","http://www.evonames.com","DANESCO TRADING LTD","DANESCO TRADING LTD.","157, Archbishop Makarios Ave, office 1","Limassol","","3026","Cyprus","thatisappstation.com@whoisprotectservice.net","+357.95713635","+357.95713635","DANESCO TRADING LTD","DANESCO TRADING LTD.","157, Archbishop Makarios Ave, office 1","Limassol","","3026","Cyprus","thatisappstation.com@whoisprotectservice.net","+357.95713635","+357.95713635","DANESCO TRADING LTD","DANESCO TRADING LTD.","157, Archbishop Makarios Ave, office 1","Limassol","","3026","Cyprus","thatisappstation.com@whoisprotectservice.net","+357.95713635","+357.95713635","DANESCO TRADING LTD","DANESCO TRADING LTD.","157, Archbishop Makarios Ave, office 1","Limassol","","3026","Cyprus","thatisappstation.com@whoisprotectservice.net","+357.95713635","+357.95713635","alan.ns.cloudflare.com","maria.ns.cloudflare.com","","","OK","","",""
"51","vangerspaintballcamp.com","2021-07-08 15:58:29","2021-07-05","2021-07-05","2022-07-05","1418","EvoPlus Ltd.","whois.evonames.com","http://www.evonames.com","DANESCO TRADING LTD","DANESCO TRADING LTD.","157, Archbishop Makarios Ave, office 1","Limassol","","3026","Cyprus","vangerspaintballcamp.com@whoisprotectservice.net","+357.95713635","+357.95713635","DANESCO TRADING LTD","DANESCO TRADING LTD.","157, Archbishop Makarios Ave, office 1","Limassol","","3026","Cyprus","vangerspaintballcamp.com@whoisprotectservice.net","+357.95713635","+357.95713635","DANESCO TRADING LTD","DANESCO TRADING LTD.","157, Archbishop Makarios Ave, office 1","Limassol","","3026","Cyprus","vangerspaintballcamp.com@whoisprotectservice.net","+357.95713635","+357.95713635","DANESCO TRADING LTD","DANESCO TRADING LTD.","157, Archbishop Makarios Ave, office 1","Limassol","","3026","Cyprus","vangerspaintballcamp.com@whoisprotectservice.net","+357.95713635","+357.95713635","ns1.ukit.com","ns2.ukit.com","ns3.ukit.com","","OK","","",""
"52","vatjack.com","2021-07-08 15:58:20","2021-07-05","2021-07-05","2022-07-05","886","Domain.com, LLC","whois.domain.com","http://www.domain.com","REDACTED FOR PRIVACY","REDACTED FOR PRIVACY","REDACTED FOR PRIVACY","REDACTED FOR PRIVACY","NA","REDACTED FOR PRIVACY","Cyprus","","REDACTED FOR PRIVACY","REDACTED FOR PRIVACY","REDACTED FOR PRIVACY","REDACTED FOR PRIVACY","REDACTED FOR PRIVACY","REDACTED FOR PRIVACY","REDACTED FOR PRIVACY","REDACTED FOR PRIVACY","REDACTED FOR PRIVACY","","REDACTED FOR PRIVACY","REDACTED FOR PRIVACY","REDACTED FOR PRIVACY","REDACTED FOR PRIVACY","REDACTED FOR PRIVACY","REDACTED FOR PRIVACY","REDACTED FOR PRIVACY","REDACTED FOR PRIVACY","REDACTED FOR PRIVACY","","REDACTED FOR PRIVACY","REDACTED FOR PRIVACY","","","","","","","","","","","ns1.domain.com","ns2.domain.com","","","","","",""
"53","vitahairmaxofficial.com","2021-07-08 17:30:43","2021-07-05","2021-07-05","2022-07-05","1418","EvoPlus Ltd.","whois.evonames.com","http://www.evonames.com","DANESCO TRADING LTD","DANESCO TRADING LTD.","157, Archbishop Makarios Ave, office 1","Limassol","","3026","Cyprus","vitahairmaxofficial.com@whoisprotectservice.net","+357.95713635","+357.95713635","DANESCO TRADING LTD","DANESCO TRADING LTD.","157, Archbishop Makarios Ave, office 1","Limassol","","3026","Cyprus","vitahairmaxofficial.com@whoisprotectservice.net","+357.95713635","+357.95713635","DANESCO TRADING LTD","DANESCO TRADING LTD.","157, Archbishop Makarios Ave, office 1","Limassol","","3026","Cyprus","vitahairmaxofficial.com@whoisprotectservice.net","+357.95713635","+357.95713635","DANESCO TRADING LTD","DANESCO TRADING LTD.","157, Archbishop Makarios Ave, office 1","Limassol","","3026","Cyprus","vitahairmaxofficial.com@whoisprotectservice.net","+357.95713635","+357.95713635","keenan.ns.cloudflare.com","kristin.ns.cloudflare.com","","","OK","","",""
"54","wiztechgroup.com","2021-07-08 18:08:16","2021-07-05","2021-07-05","2023-07-05","146","GoDaddy.com, LLC","whois.godaddy.com","http://registrar.godaddy.com","","","","","Egkomi","","Cyprus","","","","","","","","","","","","","","","","","","","","","","","","","","","","","","","","","","ns09.domaincontrol.com","ns10.domaincontrol.com","","","clientDeleteProhibited","clientRenewProhibited","clientTransferProhibited","clientUpdateProhibited"
"55","yumtumcy.com","2021-07-08 15:50:19","2021-07-05","2021-07-05","2022-07-05","886","Domain.com, LLC","whois.domain.com","http://www.domain.com","REDACTED FOR PRIVACY","REDACTED FOR PRIVACY","REDACTED FOR PRIVACY","REDACTED FOR PRIVACY","NA","REDACTED FOR PRIVACY","Cyprus","","REDACTED FOR PRIVACY","REDACTED FOR PRIVACY","REDACTED FOR PRIVACY","REDACTED FOR PRIVACY","REDACTED FOR PRIVACY","REDACTED FOR PRIVACY","REDACTED FOR PRIVACY","REDACTED FOR PRIVACY","REDACTED FOR PRIVACY","","REDACTED FOR PRIVACY","REDACTED FOR PRIVACY","REDACTED FOR PRIVACY","REDACTED FOR PRIVACY","REDACTED FOR PRIVACY","REDACTED FOR PRIVACY","REDACTED FOR PRIVACY","REDACTED FOR PRIVACY","REDACTED FOR PRIVACY","","REDACTED FOR PRIVACY","REDACTED FOR PRIVACY","","","","","","","","","","","ns0.wixdns.net","ns1.wixdns.net","","","clientTransferProhibited","clientUpdateProhibited","",""