"num","domain_name","query_time","create_date","update_date","expiry_date","domain_registrar_id","domain_registrar_name","domain_registrar_whois","domain_registrar_url","registrant_name","registrant_company","registrant_address","registrant_city","registrant_state","registrant_zip","registrant_country","registrant_email","registrant_phone","registrant_fax","administrative_name","administrative_company","administrative_address","administrative_city","administrative_state","administrative_zip","administrative_country","administrative_email","administrative_phone","administrative_fax","technical_name","technical_company","technical_address","technical_city","technical_state","technical_zip","technical_country","technical_email","technical_phone","technical_fax","billing_name","billing_company","billing_address","billing_city","billing_state","billing_zip","billing_country","billing_email","billing_phone","billing_fax","name_server_1","name_server_2","name_server_3","name_server_4","domain_status_1","domain_status_2","domain_status_3","domain_status_4"
"1","11phantom.com","2021-07-08 17:04:24","2021-07-05","2021-07-05","2022-07-05","1647","Hosting Concepts B.V. dba Openprovider","whois.registrar.eu","http://www.openprovider.com","REDACTED FOR PRIVACY","","REDACTED FOR PRIVACY","REDACTED FOR PRIVACY","Giza","REDACTED FOR PRIVACY","Egypt","","REDACTED FOR PRIVACY","REDACTED FOR PRIVACY","REDACTED FOR PRIVACY","REDACTED FOR PRIVACY","REDACTED FOR PRIVACY","REDACTED FOR PRIVACY","REDACTED FOR PRIVACY","REDACTED FOR PRIVACY","REDACTED FOR PRIVACY","","REDACTED FOR PRIVACY","REDACTED FOR PRIVACY","REDACTED FOR PRIVACY","REDACTED FOR PRIVACY","REDACTED FOR PRIVACY","REDACTED FOR PRIVACY","REDACTED FOR PRIVACY","REDACTED FOR PRIVACY","REDACTED FOR PRIVACY","","REDACTED FOR PRIVACY","REDACTED FOR PRIVACY","","","","","","","","","","","ns1.dns-parking.com","ns2.dns-parking.com","","","clientTransferProhibited","","",""
"2","4mcenter.com","2021-07-08 17:03:16","2021-07-05","2021-07-05","2022-07-05","146","GoDaddy.com, LLC","whois.godaddy.com","http://registrar.godaddy.com","","","","","Egypt","","Egypt","","","","","","","","","","","","","","","","","","","","","","","","","","","","","","","","","","ns25.domaincontrol.com","ns26.domaincontrol.com","","","clientDeleteProhibited","clientRenewProhibited","clientTransferProhibited","clientUpdateProhibited"
"3","75bot.com","2021-07-08 17:03:00","2021-07-05","2021-07-05","2026-07-05","925","Everyones Internet, Ltd. dba SoftLayer","whois.softlayer.com","http://www.softlayer.com","REDACTED FOR PRIVACY","REDACTED FOR PRIVACY","REDACTED FOR PRIVACY","REDACTED FOR PRIVACY","OT","REDACTED FOR PRIVACY","Egypt","","REDACTED FOR PRIVACY","REDACTED FOR PRIVACY","REDACTED FOR PRIVACY","REDACTED FOR PRIVACY","REDACTED FOR PRIVACY","REDACTED FOR PRIVACY","REDACTED FOR PRIVACY","REDACTED FOR PRIVACY","REDACTED FOR PRIVACY","","REDACTED FOR PRIVACY","REDACTED FOR PRIVACY","REDACTED FOR PRIVACY","REDACTED FOR PRIVACY","REDACTED FOR PRIVACY","REDACTED FOR PRIVACY","REDACTED FOR PRIVACY","REDACTED FOR PRIVACY","REDACTED FOR PRIVACY","","REDACTED FOR PRIVACY","REDACTED FOR PRIVACY","","","","","","","","","","","b.ns.75bit.com","c.ns.75bit.com","","","OK","","",""
"4","academie.site","2021-07-08 15:11:47","2021-07-05","2021-07-07","2022-07-05","146","GoDaddy.com, LLC","whois.godaddy.com","http://registrar.godaddy.com","","","","","Sharkia","","Egypt","","","","","","","","","","","","","","","","","","","","","","","","","","","","","","","","","","ns5.afternic.com","ns6.afternic.com","","","addPeriod","clientDeleteProhibited","clientRenewProhibited","clientTransferProhibited"
"5","agroupsite.com","2021-07-08 17:00:56","2021-07-05","2021-07-05","2022-07-05","146","GoDaddy.com, LLC","whois.godaddy.com","http://registrar.godaddy.com","","","","","Egypt","","Egypt","","","","","","","","","","","","","","","","","","","","","","","","","","","","","","","","","","ns71.domaincontrol.com","ns72.domaincontrol.com","","","clientDeleteProhibited","clientRenewProhibited","clientTransferProhibited","clientUpdateProhibited"
"6","ahmed2021.com","2021-07-08 17:05:06","2021-07-05","2021-07-05","2022-07-05","1647","Hosting Concepts B.V. dba Openprovider","whois.registrar.eu","http://www.openprovider.com","REDACTED FOR PRIVACY","","REDACTED FOR PRIVACY","REDACTED FOR PRIVACY","Bani Sueif","REDACTED FOR PRIVACY","Egypt","","REDACTED FOR PRIVACY","REDACTED FOR PRIVACY","REDACTED FOR PRIVACY","REDACTED FOR PRIVACY","REDACTED FOR PRIVACY","REDACTED FOR PRIVACY","REDACTED FOR PRIVACY","REDACTED FOR PRIVACY","REDACTED FOR PRIVACY","","REDACTED FOR PRIVACY","REDACTED FOR PRIVACY","REDACTED FOR PRIVACY","REDACTED FOR PRIVACY","REDACTED FOR PRIVACY","REDACTED FOR PRIVACY","REDACTED FOR PRIVACY","REDACTED FOR PRIVACY","REDACTED FOR PRIVACY","","REDACTED FOR PRIVACY","REDACTED FOR PRIVACY","","","","","","","","","","","ns1.dns-parking.com","ns2.dns-parking.com","","","clientTransferProhibited","","",""
"7","al-fursan.com","2021-07-08 18:12:07","2021-07-05","2021-07-05","2022-07-05","146","GoDaddy.com, LLC","whois.godaddy.com","http://registrar.godaddy.com","Cairo","Cairo","","","\u0627\u0644\u0632\u064a\u062a\u0648\u0646","","Egypt","","","","","","","","","","","","","","","","","","","","","","","","","","","","","","","","","","ns1.depro7.fcomet.com","ns2.depro7.fcomet.com","","","clientDeleteProhibited","clientRenewProhibited","clientTransferProhibited","clientUpdateProhibited"
"8","alahram-decor.com","2021-07-08 17:00:33","2021-07-05","2021-07-05","2022-07-05","146","GoDaddy.com, LLC","whois.godaddy.com","http://registrar.godaddy.com","Blogger","Blogger","","","giza","","Egypt","","","","","","","","","","","","","","","","","","","","","","","","","","","","","","","","","","ns11.domaincontrol.com","ns12.domaincontrol.com","","","clientDeleteProhibited","clientRenewProhibited","clientTransferProhibited","clientUpdateProhibited"
"9","alboard.net","2021-07-08 15:32:54","2021-07-04","2021-07-04","2022-07-04","1647","Hosting Concepts B.V. dba Openprovider","whois.registrar.eu","http://www.openprovider.com","REDACTED FOR PRIVACY","albwrd allmy","REDACTED FOR PRIVACY","REDACTED FOR PRIVACY","Alexandria","REDACTED FOR PRIVACY","Egypt","","REDACTED FOR PRIVACY","REDACTED FOR PRIVACY","REDACTED FOR PRIVACY","REDACTED FOR PRIVACY","REDACTED FOR PRIVACY","REDACTED FOR PRIVACY","REDACTED FOR PRIVACY","REDACTED FOR PRIVACY","REDACTED FOR PRIVACY","","REDACTED FOR PRIVACY","REDACTED FOR PRIVACY","REDACTED FOR PRIVACY","REDACTED FOR PRIVACY","REDACTED FOR PRIVACY","REDACTED FOR PRIVACY","REDACTED FOR PRIVACY","REDACTED FOR PRIVACY","REDACTED FOR PRIVACY","","REDACTED FOR PRIVACY","REDACTED FOR PRIVACY","","","","","","","","","","","ns1.dns-parking.com","ns2.dns-parking.com","","","clientTransferProhibited","","",""
"10","almagic.store","2021-07-08 15:11:03","2021-07-05","2021-07-05","2022-07-05","146","GoDaddy.com, LLC","whois.godaddy.com","http://registrar.godaddy.com","","","","","\u0627\u0644\u0625\u0633\u0643\u0646\u062f\u0631\u","","Egypt","","","","","","","","","","","","","","","","","","","","","","","","","","","","","","","","","","ns71.domaincontrol.com","ns72.domaincontrol.com","","","addPeriod","clientDeleteProhibited","clientRenewProhibited","clientTransferProhibited"
"11","almarwatrading.com","2021-07-08 14:25:32","2021-07-05","2021-07-05","2022-07-05","69","Tucows Domains Inc.","whois.tucows.com","http://domainhelp.opensrs.net","REDACTED FOR PRIVACY","REDACTED FOR PRIVACY","REDACTED FOR PRIVACY","REDACTED FOR PRIVACY","Cairo","REDACTED FOR PRIVACY","Egypt","","REDACTED FOR PRIVACY","REDACTED FOR PRIVACY","REDACTED FOR PRIVACY","REDACTED FOR PRIVACY","REDACTED FOR PRIVACY","REDACTED FOR PRIVACY","REDACTED FOR PRIVACY","REDACTED FOR PRIVACY","REDACTED FOR PRIVACY","","REDACTED FOR PRIVACY","REDACTED FOR PRIVACY","REDACTED FOR PRIVACY","REDACTED FOR PRIVACY","REDACTED FOR PRIVACY","REDACTED FOR PRIVACY","REDACTED FOR PRIVACY","REDACTED FOR PRIVACY","REDACTED FOR PRIVACY","","REDACTED FOR PRIVACY","REDACTED FOR PRIVACY","","","","","","","","","","","ns1.hover.com","ns2.hover.com","","","clientTransferProhibited","clientUpdateProhibited","",""
"12","almustushar.com","2021-07-08 17:27:37","2021-07-05","2021-07-05","2022-07-05","146","GoDaddy.com, LLC","whois.godaddy.com","http://registrar.godaddy.com","active4web","active4web","","","CJC999COM","","Egypt","","","","","","","","","","","","","","","","","","","","","","","","","","","","","","","","","","ns1.active4web.com","ns2.active4web.com","","","clientDeleteProhibited","clientRenewProhibited","clientTransferProhibited","clientUpdateProhibited"
"13","alreyada.info","2021-07-08 15:46:23","2021-07-06","2021-07-06","2022-07-06","146","GoDaddy.com, LLC","whois.godaddy.com","http://registrar.godaddy.com","","","","","11911","","Egypt","","","","","","","","","","","","","","","","","","","","","","","","","","","","","","","","","","ns1.globaliws.com","ns2.globaliws.com","","","addPeriod","clientDeleteProhibited","clientRenewProhibited","clientTransferProhibited"
"14","amec-egypt.com","2021-07-08 16:59:43","2021-07-05","2021-07-05","2022-07-05","69","Tucows Domains Inc.","whois.tucows.com","http://domainhelp.opensrs.net","REDACTED FOR PRIVACY","REDACTED FOR PRIVACY","REDACTED FOR PRIVACY","REDACTED FOR PRIVACY","Cairo","REDACTED FOR PRIVACY","Egypt","","REDACTED FOR PRIVACY","REDACTED FOR PRIVACY","REDACTED FOR PRIVACY","REDACTED FOR PRIVACY","REDACTED FOR PRIVACY","REDACTED FOR PRIVACY","REDACTED FOR PRIVACY","REDACTED FOR PRIVACY","REDACTED FOR PRIVACY","","REDACTED FOR PRIVACY","REDACTED FOR PRIVACY","REDACTED FOR PRIVACY","REDACTED FOR PRIVACY","REDACTED FOR PRIVACY","REDACTED FOR PRIVACY","REDACTED FOR PRIVACY","REDACTED FOR PRIVACY","REDACTED FOR PRIVACY","","REDACTED FOR PRIVACY","REDACTED FOR PRIVACY","","","","","","","","","","","ns1.hover.com","ns2.hover.com","","","clientTransferProhibited","clientUpdateProhibited","",""
"15","aqary2030.com","2021-07-08 17:05:10","2021-07-05","2021-07-05","2022-07-05","146","GoDaddy.com, LLC","whois.godaddy.com","http://registrar.godaddy.com","","","","","Giza","","Egypt","","","","","","","","","","","","","","","","","","","","","","","","","","","","","","","","","","ns1501.websitewelcome.com","ns1502.websitewelcome.com","","","clientDeleteProhibited","clientRenewProhibited","clientTransferProhibited","clientUpdateProhibited"
"16","ar-offers.com","2021-07-08 17:14:43","2021-07-05","2021-07-05","2022-07-05","146","GoDaddy.com, LLC","whois.godaddy.com","http://registrar.godaddy.com","","","","","Giza","","Egypt","","","","","","","","","","","","","","","","","","","","","","","","","","","","","","","","","","ns1.bluehost.com","ns2.bluehost.com","","","clientDeleteProhibited","clientRenewProhibited","clientTransferProhibited","clientUpdateProhibited"
"17","arabwebteam.com","2021-07-08 18:07:46","2021-07-05","2021-07-05","2022-07-05","168","Register.it SPA","whois.register.it","http://we.register.it","REDACTED FOR PRIVACY","arabwebteam","REDACTED FOR PRIVACY","REDACTED FOR PRIVACY","doqy","REDACTED FOR PRIVACY","Egypt","","REDACTED.FORPRIVACY","REDACTED.FORPRIVACY","REDACTED FOR PRIVACY","REDACTED FOR PRIVACY","REDACTED FOR PRIVACY","REDACTED FOR PRIVACY","REDACTED FOR PRIVACY","REDACTED FOR PRIVACY","REDACTED FOR PRIVACY","","REDACTED.FORPRIVACY","REDACTED.FORPRIVACY","REDACTED FOR PRIVACY","REDACTED FOR PRIVACY","REDACTED FOR PRIVACY","REDACTED FOR PRIVACY","REDACTED FOR PRIVACY","REDACTED FOR PRIVACY","REDACTED FOR PRIVACY","","REDACTED.FORPRIVACY","REDACTED.FORPRIVACY","","","","","","","","","","","hugh.ns.cloudflare.com","jasmine.ns.cloudflare.com","","","clientDeleteProhibited","clientTransferProhibited","clientUpdateProhibited",""
"18","arna-designs.com","2021-07-08 17:15:18","2021-07-05","2021-07-05","2022-07-05","146","GoDaddy.com, LLC","whois.godaddy.com","http://registrar.godaddy.com","","","","","Giza","","Egypt","","","","","","","","","","","","","","","","","","","","","","","","","","","","","","","","","","ns8.wixdns.net","ns9.wixdns.net","","","clientDeleteProhibited","clientRenewProhibited","clientTransferProhibited","clientUpdateProhibited"
"19","arquitectura.site","2021-07-08 15:11:47","2021-07-05","2021-07-07","2022-07-05","146","GoDaddy.com, LLC","whois.godaddy.com","http://registrar.godaddy.com","","","","","Sharkia","","Egypt","","","","","","","","","","","","","","","","","","","","","","","","","","","","","","","","","","ns5.afternic.com","ns6.afternic.com","","","addPeriod","clientDeleteProhibited","clientRenewProhibited","clientTransferProhibited"
"20","astra-eng.com","2021-07-08 16:57:29","2021-07-05","2021-07-05","2022-07-05","146","GoDaddy.com, LLC","whois.godaddy.com","http://registrar.godaddy.com","Astra Engineering Industries","Astra Engineering Industries","","","Cairo","","Egypt","","","","","","","","","","","","","","","","","","","","","","","","","","","","","","","","","","ns35.domaincontrol.com","ns36.domaincontrol.com","","","clientDeleteProhibited","clientRenewProhibited","clientTransferProhibited","clientUpdateProhibited"
"21","awkaffree.com","2021-07-08 16:56:51","2021-07-05","2021-07-06","2022-07-05","146","GoDaddy.com, LLC","whois.godaddy.com","http://registrar.godaddy.com","","","","","Kafr Elshekh","","Egypt","","","","","","","","","","","","","","","","","","","","","","","","","","","","","","","","","","ns35.domaincontrol.com","ns36.domaincontrol.com","","","clientDeleteProhibited","clientRenewProhibited","clientTransferProhibited","clientUpdateProhibited"
"22","aylchocolate.com","2021-07-08 16:56:40","2021-07-05","","2022-07-05","1068","NameCheap, Inc.","whois.namecheap.com","http://www.namecheap.com","Expand Solution","Expand Solution","6th Of October","Giza","Cairo","12111","Egypt","domains@expandcart.com","+20.1212121212","","Expand Solution","Expand Solution","6th Of October","Giza","Cairo","12111","Egypt","domains@expandcart.com","+20.1212121212","","Expand Solution","Expand Solution","6th Of October","Giza","Cairo","12111","Egypt","domains@expandcart.com","+20.1212121212","","","","","","","","","","","","dns1.registrar-servers.com","dns2.registrar-servers.com","","","addPeriod","clientTransferProhibited","",""
"23","barakatlawfirm.net","2021-07-08 15:32:42","2021-07-04","2021-07-04","2022-07-04","625","Name.com, Inc.","whois.name.com","http://www.name.com","mmmmm aaaaa","","El Haram","Giza","Egypt","12111","Egypt","","Non-Public Data","","mmmmm aaaaa","","El Haram","Giza","Egypt","12111","Egypt","","Non-Public Data","","mmmmm aaaaa","","El Haram","Giza","Egypt","12111","Egypt","","Non-Public Data","","","","","","","","","","","","ns1.anzma.net","ns2.anzma.net","","","addPeriod","clientTransferProhibited","",""
"24","bimaristan-rx.com","2021-07-08 14:35:26","2021-07-05","2021-07-05","2022-07-05","146","GoDaddy.com, LLC","whois.godaddy.com","http://registrar.godaddy.com","w3a","w3a","","","middle east","","Egypt","","","","","","","","","","","","","","","","","","","","","","","","","","","","","","","","","","ns15.domaincontrol.com","ns16.domaincontrol.com","","","clientDeleteProhibited","clientRenewProhibited","clientTransferProhibited","clientUpdateProhibited"
"25","birkiraz.com","2021-07-08 18:17:30","2021-07-05","2021-07-05","2022-07-05","146","GoDaddy.com, LLC","whois.godaddy.com","http://registrar.godaddy.com","loob ru","loob ru","","","egypt","","Egypt","","","","","","","","","","","","","","","","","","","","","","","","","","","","","","","","","","ns11.domaincontrol.com","ns12.domaincontrol.com","","","clientDeleteProhibited","clientRenewProhibited","clientTransferProhibited","clientUpdateProhibited"
"26","booksamb.com","2021-07-08 14:34:19","2021-07-05","2021-07-05","2022-07-05","146","GoDaddy.com, LLC","whois.godaddy.com","http://registrar.godaddy.com","VegaLaptop","VegaLaptop","","","Cairo Governorate","","Egypt","","","","","","","","","","","","","","","","","","","","","","","","","","","","","","","","","","ns25.domaincontrol.com","ns26.domaincontrol.com","","","clientDeleteProhibited","clientRenewProhibited","clientTransferProhibited","clientUpdateProhibited"
"27","booksambassador.com","2021-07-08 14:34:29","2021-07-05","2021-07-05","2022-07-05","146","GoDaddy.com, LLC","whois.godaddy.com","http://registrar.godaddy.com","VegaLaptop","VegaLaptop","","","Cairo Governorate","","Egypt","","","","","","","","","","","","","","","","","","","","","","","","","","","","","","","","","","ns69.domaincontrol.com","ns70.domaincontrol.com","","","clientDeleteProhibited","clientRenewProhibited","clientTransferProhibited","clientUpdateProhibited"
"28","bring.website","2021-07-08 14:52:29","2021-07-05","2021-07-07","2022-07-05","146","GoDaddy.com, LLC","whois.godaddy.com","http://registrar.godaddy.com","","","","","Sharkia","","Egypt","","","","","","","","","","","","","","","","","","","","","","","","","","","","","","","","","","ns5.afternic.com","ns6.afternic.com","","","addPeriod","clientDeleteProhibited","clientRenewProhibited","clientTransferProhibited"
"29","clothegypt.com","2021-07-08 16:51:15","2021-07-05","2021-07-05","2022-07-05","146","GoDaddy.com, LLC","whois.godaddy.com","http://registrar.godaddy.com","\u0627\u0644\u0637\u0627\u0631\u0642 \u0644\u064a\u0645\u0648\u0","\u0627\u0644\u0637\u0627\u0631\u0642 \u0644\u064a\u0645\u0648\u0","","","mandara","","Egypt","","","","","","","","","","","","","","","","","","","","","","","","","","","","","","","","","","ns11.domaincontrol.com","ns12.domaincontrol.com","","","clientDeleteProhibited","clientRenewProhibited","clientTransferProhibited","clientUpdateProhibited"
"30","codejahz.com","2021-07-08 16:51:01","2021-07-05","2021-07-05","2022-07-05","1647","Hosting Concepts B.V. dba Openprovider","whois.registrar.eu","http://www.openprovider.com","REDACTED FOR PRIVACY","rtech","REDACTED FOR PRIVACY","REDACTED FOR PRIVACY","Luxor","REDACTED FOR PRIVACY","Egypt","","REDACTED FOR PRIVACY","REDACTED FOR PRIVACY","REDACTED FOR PRIVACY","REDACTED FOR PRIVACY","REDACTED FOR PRIVACY","REDACTED FOR PRIVACY","REDACTED FOR PRIVACY","REDACTED FOR PRIVACY","REDACTED FOR PRIVACY","","REDACTED FOR PRIVACY","REDACTED FOR PRIVACY","REDACTED FOR PRIVACY","REDACTED FOR PRIVACY","REDACTED FOR PRIVACY","REDACTED FOR PRIVACY","REDACTED FOR PRIVACY","REDACTED FOR PRIVACY","REDACTED FOR PRIVACY","","REDACTED FOR PRIVACY","REDACTED FOR PRIVACY","","","","","","","","","","","ns1.dns-parking.com","ns2.dns-parking.com","","","clientTransferProhibited","","",""
"31","codejob.site","2021-07-08 15:11:49","2021-07-05","2021-07-06","2022-07-05","146","GoDaddy.com, LLC","whois.godaddy.com","http://registrar.godaddy.com","codejob","codejob","","","Boulaq","","Egypt","","","","","","","","","","","","","","","","","","","","","","","","","","","","","","","","","","freedns1.registrar-servers.com","freedns2.registrar-servers.com","freedns3.registrar-servers.com","freedns4.registrar-servers.com","addPeriod","clientDeleteProhibited","clientRenewProhibited","clientTransferProhibited"
"32","coockwarerecycle.com","2021-07-08 16:50:18","2021-07-05","2021-07-05","2022-07-05","955","Launchpad, Inc.","whois.launchpad.com","http://www.launchpad.com","Mahmoud Darwish","None","Semouha , Alexandria","Alexandria","ALX","21626","Egypt","coockwarerecycle@gmail.com","+20.1116441182","","Mahmoud Darwish","None","Semouha , Alexandria","Alexandria","ALX","21626","Egypt","coockwarerecycle@gmail.com","+20.1116441182","","Mahmoud Darwish","None","Semouha , Alexandria","Alexandria","ALX","21626","Egypt","coockwarerecycle@gmail.com","+20.1116441182","","","","","","","","","","","","ns6485.hostgator.com","ns6486.hostgator.com","","","clientTransferProhibited","","",""
"33","corcovado.site","2021-07-08 15:11:52","2021-07-05","2021-07-05","2022-07-05","146","GoDaddy.com, LLC","whois.godaddy.com","http://registrar.godaddy.com","FoxCloud","FoxCloud","","","Ceedee Gaber","","Egypt","","","","","","","","","","","","","","","","","","","","","","","","","","","","","","","","","","ns6.wixdns.net","ns7.wixdns.net","","","addPeriod","clientDeleteProhibited","clientRenewProhibited","clientTransferProhibited"
"34","dahabcables.com","2021-07-08 17:37:39","2021-07-05","2021-07-05","2022-07-05","146","GoDaddy.com, LLC","whois.godaddy.com","http://registrar.godaddy.com","","","","","cairo","","Egypt","","","","","","","","","","","","","","","","","","","","","","","","","","","","","","","","","","ns1.a2hosting.com","ns2.a2hosting.com","ns3.a2hosting.com","ns4.a2hosting.com","clientDeleteProhibited","clientRenewProhibited","clientTransferProhibited","clientUpdateProhibited"
"35","dasmangate.com","2021-07-08 16:48:02","2021-07-05","","2022-07-05","1068","NameCheap, Inc.","whois.namecheap.com","http://www.namecheap.com","Expand Solution","Expand Solution","6th Of October","Giza","Cairo","12111","Egypt","domains@expandcart.com","+20.1212121212","","Expand Solution","Expand Solution","6th Of October","Giza","Cairo","12111","Egypt","domains@expandcart.com","+20.1212121212","","Expand Solution","Expand Solution","6th Of October","Giza","Cairo","12111","Egypt","domains@expandcart.com","+20.1212121212","","","","","","","","","","","","dns1.registrar-servers.com","dns2.registrar-servers.com","","","addPeriod","clientTransferProhibited","",""
"36","dbookfair.com","2021-07-08 16:47:50","2021-07-05","2021-07-05","2022-07-05","886","Domain.com, LLC","whois.domain.com","http://www.domain.com","REDACTED FOR PRIVACY","REDACTED FOR PRIVACY","REDACTED FOR PRIVACY","REDACTED FOR PRIVACY","NA","REDACTED FOR PRIVACY","Egypt","","REDACTED FOR PRIVACY","REDACTED FOR PRIVACY","REDACTED FOR PRIVACY","REDACTED FOR PRIVACY","REDACTED FOR PRIVACY","REDACTED FOR PRIVACY","REDACTED FOR PRIVACY","REDACTED FOR PRIVACY","REDACTED FOR PRIVACY","","REDACTED FOR PRIVACY","REDACTED FOR PRIVACY","REDACTED FOR PRIVACY","REDACTED FOR PRIVACY","REDACTED FOR PRIVACY","REDACTED FOR PRIVACY","REDACTED FOR PRIVACY","REDACTED FOR PRIVACY","REDACTED FOR PRIVACY","","REDACTED FOR PRIVACY","REDACTED FOR PRIVACY","","","","","","","","","","","ns1.domaincom-default.domainparkingserver.net","ns2.domaincom-default.domainparkingserver.net","","","","","",""
"37","dmsisystems.com","2021-07-08 16:46:26","2021-07-04","2021-07-04","2024-07-04","146","GoDaddy.com, LLC","whois.godaddy.com","http://registrar.godaddy.com","dmssys-egypt","dmssys-egypt","","","Tanta","","Egypt","","","","","","","","","","","","","","","","","","","","","","","","","","","","","","","","","","ns09.domaincontrol.com","ns10.domaincontrol.com","","","clientDeleteProhibited","clientRenewProhibited","clientTransferProhibited","clientUpdateProhibited"
"38","dp-store.net","2021-07-08 15:32:20","2021-07-04","2021-07-04","2022-07-04","625","Name.com, Inc.","whois.name.com","http://www.name.com","mohamed salah","","cairo","cairo","cairo","11511","Egypt","","Non-Public Data","","mohamed salah","","cairo","cairo","cairo","11511","Egypt","","Non-Public Data","","mohamed salah","","cairo","cairo","cairo","11511","Egypt","","Non-Public Data","","","","","","","","","","","","derek.ns.cloudflare.com","rihana.ns.cloudflare.com","","","addPeriod","clientTransferProhibited","",""
"39","dream-one.online","2021-07-08 15:27:26","2021-07-05","2021-07-05","2022-07-05","146","GoDaddy.com, LLC","whois.godaddy.com","http://registrar.godaddy.com","","","","","damietta","","Egypt","","","","","","","","","","","","","","","","","","","","","","","","","","","","","","","","","","ns09.domaincontrol.com","ns10.domaincontrol.com","","","addPeriod","clientDeleteProhibited","clientRenewProhibited","clientTransferProhibited"
"40","dreamme.site","2021-07-08 15:11:53","2021-07-05","2021-07-05","2022-07-05","146","GoDaddy.com, LLC","whois.godaddy.com","http://registrar.godaddy.com","","","","","damietta","","Egypt","","","","","","","","","","","","","","","","","","","","","","","","","","","","","","","","","","ns13.domaincontrol.com","ns14.domaincontrol.com","","","addPeriod","clientDeleteProhibited","clientRenewProhibited","clientTransferProhibited"
"41","egital-dz.com","2021-07-08 16:44:12","2021-07-05","2021-07-05","2022-07-05","69","Tucows Domains Inc.","whois.tucows.com","http://domainhelp.opensrs.net","REDACTED FOR PRIVACY","REDACTED FOR PRIVACY","REDACTED FOR PRIVACY","REDACTED FOR PRIVACY","Cairo","REDACTED FOR PRIVACY","Egypt","","REDACTED FOR PRIVACY","REDACTED FOR PRIVACY","REDACTED FOR PRIVACY","REDACTED FOR PRIVACY","REDACTED FOR PRIVACY","REDACTED FOR PRIVACY","REDACTED FOR PRIVACY","REDACTED FOR PRIVACY","REDACTED FOR PRIVACY","","REDACTED FOR PRIVACY","REDACTED FOR PRIVACY","REDACTED FOR PRIVACY","REDACTED FOR PRIVACY","REDACTED FOR PRIVACY","REDACTED FOR PRIVACY","REDACTED FOR PRIVACY","REDACTED FOR PRIVACY","REDACTED FOR PRIVACY","","REDACTED FOR PRIVACY","REDACTED FOR PRIVACY","","","","","","","","","","","ns1.hover.com","ns2.hover.com","","","clientTransferProhibited","clientUpdateProhibited","",""
"42","egpresentation.com","2021-07-08 17:05:15","2021-07-05","2021-07-05","2022-07-05","440","Wild West Domains, LLC","whois.wildwestdomains.com","http://www.wildwestdomains.com","vadecom","vadecom","","","NA","","Egypt","","","","","","","","","","","","","","","","","","","","","","","","","","","","","","","","","","ns1.siteground.net","ns2.siteground.net","","","clientDeleteProhibited","clientRenewProhibited","clientTransferProhibited","clientUpdateProhibited"
"43","egy-farms.com","2021-07-08 17:30:20","2021-07-05","2021-07-05","2022-07-05","146","GoDaddy.com, LLC","whois.godaddy.com","http://registrar.godaddy.com","","","","","Faiyum Governorate","","Egypt","","","","","","","","","","","","","","","","","","","","","","","","","","","","","","","","","","ns35.domaincontrol.com","ns36.domaincontrol.com","","","clientDeleteProhibited","clientRenewProhibited","clientTransferProhibited","clientUpdateProhibited"
"44","egyptdc.net","2021-07-08 14:46:41","2021-07-04","2021-07-04","2022-07-04","886","Domain.com, LLC","whois.domain.com","http://www.domain.com","REDACTED FOR PRIVACY","REDACTED FOR PRIVACY","REDACTED FOR PRIVACY","REDACTED FOR PRIVACY","NA","REDACTED FOR PRIVACY","Egypt","","REDACTED FOR PRIVACY","REDACTED FOR PRIVACY","REDACTED FOR PRIVACY","REDACTED FOR PRIVACY","REDACTED FOR PRIVACY","REDACTED FOR PRIVACY","REDACTED FOR PRIVACY","REDACTED FOR PRIVACY","REDACTED FOR PRIVACY","","REDACTED FOR PRIVACY","REDACTED FOR PRIVACY","REDACTED FOR PRIVACY","REDACTED FOR PRIVACY","REDACTED FOR PRIVACY","REDACTED FOR PRIVACY","REDACTED FOR PRIVACY","REDACTED FOR PRIVACY","REDACTED FOR PRIVACY","","REDACTED FOR PRIVACY","REDACTED FOR PRIVACY","","","","","","","","","","","ns1.domaincom-default.domainparkingserver.net","ns2.domaincom-default.domainparkingserver.net","","","","","",""
"45","egyptdeluxe.com","2021-07-08 14:20:30","2021-07-05","2021-07-05","2022-07-05","48","eNom, Inc.","whois.enom.com","http://www.enom.com","REDACTED FOR PRIVACY","REDACTED FOR PRIVACY","REDACTED FOR PRIVACY","REDACTED FOR PRIVACY","Cairo","REDACTED FOR PRIVACY","Egypt","","REDACTED FOR PRIVACY","REDACTED FOR PRIVACY","REDACTED FOR PRIVACY","REDACTED FOR PRIVACY","REDACTED FOR PRIVACY","REDACTED FOR PRIVACY","REDACTED FOR PRIVACY","REDACTED FOR PRIVACY","REDACTED FOR PRIVACY","","REDACTED FOR PRIVACY","REDACTED FOR PRIVACY","REDACTED FOR PRIVACY","REDACTED FOR PRIVACY","REDACTED FOR PRIVACY","REDACTED FOR PRIVACY","REDACTED FOR PRIVACY","REDACTED FOR PRIVACY","REDACTED FOR PRIVACY","","REDACTED FOR PRIVACY","REDACTED FOR PRIVACY","","","","","","","","","","","ns1.a2hosting.com","ns2.a2hosting.com","ns3.a2hosting.com","ns4.a2hosting.com","addPeriod","clientTransferProhibited","",""
"46","egyptgate.travel","2021-07-08 14:53:10","2021-07-05","2021-07-05","2022-07-05","146","GoDaddy.com, LLC","whois.godaddy.com","http://registrar.godaddy.com","REDACTED FOR PRIVACY","","REDACTED FOR PRIVACY","REDACTED FOR PRIVACY","Egypt","REDACTED FOR PRIVACY","Egypt","","REDACTED FOR PRIVACY","REDACTED FOR PRIVACY","REDACTED FOR PRIVACY","REDACTED FOR PRIVACY","REDACTED FOR PRIVACY","REDACTED FOR PRIVACY","REDACTED FOR PRIVACY","REDACTED FOR PRIVACY","REDACTED FOR PRIVACY","","REDACTED FOR PRIVACY","REDACTED FOR PRIVACY","REDACTED FOR PRIVACY","REDACTED FOR PRIVACY","REDACTED FOR PRIVACY","REDACTED FOR PRIVACY","REDACTED FOR PRIVACY","REDACTED FOR PRIVACY","REDACTED FOR PRIVACY","","REDACTED FOR PRIVACY","REDACTED FOR PRIVACY","","","","","","","","","","","ns11.domaincontrol.com","ns12.domaincontrol.com","","","addPeriod","clientDeleteProhibited","clientRenewProhibited","clientTransferProhibited"
"47","egypttour.online","2021-07-08 15:28:02","2021-07-05","2021-07-05","2022-07-05","1636","Hostinger, UAB","whois.hostinger.com","http://www.hostinger.com","sunofegypt","sunofegypt","","","Port Said","","Egypt","","","","","","","","","","","","","","","","","","","","","","","","","","","","","","","","","","ns1.dns-parking.com","ns2.dns-parking.com","","","addPeriod","clientTransferProhibited","serverTransferProhibited",""
"48","egypttravelmania.com","2021-07-08 18:25:03","2021-07-05","2021-07-05","2022-07-05","146","GoDaddy.com, LLC","whois.godaddy.com","http://registrar.godaddy.com","EgyMe.com - Dr. Miray Youhanna","EgyMe.com - Dr. Miray Youhanna","","","Cairo","","Egypt","","","","","","","","","","","","","","","","","","","","","","","","","","","","","","","","","","ns1.egyme.com","ns2.egyme.com","","","clientDeleteProhibited","clientRenewProhibited","clientTransferProhibited","clientUpdateProhibited"
"49","egytrade-export.com","2021-07-08 16:44:13","2021-07-05","2021-07-05","2022-07-05","1636","Hostinger, UAB","whois.hostinger.com","http://www.hostinger.com","ahmed ali hassan","egy trade export","47 el dokki street","elgiza","Giza","12611","Egypt","ahmed.ali.elbasher.18154@gmail.com","+20.237602163","","ahmed ali hassan","egy trade export","47 el dokki street","elgiza","Giza","12611","Egypt","ahmed.ali.elbasher.18154@gmail.com","+20.237602163","","ahmed ali hassan","egy trade export","47 el dokki street","elgiza","Giza","12611","Egypt","ahmed.ali.elbasher.18154@gmail.com","+20.237602163","","","","","","","","","","","","ns1.dns-parking.com","ns2.dns-parking.com","","","clientTransferProhibited","","",""
"50","elobourgorup.com","2021-07-08 16:43:53","2021-07-05","2021-07-05","2022-07-05","440","Wild West Domains, LLC","whois.wildwestdomains.com","http://www.wildwestdomains.com","","","","","Giza","","Egypt","","","","","","","","","","","","","","","","","","","","","","","","","","","","","","","","","","ns1145.websitewelcome.com","ns1146.websitewelcome.com","","","clientDeleteProhibited","clientRenewProhibited","clientTransferProhibited","clientUpdateProhibited"
"51","elwataniamotors.com","2021-07-08 16:43:55","2021-07-05","2021-07-05","2022-07-05","69","Tucows Domains Inc.","whois.tucows.com","http://domainhelp.opensrs.net","REDACTED FOR PRIVACY","REDACTED FOR PRIVACY","REDACTED FOR PRIVACY","REDACTED FOR PRIVACY","Cairo","REDACTED FOR PRIVACY","Egypt","","REDACTED FOR PRIVACY","REDACTED FOR PRIVACY","REDACTED FOR PRIVACY","REDACTED FOR PRIVACY","REDACTED FOR PRIVACY","REDACTED FOR PRIVACY","REDACTED FOR PRIVACY","REDACTED FOR PRIVACY","REDACTED FOR PRIVACY","","REDACTED FOR PRIVACY","REDACTED FOR PRIVACY","REDACTED FOR PRIVACY","REDACTED FOR PRIVACY","REDACTED FOR PRIVACY","REDACTED FOR PRIVACY","REDACTED FOR PRIVACY","REDACTED FOR PRIVACY","REDACTED FOR PRIVACY","","REDACTED FOR PRIVACY","REDACTED FOR PRIVACY","","","","","","","","","","","ns1.hover.com","ns2.hover.com","","","clientTransferProhibited","clientUpdateProhibited","",""
"52","embt-info.com","2021-07-08 18:01:15","2021-07-05","2021-07-05","2022-07-05","48","eNom, Inc.","whois.enom.com","http://www.enom.com","REDACTED FOR PRIVACY","REDACTED FOR PRIVACY","REDACTED FOR PRIVACY","REDACTED FOR PRIVACY","Cairo","REDACTED FOR PRIVACY","Egypt","","REDACTED FOR PRIVACY","REDACTED FOR PRIVACY","REDACTED FOR PRIVACY","REDACTED FOR PRIVACY","REDACTED FOR PRIVACY","REDACTED FOR PRIVACY","REDACTED FOR PRIVACY","REDACTED FOR PRIVACY","REDACTED FOR PRIVACY","","REDACTED FOR PRIVACY","REDACTED FOR PRIVACY","REDACTED FOR PRIVACY","REDACTED FOR PRIVACY","REDACTED FOR PRIVACY","REDACTED FOR PRIVACY","REDACTED FOR PRIVACY","REDACTED FOR PRIVACY","REDACTED FOR PRIVACY","","REDACTED FOR PRIVACY","REDACTED FOR PRIVACY","","","","","","","","","","","ns10.link.net","ns11.link.net","ns12.link.net","","addPeriod","clientTransferProhibited","",""
"53","emerald-sys.com","2021-07-08 16:43:45","2021-07-05","2021-07-05","2022-07-05","955","Launchpad, Inc.","whois.launchpad.com","http://www.launchpad.com","Ahmed Talaat","Emerald","Ali Ibn Abi Taleb","Tenth Of Ramadan","SHR","11668","Egypt","ahmed.talat2005@gmail.com","+20.1060159060","","Ahmed Talaat","Emerald","Ali Ibn Abi Taleb","Tenth Of Ramadan","SHR","11668","Egypt","ahmed.talat2005@gmail.com","+20.1060159060","","Ahmed Talaat","Emerald","Ali Ibn Abi Taleb","Tenth Of Ramadan","SHR","11668","Egypt","ahmed.talat2005@gmail.com","+20.1060159060","","","","","","","","","","","","ns8239.hostgator.com","ns8240.hostgator.com","","","clientTransferProhibited","","",""
"54","eshlounak.com","2021-07-08 16:42:40","2021-07-05","2021-07-05","2022-07-05","1443","Vautron Rechenzentrum AG","whois.antagus.de","http://www.vautron.de","","","","","","","Egypt","a0s04e40fk@domprivacy.de","","","","","","","","","","a0s04e40fk@domprivacy.de","","","","","","","","","","a4o7tygxoo@domprivacy.de","","","","","","","","","","","","","ns1.contabo.net","ns2.contabo.net","ns3.contabo.net","","OK","","",""
"55","etihadherbs.com","2021-07-08 17:33:54","2021-07-05","2021-07-05","2022-07-05","146","GoDaddy.com, LLC","whois.godaddy.com","http://registrar.godaddy.com","Megatronix","Megatronix","","","cairo","","Egypt","","","","","","","","","","","","","","","","","","","","","","","","","","","","","","","","","","ns09.domaincontrol.com","ns10.domaincontrol.com","","","clientDeleteProhibited","clientRenewProhibited","clientTransferProhibited","clientUpdateProhibited"
"56","everylineco.com","2021-07-08 16:42:10","2021-07-05","2021-07-05","2022-07-05","146","GoDaddy.com, LLC","whois.godaddy.com","http://registrar.godaddy.com","","","","","Bhary","","Egypt","","","","","","","","","","","","","","","","","","","","","","","","","","","","","","","","","","ns13.domaincontrol.com","ns14.domaincontrol.com","","","clientDeleteProhibited","clientRenewProhibited","clientTransferProhibited","clientUpdateProhibited"
"57","fahrrad.website","2021-07-08 14:52:24","2021-07-05","2021-07-07","2022-07-05","146","GoDaddy.com, LLC","whois.godaddy.com","http://registrar.godaddy.com","","","","","Sharkia","","Egypt","","","","","","","","","","","","","","","","","","","","","","","","","","","","","","","","","","ns5.afternic.com","ns6.afternic.com","","","addPeriod","clientDeleteProhibited","clientRenewProhibited","clientTransferProhibited"
"58","file-upload.site","2021-07-08 15:11:42","2021-07-05","2021-07-05","2022-07-05","146","GoDaddy.com, LLC","whois.godaddy.com","http://registrar.godaddy.com","","","","","Egypt","","Egypt","","","","","","","","","","","","","","","","","","","","","","","","","","","","","","","","","","ns71.domaincontrol.com","ns72.domaincontrol.com","","","addPeriod","clientDeleteProhibited","clientRenewProhibited","clientTransferProhibited"
"59","firstair-cond.com","2021-07-08 16:40:37","2021-07-05","2021-07-05","2022-07-05","69","Tucows Domains Inc.","whois.tucows.com","http://domainhelp.opensrs.net","REDACTED FOR PRIVACY","REDACTED FOR PRIVACY","REDACTED FOR PRIVACY","REDACTED FOR PRIVACY","Cairo","REDACTED FOR PRIVACY","Egypt","","REDACTED FOR PRIVACY","REDACTED FOR PRIVACY","REDACTED FOR PRIVACY","REDACTED FOR PRIVACY","REDACTED FOR PRIVACY","REDACTED FOR PRIVACY","REDACTED FOR PRIVACY","REDACTED FOR PRIVACY","REDACTED FOR PRIVACY","","REDACTED FOR PRIVACY","REDACTED FOR PRIVACY","REDACTED FOR PRIVACY","REDACTED FOR PRIVACY","REDACTED FOR PRIVACY","REDACTED FOR PRIVACY","REDACTED FOR PRIVACY","REDACTED FOR PRIVACY","REDACTED FOR PRIVACY","","REDACTED FOR PRIVACY","REDACTED FOR PRIVACY","","","","","","","","","","","ns1.hover.com","ns2.hover.com","","","clientTransferProhibited","clientUpdateProhibited","",""
"60","foamtech-eg.com","2021-07-08 16:40:17","2021-07-05","2021-07-05","2022-07-05","146","GoDaddy.com, LLC","whois.godaddy.com","http://registrar.godaddy.com","","","","","Nasr City","","Egypt","","","","","","","","","","","","","","","","","","","","","","","","","","","","","","","","","","ns1.prosmart-eg.com","ns2.prosmart-eg.com","","","clientDeleteProhibited","clientRenewProhibited","clientTransferProhibited","clientUpdateProhibited"
"61","foo-life.com","2021-07-08 18:24:30","2021-07-04","2021-07-04","2023-07-04","146","GoDaddy.com, LLC","whois.godaddy.com","http://registrar.godaddy.com","","","","","cairo","","Egypt","","","","","","","","","","","","","","","","","","","","","","","","","","","","","","","","","","ns55.domaincontrol.com","ns56.domaincontrol.com","","","clientDeleteProhibited","clientRenewProhibited","clientTransferProhibited","clientUpdateProhibited"
"62","freshlyfrozenfoods.com","2021-07-08 18:27:48","2021-07-04","2021-07-04","2022-07-04","146","GoDaddy.com, LLC","whois.godaddy.com","http://registrar.godaddy.com","","","","","cairo","","Egypt","","","","","","","","","","","","","","","","","","","","","","","","","","","","","","","","","","ns55.domaincontrol.com","ns56.domaincontrol.com","","","clientDeleteProhibited","clientRenewProhibited","clientTransferProhibited","clientUpdateProhibited"
"63","fursuh.com","2021-07-08 16:38:47","2021-07-05","","2022-07-05","1068","NameCheap, Inc.","whois.namecheap.com","http://www.namecheap.com","Expand Solution","Expand Solution","6th Of October","Giza","Cairo","12111","Egypt","domains@expandcart.com","+20.1212121212","","Expand Solution","Expand Solution","6th Of October","Giza","Cairo","12111","Egypt","domains@expandcart.com","+20.1212121212","","Expand Solution","Expand Solution","6th Of October","Giza","Cairo","12111","Egypt","domains@expandcart.com","+20.1212121212","","","","","","","","","","","","dns1.registrar-servers.com","dns2.registrar-servers.com","","","addPeriod","clientTransferProhibited","",""
"64","gawishquiz.com","2021-07-08 16:38:14","2021-07-05","2021-07-05","2022-07-05","1647","Hosting Concepts B.V. dba Openprovider","whois.registrar.eu","http://www.openprovider.com","REDACTED FOR PRIVACY","","REDACTED FOR PRIVACY","REDACTED FOR PRIVACY","kafr el sheikh","REDACTED FOR PRIVACY","Egypt","","REDACTED FOR PRIVACY","REDACTED FOR PRIVACY","REDACTED FOR PRIVACY","REDACTED FOR PRIVACY","REDACTED FOR PRIVACY","REDACTED FOR PRIVACY","REDACTED FOR PRIVACY","REDACTED FOR PRIVACY","REDACTED FOR PRIVACY","","REDACTED FOR PRIVACY","REDACTED FOR PRIVACY","REDACTED FOR PRIVACY","REDACTED FOR PRIVACY","REDACTED FOR PRIVACY","REDACTED FOR PRIVACY","REDACTED FOR PRIVACY","REDACTED FOR PRIVACY","REDACTED FOR PRIVACY","","REDACTED FOR PRIVACY","REDACTED FOR PRIVACY","","","","","","","","","","","ns1.dns-parking.com","ns2.dns-parking.com","","","clientTransferProhibited","","",""
"65","gecko.website","2021-07-08 14:52:29","2021-07-05","2021-07-07","2022-07-05","146","GoDaddy.com, LLC","whois.godaddy.com","http://registrar.godaddy.com","","","","","Sharkia","","Egypt","","","","","","","","","","","","","","","","","","","","","","","","","","","","","","","","","","ns5.afternic.com","ns6.afternic.com","","","addPeriod","clientDeleteProhibited","clientRenewProhibited","clientTransferProhibited"
"66","gefic-currencies.com","2021-07-08 16:38:17","2021-07-05","2021-07-05","2022-07-05","146","GoDaddy.com, LLC","whois.godaddy.com","http://registrar.godaddy.com","","","","","NY","","Egypt","","","","","","","","","","","","","","","","","","","","","","","","","","","","","","","","","","bethany.ns.cloudflare.com","chip.ns.cloudflare.com","","","clientDeleteProhibited","clientRenewProhibited","clientTransferProhibited","clientUpdateProhibited"
"67","geodraill.com","2021-07-08 16:38:12","2021-07-05","2021-07-05","2022-07-05","146","GoDaddy.com, LLC","whois.godaddy.com","http://registrar.godaddy.com","geodrill","geodrill","","","giza","","Egypt","","","","","","","","","","","","","","","","","","","","","","","","","","","","","","","","","","ns09.domaincontrol.com","ns10.domaincontrol.com","","","clientDeleteProhibited","clientRenewProhibited","clientTransferProhibited","clientUpdateProhibited"
"68","gulf-orbit.com","2021-07-08 17:34:44","2021-07-05","2021-07-05","2022-07-05","146","GoDaddy.com, LLC","whois.godaddy.com","http://registrar.godaddy.com","","","","","any","","Egypt","","","","","","","","","","","","","","","","","","","","","","","","","","","","","","","","","","ns3.it4egypt.net","ns4.it4egypt.net","","","clientDeleteProhibited","clientRenewProhibited","clientTransferProhibited","clientUpdateProhibited"
"69","hadramout-elhalal.com","2021-07-08 14:39:17","2021-07-05","2021-07-05","2022-07-05","625","Name.com, Inc.","whois.name.com","http://www.name.com","sabry negm","EgyPoint CO","Shebin al-Kom","menofia","egypt","01122","Egypt","","Non-Public Data","","sabry negm","EgyPoint CO","Shebin al-Kom","menofia","egypt","01122","Egypt","","Non-Public Data","","sabry negm","EgyPoint CO","Shebin al-Kom","menofia","egypt","01122","Egypt","","Non-Public Data","","","","","","","","","","","","ns1.egypoint.com","ns2.egypoint.com","","","addPeriod","clientTransferProhibited","",""
"70","hairextensions.site","2021-07-08 15:11:48","2021-07-05","2021-07-07","2022-07-05","146","GoDaddy.com, LLC","whois.godaddy.com","http://registrar.godaddy.com","","","","","Sharkia","","Egypt","","","","","","","","","","","","","","","","","","","","","","","","","","","","","","","","","","ns5.afternic.com","ns6.afternic.com","","","addPeriod","clientDeleteProhibited","clientRenewProhibited","clientTransferProhibited"
"71","hazalhijapstore.com","2021-07-08 14:38:37","2021-07-05","2021-07-05","2022-07-05","955","Launchpad, Inc.","whois.launchpad.com","http://www.launchpad.com","ashraf ashor","None","6 ahmed esayed ghonem st","cairo","C","11311","Egypt","hazalhijapstore@gmail.com","+20.1099226735","","ashraf ashor","None","6 ahmed esayed ghonem st","cairo","C","11311","Egypt","hazalhijapstore@gmail.com","+20.1099226735","","ashraf ashor","None","6 ahmed esayed ghonem st","cairo","C","11311","Egypt","hazalhijapstore@gmail.com","+20.1099226735","","","","","","","","","","","","ns6211.hostgator.com","ns6212.hostgator.com","","","clientTransferProhibited","","",""
"72","heshamsharifmobile.com","2021-07-08 14:38:05","2021-07-05","2021-07-05","2022-07-05","146","GoDaddy.com, LLC","whois.godaddy.com","http://registrar.godaddy.com","","","","","Alexandria","","Egypt","","","","","","","","","","","","","","","","","","","","","","","","","","","","","","","","","","ns15.domaincontrol.com","ns16.domaincontrol.com","","","clientDeleteProhibited","clientRenewProhibited","clientTransferProhibited","clientUpdateProhibited"
"73","ihatewhitepapers.com","2021-07-08 17:30:52","2021-07-05","2021-07-05","2022-07-05","146","GoDaddy.com, LLC","whois.godaddy.com","http://registrar.godaddy.com","","","","","cairo","","Egypt","","","","","","","","","","","","","","","","","","","","","","","","","","","","","","","","","","ns69.domaincontrol.com","ns70.domaincontrol.com","","","clientDeleteProhibited","clientRenewProhibited","clientTransferProhibited","clientUpdateProhibited"
"74","im-recruit.net","2021-07-08 15:33:55","2021-07-03","2021-07-06","2022-07-03","440","Wild West Domains, LLC","whois.wildwestdomains.com","http://www.wildwestdomains.com","","","","","\u0641\u064a\u0643\u062a\u0648\u0631\u064a\u0627","","Egypt","","","","","","","","","","","","","","","","","","","","","","","","","","","","","","","","","","dns1.namecheaphosting.com","dns2.namecheaphosting.com","","","clientDeleteProhibited","clientRenewProhibited","clientTransferProhibited","clientUpdateProhibited"
"75","intechal.net","2021-07-08 15:30:53","2021-07-04","2021-07-04","2022-07-04","146","GoDaddy.com, LLC","whois.godaddy.com","http://registrar.godaddy.com","","","","","Egypt","","Egypt","","","","","","","","","","","","","","","","","","","","","","","","","","","","","","","","","","ns05.domaincontrol.com","ns06.domaincontrol.com","","","clientDeleteProhibited","clientRenewProhibited","clientTransferProhibited","clientUpdateProhibited"
"76","iphonebel3araby.com","2021-07-08 18:19:51","2021-07-05","2021-07-05","2022-07-05","82","OnlineNIC, Inc.","whois.onlinenic.com","http://www.onlinenic.com","thekidscastle.net","arabhosters.com","cairo","cairo","cairo","11221","Egypt","support@arabhosters.com","+2.22747971","+2.22747971","thekidscastle.net","arabhosters.com","cairo","cairo","cairo","11221","Egypt","support@arabhosters.com","+2.22747971","+2.22747971","thekidscastle.net","arabhosters.com","cairo","cairo","cairo","11221","Egypt","support@arabhosters.com","+2.22747971","+2.22747971","","","","","","","","","","","ns1.arabhosters.com","ns2.arabhosters.com","","","clientTransferProhibited","","",""
"77","iqraa-rattel.com","2021-07-08 16:33:14","2021-07-05","2021-07-05","2022-07-05","82","OnlineNIC, Inc.","whois.onlinenic.com","http://www.onlinenic.com","thekidscastle.net","arabhosters.com","cairo","cairo","cairo","11221","Egypt","support@arabhosters.com","+2.22747971","+2.22747971","thekidscastle.net","arabhosters.com","cairo","cairo","cairo","11221","Egypt","support@arabhosters.com","+2.22747971","+2.22747971","thekidscastle.net","arabhosters.com","cairo","cairo","cairo","11221","Egypt","support@arabhosters.com","+2.22747971","+2.22747971","","","","","","","","","","","hugh.ns.cloudflare.com","lola.ns.cloudflare.com","","","clientTransferProhibited","","",""
"78","jobsforall.online","2021-07-08 15:27:53","2021-07-05","","2022-07-05","1636","Hostinger, UAB","whois.hostinger.com","http://www.hostinger.com","Not Applicable","Not Applicable","","","Cairo","","Egypt","","","","","","","","","","","","","","","","","","","","","","","","","","","","","","","","","","ns1.dns-parking.com","ns2.dns-parking.com","","","addPeriod","clientTransferProhibited","serverTransferProhibited",""
"79","kaafshoping.com","2021-07-08 16:30:58","2021-07-05","","2022-07-05","1068","NameCheap, Inc.","whois.namecheap.com","http://www.namecheap.com","Expand Solution","Expand Solution","6th Of October","Giza","Cairo","12111","Egypt","domains@expandcart.com","+20.1212121212","","Expand Solution","Expand Solution","6th Of October","Giza","Cairo","12111","Egypt","domains@expandcart.com","+20.1212121212","","Expand Solution","Expand Solution","6th Of October","Giza","Cairo","12111","Egypt","domains@expandcart.com","+20.1212121212","","","","","","","","","","","","dns1.registrar-servers.com","dns2.registrar-servers.com","","","addPeriod","clientTransferProhibited","",""
"80","katana.website","2021-07-08 14:52:24","2021-07-05","2021-07-07","2022-07-05","146","GoDaddy.com, LLC","whois.godaddy.com","http://registrar.godaddy.com","","","","","Sharkia","","Egypt","","","","","","","","","","","","","","","","","","","","","","","","","","","","","","","","","","ns5.afternic.com","ns6.afternic.com","","","addPeriod","clientDeleteProhibited","clientRenewProhibited","clientTransferProhibited"
"81","khadamatq8.com","2021-07-08 17:31:26","2021-07-05","2021-07-05","2022-07-05","625","Name.com, Inc.","whois.name.com","http://www.name.com","Mustafa Khaled","Volvehost","Eg","egyupt","dakhalia","35514","Egypt","","Non-Public Data","","Mustafa Khaled","Volvehost","Eg","egyupt","dakhalia","35514","Egypt","","Non-Public Data","","Mustafa Khaled","Volvehost","Eg","egyupt","dakhalia","35514","Egypt","","Non-Public Data","","","","","","","","","","","","ns1jsv.name.com","ns2cqs.name.com","ns3qty.name.com","ns4ghm.name.com","addPeriod","clientTransferProhibited","",""
"82","kirollos-sfen.com","2021-07-08 16:29:27","2021-07-05","2021-07-05","2022-07-05","146","GoDaddy.com, LLC","whois.godaddy.com","http://registrar.godaddy.com","","","","","cairo","","Egypt","","","","","","","","","","","","","","","","","","","","","","","","","","","","","","","","","","ns35.domaincontrol.com","ns36.domaincontrol.com","","","clientDeleteProhibited","clientRenewProhibited","clientTransferProhibited","clientUpdateProhibited"
"83","knpe-eg.com","2021-07-08 16:29:02","2021-07-05","2021-07-05","2022-07-05","440","Wild West Domains, LLC","whois.wildwestdomains.com","http://www.wildwestdomains.com","Era Core","Era Core","","","Cairo","","Egypt","","","","","","","","","","","","","","","","","","","","","","","","","","","","","","","","","","ns5.eracore.net","ns6.eracore.net","","","clientDeleteProhibited","clientRenewProhibited","clientTransferProhibited","clientUpdateProhibited"
"84","koradate.site","2021-07-08 15:11:17","2021-07-05","2021-07-05","2022-07-05","146","GoDaddy.com, LLC","whois.godaddy.com","http://registrar.godaddy.com","","","","","Giza","","Egypt","","","","","","","","","","","","","","","","","","","","","","","","","","","","","","","","","","ns55.domaincontrol.com","ns56.domaincontrol.com","","","addPeriod","clientDeleteProhibited","clientRenewProhibited","clientTransferProhibited"
"85","lazarusro.com","2021-07-08 16:27:41","2021-07-05","2021-07-05","2022-07-05","146","GoDaddy.com, LLC","whois.godaddy.com","http://registrar.godaddy.com","","","","","Motasm With elHelw","","Egypt","","","","","","","","","","","","","","","","","","","","","","","","","","","","","","","","","","ns35.domaincontrol.com","ns36.domaincontrol.com","","","clientDeleteProhibited","clientRenewProhibited","clientTransferProhibited","clientUpdateProhibited"
"86","livoffers.com","2021-07-08 17:05:11","2021-07-04","2021-07-04","2022-07-04","146","GoDaddy.com, LLC","whois.godaddy.com","http://registrar.godaddy.com","","","","","ELMANSOURA","","Egypt","","","","","","","","","","","","","","","","","","","","","","","","","","","","","","","","","","ns1.nanjult1.armadaservers.com","ns2.nanjult1.armadaservers.com","","","clientDeleteProhibited","clientRenewProhibited","clientTransferProhibited","clientUpdateProhibited"
"87","m9rmdya.store","2021-07-08 15:08:34","2021-07-05","2021-07-05","2022-07-05","146","GoDaddy.com, LLC","whois.godaddy.com","http://registrar.godaddy.com","","","","","Alexandria","","Egypt","","","","","","","","","","","","","","","","","","","","","","","","","","","","","","","","","","ns35.domaincontrol.com","ns36.domaincontrol.com","","","addPeriod","clientDeleteProhibited","clientRenewProhibited","clientTransferProhibited"
"88","makeup-egypt.online","2021-07-08 15:26:25","2021-07-06","2021-07-06","2022-07-06","625","Name.com, Inc.","whois.name.com","http://www.name.com","","","","","11251","","Egypt","","","","","","","","","","","","","","","","","","","","","","","","","","","","","","","","","","ns1.gocheapweb.com","ns2.gocheapweb.com","","","addPeriod","clientTransferProhibited","serverTransferProhibited",""
"89","manbranding.com","2021-07-08 17:53:51","2021-07-05","","2022-07-05","1068","NameCheap, Inc.","whois.namecheap.com","http://www.namecheap.com","Mohamed Al Dessouki","arabymoney","Egypt,Cairo","cairo","cairo","33511","Egypt","whatisup223@gmail.com","+20.01022035190","","Mohamed Al Dessouki","arabymoney","Egypt,Cairo","cairo","cairo","33511","Egypt","whatisup223@gmail.com","+20.01022035190","","Mohamed Al Dessouki","arabymoney","Egypt,Cairo","cairo","cairo","33511","Egypt","whatisup223@gmail.com","+20.01022035190","","","","","","","","","","","","ns1.sedoparking.com","ns2.sedoparking.com","","","clientTransferProhibited","","",""
"90","matgaree.com","2021-07-08 17:31:56","2021-07-05","2021-07-05","2022-07-05","146","GoDaddy.com, LLC","whois.godaddy.com","http://registrar.godaddy.com","","","","","cairo","","Egypt","","","","","","","","","","","","","","","","","","","","","","","","","","","","","","","","","","ns1.qlubiapp.com","ns2.qlubiapp.com","","","clientDeleteProhibited","clientRenewProhibited","clientTransferProhibited","clientUpdateProhibited"
"91","maza-dent.online","2021-07-08 15:26:22","2021-07-06","2021-07-06","2022-07-06","625","Name.com, Inc.","whois.name.com","http://www.name.com","Exp Solutions","Exp Solutions","","","abu hamad","","Egypt","","","","","","","","","","","","","","","","","","","","","","","","","","","","","","","","","","ns1fkl.name.com","ns2fgp.name.com","ns3hjx.name.com","ns4bty.name.com","addPeriod","clientTransferProhibited","serverTransferProhibited",""
"92","mazadent.online","2021-07-08 15:26:20","2021-07-06","2021-07-06","2022-07-06","625","Name.com, Inc.","whois.name.com","http://www.name.com","Exp Solutions","Exp Solutions","","","abu hamad","","Egypt","","","","","","","","","","","","","","","","","","","","","","","","","","","","","","","","","","ns1fkl.name.com","ns2fgp.name.com","ns3hjx.name.com","ns4bty.name.com","addPeriod","clientTransferProhibited","serverTransferProhibited",""
"93","mazenkhairy.com","2021-07-08 17:27:38","2021-07-05","2021-07-05","2023-07-05","146","GoDaddy.com, LLC","whois.godaddy.com","http://registrar.godaddy.com","","","","","Egypt","","Egypt","","","","","","","","","","","","","","","","","","","","","","","","","","","","","","","","","","ns35.domaincontrol.com","ns36.domaincontrol.com","","","clientDeleteProhibited","clientRenewProhibited","clientTransferProhibited","clientUpdateProhibited"
"94","medicadoro.com","2021-07-08 16:22:26","2021-07-05","2021-07-05","2022-07-05","146","GoDaddy.com, LLC","whois.godaddy.com","http://registrar.godaddy.com","Shopaholic","Shopaholic","","","Cairo","","Egypt","","","","","","","","","","","","","","","","","","","","","","","","","","","","","","","","","","ns35.domaincontrol.com","ns36.domaincontrol.com","","","clientDeleteProhibited","clientRenewProhibited","clientTransferProhibited","clientUpdateProhibited"
"95","mediterranean-bridge.com","2021-07-08 18:02:49","2021-07-05","2021-07-05","2022-07-05","146","GoDaddy.com, LLC","whois.godaddy.com","http://registrar.godaddy.com","","","","","Egypt","","Egypt","","","","","","","","","","","","","","","","","","","","","","","","","","","","","","","","","","ns09.domaincontrol.com","ns10.domaincontrol.com","","","clientDeleteProhibited","clientRenewProhibited","clientTransferProhibited","clientUpdateProhibited"
"96","messengarct.online","2021-07-08 15:26:18","2021-07-05","2021-07-07","2022-07-05","146","GoDaddy.com, LLC","whois.godaddy.com","http://registrar.godaddy.com","","","","","cairo","","Egypt","","","","","","","","","","","","","","","","","","","","","","","","","","","","","","","","","","ns1.aba.ae","ns2.aba.ae","","","addPeriod","clientDeleteProhibited","clientRenewProhibited","clientTransferProhibited"
"97","mkstoreonline.com","2021-07-08 17:31:51","2021-07-05","","2022-07-05","1068","NameCheap, Inc.","whois.namecheap.com","http://www.namecheap.com","Expand Solution","Expand Solution","6th Of October","Giza","Cairo","12111","Egypt","domains@expandcart.com","+20.1212121212","","Expand Solution","Expand Solution","6th Of October","Giza","Cairo","12111","Egypt","domains@expandcart.com","+20.1212121212","","Expand Solution","Expand Solution","6th Of October","Giza","Cairo","12111","Egypt","domains@expandcart.com","+20.1212121212","","","","","","","","","","","","dns1.registrar-servers.com","dns2.registrar-servers.com","","","addPeriod","clientTransferProhibited","",""
"98","mohamedkoutp.online","2021-07-08 15:26:16","2021-07-05","2021-07-05","2022-07-05","146","GoDaddy.com, LLC","whois.godaddy.com","http://registrar.godaddy.com","","","","","\u0627\u0644\u0647\u0631\u0645","","Egypt","","","","","","","","","","","","","","","","","","","","","","","","","","","","","","","","","","ns35.domaincontrol.com","ns36.domaincontrol.com","","","addPeriod","clientDeleteProhibited","clientRenewProhibited","clientTransferProhibited"
"99","msarak.com","2021-07-08 17:34:40","2021-07-05","2021-07-05","2022-07-05","886","Domain.com, LLC","whois.domain.com","http://www.domain.com","REDACTED FOR PRIVACY","REDACTED FOR PRIVACY","REDACTED FOR PRIVACY","REDACTED FOR PRIVACY","NA","REDACTED FOR PRIVACY","Egypt","","REDACTED FOR PRIVACY","REDACTED FOR PRIVACY","REDACTED FOR PRIVACY","REDACTED FOR PRIVACY","REDACTED FOR PRIVACY","REDACTED FOR PRIVACY","REDACTED FOR PRIVACY","REDACTED FOR PRIVACY","REDACTED FOR PRIVACY","","REDACTED FOR PRIVACY","REDACTED FOR PRIVACY","REDACTED FOR PRIVACY","REDACTED FOR PRIVACY","REDACTED FOR PRIVACY","REDACTED FOR PRIVACY","REDACTED FOR PRIVACY","REDACTED FOR PRIVACY","REDACTED FOR PRIVACY","","REDACTED FOR PRIVACY","REDACTED FOR PRIVACY","","","","","","","","","","","ns1.domain.com","ns2.domain.com","","","","","",""
"100","nabadvertising.com","2021-07-08 18:41:28","2021-07-05","2021-07-05","2022-07-05","168","Register.it SPA","whois.register.it","http://we.register.it","REDACTED FOR PRIVACY","REDACTED FOR PRIVACY","REDACTED FOR PRIVACY","REDACTED FOR PRIVACY","Qina","REDACTED FOR PRIVACY","Egypt","whoiscontact@names.co.uk","REDACTED.FORPRIVACY","REDACTED.FORPRIVACY","REDACTED FOR PRIVACY","REDACTED FOR PRIVACY","REDACTED FOR PRIVACY","REDACTED FOR PRIVACY","REDACTED FOR PRIVACY","REDACTED FOR PRIVACY","REDACTED FOR PRIVACY","whoiscontact@names.co.uk","REDACTED.FORPRIVACY","REDACTED.FORPRIVACY","REDACTED FOR PRIVACY","Namesco Limited","REDACTED FOR PRIVACY","REDACTED FOR PRIVACY","REDACTED FOR PRIVACY","REDACTED FOR PRIVACY","REDACTED FOR PRIVACY","whoiscontact@names.co.uk","REDACTED.FORPRIVACY","REDACTED.FORPRIVACY","","","","","","","","","","","ns0.phase8.net","ns1.phase8.net","ns2.phase8.net","","clientDeleteProhibited","clientTransferProhibited","clientUpdateProhibited",""
"101","nahar-adv.com","2021-07-08 16:18:32","2021-07-05","2021-07-05","2022-07-05","440","Wild West Domains, LLC","whois.wildwestdomains.com","http://www.wildwestdomains.com","Nile Youth For Internet Solutions","Nile Youth For Internet Solutions","","","manama","","Egypt","","","","","","","","","","","","","","","","","","","","","","","","","","","","","","","","","","ns1.nileyouth.net","ns2.nileyouth.net","ns3.nileyouth.net","","clientDeleteProhibited","clientRenewProhibited","clientTransferProhibited","clientUpdateProhibited"
"102","newerapharmagroup.com","2021-07-08 14:42:13","2021-07-05","2021-07-05","2022-07-05","69","Tucows Domains Inc.","whois.tucows.com","http://domainhelp.opensrs.net","REDACTED FOR PRIVACY","REDACTED FOR PRIVACY","REDACTED FOR PRIVACY","REDACTED FOR PRIVACY","Cairo","REDACTED FOR PRIVACY","Egypt","","REDACTED FOR PRIVACY","REDACTED FOR PRIVACY","REDACTED FOR PRIVACY","REDACTED FOR PRIVACY","REDACTED FOR PRIVACY","REDACTED FOR PRIVACY","REDACTED FOR PRIVACY","REDACTED FOR PRIVACY","REDACTED FOR PRIVACY","","REDACTED FOR PRIVACY","REDACTED FOR PRIVACY","REDACTED FOR PRIVACY","REDACTED FOR PRIVACY","REDACTED FOR PRIVACY","REDACTED FOR PRIVACY","REDACTED FOR PRIVACY","REDACTED FOR PRIVACY","REDACTED FOR PRIVACY","","REDACTED FOR PRIVACY","REDACTED FOR PRIVACY","","","","","","","","","","","ns1.hover.com","ns2.hover.com","","","clientTransferProhibited","clientUpdateProhibited","",""
"103","noraalqarni.info","2021-07-08 15:42:32","2021-07-06","2021-07-06","2022-07-06","146","GoDaddy.com, LLC","whois.godaddy.com","http://registrar.godaddy.com","Digital essence","Digital essence","","","cairo","","Egypt","","","","","","","","","","","","","","","","","","","","","","","","","","","","","","","","","","ns13.domaincontrol.com","ns14.domaincontrol.com","","","addPeriod","clientDeleteProhibited","clientRenewProhibited","clientTransferProhibited"
"104","norema22.com","2021-07-08 14:41:16","2021-07-05","","2022-07-05","1068","NameCheap, Inc.","whois.namecheap.com","http://www.namecheap.com","Expand Solution","Expand Solution","6th Of October","Giza","Cairo","12111","Egypt","domains@expandcart.com","+20.1212121212","","Expand Solution","Expand Solution","6th Of October","Giza","Cairo","12111","Egypt","domains@expandcart.com","+20.1212121212","","Expand Solution","Expand Solution","6th Of October","Giza","Cairo","12111","Egypt","domains@expandcart.com","+20.1212121212","","","","","","","","","","","","dns1.registrar-servers.com","dns2.registrar-servers.com","","","addPeriod","clientTransferProhibited","",""
"105","nrealstate.net","2021-07-08 15:30:16","2021-07-04","2021-07-04","2022-07-04","1647","Hosting Concepts B.V. dba Openprovider","whois.registrar.eu","http://www.openprovider.com","REDACTED FOR PRIVACY","","REDACTED FOR PRIVACY","REDACTED FOR PRIVACY","Alexandria","REDACTED FOR PRIVACY","Egypt","","REDACTED FOR PRIVACY","REDACTED FOR PRIVACY","REDACTED FOR PRIVACY","REDACTED FOR PRIVACY","REDACTED FOR PRIVACY","REDACTED FOR PRIVACY","REDACTED FOR PRIVACY","REDACTED FOR PRIVACY","REDACTED FOR PRIVACY","","REDACTED FOR PRIVACY","REDACTED FOR PRIVACY","REDACTED FOR PRIVACY","REDACTED FOR PRIVACY","REDACTED FOR PRIVACY","REDACTED FOR PRIVACY","REDACTED FOR PRIVACY","REDACTED FOR PRIVACY","REDACTED FOR PRIVACY","","REDACTED FOR PRIVACY","REDACTED FOR PRIVACY","","","","","","","","","","","ns1.dns-parking.com","ns2.dns-parking.com","","","clientTransferProhibited","","",""
"106","og-outlet.net","2021-07-08 15:30:14","2021-07-04","2021-07-04","2022-07-04","146","GoDaddy.com, LLC","whois.godaddy.com","http://registrar.godaddy.com","","","","","Cairo Governorate","","Egypt","","","","","","","","","","","","","","","","","","","","","","","","","","","","","","","","","","ns19.domaincontrol.com","ns20.domaincontrol.com","","","clientDeleteProhibited","clientRenewProhibited","clientTransferProhibited","clientUpdateProhibited"
"107","omar-gamal.com","2021-07-08 14:25:31","2021-07-05","2021-07-05","2022-07-05","146","GoDaddy.com, LLC","whois.godaddy.com","http://registrar.godaddy.com","Self","Self","","","Zahraa Al-Maadi","","Egypt","","","","","","","","","","","","","","","","","","","","","","","","","","","","","","","","","","ns09.domaincontrol.com","ns10.domaincontrol.com","","","clientDeleteProhibited","clientRenewProhibited","clientTransferProhibited","clientUpdateProhibited"
"108","onlyonerollchallenge.com","2021-07-08 14:40:02","2021-07-05","2021-07-05","2022-07-05","1154","FastDomain Inc.","whois.fastdomain.com","http://www.fastdomain.com","AHMED IBRAHIM","","15 MAY CITY, ADJACENT 21","CAIRO","","14531","Egypt","ahmedmada93@gmail.com","+20.01141472724","","AHMED IBRAHIM","","15 MAY CITY, ADJACENT 21","CAIRO","","14531","Egypt","ahmedmada93@gmail.com","+20.01141472724","","BLUEHOST INC","BLUEHOST.COM","550 E TIMPANOGOS PKWY","OREM","UTAH","84097","United States","domain@redl.ca","+1.8017659400","+1.8017651992","","","","","","","","","","","ns1.bluehost.com","ns2.bluehost.com","","","clientTransferProhibited","","",""
"109","orangepos.online","2021-07-08 15:26:15","2021-07-05","2021-07-05","2022-07-05","146","GoDaddy.com, LLC","whois.godaddy.com","http://registrar.godaddy.com","elshorouk","elshorouk","","","966","","Egypt","","","","","","","","","","","","","","","","","","","","","","","","","","","","","","","","","","ns15.shared-servers.com","ns16.shared-servers.com","","","addPeriod","clientDeleteProhibited","clientRenewProhibited","clientTransferProhibited"
"110","organisehome.net","2021-07-08 15:30:13","2021-07-04","2021-07-04","2022-07-04","625","Name.com, Inc.","whois.name.com","http://www.name.com","toti wahed","hejap","33 abd el aty rwash maden el noor","cairo","cairo","002","Egypt","","Non-Public Data","","toti wahed","hejap","33 abd el aty rwash maden el noor","cairo","cairo","002","Egypt","","Non-Public Data","","toti wahed","hejap","33 abd el aty rwash maden el noor","cairo","cairo","002","Egypt","","Non-Public Data","","","","","","","","","","","","ns1hnx.name.com","ns2dfg.name.com","ns3jnr.name.com","ns4jnz.name.com","addPeriod","clientTransferProhibited","",""
"111","otlobdesign.com","2021-07-08 18:30:04","2021-07-05","2021-07-05","2023-07-05","146","GoDaddy.com, LLC","whois.godaddy.com","http://registrar.godaddy.com","","","","","Giza","","Egypt","","","","","","","","","","","","","","","","","","","","","","","","","","","","","","","","","","ns09.domaincontrol.com","ns10.domaincontrol.com","","","clientDeleteProhibited","clientRenewProhibited","clientTransferProhibited","clientUpdateProhibited"
"112","ourchildren.club","2021-07-08 18:45:38","2021-07-05","2021-07-05","2022-07-05","146","GoDaddy.com, LLC","whois.godaddy.com","http://registrar.godaddy.com","REDACTED FOR PRIVACY","cairo","REDACTED FOR PRIVACY REDACTED FOR PRIVACY REDACTED FOR PRIVACY","REDACTED FOR PRIVACY","cairo","REDACTED FOR PRIVACY","Egypt","","REDACTED FOR PRIVACY","REDACTED FOR PRIVACY","REDACTED FOR PRIVACY","REDACTED FOR PRIVACY","REDACTED FOR PRIVACY REDACTED FOR PRIVACY REDACTED FOR PRIVACY","REDACTED FOR PRIVACY","REDACTED FOR PRIVACY","REDACTED FOR PRIVACY","REDACTED FOR PRIVACY","","REDACTED FOR PRIVACY","REDACTED FOR PRIVACY","REDACTED FOR PRIVACY","REDACTED FOR PRIVACY","REDACTED FOR PRIVACY REDACTED FOR PRIVACY REDACTED FOR PRIVACY","REDACTED FOR PRIVACY","REDACTED FOR PRIVACY","REDACTED FOR PRIVACY","REDACTED FOR PRIVACY","","REDACTED FOR PRIVACY","REDACTED FOR PRIVACY","","","","","","","","","","","ns3003.mochahost.com","ns4003.mochahost.com","","","addPeriod","clientDeleteProhibited","clientRenewProhibited","clientTransferProhibited"
"113","palmahotelbythewaterway.com","2021-07-08 16:17:00","2021-07-05","2021-07-05","2023-07-05","146","GoDaddy.com, LLC","whois.godaddy.com","http://registrar.godaddy.com","Innovlutions","Innovlutions","","","Giza","","Egypt","","","","","","","","","","","","","","","","","","","","","","","","","","","","","","","","","","ns55.domaincontrol.com","ns56.domaincontrol.com","","","clientDeleteProhibited","clientRenewProhibited","clientTransferProhibited","clientUpdateProhibited"
"114","palmahotelegypt.com","2021-07-08 16:17:07","2021-07-05","2021-07-05","2023-07-05","146","GoDaddy.com, LLC","whois.godaddy.com","http://registrar.godaddy.com","Innovlutions","Innovlutions","","","Giza","","Egypt","","","","","","","","","","","","","","","","","","","","","","","","","","","","","","","","","","ns71.domaincontrol.com","ns72.domaincontrol.com","","","clientDeleteProhibited","clientRenewProhibited","clientTransferProhibited","clientUpdateProhibited"
"115","pavotag.com","2021-07-08 16:16:43","2021-07-05","2021-07-05","2022-07-05","146","GoDaddy.com, LLC","whois.godaddy.com","http://registrar.godaddy.com","Pavotag","Pavotag","","","Faqus","","Egypt","","","","","","","","","","","","","","","","","","","","","","","","","","","","","","","","","","ns25.domaincontrol.com","ns26.domaincontrol.com","","","clientDeleteProhibited","clientRenewProhibited","clientTransferProhibited","clientUpdateProhibited"
"116","penthouseco.com","2021-07-08 16:16:26","2021-07-05","2021-07-05","2022-07-05","1647","Hosting Concepts B.V. dba Openprovider","whois.registrar.eu","http://www.openprovider.com","REDACTED FOR PRIVACY","khaled ElFakharany","REDACTED FOR PRIVACY","REDACTED FOR PRIVACY","giza","REDACTED FOR PRIVACY","Egypt","","REDACTED FOR PRIVACY","REDACTED FOR PRIVACY","REDACTED FOR PRIVACY","REDACTED FOR PRIVACY","REDACTED FOR PRIVACY","REDACTED FOR PRIVACY","REDACTED FOR PRIVACY","REDACTED FOR PRIVACY","REDACTED FOR PRIVACY","","REDACTED FOR PRIVACY","REDACTED FOR PRIVACY","REDACTED FOR PRIVACY","REDACTED FOR PRIVACY","REDACTED FOR PRIVACY","REDACTED FOR PRIVACY","REDACTED FOR PRIVACY","REDACTED FOR PRIVACY","REDACTED FOR PRIVACY","","REDACTED FOR PRIVACY","REDACTED FOR PRIVACY","","","","","","","","","","","ns1.dns-parking.com","ns2.dns-parking.com","","","clientTransferProhibited","ok","",""
"117","petrotrain.net","2021-07-08 14:46:41","2021-07-04","2021-07-04","2022-07-04","146","GoDaddy.com, LLC","whois.godaddy.com","http://registrar.godaddy.com","skyline","skyline","","","elmokattam city","","Egypt","","","","","","","","","","","","","","","","","","","","","","","","","","","","","","","","","","rns3.webhostbox.net","rns4.webhostbox.net","","","clientDeleteProhibited","clientRenewProhibited","clientTransferProhibited","clientUpdateProhibited"
"118","pretailz.com","2021-07-08 16:14:17","2021-07-05","2021-07-06","2022-07-05","1154","FastDomain Inc.","whois.fastdomain.com","http://www.fastdomain.com","ABDALLA SHAHEEN","","10 SHAHEEN STREET","QALYUBIA","","13765","Egypt","abdallashaheen239@gmail.com","+20.1032235739","","ABDALLA SHAHEEN","","10 SHAHEEN STREET","QALYUBIA","","13765","Egypt","abdallashaheen239@gmail.com","+20.1032235739","","BLUEHOST INC","BLUEHOST.COM","550 E TIMPANOGOS PKWY","OREM","UTAH","84097","United States","domain@redl.ca","+1.8017659400","+1.8017651992","","","","","","","","","","","ns1.bluehost.com","ns2.bluehost.com","","","clientTransferProhibited","","",""
"119","proactiveegyptgroup.com","2021-07-08 16:14:07","2021-07-05","2021-07-05","2022-07-05","1647","Hosting Concepts B.V. dba Openprovider","whois.registrar.eu","http://www.openprovider.com","REDACTED FOR PRIVACY","ProactiveEgypt","REDACTED FOR PRIVACY","REDACTED FOR PRIVACY","Cairo","REDACTED FOR PRIVACY","Egypt","","REDACTED FOR PRIVACY","REDACTED FOR PRIVACY","REDACTED FOR PRIVACY","REDACTED FOR PRIVACY","REDACTED FOR PRIVACY","REDACTED FOR PRIVACY","REDACTED FOR PRIVACY","REDACTED FOR PRIVACY","REDACTED FOR PRIVACY","","REDACTED FOR PRIVACY","REDACTED FOR PRIVACY","REDACTED FOR PRIVACY","REDACTED FOR PRIVACY","REDACTED FOR PRIVACY","REDACTED FOR PRIVACY","REDACTED FOR PRIVACY","REDACTED FOR PRIVACY","REDACTED FOR PRIVACY","","REDACTED FOR PRIVACY","REDACTED FOR PRIVACY","","","","","","","","","","","ns1.dns-parking.com","ns2.dns-parking.com","","","clientTransferProhibited","","",""
"120","produtorandrepinheiro.com","2021-07-08 17:31:35","2021-07-05","2021-07-05","2022-07-05","146","GoDaddy.com, LLC","whois.godaddy.com","http://registrar.godaddy.com","loob ru","loob ru","","","egypt","","Egypt","","","","","","","","","","","","","","","","","","","","","","","","","","","","","","","","","","ns15.domaincontrol.com","ns16.domaincontrol.com","","","clientDeleteProhibited","clientRenewProhibited","clientTransferProhibited","clientUpdateProhibited"
"121","pyramids-metal.com","2021-07-08 16:13:32","2021-07-05","2021-07-05","2022-07-05","69","Tucows Domains Inc.","whois.tucows.com","http://domainhelp.opensrs.net","REDACTED FOR PRIVACY","REDACTED FOR PRIVACY","REDACTED FOR PRIVACY","REDACTED FOR PRIVACY","XX","REDACTED FOR PRIVACY","Egypt","","REDACTED FOR PRIVACY","REDACTED FOR PRIVACY","REDACTED FOR PRIVACY","REDACTED FOR PRIVACY","REDACTED FOR PRIVACY","REDACTED FOR PRIVACY","REDACTED FOR PRIVACY","REDACTED FOR PRIVACY","REDACTED FOR PRIVACY","","REDACTED FOR PRIVACY","REDACTED FOR PRIVACY","REDACTED FOR PRIVACY","REDACTED FOR PRIVACY","REDACTED FOR PRIVACY","REDACTED FOR PRIVACY","REDACTED FOR PRIVACY","REDACTED FOR PRIVACY","REDACTED FOR PRIVACY","","REDACTED FOR PRIVACY","REDACTED FOR PRIVACY","","","","","","","","","","","ns1.clev1.net","ns2.clev1.net","","","clientTransferProhibited","clientUpdateProhibited","",""
"122","qtech.site","2021-07-08 15:11:53","2021-07-05","2021-07-07","2022-07-05","146","GoDaddy.com, LLC","whois.godaddy.com","http://registrar.godaddy.com","","","","","Sharkia","","Egypt","","","","","","","","","","","","","","","","","","","","","","","","","","","","","","","","","","ns5.afternic.com","ns6.afternic.com","","","addPeriod","clientDeleteProhibited","clientRenewProhibited","clientTransferProhibited"
"123","ragaei.com","2021-07-08 16:12:49","2021-07-05","2021-07-05","2022-07-05","146","GoDaddy.com, LLC","whois.godaddy.com","http://registrar.godaddy.com","","","","","sheikh zayed","","Egypt","","","","","","","","","","","","","","","","","","","","","","","","","","","","","","","","","","ns71.domaincontrol.com","ns72.domaincontrol.com","","","clientDeleteProhibited","clientRenewProhibited","clientTransferProhibited","clientUpdateProhibited"
"124","rawa2ha5.com","2021-07-08 16:12:29","2021-07-05","2021-07-05","2022-07-05","146","GoDaddy.com, LLC","whois.godaddy.com","http://registrar.godaddy.com","","","","","Giza","","Egypt","","","","","","","","","","","","","","","","","","","","","","","","","","","","","","","","","","ns15.domaincontrol.com","ns16.domaincontrol.com","","","clientDeleteProhibited","clientRenewProhibited","clientTransferProhibited","clientUpdateProhibited"
"125","royalgardensschools.com","2021-07-08 16:10:06","2021-07-05","2021-07-05","2022-07-05","146","GoDaddy.com, LLC","whois.godaddy.com","http://registrar.godaddy.com","12623","12623","","","Cairo","","Egypt","","","","","","","","","","","","","","","","","","","","","","","","","","","","","","","","","","ns11.domaincontrol.com","ns12.domaincontrol.com","","","clientDeleteProhibited","clientRenewProhibited","clientTransferProhibited","clientUpdateProhibited"
"126","rusticresturant.com","2021-07-08 16:09:46","2021-07-05","2021-07-05","2022-07-05","146","GoDaddy.com, LLC","whois.godaddy.com","http://registrar.godaddy.com","","","","","Giza","","Egypt","","","","","","","","","","","","","","","","","","","","","","","","","","","","","","","","","","ns15.domaincontrol.com","ns16.domaincontrol.com","","","clientDeleteProhibited","clientRenewProhibited","clientTransferProhibited","clientUpdateProhibited"
"127","sanagel.net","2021-07-08 15:29:58","2021-07-04","2021-07-06","2022-07-04","146","GoDaddy.com, LLC","whois.godaddy.com","http://registrar.godaddy.com","arabic.chat, Inc.","arabic.chat, Inc.","","","El Sharkia Minya El Qamh","","Egypt","","","","","","","","","","","","","","","","","","","","","","","","","","","","","","","","","","dion.ns.cloudflare.com","ivy.ns.cloudflare.com","","","clientDeleteProhibited","clientRenewProhibited","clientTransferProhibited","clientUpdateProhibited"
"128","sapphire-store.com","2021-07-08 17:15:15","2021-07-05","2021-07-05","2022-07-05","625","Name.com, Inc.","whois.name.com","http://www.name.com","mmmmm aaaaa","","El Haram","Giza","Egypt","12111","Egypt","","Non-Public Data","","mmmmm aaaaa","","El Haram","Giza","Egypt","12111","Egypt","","Non-Public Data","","mmmmm aaaaa","","El Haram","Giza","Egypt","12111","Egypt","","Non-Public Data","","","","","","","","","","","","ns1.eshhar.net","ns2.eshhar.net","","","addPeriod","clientTransferProhibited","",""
"129","scalerecipe.com","2021-07-08 16:08:31","2021-07-05","2021-07-05","2022-07-05","146","GoDaddy.com, LLC","whois.godaddy.com","http://registrar.godaddy.com","","","","","","","Egypt","","","","","","","","","","","","","","","","","","","","","","","","","","","","","","","","","","ns55.domaincontrol.com","ns56.domaincontrol.com","","","clientDeleteProhibited","clientRenewProhibited","clientTransferProhibited","clientUpdateProhibited"
"130","sengmousa.com","2021-07-08 17:36:52","2021-07-05","2021-07-05","2022-07-05","146","GoDaddy.com, LLC","whois.godaddy.com","http://registrar.godaddy.com","SEngMousa","SEngMousa","","","Maadi","","Egypt","","","","","","","","","","","","","","","","","","","","","","","","","","","","","","","","","","ns11.domaincontrol.com","ns12.domaincontrol.com","","","clientDeleteProhibited","clientRenewProhibited","clientTransferProhibited","clientUpdateProhibited"
"131","serverservicesads.com","2021-07-08 16:07:38","2021-07-05","2021-07-05","2022-07-05","1647","Hosting Concepts B.V. dba Openprovider","whois.registrar.eu","http://www.openprovider.com","REDACTED FOR PRIVACY","","REDACTED FOR PRIVACY","REDACTED FOR PRIVACY","kafr el sheikh","REDACTED FOR PRIVACY","Egypt","","REDACTED FOR PRIVACY","REDACTED FOR PRIVACY","REDACTED FOR PRIVACY","REDACTED FOR PRIVACY","REDACTED FOR PRIVACY","REDACTED FOR PRIVACY","REDACTED FOR PRIVACY","REDACTED FOR PRIVACY","REDACTED FOR PRIVACY","","REDACTED FOR PRIVACY","REDACTED FOR PRIVACY","REDACTED FOR PRIVACY","REDACTED FOR PRIVACY","REDACTED FOR PRIVACY","REDACTED FOR PRIVACY","REDACTED FOR PRIVACY","REDACTED FOR PRIVACY","REDACTED FOR PRIVACY","","REDACTED FOR PRIVACY","REDACTED FOR PRIVACY","","","","","","","","","","","ns1.dns-parking.com","ns2.dns-parking.com","","","clientTransferProhibited","ok","",""
"132","shahdpools.com","2021-07-08 17:16:09","2021-07-05","2021-07-05","2022-07-05","440","Wild West Domains, LLC","whois.wildwestdomains.com","http://www.wildwestdomains.com","","","","","\u0627\u0644\u0641\u064a\u0648\u0645","","Egypt","","","","","","","","","","","","","","","","","","","","","","","","","","","","","","","","","","ns1.siteground.net","ns2.siteground.net","","","clientDeleteProhibited","clientRenewProhibited","clientTransferProhibited","clientUpdateProhibited"
"133","shideedfarms.com","2021-07-08 16:07:12","2021-07-05","2021-07-05","2022-07-05","69","Tucows Domains Inc.","whois.tucows.com","http://domainhelp.opensrs.net","REDACTED FOR PRIVACY","REDACTED FOR PRIVACY","REDACTED FOR PRIVACY","REDACTED FOR PRIVACY","Cairo","REDACTED FOR PRIVACY","Egypt","","REDACTED FOR PRIVACY","REDACTED FOR PRIVACY","REDACTED FOR PRIVACY","REDACTED FOR PRIVACY","REDACTED FOR PRIVACY","REDACTED FOR PRIVACY","REDACTED FOR PRIVACY","REDACTED FOR PRIVACY","REDACTED FOR PRIVACY","","REDACTED FOR PRIVACY","REDACTED FOR PRIVACY","REDACTED FOR PRIVACY","REDACTED FOR PRIVACY","REDACTED FOR PRIVACY","REDACTED FOR PRIVACY","REDACTED FOR PRIVACY","REDACTED FOR PRIVACY","REDACTED FOR PRIVACY","","REDACTED FOR PRIVACY","REDACTED FOR PRIVACY","","","","","","","","","","","ns1.hover.com","ns2.hover.com","","","clientTransferProhibited","clientUpdateProhibited","",""
"134","shopjudelle.com","2021-07-08 16:06:57","2021-07-05","2021-07-05","2022-07-05","303","PDR Ltd. d/b/a PublicDomainRegistry.com","whois.publicdomainregistry.com","http://www.publicdomainregistry.com","Ahmed Foad","","75 Iran Street, AlDokki","Giza","Giza","12611","Egypt","okhalid397@gmail.com","+20.1067861649","","Ahmed Foad","","75 Iran Street, AlDokki","Giza","Giza","12611","Egypt","okhalid397@gmail.com","+20.1067861649","","Ahmed Foad","","75 Iran Street, AlDokki","Giza","Giza","12611","Egypt","okhalid397@gmail.com","+20.1067861649","","","","","","","","","","","","ns1.c07.tmdcloud.eu","ns2.c07.tmdcloud.eu","","","clientTransferProhibited","","",""
"135","singil.net","2021-07-08 15:29:40","2021-07-04","2021-07-04","2022-07-04","146","GoDaddy.com, LLC","whois.godaddy.com","http://registrar.godaddy.com","arabic.chat, Inc.","arabic.chat, Inc.","","","El Sharkia Minya El Qamh","","Egypt","","","","","","","","","","","","","","","","","","","","","","","","","","","","","","","","","","ns05.domaincontrol.com","ns06.domaincontrol.com","","","clientDeleteProhibited","clientRenewProhibited","clientTransferProhibited","clientUpdateProhibited"
"136","sodicdevelopment.com","2021-07-08 16:05:12","2021-07-05","2021-07-05","2022-07-05","146","GoDaddy.com, LLC","whois.godaddy.com","http://registrar.godaddy.com","INSIDER","INSIDER","","","Egypt","","Egypt","","","","","","","","","","","","","","","","","","","","","","","","","","","","","","","","","","ns71.domaincontrol.com","ns72.domaincontrol.com","","","clientDeleteProhibited","clientRenewProhibited","clientTransferProhibited","clientUpdateProhibited"
"137","steeltechnology-eg.com","2021-07-08 16:03:58","2021-07-05","2021-07-05","2022-07-05","69","Tucows Domains Inc.","whois.tucows.com","http://domainhelp.opensrs.net","REDACTED FOR PRIVACY","REDACTED FOR PRIVACY","REDACTED FOR PRIVACY","REDACTED FOR PRIVACY","Cairo","REDACTED FOR PRIVACY","Egypt","","REDACTED FOR PRIVACY","REDACTED FOR PRIVACY","REDACTED FOR PRIVACY","REDACTED FOR PRIVACY","REDACTED FOR PRIVACY","REDACTED FOR PRIVACY","REDACTED FOR PRIVACY","REDACTED FOR PRIVACY","REDACTED FOR PRIVACY","","REDACTED FOR PRIVACY","REDACTED FOR PRIVACY","REDACTED FOR PRIVACY","REDACTED FOR PRIVACY","REDACTED FOR PRIVACY","REDACTED FOR PRIVACY","REDACTED FOR PRIVACY","REDACTED FOR PRIVACY","REDACTED FOR PRIVACY","","REDACTED FOR PRIVACY","REDACTED FOR PRIVACY","","","","","","","","","","","ns1.hover.com","ns2.hover.com","","","clientTransferProhibited","clientUpdateProhibited","",""
"138","t3leemlive.com","2021-07-08 16:02:06","2021-07-05","2021-07-05","2022-07-05","1647","Hosting Concepts B.V. dba Openprovider","whois.registrar.eu","http://www.openprovider.com","REDACTED FOR PRIVACY","tlym layf","REDACTED FOR PRIVACY","REDACTED FOR PRIVACY","Giza","REDACTED FOR PRIVACY","Egypt","","REDACTED FOR PRIVACY","REDACTED FOR PRIVACY","REDACTED FOR PRIVACY","REDACTED FOR PRIVACY","REDACTED FOR PRIVACY","REDACTED FOR PRIVACY","REDACTED FOR PRIVACY","REDACTED FOR PRIVACY","REDACTED FOR PRIVACY","","REDACTED FOR PRIVACY","REDACTED FOR PRIVACY","REDACTED FOR PRIVACY","REDACTED FOR PRIVACY","REDACTED FOR PRIVACY","REDACTED FOR PRIVACY","REDACTED FOR PRIVACY","REDACTED FOR PRIVACY","REDACTED FOR PRIVACY","","REDACTED FOR PRIVACY","REDACTED FOR PRIVACY","","","","","","","","","","","ns1.dns-parking.com","ns2.dns-parking.com","","","clientTransferProhibited","ok","",""
"139","taalabadsl.com","2021-07-08 16:02:06","2021-07-05","2021-07-05","2022-07-05","48","eNom, Inc.","whois.enom.com","http://www.enom.com","REDACTED FOR PRIVACY","REDACTED FOR PRIVACY","REDACTED FOR PRIVACY","REDACTED FOR PRIVACY","Shrqya","REDACTED FOR PRIVACY","Egypt","","REDACTED FOR PRIVACY","REDACTED FOR PRIVACY","REDACTED FOR PRIVACY","REDACTED FOR PRIVACY","REDACTED FOR PRIVACY","REDACTED FOR PRIVACY","REDACTED FOR PRIVACY","REDACTED FOR PRIVACY","REDACTED FOR PRIVACY","","REDACTED FOR PRIVACY","REDACTED FOR PRIVACY","REDACTED FOR PRIVACY","REDACTED FOR PRIVACY","REDACTED FOR PRIVACY","REDACTED FOR PRIVACY","REDACTED FOR PRIVACY","REDACTED FOR PRIVACY","REDACTED FOR PRIVACY","","REDACTED FOR PRIVACY","REDACTED FOR PRIVACY","","","","","","","","","","","ns1.sherlockhost.co.uk","ns2.sherlockhost.co.uk","","","addPeriod","clientTransferProhibited","",""
"140","tag-instagram.com","2021-07-08 16:02:12","2021-07-05","2021-07-05","2023-07-05","625","Name.com, Inc.","whois.name.com","http://www.name.com","Farouk Yahia","","45 zawet elnabouly elgomrog","alexandria","Alexandria","20356","Egypt","","Non-Public Data","","Farouk Yahia","","45 zawet elnabouly elgomrog","alexandria","Alexandria","20356","Egypt","","Non-Public Data","","Farouk Yahia","","45 zawet elnabouly elgomrog","alexandria","Alexandria","20356","Egypt","","Non-Public Data","","","","","","","","","","","","ns1.mostadaf.com","ns2.mostadaf.com","","","addPeriod","clientTransferProhibited","",""
"141","tastyandhealth.com","2021-07-08 17:33:45","2021-07-05","2021-07-05","2022-07-05","146","GoDaddy.com, LLC","whois.godaddy.com","http://registrar.godaddy.com","Dana Tours","Dana Tours","","","Giza","","Egypt","","","","","","","","","","","","","","","","","","","","","","","","","","","","","","","","","","ns35.domaincontrol.com","ns36.domaincontrol.com","","","clientDeleteProhibited","clientRenewProhibited","clientTransferProhibited","clientUpdateProhibited"
"142","thebrightir.com","2021-07-08 14:44:58","2021-07-05","2021-07-05","2022-07-05","146","GoDaddy.com, LLC","whois.godaddy.com","http://registrar.godaddy.com","","","","","Al Qahirah","","Egypt","","","","","","","","","","","","","","","","","","","","","","","","","","","","","","","","","","ns69.domaincontrol.com","ns70.domaincontrol.com","","","clientDeleteProhibited","clientRenewProhibited","clientTransferProhibited","clientUpdateProhibited"
"143","topclean-egy.com","2021-07-08 16:01:09","2021-07-05","2021-07-05","2022-07-05","69","Tucows Domains Inc.","whois.tucows.com","http://domainhelp.opensrs.net","REDACTED FOR PRIVACY","REDACTED FOR PRIVACY","REDACTED FOR PRIVACY","REDACTED FOR PRIVACY","Cairo","REDACTED FOR PRIVACY","Egypt","","REDACTED FOR PRIVACY","REDACTED FOR PRIVACY","REDACTED FOR PRIVACY","REDACTED FOR PRIVACY","REDACTED FOR PRIVACY","REDACTED FOR PRIVACY","REDACTED FOR PRIVACY","REDACTED FOR PRIVACY","REDACTED FOR PRIVACY","","REDACTED FOR PRIVACY","REDACTED FOR PRIVACY","REDACTED FOR PRIVACY","REDACTED FOR PRIVACY","REDACTED FOR PRIVACY","REDACTED FOR PRIVACY","REDACTED FOR PRIVACY","REDACTED FOR PRIVACY","REDACTED FOR PRIVACY","","REDACTED FOR PRIVACY","REDACTED FOR PRIVACY","","","","","","","","","","","ns1.hover.com","ns2.hover.com","","","clientTransferProhibited","clientUpdateProhibited","",""
"144","tradeegyptt.com","2021-07-08 16:00:52","2021-07-05","2021-07-05","2022-07-05","886","Domain.com, LLC","whois.domain.com","http://www.domain.com","REDACTED FOR PRIVACY","REDACTED FOR PRIVACY","REDACTED FOR PRIVACY","REDACTED FOR PRIVACY","NA","REDACTED FOR PRIVACY","Egypt","","REDACTED FOR PRIVACY","REDACTED FOR PRIVACY","REDACTED FOR PRIVACY","REDACTED FOR PRIVACY","REDACTED FOR PRIVACY","REDACTED FOR PRIVACY","REDACTED FOR PRIVACY","REDACTED FOR PRIVACY","REDACTED FOR PRIVACY","","REDACTED FOR PRIVACY","REDACTED FOR PRIVACY","REDACTED FOR PRIVACY","REDACTED FOR PRIVACY","REDACTED FOR PRIVACY","REDACTED FOR PRIVACY","REDACTED FOR PRIVACY","REDACTED FOR PRIVACY","REDACTED FOR PRIVACY","","REDACTED FOR PRIVACY","REDACTED FOR PRIVACY","","","","","","","","","","","ns1.ipage.com","ns2.ipage.com","","","","","",""
"145","trend-it.online","2021-07-08 15:27:57","2021-07-05","2021-07-05","2022-07-05","146","GoDaddy.com, LLC","whois.godaddy.com","http://registrar.godaddy.com","237 communications","237 communications","","","Cairo","","Egypt","","","","","","","","","","","","","","","","","","","","","","","","","","","","","","","","","","ns55.domaincontrol.com","ns56.domaincontrol.com","","","addPeriod","clientDeleteProhibited","clientRenewProhibited","clientTransferProhibited"
"146","tshirtsincolor.com","2021-07-08 16:00:10","2021-07-05","2021-07-05","2022-07-05","146","GoDaddy.com, LLC","whois.godaddy.com","http://registrar.godaddy.com","","","","","Giza","","Egypt","","","","","","","","","","","","","","","","","","","","","","","","","","","","","","","","","","ns13.domaincontrol.com","ns14.domaincontrol.com","","","clientDeleteProhibited","clientRenewProhibited","clientTransferProhibited","clientUpdateProhibited"
"147","twitterr-mobile.com","2021-07-08 02:47:01","2021-07-07","2021-07-07","2022-07-07","146","GoDaddy.com, LLC","whois.godaddy.com","http://registrar.godaddy.com","","","","","AlQahirah","","Egypt","","","","","","","","","","","","","","","","","","","","","","","","","","","","","","","","","","ns1.beget.com","ns1.beget.pro","ns2.beget.com","ns2.beget.pro","clientDeleteProhibited","clientRenewProhibited","clientTransferProhibited","clientUpdateProhibited"
"148","up-dat-s-col-lor.store","2021-07-08 15:09:20","2021-07-05","2021-07-05","2022-07-05","1636","Hostinger, UAB","whois.hostinger.com","http://www.hostinger.com","Not Applicable","Not Applicable","","","Cairo","","Egypt","","","","","","","","","","","","","","","","","","","","","","","","","","","","","","","","","","ns1.beget.com","ns1.beget.pro","ns2.beget.com","ns2.beget.pro","addPeriod","clientTransferProhibited","serverTransferProhibited",""
"149","up-datt-s-collor.store","2021-07-08 15:08:12","2021-07-05","2021-07-05","2022-07-05","1636","Hostinger, UAB","whois.hostinger.com","http://www.hostinger.com","Not Applicable","Not Applicable","","","Cairo","","Egypt","","","","","","","","","","","","","","","","","","","","","","","","","","","","","","","","","","ns1.beget.com","ns1.beget.pro","ns2.beget.com","ns2.beget.pro","addPeriod","clientTransferProhibited","serverTransferProhibited",""
"150","updatearcan.site","2021-07-08 15:10:19","2021-07-05","2021-07-05","2022-07-05","303","PDR Ltd. d/b/a PublicDomainRegistry.com","whois.publicdomainregistry.com","http://www.publicdomainregistry.com","","","","","Alexandria","","Egypt","","","","","","","","","","","","","","","","","","","","","","","","","","","","","","","","","","ns1.eb2a.com","ns2.eb2a.com","","","addPeriod","clientTransferProhibited","serverTransferProhibited",""
"151","valhalla.website","2021-07-08 14:52:28","2021-07-05","2021-07-07","2022-07-05","146","GoDaddy.com, LLC","whois.godaddy.com","http://registrar.godaddy.com","","","","","Sharkia","","Egypt","","","","","","","","","","","","","","","","","","","","","","","","","","","","","","","","","","ns5.afternic.com","ns6.afternic.com","","","addPeriod","clientDeleteProhibited","clientRenewProhibited","clientTransferProhibited"
"152","verity.website","2021-07-08 14:52:28","2021-07-05","2021-07-07","2022-07-05","146","GoDaddy.com, LLC","whois.godaddy.com","http://registrar.godaddy.com","","","","","Sharkia","","Egypt","","","","","","","","","","","","","","","","","","","","","","","","","","","","","","","","","","ns5.afternic.com","ns6.afternic.com","","","addPeriod","clientDeleteProhibited","clientRenewProhibited","clientTransferProhibited"
"153","wadiclub.com","2021-07-08 15:57:18","2021-07-05","2021-07-05","2022-07-05","146","GoDaddy.com, LLC","whois.godaddy.com","http://registrar.godaddy.com","The Art Touch","The Art Touch","","","Cairo Governorate","","Egypt","","","","","","","","","","","","","","","","","","","","","","","","","","","","","","","","","","ns35.domaincontrol.com","ns36.domaincontrol.com","","","clientDeleteProhibited","clientRenewProhibited","clientTransferProhibited","clientUpdateProhibited"
"154","wadionline.com","2021-07-08 18:34:51","2021-07-05","2021-07-05","2022-07-05","146","GoDaddy.com, LLC","whois.godaddy.com","http://registrar.godaddy.com","The Art Touch","The Art Touch","","","Cairo Governorate","","Egypt","","","","","","","","","","","","","","","","","","","","","","","","","","","","","","","","","","ns13.domaincontrol.com","ns14.domaincontrol.com","","","clientDeleteProhibited","clientRenewProhibited","clientTransferProhibited","clientUpdateProhibited"
"155","wamax-eg.com","2021-07-08 15:56:34","2021-07-05","2021-07-05","2022-07-05","146","GoDaddy.com, LLC","whois.godaddy.com","http://registrar.godaddy.com","Echo","Echo","","","damietta","","Egypt","","","","","","","","","","","","","","","","","","","","","","","","","","","","","","","","","","ns55.domaincontrol.com","ns56.domaincontrol.com","","","clientDeleteProhibited","clientRenewProhibited","clientTransferProhibited","clientUpdateProhibited"
"156","wasilti.com","2021-07-08 15:56:27","2021-07-05","","2022-07-05","1068","NameCheap, Inc.","whois.namecheap.com","http://www.namecheap.com","Expand Solution","Expand Solution","6th Of October","Giza","Cairo","12111","Egypt","domains@expandcart.com","+20.1212121212","","Expand Solution","Expand Solution","6th Of October","Giza","Cairo","12111","Egypt","domains@expandcart.com","+20.1212121212","","Expand Solution","Expand Solution","6th Of October","Giza","Cairo","12111","Egypt","domains@expandcart.com","+20.1212121212","","","","","","","","","","","","dns1.registrar-servers.com","dns2.registrar-servers.com","","","addPeriod","clientTransferProhibited","",""
"157","x-coils18.com","2021-07-08 15:54:46","2021-07-05","2021-07-05","2022-07-05","1154","FastDomain Inc.","whois.fastdomain.com","http://www.fastdomain.com","MOHAMED ALI","","27 DELTA BUILDING-ELMOSHY","SUEZ","","43518","Egypt","xcoils18@gmail.com","+20.1002621813","","MOHAMED ALI","","27 DELTA BUILDING-ELMOSHY","SUEZ","","43518","Egypt","xcoils18@gmail.com","+20.1002621813","","BLUEHOST INC","BLUEHOST.COM","550 E TIMPANOGOS PKWY","OREM","UTAH","84097","United States","domain@redl.ca","+1.8017659400","+1.8017651992","","","","","","","","","","","ns1.bluehost.com","ns2.bluehost.com","","","clientTransferProhibited","","",""
"158","xiong.website","2021-07-08 14:52:23","2021-07-05","2021-07-07","2022-07-05","146","GoDaddy.com, LLC","whois.godaddy.com","http://registrar.godaddy.com","","","","","Sharkia","","Egypt","","","","","","","","","","","","","","","","","","","","","","","","","","","","","","","","","","ns5.afternic.com","ns6.afternic.com","","","addPeriod","clientDeleteProhibited","clientRenewProhibited","clientTransferProhibited"
"159","xn-----ctdnab4a8a0kxag0bcgc.com","2021-07-08 15:54:16","2021-07-05","2021-07-05","2022-07-05","146","GoDaddy.com, LLC","whois.godaddy.com","http://registrar.godaddy.com","Dana Tours","Dana Tours","","","Giza","","Egypt","","","","","","","","","","","","","","","","","","","","","","","","","","","","","","","","","","ns13.domaincontrol.com","ns14.domaincontrol.com","","","clientDeleteProhibited","clientRenewProhibited","clientTransferProhibited","clientUpdateProhibited"
"160","xn----5mcab6b2fuayccc.com","2021-07-08 15:54:21","2021-07-05","2021-07-05","2022-07-05","146","GoDaddy.com, LLC","whois.godaddy.com","http://registrar.godaddy.com","Dana Tours","Dana Tours","","","Giza","","Egypt","","","","","","","","","","","","","","","","","","","","","","","","","","","","","","","","","","ns25.domaincontrol.com","ns26.domaincontrol.com","","","clientDeleteProhibited","clientRenewProhibited","clientTransferProhibited","clientUpdateProhibited"
"161","xn----bnckav6gubd.com","2021-07-08 15:54:20","2021-07-05","2021-07-05","2022-07-05","146","GoDaddy.com, LLC","whois.godaddy.com","http://registrar.godaddy.com","Dana Tours","Dana Tours","","","Giza","","Egypt","","","","","","","","","","","","","","","","","","","","","","","","","","","","","","","","","","ns15.domaincontrol.com","ns16.domaincontrol.com","","","clientDeleteProhibited","clientRenewProhibited","clientTransferProhibited","clientUpdateProhibited"
"162","xn--qgb3cimc.com","2021-07-08 15:53:18","2021-07-05","2021-07-05","2022-07-05","146","GoDaddy.com, LLC","whois.godaddy.com","http://registrar.godaddy.com","Dana Tours","Dana Tours","","","Giza","","Egypt","","","","","","","","","","","","","","","","","","","","","","","","","","","","","","","","","","ns11.domaincontrol.com","ns12.domaincontrol.com","","","clientDeleteProhibited","clientRenewProhibited","clientTransferProhibited","clientUpdateProhibited"
"163","xn--sgbi2e.com","2021-07-08 15:53:17","2021-07-05","2021-07-05","2022-07-05","146","GoDaddy.com, LLC","whois.godaddy.com","http://registrar.godaddy.com","","","","","\u0627\u0644\u0645\u0646\u064a\u0627","","Egypt","","","","","","","","","","","","","","","","","","","","","","","","","","","","","","","","","","ns25.domaincontrol.com","ns26.domaincontrol.com","","","clientDeleteProhibited","clientRenewProhibited","clientTransferProhibited","clientUpdateProhibited"
"164","xn--sgbp8d.com","2021-07-08 17:56:43","2021-07-05","2021-07-05","2022-07-05","146","GoDaddy.com, LLC","whois.godaddy.com","http://registrar.godaddy.com","Dana Tours","Dana Tours","","","Giza","","Egypt","","","","","","","","","","","","","","","","","","","","","","","","","","","","","","","","","","ns35.domaincontrol.com","ns36.domaincontrol.com","","","clientDeleteProhibited","clientRenewProhibited","clientTransferProhibited","clientUpdateProhibited"
"165","xn--tgbi8chv.com","2021-07-08 15:53:10","2021-07-04","2021-07-04","2022-07-04","146","GoDaddy.com, LLC","whois.godaddy.com","http://registrar.godaddy.com","ECOGRIA","ECOGRIA","","","Cairo","","Egypt","","","","","","","","","","","","","","","","","","","","","","","","","","","","","","","","","","ns69.domaincontrol.com","ns70.domaincontrol.com","","","clientDeleteProhibited","clientRenewProhibited","clientTransferProhibited","clientUpdateProhibited"
"166","xn--tgbi9cg.com","2021-07-08 17:27:07","2021-07-04","2021-07-04","2022-07-04","146","GoDaddy.com, LLC","whois.godaddy.com","http://registrar.godaddy.com","ECOGRIA","ECOGRIA","","","Cairo","","Egypt","","","","","","","","","","","","","","","","","","","","","","","","","","","","","","","","","","ns09.domaincontrol.com","ns10.domaincontrol.com","","","clientDeleteProhibited","clientRenewProhibited","clientTransferProhibited","clientUpdateProhibited"
"167","yazanlaw.com","2021-07-08 14:22:36","2021-07-05","2021-07-06","2022-07-05","1647","Hosting Concepts B.V. dba Openprovider","whois.registrar.eu","http://www.openprovider.com","REDACTED FOR PRIVACY","COODA","REDACTED FOR PRIVACY","REDACTED FOR PRIVACY","Cairo","REDACTED FOR PRIVACY","Egypt","","REDACTED FOR PRIVACY","REDACTED FOR PRIVACY","REDACTED FOR PRIVACY","REDACTED FOR PRIVACY","REDACTED FOR PRIVACY","REDACTED FOR PRIVACY","REDACTED FOR PRIVACY","REDACTED FOR PRIVACY","REDACTED FOR PRIVACY","","REDACTED FOR PRIVACY","REDACTED FOR PRIVACY","REDACTED FOR PRIVACY","REDACTED FOR PRIVACY","REDACTED FOR PRIVACY","REDACTED FOR PRIVACY","REDACTED FOR PRIVACY","REDACTED FOR PRIVACY","REDACTED FOR PRIVACY","","REDACTED FOR PRIVACY","REDACTED FOR PRIVACY","","","","","","","","","","","ns1.dns-parking.com","ns2.dns-parking.com","","","clientTransferProhibited","","",""
"168","yocc.xyz","2021-07-08 10:27:39","2021-07-06","2021-07-06","2022-07-06","146","GoDaddy.com, LLC","whois.godaddy.com","http://registrar.godaddy.com","","","","","Giza","","Egypt","","","","","","","","","","","","","","","","","","","","","","","","","","","","","","","","","","ns57.domaincontrol.com","ns58.domaincontrol.com","","","addPeriod","clientDeleteProhibited","clientRenewProhibited","clientTransferProhibited"
"169","zabaehalfaisal.com","2021-07-08 15:50:13","2021-07-05","2021-07-05","2022-07-05","146","GoDaddy.com, LLC","whois.godaddy.com","http://registrar.godaddy.com","","","","","next play ground","","Egypt","","","","","","","","","","","","","","","","","","","","","","","","","","","","","","","","","","ns09.domaincontrol.com","ns10.domaincontrol.com","","","clientDeleteProhibited","clientRenewProhibited","clientTransferProhibited","clientUpdateProhibited"
"170","zhibo.website","2021-07-08 14:52:23","2021-07-05","2021-07-07","2022-07-05","146","GoDaddy.com, LLC","whois.godaddy.com","http://registrar.godaddy.com","","","","","Sharkia","","Egypt","","","","","","","","","","","","","","","","","","","","","","","","","","","","","","","","","","ns5.afternic.com","ns6.afternic.com","","","addPeriod","clientDeleteProhibited","clientRenewProhibited","clientTransferProhibited"