"num","domain_name","query_time","create_date","update_date","expiry_date","domain_registrar_id","domain_registrar_name","domain_registrar_whois","domain_registrar_url","registrant_name","registrant_company","registrant_address","registrant_city","registrant_state","registrant_zip","registrant_country","registrant_email","registrant_phone","registrant_fax","administrative_name","administrative_company","administrative_address","administrative_city","administrative_state","administrative_zip","administrative_country","administrative_email","administrative_phone","administrative_fax","technical_name","technical_company","technical_address","technical_city","technical_state","technical_zip","technical_country","technical_email","technical_phone","technical_fax","billing_name","billing_company","billing_address","billing_city","billing_state","billing_zip","billing_country","billing_email","billing_phone","billing_fax","name_server_1","name_server_2","name_server_3","name_server_4","domain_status_1","domain_status_2","domain_status_3","domain_status_4"
"1","ablassoc.com","2021-07-08 17:14:58","2021-07-05","2021-07-05","2022-07-05","141","Cronon AG","whois.cronon.net","http://www.cronon.net","","","","","","","Estonia","domaincontact@reg.xlink.net","","","","","","","","","","","","","","","","","","","","","","","","","","","","","","","","","valentin.ns.cloudflare.com","vida.ns.cloudflare.com","","","OK","","",""
"2","activeacrossamerica.com","2021-07-08 18:16:39","2021-07-05","2021-07-05","2022-07-05","141","Cronon AG","whois.cronon.net","http://www.cronon.net","","","","","","","Estonia","domaincontact@reg.xlink.net","","","","","","","","","","","","","","","","","","","","","","","","","","","","","","","","","valentin.ns.cloudflare.com","vida.ns.cloudflare.com","","","OK","","",""
"3","akspice.com","2021-07-08 17:00:35","2021-07-05","2021-07-05","2022-07-04","1052","EuroDNS S.A.","http://whois.rotld.ro","http://www.eurodns.com","Karner Kaido","OSAUHING and quot;A.K. and quot;","Loo tn 9a","Tori vald","","85008","Estonia","kaidokarner@akou.ee","+372.55510309","","Karner Kaido","OSAUHING and quot;A.K. and quot;","Loo tn 9a","Tori vald","","85008","Estonia","kaidokarner@akou.ee","+372.55510309","","Karner Kaido","OSAUHING and quot;A.K. and quot;","Loo tn 9a","Tori vald","","85008","Estonia","kaidokarner@akou.ee","+372.55510309","","","","","","","","","","","","ns.elkdata.ee","ns2.elkdata.ee","ns3.elkdata.net","","clientTransferProhibited","","",""
"4","alexisempire.com","2021-07-08 17:13:30","2021-07-05","2021-07-05","2022-07-05","141","Cronon AG","whois.cronon.net","http://www.cronon.net","","","","","","","Estonia","domaincontact@reg.xlink.net","","","","","","","","","","","","","","","","","","","","","","","","","","","","","","","","","valentin.ns.cloudflare.com","vida.ns.cloudflare.com","","","OK","","",""
"5","alptecteam.com","2021-07-08 16:59:56","2021-07-05","2021-07-05","2022-07-04","1052","EuroDNS S.A.","http://whois.rotld.ro","http://www.eurodns.com","REDACTED FOR PRIVACY REDACTED FOR PRIVACY","REDACTED FOR PRIVACY","REDACTED FOR PRIVACY","Tallinn","","11211","Estonia","b766954c786f877077991c88a9ed4f1a_2322713_o@whoisprivacy.com","REDACTED FOR PRIVACY","REDACTED FOR PRIVACY","REDACTED FOR PRIVACY REDACTED FOR PRIVACY","REDACTED FOR PRIVACY","REDACTED FOR PRIVACY","Tallinn","","11211","Estonia","4be676f589f1ce40085840335ef3357c_2322713_a@whoisprivacy.com","REDACTED FOR PRIVACY","REDACTED FOR PRIVACY","REDACTED FOR PRIVACY REDACTED FOR PRIVACY","REDACTED FOR PRIVACY","REDACTED FOR PRIVACY","Tallinn","","11211","Estonia","9ff90d33653b8ae042b8f72c85c2c48e_2322713_t@whoisprivacy.com","REDACTED FOR PRIVACY","REDACTED FOR PRIVACY","","","","","","","","","","","ns.elkdata.ee","ns2.elkdata.ee","ns3.elkdata.net","","clientTransferProhibited","","",""
"6","amerilendmortgage.com","2021-07-08 17:06:53","2021-07-05","2021-07-05","2022-07-05","141","Cronon AG","whois.cronon.net","http://www.cronon.net","","","","","","","Estonia","domaincontact@reg.xlink.net","","","","","","","","","","","","","","","","","","","","","","","","","","","","","","","","","valentin.ns.cloudflare.com","vida.ns.cloudflare.com","","","OK","","",""
"7","apple-dan.com","2021-07-08 03:32:48","2021-07-08","2021-07-08","2022-07-07","141","Cronon AG","whois.cronon.net","http://www.cronon.net","","","","","","","Estonia","domaincontact@reg.xlink.net","","","","","","","","","","","","","","","","","","","","","","","","","","","","","","","","","valentin.ns.cloudflare.com","vida.ns.cloudflare.com","","","OK","","",""
"8","archivemydocs.com","2021-07-08 16:58:11","2021-07-05","2021-07-05","2022-07-05","141","Cronon AG","whois.cronon.net","http://www.cronon.net","","","","","","","Estonia","domaincontact@reg.xlink.net","","","","","","","","","","","","","","","","","","","","","","","","","","","","","","","","","valentin.ns.cloudflare.com","vida.ns.cloudflare.com","","","OK","","",""
"9","azanimarketing.com","2021-07-08 18:08:45","2021-07-05","2021-07-05","2022-07-05","141","Cronon AG","whois.cronon.net","http://www.cronon.net","","","","","","","Estonia","domaincontact@reg.xlink.net","","","","","","","","","","","","","","","","","","","","","","","","","","","","","","","","","valentin.ns.cloudflare.com","vida.ns.cloudflare.com","","","OK","","",""
"10","b2b-sports.com","2021-07-08 17:36:38","2021-07-05","2021-07-05","2022-07-05","141","Cronon AG","whois.cronon.net","http://www.cronon.net","","","","","","","Estonia","domaincontact@reg.xlink.net","","","","","","","","","","","","","","","","","","","","","","","","","","","","","","","","","valentin.ns.cloudflare.com","vida.ns.cloudflare.com","","","OK","","",""
"11","belanaviajes.com","2021-07-08 17:59:20","2021-07-05","2021-07-05","2022-07-05","141","Cronon AG","whois.cronon.net","http://www.cronon.net","","","","","","","Estonia","domaincontact@reg.xlink.net","","","","","","","","","","","","","","","","","","","","","","","","","","","","","","","","","valentin.ns.cloudflare.com","vida.ns.cloudflare.com","","","OK","","",""
"12","bellemugs.com","2021-07-08 17:05:44","2021-07-05","2021-07-05","2022-07-05","141","Cronon AG","whois.cronon.net","http://www.cronon.net","","","","","","","Estonia","domaincontact@reg.xlink.net","","","","","","","","","","","","","","","","","","","","","","","","","","","","","","","","","valentin.ns.cloudflare.com","vida.ns.cloudflare.com","","","OK","","",""
"13","benz-sales.com","2021-07-08 18:22:34","2021-07-05","2021-07-05","2022-07-05","141","Cronon AG","whois.cronon.net","http://www.cronon.net","","","","","","","Estonia","domaincontact@reg.xlink.net","","","","","","","","","","","","","","","","","","","","","","","","","","","","","","","","","valentin.ns.cloudflare.com","vida.ns.cloudflare.com","","","OK","","",""
"14","bestezquote.com","2021-07-08 17:05:26","2021-07-05","2021-07-05","2022-07-05","141","Cronon AG","whois.cronon.net","http://www.cronon.net","","","","","","","Estonia","domaincontact@reg.xlink.net","","","","","","","","","","","","","","","","","","","","","","","","","","","","","","","","","valentin.ns.cloudflare.com","vida.ns.cloudflare.com","","","OK","","",""
"15","bleumadame.com","2021-07-08 17:16:32","2021-07-05","2021-07-05","2022-07-05","106","Ascio Technologies, Inc. Danmark - Filial af Ascio technologies, Inc. USA","whois.ascio.com","http://www.ascio.com","Not Disclosed","Not Disclosed","Not Disclosed","Not Disclosed","Tartu","Not Disclosed","Estonia","","Not Disclosed","Not Disclosed","Not Disclosed","Not Disclosed","Not Disclosed","Not Disclosed","Not Disclosed","Not Disclosed","Not Disclosed","","Not Disclosed","Not Disclosed","Not Disclosed","Not Disclosed","Not Disclosed","Not Disclosed","Not Disclosed","Not Disclosed","Not Disclosed","","Not Disclosed","Not Disclosed","","","","","","","","","","","ns.zone.eu","ns2.zone.ee","ns3.zonedata.net","","clientTransferProhibited","","",""
"16","caringsolutions4u.com","2021-07-08 17:27:21","2021-07-05","2021-07-05","2022-07-05","141","Cronon AG","whois.cronon.net","http://www.cronon.net","","","","","","","Estonia","domaincontact@reg.xlink.net","","","","","","","","","","","","","","","","","","","","","","","","","","","","","","","","","valentin.ns.cloudflare.com","vida.ns.cloudflare.com","","","OK","","",""
"17","cartridgeworld-swpdx.com","2021-07-08 18:05:32","2021-07-05","2021-07-05","2022-07-05","141","Cronon AG","whois.cronon.net","http://www.cronon.net","","","","","","","Estonia","domaincontact@reg.xlink.net","","","","","","","","","","","","","","","","","","","","","","","","","","","","","","","","","valentin.ns.cloudflare.com","vida.ns.cloudflare.com","","","OK","","",""
"18","chapter-24.com","2021-07-08 18:07:45","2021-07-05","2021-07-05","2022-07-05","141","Cronon AG","whois.cronon.net","http://www.cronon.net","","","","","","","Estonia","domaincontact@reg.xlink.net","","","","","","","","","","","","","","","","","","","","","","","","","","","","","","","","","valentin.ns.cloudflare.com","vida.ns.cloudflare.com","","","OK","","",""
"19","christlifenow.com","2021-07-08 18:09:23","2021-07-05","2021-07-05","2022-07-05","141","Cronon AG","whois.cronon.net","http://www.cronon.net","","","","","","","Estonia","domaincontact@reg.xlink.net","","","","","","","","","","","","","","","","","","","","","","","","","","","","","","","","","valentin.ns.cloudflare.com","vida.ns.cloudflare.com","","","OK","","",""
"20","chuckrankin.com","2021-07-08 16:51:53","2021-07-05","2021-07-05","2022-07-05","141","Cronon AG","whois.cronon.net","http://www.cronon.net","","","","","","","Estonia","domaincontact@reg.xlink.net","","","","","","","","","","","","","","","","","","","","","","","","","","","","","","","","","valentin.ns.cloudflare.com","vida.ns.cloudflare.com","","","OK","","",""
"21","coinloan.guide","2021-07-08 15:45:43","2021-07-05","2021-07-05","2022-07-05","146","GoDaddy.com, LLC","whois.godaddy.com","http://registrar.godaddy.com","REDACTED FOR PRIVACY","CoinLoan OU","REDACTED FOR PRIVACY","REDACTED FOR PRIVACY","Harju maakond","REDACTED FOR PRIVACY","Estonia","","REDACTED FOR PRIVACY","REDACTED FOR PRIVACY","","","","","","","","","","","","","","","","","","","","","","","","","","","","","","","","","","","addPeriod","clientDeleteProhibited","clientRenewProhibited","clientTransferProhibited"
"22","crystalclearoffshore.com","2021-07-08 16:49:31","2021-07-05","2021-07-05","2022-07-05","48","eNom, Inc.","whois.enom.com","http://www.enom.com","REDACTED FOR PRIVACY","REDACTED FOR PRIVACY","REDACTED FOR PRIVACY","REDACTED FOR PRIVACY","Estonia","REDACTED FOR PRIVACY","Estonia","","REDACTED FOR PRIVACY","REDACTED FOR PRIVACY","REDACTED FOR PRIVACY","REDACTED FOR PRIVACY","REDACTED FOR PRIVACY","REDACTED FOR PRIVACY","REDACTED FOR PRIVACY","REDACTED FOR PRIVACY","REDACTED FOR PRIVACY","","REDACTED FOR PRIVACY","REDACTED FOR PRIVACY","REDACTED FOR PRIVACY","REDACTED FOR PRIVACY","REDACTED FOR PRIVACY","REDACTED FOR PRIVACY","REDACTED FOR PRIVACY","REDACTED FOR PRIVACY","REDACTED FOR PRIVACY","","REDACTED FOR PRIVACY","REDACTED FOR PRIVACY","","","","","","","","","","","ns1.thiswebhost.com","ns2.thiswebhost.com","ns3.thiswebhost.com","","addPeriod","clientTransferProhibited","",""
"23","dasann.com","2021-07-08 03:41:25","2021-07-08","2021-07-08","2022-07-07","141","Cronon AG","whois.cronon.net","http://www.cronon.net","","","","","","","Estonia","domaincontact@reg.xlink.net","","","","","","","","","","","","","","","","","","","","","","","","","","","","","","","","","mallory.ns.cloudflare.com","margo.ns.cloudflare.com","","","OK","","",""
"24","dirtysouthbmx.com","2021-07-08 17:38:03","2021-07-05","2021-07-05","2022-07-05","141","Cronon AG","whois.cronon.net","http://www.cronon.net","","","","","","","Estonia","domaincontact@reg.xlink.net","","","","","","","","","","","","","","","","","","","","","","","","","","","","","","","","","valentin.ns.cloudflare.com","vida.ns.cloudflare.com","","","OK","","",""
"25","dm-idholland.com","2021-07-08 18:06:57","2021-07-05","2021-07-05","2022-07-05","141","Cronon AG","whois.cronon.net","http://www.cronon.net","","","","","","","Estonia","domaincontact@reg.xlink.net","","","","","","","","","","","","","","","","","","","","","","","","","","","","","","","","","valentin.ns.cloudflare.com","vida.ns.cloudflare.com","","","OK","","",""
"26","dorpataromas.com","2021-07-08 16:45:33","2021-07-05","2021-07-05","2022-07-05","106","Ascio Technologies, Inc. Danmark - Filial af Ascio technologies, Inc. USA","whois.ascio.com","http://www.ascio.com","Not Disclosed","Not Disclosed","Not Disclosed","Not Disclosed","Tartumaa","Not Disclosed","Estonia","","Not Disclosed","Not Disclosed","Not Disclosed","Not Disclosed","Not Disclosed","Not Disclosed","Not Disclosed","Not Disclosed","Not Disclosed","","Not Disclosed","Not Disclosed","Not Disclosed","Not Disclosed","Not Disclosed","Not Disclosed","Not Disclosed","Not Disclosed","Not Disclosed","","Not Disclosed","Not Disclosed","","","","","","","","","","","ns.zone.eu","ns2.zone.ee","ns3.zonedata.net","","clientTransferProhibited","","",""
"27","drdvora.com","2021-07-08 17:05:49","2021-07-05","2021-07-05","2022-07-05","141","Cronon AG","whois.cronon.net","http://www.cronon.net","","","","","","","Estonia","domaincontact@reg.xlink.net","","","","","","","","","","","","","","","","","","","","","","","","","","","","","","","","","valentin.ns.cloudflare.com","vida.ns.cloudflare.com","","","OK","","",""
"28","ecomaccelerator.tech","2021-07-08 15:07:52","2021-07-05","2021-07-05","2022-07-05","146","GoDaddy.com, LLC","whois.godaddy.com","http://registrar.godaddy.com","","","","","Harju maakond","","Estonia","","","","","","","","","","","","","","","","","","","","","","","","","","","","","","","","","","ns55.domaincontrol.com","ns56.domaincontrol.com","","","addPeriod","clientDeleteProhibited","clientRenewProhibited","clientTransferProhibited"
"29","eksamireg.site","2021-07-08 15:11:28","2021-07-05","2021-07-05","2022-07-05","1606","Limited Liability Company 'Registrar of domain names REG.RU'","whois.reg.ru","http://www.reg.ru","","","","","Maardu","","Estonia","5f4ff4f@gmail.com","+372.58311908","","","","","","","","","5f4ff4f@gmail.com","+372.58311908","","","","","","","","","5f4ff4f@gmail.com","+372.58311908","","","","","","","","","5f4ff4f@gmail.com","+372.58311908","","ns1.hosting.reg.ru","ns2.hosting.reg.ru","","","addPeriod","serverTransferProhibited","",""
"30","elatervenaconsulting.com","2021-07-08 16:44:09","2021-07-05","2021-07-05","2022-07-05","269","Key-Systems GmbH","whois.rrpproxy.net","http://www.key-systems.net","REDACTED FOR PRIVACY","REDACTED FOR PRIVACY","REDACTED FOR PRIVACY REDACTED FOR PRIVACY REDACTED FOR PRIVACY","REDACTED FOR PRIVACY","","REDACTED FOR PRIVACY","Estonia","info@domain-contact.org","REDACTED FOR PRIVACY","REDACTED FOR PRIVACY","REDACTED FOR PRIVACY","REDACTED FOR PRIVACY","REDACTED FOR PRIVACY REDACTED FOR PRIVACY REDACTED FOR PRIVACY","REDACTED FOR PRIVACY","REDACTED FOR PRIVACY","REDACTED FOR PRIVACY","REDACTED FOR PRIVACY","info@domain-contact.org","REDACTED FOR PRIVACY","REDACTED FOR PRIVACY","REDACTED FOR PRIVACY","REDACTED FOR PRIVACY","REDACTED FOR PRIVACY REDACTED FOR PRIVACY REDACTED FOR PRIVACY","REDACTED FOR PRIVACY","REDACTED FOR PRIVACY","REDACTED FOR PRIVACY","REDACTED FOR PRIVACY","info@domain-contact.org","REDACTED FOR PRIVACY","REDACTED FOR PRIVACY","REDACTED FOR PRIVACY","REDACTED FOR PRIVACY","REDACTED FOR PRIVACY REDACTED FOR PRIVACY REDACTED FOR PRIVACY","REDACTED FOR PRIVACY","REDACTED FOR PRIVACY","REDACTED FOR PRIVACY","REDACTED FOR PRIVACY","info@domain-contact.org","REDACTED FOR PRIVACY","REDACTED FOR PRIVACY","ns1.simply.com","ns2.simply.com","ns3.simply.com","ns4.simply.com","clientTransferProhibited","","",""
"31","exitinpa.com","2021-07-08 18:10:55","2021-07-05","2021-07-05","2022-07-05","141","Cronon AG","whois.cronon.net","http://www.cronon.net","","","","","","","Estonia","domaincontact@reg.xlink.net","","","","","","","","","","","","","","","","","","","","","","","","","","","","","","","","","valentin.ns.cloudflare.com","vida.ns.cloudflare.com","","","OK","","",""
"32","fireflylocums.com","2021-07-08 18:36:43","2021-07-05","2021-07-05","2022-07-05","141","Cronon AG","whois.cronon.net","http://www.cronon.net","","","","","","","Estonia","domaincontact@reg.xlink.net","","","","","","","","","","","","","","","","","","","","","","","","","","","","","","","","","valentin.ns.cloudflare.com","vida.ns.cloudflare.com","","","OK","","",""
"33","fitcfp.com","2021-07-08 14:23:07","2021-07-05","2021-07-05","2022-07-05","141","Cronon AG","whois.cronon.net","http://www.cronon.net","","","","","","","Estonia","domaincontact@reg.xlink.net","","","","","","","","","","","","","","","","","","","","","","","","","","","","","","","","","valentin.ns.cloudflare.com","vida.ns.cloudflare.com","","","OK","","",""
"34","foster-chiro.com","2021-07-08 18:17:52","2021-07-05","2021-07-05","2022-07-05","141","Cronon AG","whois.cronon.net","http://www.cronon.net","","","","","","","Estonia","domaincontact@reg.xlink.net","","","","","","","","","","","","","","","","","","","","","","","","","","","","","","","","","valentin.ns.cloudflare.com","vida.ns.cloudflare.com","","","OK","","",""
"35","frontrowriders.com","2021-07-08 17:06:30","2021-07-05","2021-07-05","2022-07-05","141","Cronon AG","whois.cronon.net","http://www.cronon.net","","","","","","","Estonia","domaincontact@reg.xlink.net","","","","","","","","","","","","","","","","","","","","","","","","","","","","","","","","","valentin.ns.cloudflare.com","vida.ns.cloudflare.com","","","OK","","",""
"36","frulandandbowles.com","2021-07-08 17:05:38","2021-07-05","2021-07-05","2022-07-05","141","Cronon AG","whois.cronon.net","http://www.cronon.net","","","","","","","Estonia","domaincontact@reg.xlink.net","","","","","","","","","","","","","","","","","","","","","","","","","","","","","","","","","valentin.ns.cloudflare.com","vida.ns.cloudflare.com","","","OK","","",""
"37","fymlogic.com","2021-07-08 16:38:41","2021-07-05","2021-07-05","2022-07-05","141","Cronon AG","whois.cronon.net","http://www.cronon.net","","","","","","","Estonia","domaincontact@reg.xlink.net","","","","","","","","","","","","","","","","","","","","","","","","","","","","","","","","","valentin.ns.cloudflare.com","vida.ns.cloudflare.com","","","OK","","",""
"38","ganool99.club","2021-07-08 14:15:41","2021-07-06","2021-07-06","2022-07-06","472","Dynadot, LLC","whois.dynadot.com","http://www.dynadot.com","REDACTED FOR PRIVACY","","REDACTED FOR PRIVACY REDACTED FOR PRIVACY REDACTED FOR PRIVACY","REDACTED FOR PRIVACY","Harjumaa","REDACTED FOR PRIVACY","Estonia","","REDACTED FOR PRIVACY","REDACTED FOR PRIVACY","REDACTED FOR PRIVACY","REDACTED FOR PRIVACY","REDACTED FOR PRIVACY REDACTED FOR PRIVACY REDACTED FOR PRIVACY","REDACTED FOR PRIVACY","REDACTED FOR PRIVACY","REDACTED FOR PRIVACY","REDACTED FOR PRIVACY","","REDACTED FOR PRIVACY","REDACTED FOR PRIVACY","REDACTED FOR PRIVACY","REDACTED FOR PRIVACY","REDACTED FOR PRIVACY REDACTED FOR PRIVACY REDACTED FOR PRIVACY","REDACTED FOR PRIVACY","REDACTED FOR PRIVACY","REDACTED FOR PRIVACY","REDACTED FOR PRIVACY","","REDACTED FOR PRIVACY","REDACTED FOR PRIVACY","","","","","","","","","","","ns1.dynadot.com","ns2.dynadot.com","","","addPeriod","ok","",""
"39","getgreenelectric.com","2021-07-08 17:06:59","2021-07-05","2021-07-05","2022-07-05","141","Cronon AG","whois.cronon.net","http://www.cronon.net","","","","","","","Estonia","domaincontact@reg.xlink.net","","","","","","","","","","","","","","","","","","","","","","","","","","","","","","","","","valentin.ns.cloudflare.com","vida.ns.cloudflare.com","","","OK","","",""
"40","ginnyhuber.com","2021-07-08 03:36:13","2021-07-08","2021-07-08","2022-07-07","141","Cronon AG","whois.cronon.net","http://www.cronon.net","","","","","","","Estonia","domaincontact@reg.xlink.net","","","","","","","","","","","","","","","","","","","","","","","","","","","","","","","","","valentin.ns.cloudflare.com","vida.ns.cloudflare.com","","","OK","","",""
"41","grandboatsnordic.com","2021-07-08 16:36:21","2021-07-05","2021-07-05","2022-07-05","106","Ascio Technologies, Inc. Danmark - Filial af Ascio technologies, Inc. USA","whois.ascio.com","http://www.ascio.com","Not Disclosed","Not Disclosed","Not Disclosed","Not Disclosed","Harjumaa","Not Disclosed","Estonia","","Not Disclosed","Not Disclosed","Not Disclosed","Not Disclosed","Not Disclosed","Not Disclosed","Not Disclosed","Not Disclosed","Not Disclosed","","Not Disclosed","Not Disclosed","Not Disclosed","Not Disclosed","Not Disclosed","Not Disclosed","Not Disclosed","Not Disclosed","Not Disclosed","","Not Disclosed","Not Disclosed","","","","","","","","","","","ns.zone.eu","ns2.zone.ee","ns3.zonedata.net","","clientTransferProhibited","","",""
"42","guyfoodshow.com","2021-07-08 16:35:45","2021-07-05","2021-07-05","2022-07-05","141","Cronon AG","whois.cronon.net","http://www.cronon.net","","","","","","","Estonia","domaincontact@reg.xlink.net","","","","","","","","","","","","","","","","","","","","","","","","","","","","","","","","","valentin.ns.cloudflare.com","vida.ns.cloudflare.com","","","OK","","",""
"43","healthupgraders.com","2021-07-08 14:38:26","2021-07-05","2021-07-05","2022-07-05","146","GoDaddy.com, LLC","whois.godaddy.com","http://registrar.godaddy.com","","","","","estonia","","Estonia","","","","","","","","","","","","","","","","","","","","","","","","","","","","","","","","","","ns13.domaincontrol.com","ns14.domaincontrol.com","","","clientDeleteProhibited","clientRenewProhibited","clientTransferProhibited","clientUpdateProhibited"
"44","healthymefeelingfresh.com","2021-07-08 14:38:25","2021-07-05","2021-07-05","2022-07-05","106","Ascio Technologies, Inc. Danmark - Filial af Ascio technologies, Inc. USA","whois.ascio.com","http://www.ascio.com","Not Disclosed","Not Disclosed","Not Disclosed","Not Disclosed","Tartumaa","Not Disclosed","Estonia","","Not Disclosed","Not Disclosed","Not Disclosed","Not Disclosed","Not Disclosed","Not Disclosed","Not Disclosed","Not Disclosed","Not Disclosed","","Not Disclosed","Not Disclosed","Not Disclosed","Not Disclosed","Not Disclosed","Not Disclosed","Not Disclosed","Not Disclosed","Not Disclosed","","Not Disclosed","Not Disclosed","","","","","","","","","","","ns.zone.eu","ns2.zone.ee","ns3.zonedata.net","","clientTransferProhibited","","",""
"45","hintgreenpowersystems.com","2021-07-08 14:37:52","2021-07-05","2021-07-05","2022-07-05","141","Cronon AG","whois.cronon.net","http://www.cronon.net","","","","","","","Estonia","domaincontact@reg.xlink.net","","","","","","","","","","","","","","","","","","","","","","","","","","","","","","","","","valentin.ns.cloudflare.com","vida.ns.cloudflare.com","","","OK","","",""
"46","hoffhospitality.com","2021-07-08 18:15:00","2021-07-05","2021-07-05","2022-07-05","141","Cronon AG","whois.cronon.net","http://www.cronon.net","","","","","","","Estonia","domaincontact@reg.xlink.net","","","","","","","","","","","","","","","","","","","","","","","","","","","","","","","","","devin.ns.cloudflare.com","penny.ns.cloudflare.com","","","OK","","",""
"47","hotcharts.club","2021-07-08 14:15:46","2021-07-06","2021-07-06","2022-07-06","472","Dynadot, LLC","whois.dynadot.com","http://www.dynadot.com","REDACTED FOR PRIVACY","","REDACTED FOR PRIVACY REDACTED FOR PRIVACY REDACTED FOR PRIVACY","REDACTED FOR PRIVACY","Harjumaa","REDACTED FOR PRIVACY","Estonia","","REDACTED FOR PRIVACY","REDACTED FOR PRIVACY","REDACTED FOR PRIVACY","REDACTED FOR PRIVACY","REDACTED FOR PRIVACY REDACTED FOR PRIVACY REDACTED FOR PRIVACY","REDACTED FOR PRIVACY","REDACTED FOR PRIVACY","REDACTED FOR PRIVACY","REDACTED FOR PRIVACY","","REDACTED FOR PRIVACY","REDACTED FOR PRIVACY","REDACTED FOR PRIVACY","REDACTED FOR PRIVACY","REDACTED FOR PRIVACY REDACTED FOR PRIVACY REDACTED FOR PRIVACY","REDACTED FOR PRIVACY","REDACTED FOR PRIVACY","REDACTED FOR PRIVACY","REDACTED FOR PRIVACY","","REDACTED FOR PRIVACY","REDACTED FOR PRIVACY","","","","","","","","","","","ns1.dynadot.com","ns2.dynadot.com","","","addPeriod","ok","",""
"48","incentdesign.com","2021-07-08 18:17:49","2021-07-05","2021-07-05","2022-07-05","141","Cronon AG","whois.cronon.net","http://www.cronon.net","","","","","","","Estonia","domaincontact@reg.xlink.net","","","","","","","","","","","","","","","","","","","","","","","","","","","","","","","","","valentin.ns.cloudflare.com","vida.ns.cloudflare.com","","","OK","","",""
"49","inphronics.com","2021-07-08 18:21:52","2021-07-05","2021-07-05","2022-07-05","141","Cronon AG","whois.cronon.net","http://www.cronon.net","","","","","","","Estonia","domaincontact@reg.xlink.net","","","","","","","","","","","","","","","","","","","","","","","","","","","","","","","","","valentin.ns.cloudflare.com","vida.ns.cloudflare.com","","","OK","","",""
"50","isfconline.com","2021-07-08 18:30:15","2021-07-05","2021-07-05","2022-07-05","141","Cronon AG","whois.cronon.net","http://www.cronon.net","","","","","","","Estonia","domaincontact@reg.xlink.net","","","","","","","","","","","","","","","","","","","","","","","","","","","","","","","","","valentin.ns.cloudflare.com","vida.ns.cloudflare.com","","","OK","","",""
"51","k9naturalinstincts.com","2021-07-08 18:36:32","2021-07-05","2021-07-05","2022-07-05","141","Cronon AG","whois.cronon.net","http://www.cronon.net","","","","","","","Estonia","domaincontact@reg.xlink.net","","","","","","","","","","","","","","","","","","","","","","","","","","","","","","","","","valentin.ns.cloudflare.com","vida.ns.cloudflare.com","","","OK","","",""
"52","kalthoffgroup.com","2021-07-08 18:08:17","2021-07-05","2021-07-05","2022-07-05","141","Cronon AG","whois.cronon.net","http://www.cronon.net","","","","","","","Estonia","domaincontact@reg.xlink.net","","","","","","","","","","","","","","","","","","","","","","","","","","","","","","","","","valentin.ns.cloudflare.com","vida.ns.cloudflare.com","","","OK","","",""
"53","kjklawyers.com","2021-07-08 18:22:37","2021-07-05","2021-07-05","2022-07-05","141","Cronon AG","whois.cronon.net","http://www.cronon.net","","","","","","","Estonia","domaincontact@reg.xlink.net","","","","","","","","","","","","","","","","","","","","","","","","","","","","","","","","","valentin.ns.cloudflare.com","vida.ns.cloudflare.com","","","OK","","",""
"54","leemcmickle.com","2021-07-08 18:45:22","2021-07-05","2021-07-05","2022-07-05","141","Cronon AG","whois.cronon.net","http://www.cronon.net","","","","","","","Estonia","domaincontact@reg.xlink.net","","","","","","","","","","","","","","","","","","","","","","","","","","","","","","","","","valentin.ns.cloudflare.com","vida.ns.cloudflare.com","","","OK","","",""
"55","lshofwi.com","2021-07-08 16:25:20","2021-07-05","2021-07-05","2022-07-05","141","Cronon AG","whois.cronon.net","http://www.cronon.net","","","","","","","Estonia","domaincontact@reg.xlink.net","","","","","","","","","","","","","","","","","","","","","","","","","","","","","","","","","valentin.ns.cloudflare.com","vida.ns.cloudflare.com","","","OK","","",""
"56","maecotol.com","2021-07-08 16:24:40","2021-07-05","2021-07-05","2022-07-05","141","Cronon AG","whois.cronon.net","http://www.cronon.net","","","","","","","Estonia","domaincontact@reg.xlink.net","","","","","","","","","","","","","","","","","","","","","","","","","","","","","","","","","valentin.ns.cloudflare.com","vida.ns.cloudflare.com","","","OK","","",""
"57","mapchatting.com","2021-07-08 18:27:37","2021-07-05","2021-07-05","2026-07-05","146","GoDaddy.com, LLC","whois.godaddy.com","http://registrar.godaddy.com","","","","","Harjumaa","","Estonia","","","","","","","","","","","","","","","","","","","","","","","","","","","","","","","","","","ns59.domaincontrol.com","ns60.domaincontrol.com","","","clientDeleteProhibited","clientRenewProhibited","clientTransferProhibited","clientUpdateProhibited"
"58","marylandveteransneedjobs.com","2021-07-08 18:24:19","2021-07-05","2021-07-05","2022-07-05","141","Cronon AG","whois.cronon.net","http://www.cronon.net","","","","","","","Estonia","domaincontact@reg.xlink.net","","","","","","","","","","","","","","","","","","","","","","","","","","","","","","","","","valentin.ns.cloudflare.com","vida.ns.cloudflare.com","","","OK","","",""
"59","mattbrunworth.com","2021-07-08 18:38:59","2021-07-05","2021-07-05","2022-07-05","141","Cronon AG","whois.cronon.net","http://www.cronon.net","","","","","","","Estonia","domaincontact@reg.xlink.net","","","","","","","","","","","","","","","","","","","","","","","","","","","","","","","","","valentin.ns.cloudflare.com","vida.ns.cloudflare.com","","","OK","","",""
"60","middleragecrisis.com","2021-07-08 18:27:46","2021-07-05","2021-07-05","2022-07-05","141","Cronon AG","whois.cronon.net","http://www.cronon.net","","","","","","","Estonia","domaincontact@reg.xlink.net","","","","","","","","","","","","","","","","","","","","","","","","","","","","","","","","","valentin.ns.cloudflare.com","vida.ns.cloudflare.com","","","OK","","",""
"61","mrjconsultoria.com","2021-07-08 16:19:27","2021-07-05","2021-07-05","2022-07-05","141","Cronon AG","whois.cronon.net","http://www.cronon.net","","","","","","","Estonia","domaincontact@reg.xlink.net","","","","","","","","","","","","","","","","","","","","","","","","","","","","","","","","","valentin.ns.cloudflare.com","vida.ns.cloudflare.com","","","OK","","",""
"62","ncd-eg.com","2021-07-08 17:05:22","2021-07-05","2021-07-05","2022-07-05","141","Cronon AG","whois.cronon.net","http://www.cronon.net","","","","","","","Estonia","domaincontact@reg.xlink.net","","","","","","","","","","","","","","","","","","","","","","","","","","","","","","","","","valentin.ns.cloudflare.com","vida.ns.cloudflare.com","","","OK","","",""
"63","neeruplarsen.com","2021-07-08 18:42:50","2021-07-05","2021-07-05","2022-07-05","141","Cronon AG","whois.cronon.net","http://www.cronon.net","","","","","","","Estonia","domaincontact@reg.xlink.net","","","","","","","","","","","","","","","","","","","","","","","","","","","","","","","","","valentin.ns.cloudflare.com","vida.ns.cloudflare.com","","","OK","","",""
"64","nefisyemek.club","2021-07-08 14:15:35","2021-07-06","2021-07-06","2022-07-06","472","Dynadot, LLC","whois.dynadot.com","http://www.dynadot.com","REDACTED FOR PRIVACY","","REDACTED FOR PRIVACY REDACTED FOR PRIVACY REDACTED FOR PRIVACY","REDACTED FOR PRIVACY","Harjumaa","REDACTED FOR PRIVACY","Estonia","","REDACTED FOR PRIVACY","REDACTED FOR PRIVACY","REDACTED FOR PRIVACY","REDACTED FOR PRIVACY","REDACTED FOR PRIVACY REDACTED FOR PRIVACY REDACTED FOR PRIVACY","REDACTED FOR PRIVACY","REDACTED FOR PRIVACY","REDACTED FOR PRIVACY","REDACTED FOR PRIVACY","","REDACTED FOR PRIVACY","REDACTED FOR PRIVACY","REDACTED FOR PRIVACY","REDACTED FOR PRIVACY","REDACTED FOR PRIVACY REDACTED FOR PRIVACY REDACTED FOR PRIVACY","REDACTED FOR PRIVACY","REDACTED FOR PRIVACY","REDACTED FOR PRIVACY","REDACTED FOR PRIVACY","","REDACTED FOR PRIVACY","REDACTED FOR PRIVACY","","","","","","","","","","","ns1.dynadot.com","ns2.dynadot.com","","","addPeriod","ok","",""
"65","nudawndesign.com","2021-07-08 14:40:59","2021-07-05","2021-07-05","2022-07-05","141","Cronon AG","whois.cronon.net","http://www.cronon.net","","","","","","","Estonia","domaincontact@reg.xlink.net","","","","","","","","","","","","","","","","","","","","","","","","","","","","","","","","","valentin.ns.cloudflare.com","vida.ns.cloudflare.com","","","OK","","",""
"66","offertprofessor.com","2021-07-08 14:40:36","2021-07-05","2021-07-05","2022-07-05","146","GoDaddy.com, LLC","whois.godaddy.com","http://registrar.godaddy.com","Leadcartic Ou","Leadcartic Ou","","","Harjumaa","","Estonia","","","","","","","","","","","","","","","","","","","","","","","","","","","","","","","","","","ns55.domaincontrol.com","ns56.domaincontrol.com","","","clientDeleteProhibited","clientRenewProhibited","clientTransferProhibited","clientUpdateProhibited"
"67","oscartepr.com","2021-07-08 17:05:26","2021-07-05","2021-07-05","2022-07-05","141","Cronon AG","whois.cronon.net","http://www.cronon.net","","","","","","","Estonia","domaincontact@reg.xlink.net","","","","","","","","","","","","","","","","","","","","","","","","","","","","","","","","","valentin.ns.cloudflare.com","vida.ns.cloudflare.com","","","OK","","",""
"68","pacatlanticpictures.com","2021-07-08 18:43:10","2021-07-05","2021-07-05","2022-07-05","141","Cronon AG","whois.cronon.net","http://www.cronon.net","","","","","","","Estonia","domaincontact@reg.xlink.net","","","","","","","","","","","","","","","","","","","","","","","","","","","","","","","","","valentin.ns.cloudflare.com","vida.ns.cloudflare.com","","","OK","","",""
"69","performingteamsoffshore.com","2021-07-08 18:20:02","2021-07-05","2021-07-05","2022-07-05","141","Cronon AG","whois.cronon.net","http://www.cronon.net","","","","","","","Estonia","domaincontact@reg.xlink.net","","","","","","","","","","","","","","","","","","","","","","","","","","","","","","","","","valentin.ns.cloudflare.com","vida.ns.cloudflare.com","","","OK","","",""
"70","perrycrippen.com","2021-07-08 16:16:15","2021-07-05","2021-07-05","2022-07-05","141","Cronon AG","whois.cronon.net","http://www.cronon.net","","","","","","","Estonia","domaincontact@reg.xlink.net","","","","","","","","","","","","","","","","","","","","","","","","","","","","","","","","","valentin.ns.cloudflare.com","vida.ns.cloudflare.com","","","OK","","",""
"71","pieracciconsulting.com","2021-07-08 16:15:56","2021-07-05","2021-07-05","2022-07-05","141","Cronon AG","whois.cronon.net","http://www.cronon.net","","","","","","","Estonia","domaincontact@reg.xlink.net","","","","","","","","","","","","","","","","","","","","","","","","","","","","","","","","","valentin.ns.cloudflare.com","vida.ns.cloudflare.com","","","OK","","",""
"72","raclay.com","2021-07-08 16:12:48","2021-07-05","2021-07-05","2022-07-05","141","Cronon AG","whois.cronon.net","http://www.cronon.net","","","","","","","Estonia","domaincontact@reg.xlink.net","","","","","","","","","","","","","","","","","","","","","","","","","","","","","","","","","valentin.ns.cloudflare.com","vida.ns.cloudflare.com","","","OK","","",""
"73","rdcww.com","2021-07-08 18:13:58","2021-07-05","2021-07-05","2022-07-05","141","Cronon AG","whois.cronon.net","http://www.cronon.net","","","","","","","Estonia","domaincontact@reg.xlink.net","","","","","","","","","","","","","","","","","","","","","","","","","","","","","","","","","valentin.ns.cloudflare.com","vida.ns.cloudflare.com","","","OK","","",""
"74","rdservicesonline.com","2021-07-08 18:32:07","2021-07-05","2021-07-05","2022-07-05","141","Cronon AG","whois.cronon.net","http://www.cronon.net","","","","","","","Estonia","domaincontact@reg.xlink.net","","","","","","","","","","","","","","","","","","","","","","","","","","","","","","","","","valentin.ns.cloudflare.com","vida.ns.cloudflare.com","","","OK","","",""
"75","rectamenteneurofeedback.com","2021-07-08 18:11:39","2021-07-05","2021-07-05","2022-07-05","141","Cronon AG","whois.cronon.net","http://www.cronon.net","","","","","","","Estonia","domaincontact@reg.xlink.net","","","","","","","","","","","","","","","","","","","","","","","","","","","","","","","","","valentin.ns.cloudflare.com","vida.ns.cloudflare.com","","","OK","","",""
"76","retrosware.com","2021-07-08 16:10:57","2021-07-05","2021-07-05","2022-07-05","106","Ascio Technologies, Inc. Danmark - Filial af Ascio technologies, Inc. USA","whois.ascio.com","http://www.ascio.com","Not Disclosed","Not Disclosed","Not Disclosed","Not Disclosed","Harjumaa","Not Disclosed","Estonia","","Not Disclosed","Not Disclosed","Not Disclosed","Not Disclosed","Not Disclosed","Not Disclosed","Not Disclosed","Not Disclosed","Not Disclosed","","Not Disclosed","Not Disclosed","Not Disclosed","Not Disclosed","Not Disclosed","Not Disclosed","Not Disclosed","Not Disclosed","Not Disclosed","","Not Disclosed","Not Disclosed","","","","","","","","","","","ns.zone.eu","ns2.zone.ee","ns3.zonedata.net","","clientTransferProhibited","","",""
"77","reynoldstile.com","2021-07-08 16:10:55","2021-07-05","2021-07-05","2022-07-05","141","Cronon AG","whois.cronon.net","http://www.cronon.net","","","","","","","Estonia","domaincontact@reg.xlink.net","","","","","","","","","","","","","","","","","","","","","","","","","","","","","","","","","valentin.ns.cloudflare.com","vida.ns.cloudflare.com","","","OK","","",""
"78","richartware.com","2021-07-08 18:42:53","2021-07-05","2021-07-05","2022-07-05","141","Cronon AG","whois.cronon.net","http://www.cronon.net","","","","","","","Estonia","domaincontact@reg.xlink.net","","","","","","","","","","","","","","","","","","","","","","","","","","","","","","","","","valentin.ns.cloudflare.com","vida.ns.cloudflare.com","","","OK","","",""
"79","rogerabishop.com","2021-07-08 18:40:39","2021-07-05","2021-07-05","2022-07-05","141","Cronon AG","whois.cronon.net","http://www.cronon.net","","","","","","","Estonia","domaincontact@reg.xlink.net","","","","","","","","","","","","","","","","","","","","","","","","","","","","","","","","","valentin.ns.cloudflare.com","vida.ns.cloudflare.com","","","OK","","",""
"80","saxenburgtrading.com","2021-07-08 17:05:25","2021-07-05","2021-07-05","2022-07-05","141","Cronon AG","whois.cronon.net","http://www.cronon.net","","","","","","","Estonia","domaincontact@reg.xlink.net","","","","","","","","","","","","","","","","","","","","","","","","","","","","","","","","","valentin.ns.cloudflare.com","vida.ns.cloudflare.com","","","OK","","",""
"81","seaward-engdiag.com","2021-07-08 16:08:03","2021-07-05","2021-07-05","2022-07-05","141","Cronon AG","whois.cronon.net","http://www.cronon.net","","","","","","","Estonia","domaincontact@reg.xlink.net","","","","","","","","","","","","","","","","","","","","","","","","","","","","","","","","","valentin.ns.cloudflare.com","vida.ns.cloudflare.com","","","OK","","",""
"82","sentientanimation.com","2021-07-08 17:34:43","2021-07-05","2021-07-05","2022-07-05","141","Cronon AG","whois.cronon.net","http://www.cronon.net","","","","","","","Estonia","domaincontact@reg.xlink.net","","","","","","","","","","","","","","","","","","","","","","","","","","","","","","","","","valentin.ns.cloudflare.com","vida.ns.cloudflare.com","","","OK","","",""
"83","sietechsolutions.com","2021-07-08 14:18:51","2021-07-05","2021-07-05","2022-07-05","141","Cronon AG","whois.cronon.net","http://www.cronon.net","","","","","","","Estonia","domaincontact@reg.xlink.net","","","","","","","","","","","","","","","","","","","","","","","","","","","","","","","","","valentin.ns.cloudflare.com","vida.ns.cloudflare.com","","","OK","","",""
"84","skz.us","2021-07-08 14:07:03","2021-07-06","2021-07-06","2022-07-06","472","Dynadot, LLC","whois.dynadot.com","http://www.dynadot.com","Jurgen Neeme","","Parnu Mnt 139C","Tallinn","Harjumaa","11317","Estonia","jurgen@opus.ws","+372.55983275","","Jurgen Neeme","","Parnu Mnt 139C","Tallinn","Harjumaa","11317","Estonia","jurgen@opus.ws","+372.55983275","","Jurgen Neeme","","Parnu Mnt 139C","Tallinn","Harjumaa","11317","Estonia","jurgen@opus.ws","+372.55983275","","","","","","","","","","","","ns1.dynadot.com","ns2.dynadot.com","","","addPeriod","ok","",""
"85","stayinestonia.com","2021-07-08 16:04:02","2021-07-05","2021-07-05","2022-07-05","106","Ascio Technologies, Inc. Danmark - Filial af Ascio technologies, Inc. USA","whois.ascio.com","http://www.ascio.com","Not Disclosed","Not Disclosed","Not Disclosed","Not Disclosed","Laanemaa","Not Disclosed","Estonia","","Not Disclosed","Not Disclosed","Not Disclosed","Not Disclosed","Not Disclosed","Not Disclosed","Not Disclosed","Not Disclosed","Not Disclosed","","Not Disclosed","Not Disclosed","Not Disclosed","Not Disclosed","Not Disclosed","Not Disclosed","Not Disclosed","Not Disclosed","Not Disclosed","","Not Disclosed","Not Disclosed","","","","","","","","","","","ns.zone.eu","ns2.zone.ee","ns3.zonedata.net","","clientTransferProhibited","","",""
"86","stories-in-saudi.com","2021-07-08 16:03:48","2021-07-05","2021-07-05","2022-07-05","1917","MainReg Inc.","whois.mainreg.com","","Not Disclosed Not Disclosed","","Not Disclosed","Not Disclosed","","Not Disclosed","Estonia","webproxy@whoisprotection.domains","Not Disclosed","Not Disclosed","Not Disclosed Not Disclosed","","Not Disclosed","Not Disclosed","Not Disclosed","Not Disclosed","Not Disclosed","webproxy@whoisprotection.domains","Not Disclosed","Not Disclosed","Not Disclosed Not Disclosed","","Not Disclosed","Not Disclosed","Not Disclosed","Not Disclosed","Not Disclosed","webproxy@whoisprotection.domains","Not Disclosed","Not Disclosed","","","","","","","","","","","graham.ns.cloudflare.com","lia.ns.cloudflare.com","","","OK","","",""
"87","stpeteonlinemarketing.com","2021-07-08 16:03:46","2021-07-05","2021-07-05","2022-07-05","141","Cronon AG","whois.cronon.net","http://www.cronon.net","","","","","","","Estonia","domaincontact@reg.xlink.net","","","","","","","","","","","","","","","","","","","","","","","","","","","","","","","","","valentin.ns.cloudflare.com","vida.ns.cloudflare.com","","","OK","","",""
"88","straightforwardcomputing.com","2021-07-08 03:38:03","2021-07-07","2021-07-07","2022-07-07","141","Cronon AG","whois.cronon.net","http://www.cronon.net","","","","","","","Estonia","domaincontact@reg.xlink.net","","","","","","","","","","","","","","","","","","","","","","","","","","","","","","","","","dean.ns.cloudflare.com","leah.ns.cloudflare.com","","","OK","","",""
"89","strategiesinplay.com","2021-07-08 17:05:19","2021-07-05","2021-07-05","2022-07-05","141","Cronon AG","whois.cronon.net","http://www.cronon.net","","","","","","","Estonia","domaincontact@reg.xlink.net","","","","","","","","","","","","","","","","","","","","","","","","","","","","","","","","","valentin.ns.cloudflare.com","vida.ns.cloudflare.com","","","OK","","",""
"90","strikeaffect.com","2021-07-08 09:35:50","2021-07-08","2021-07-08","2022-07-08","141","Cronon AG","whois.cronon.net","http://www.cronon.net","","","","","","","Estonia","domaincontact@reg.xlink.net","","","","","","","","","","","","","","","","","","","","","","","","","","","","","","","","","derek.ns.cloudflare.com","luciane.ns.cloudflare.com","","","OK","","",""
"91","sustainablefashion.info","2021-07-08 15:43:28","2021-07-06","2021-07-06","2022-07-06","146","GoDaddy.com, LLC","whois.godaddy.com","http://registrar.godaddy.com","","","","","Harjumaa","","Estonia","","","","","","","","","","","","","","","","","","","","","","","","","","","","","","","","","","ns35.domaincontrol.com","ns36.domaincontrol.com","","","addPeriod","clientDeleteProhibited","clientRenewProhibited","clientTransferProhibited"
"92","thechocolaterace.com","2021-07-08 14:25:23","2021-07-05","2021-07-05","2022-07-05","968","!  #1 Host Germany, Inc.","whois.1hostgermany.com","http://www.networksolutions.com","Statutory Masking Enabled","Statutory Masking Enabled","Statutory Masking Enabled","Statutory Masking Enabled","Harju","Statutory Masking Enabled","Estonia","abuse@web.com","Statutory Masking Enabled","Statutory Masking Enabled","Statutory Masking Enabled","Statutory Masking Enabled","Statutory Masking Enabled","Statutory Masking Enabled","Statutory Masking Enabled","Statutory Masking Enabled","Statutory Masking Enabled","abuse@web.com","Statutory Masking Enabled","Statutory Masking Enabled","Statutory Masking Enabled","Statutory Masking Enabled","Statutory Masking Enabled","Statutory Masking Enabled","Statutory Masking Enabled","Statutory Masking Enabled","Statutory Masking Enabled","abuse@web.com","Statutory Masking Enabled","Statutory Masking Enabled","Statutory Masking Enabled","Statutory Masking Enabled","Statutory Masking Enabled","Statutory Masking Enabled","Statutory Masking Enabled","Statutory Masking Enabled","Statutory Masking Enabled","abuse@web.com","Statutory Masking Enabled","Statutory Masking Enabled","ns1.interimnameserver.com","ns2.interimnameserver.com","","","OK","","",""
"93","transmissiontour.com","2021-07-08 18:20:30","2021-07-05","2021-07-05","2022-07-05","141","Cronon AG","whois.cronon.net","http://www.cronon.net","","","","","","","Estonia","domaincontact@reg.xlink.net","","","","","","","","","","","","","","","","","","","","","","","","","","","","","","","","","brett.ns.cloudflare.com","sydney.ns.cloudflare.com","","","OK","","",""
"94","trungtamhoangu.com","2021-07-08 14:20:47","2021-07-05","2021-07-05","2022-07-05","141","Cronon AG","whois.cronon.net","http://www.cronon.net","","","","","","","Estonia","domaincontact@reg.xlink.net","","","","","","","","","","","","","","","","","","","","","","","","","","","","","","","","","valentin.ns.cloudflare.com","vida.ns.cloudflare.com","","","OK","","",""
"95","twoccorp.com","2021-07-08 18:37:52","2021-07-05","2021-07-05","2022-07-05","141","Cronon AG","whois.cronon.net","http://www.cronon.net","","","","","","","Estonia","domaincontact@reg.xlink.net","","","","","","","","","","","","","","","","","","","","","","","","","","","","","","","","","valentin.ns.cloudflare.com","vida.ns.cloudflare.com","","","OK","","",""
"96","ukbizmail.com","2021-07-08 18:05:28","2021-07-05","2021-07-05","2022-07-05","141","Cronon AG","whois.cronon.net","http://www.cronon.net","","","","","","","Estonia","domaincontact@reg.xlink.net","","","","","","","","","","","","","","","","","","","","","","","","","","","","","","","","","valentin.ns.cloudflare.com","vida.ns.cloudflare.com","","","OK","","",""
"97","upperclip.com","2021-07-08 17:15:44","2021-07-05","2021-07-05","2022-07-05","141","Cronon AG","whois.cronon.net","http://www.cronon.net","","","","","","","Estonia","domaincontact@reg.xlink.net","","","","","","","","","","","","","","","","","","","","","","","","","","","","","","","","","valentin.ns.cloudflare.com","vida.ns.cloudflare.com","","","OK","","",""
"98","usa-bookmakers.com","2021-07-08 15:58:47","2021-07-05","2021-07-05","2022-07-05","146","GoDaddy.com, LLC","whois.godaddy.com","http://registrar.godaddy.com","","","","","Harjumaa","","Estonia","","","","","","","","","","","","","","","","","","","","","","","","","","","","","","","","","","ns69.domaincontrol.com","ns70.domaincontrol.com","","","clientDeleteProhibited","clientRenewProhibited","clientTransferProhibited","clientUpdateProhibited"
"99","vajrainteractive.com","2021-07-08 18:05:04","2021-07-05","2021-07-05","2022-07-05","141","Cronon AG","whois.cronon.net","http://www.cronon.net","","","","","","","Estonia","domaincontact@reg.xlink.net","","","","","","","","","","","","","","","","","","","","","","","","","","","","","","","","","valentin.ns.cloudflare.com","vida.ns.cloudflare.com","","","OK","","",""
"100","ventanaproduction.com","2021-07-08 15:58:16","2021-07-05","2021-07-05","2022-07-05","141","Cronon AG","whois.cronon.net","http://www.cronon.net","","","","","","","Estonia","domaincontact@reg.xlink.net","","","","","","","","","","","","","","","","","","","","","","","","","","","","","","","","","valentin.ns.cloudflare.com","vida.ns.cloudflare.com","","","OK","","",""
"101","waldorclassic.com","2021-07-08 15:56:43","2021-07-05","2021-07-05","2022-07-05","106","Ascio Technologies, Inc. Danmark - Filial af Ascio technologies, Inc. USA","whois.ascio.com","http://www.ascio.com","Not Disclosed","Not Disclosed","Not Disclosed","Not Disclosed","Harjumaa","Not Disclosed","Estonia","","Not Disclosed","Not Disclosed","Not Disclosed","Not Disclosed","Not Disclosed","Not Disclosed","Not Disclosed","Not Disclosed","Not Disclosed","","Not Disclosed","Not Disclosed","Not Disclosed","Not Disclosed","Not Disclosed","Not Disclosed","Not Disclosed","Not Disclosed","Not Disclosed","","Not Disclosed","Not Disclosed","","","","","","","","","","","ns.zone.eu","ns2.zone.ee","ns3.zonedata.net","","clientTransferProhibited","","",""
"102","wdi-umich.com","2021-07-08 15:56:19","2021-07-05","2021-07-05","2022-07-05","141","Cronon AG","whois.cronon.net","http://www.cronon.net","","","","","","","Estonia","domaincontact@reg.xlink.net","","","","","","","","","","","","","","","","","","","","","","","","","","","","","","","","","valentin.ns.cloudflare.com","vida.ns.cloudflare.com","","","OK","","",""
"103","wesdar-tech.com","2021-07-08 18:08:11","2021-07-05","2021-07-05","2022-07-05","141","Cronon AG","whois.cronon.net","http://www.cronon.net","","","","","","","Estonia","domaincontact@reg.xlink.net","","","","","","","","","","","","","","","","","","","","","","","","","","","","","","","","","valentin.ns.cloudflare.com","vida.ns.cloudflare.com","","","OK","","",""
"104","westonecommunications.com","2021-07-08 18:43:00","2021-07-05","2021-07-05","2022-07-05","141","Cronon AG","whois.cronon.net","http://www.cronon.net","","","","","","","Estonia","domaincontact@reg.xlink.net","","","","","","","","","","","","","","","","","","","","","","","","","","","","","","","","","valentin.ns.cloudflare.com","vida.ns.cloudflare.com","","","OK","","",""
"105","xselleratesolutions.com","2021-07-08 18:20:18","2021-07-05","2021-07-05","2022-07-05","141","Cronon AG","whois.cronon.net","http://www.cronon.net","","","","","","","Estonia","domaincontact@reg.xlink.net","","","","","","","","","","","","","","","","","","","","","","","","","","","","","","","","","valentin.ns.cloudflare.com","vida.ns.cloudflare.com","","","OK","","",""