"num","domain_name","query_time","create_date","update_date","expiry_date","domain_registrar_id","domain_registrar_name","domain_registrar_whois","domain_registrar_url","registrant_name","registrant_company","registrant_address","registrant_city","registrant_state","registrant_zip","registrant_country","registrant_email","registrant_phone","registrant_fax","administrative_name","administrative_company","administrative_address","administrative_city","administrative_state","administrative_zip","administrative_country","administrative_email","administrative_phone","administrative_fax","technical_name","technical_company","technical_address","technical_city","technical_state","technical_zip","technical_country","technical_email","technical_phone","technical_fax","billing_name","billing_company","billing_address","billing_city","billing_state","billing_zip","billing_country","billing_email","billing_phone","billing_fax","name_server_1","name_server_2","name_server_3","name_server_4","domain_status_1","domain_status_2","domain_status_3","domain_status_4"
"1","alamalhadara.com","2021-07-08 17:00:33","2021-07-05","2021-07-05","2022-07-05","48","eNom, Inc.","whois.enom.com","http://www.enom.com","REDACTED FOR PRIVACY","REDACTED FOR PRIVACY","REDACTED FOR PRIVACY","REDACTED FOR PRIVACY","Basra","REDACTED FOR PRIVACY","Iraq","","REDACTED FOR PRIVACY","REDACTED FOR PRIVACY","REDACTED FOR PRIVACY","REDACTED FOR PRIVACY","REDACTED FOR PRIVACY","REDACTED FOR PRIVACY","REDACTED FOR PRIVACY","REDACTED FOR PRIVACY","REDACTED FOR PRIVACY","","REDACTED FOR PRIVACY","REDACTED FOR PRIVACY","REDACTED FOR PRIVACY","REDACTED FOR PRIVACY","REDACTED FOR PRIVACY","REDACTED FOR PRIVACY","REDACTED FOR PRIVACY","REDACTED FOR PRIVACY","REDACTED FOR PRIVACY","","REDACTED FOR PRIVACY","REDACTED FOR PRIVACY","","","","","","","","","","","nsa1.asas.net","nsa2.asas.net","","","addPeriod","clientTransferProhibited","",""
"2","alshafaa1.com","2021-07-08 16:59:55","2021-07-05","2021-07-05","2022-07-05","1647","Hosting Concepts B.V. dba Openprovider","whois.registrar.eu","http://www.openprovider.com","REDACTED FOR PRIVACY","","REDACTED FOR PRIVACY","REDACTED FOR PRIVACY","Maysan","REDACTED FOR PRIVACY","Iraq","","REDACTED FOR PRIVACY","REDACTED FOR PRIVACY","REDACTED FOR PRIVACY","REDACTED FOR PRIVACY","REDACTED FOR PRIVACY","REDACTED FOR PRIVACY","REDACTED FOR PRIVACY","REDACTED FOR PRIVACY","REDACTED FOR PRIVACY","","REDACTED FOR PRIVACY","REDACTED FOR PRIVACY","REDACTED FOR PRIVACY","REDACTED FOR PRIVACY","REDACTED FOR PRIVACY","REDACTED FOR PRIVACY","REDACTED FOR PRIVACY","REDACTED FOR PRIVACY","REDACTED FOR PRIVACY","","REDACTED FOR PRIVACY","REDACTED FOR PRIVACY","","","","","","","","","","","ns1.dns-parking.com","ns2.dns-parking.com","","","clientTransferProhibited","","",""
"3","ava-rest.com","2021-07-08 16:57:07","2021-07-05","2021-07-05","2022-07-05","69","Tucows Domains Inc.","whois.tucows.com","http://domainhelp.opensrs.net","REDACTED FOR PRIVACY","REDACTED FOR PRIVACY","REDACTED FOR PRIVACY","REDACTED FOR PRIVACY","XX","REDACTED FOR PRIVACY","Iraq","","REDACTED FOR PRIVACY","REDACTED FOR PRIVACY","REDACTED FOR PRIVACY","REDACTED FOR PRIVACY","REDACTED FOR PRIVACY","REDACTED FOR PRIVACY","REDACTED FOR PRIVACY","REDACTED FOR PRIVACY","REDACTED FOR PRIVACY","","REDACTED FOR PRIVACY","REDACTED FOR PRIVACY","REDACTED FOR PRIVACY","REDACTED FOR PRIVACY","REDACTED FOR PRIVACY","REDACTED FOR PRIVACY","REDACTED FOR PRIVACY","REDACTED FOR PRIVACY","REDACTED FOR PRIVACY","","REDACTED FOR PRIVACY","REDACTED FOR PRIVACY","","","","","","","","","","","ns1.siteground.net","ns2.siteground.net","","","clientTransferProhibited","clientUpdateProhibited","",""
"4","azouztech.com","2021-07-08 16:56:45","2021-07-05","2021-07-05","2022-07-05","1647","Hosting Concepts B.V. dba Openprovider","whois.registrar.eu","http://www.openprovider.com","REDACTED FOR PRIVACY","","REDACTED FOR PRIVACY","REDACTED FOR PRIVACY","Dhi Qar","REDACTED FOR PRIVACY","Iraq","","REDACTED FOR PRIVACY","REDACTED FOR PRIVACY","REDACTED FOR PRIVACY","REDACTED FOR PRIVACY","REDACTED FOR PRIVACY","REDACTED FOR PRIVACY","REDACTED FOR PRIVACY","REDACTED FOR PRIVACY","REDACTED FOR PRIVACY","","REDACTED FOR PRIVACY","REDACTED FOR PRIVACY","REDACTED FOR PRIVACY","REDACTED FOR PRIVACY","REDACTED FOR PRIVACY","REDACTED FOR PRIVACY","REDACTED FOR PRIVACY","REDACTED FOR PRIVACY","REDACTED FOR PRIVACY","","REDACTED FOR PRIVACY","REDACTED FOR PRIVACY","","","","","","","","","","","ns1.dns-parking.com","ns2.dns-parking.com","","","clientTransferProhibited","","",""
"5","dac-iq.com","2021-07-08 16:48:37","2021-07-05","","2022-07-05","1068","NameCheap, Inc.","whois.namecheap.com","http://www.namecheap.com","Mohamed Alqaissi","allinOne","22 alkahrad","Baghdad","Baghdad","10070","Iraq","info@alliniq.com","+994.7800997778","","Mohamed Alqaissi","allinOne","22 alkahrad","Baghdad","Baghdad","10070","Iraq","info@alliniq.com","+994.7800997778","","Mohamed Alqaissi","allinOne","22 alkahrad","Baghdad","Baghdad","10070","Iraq","info@alliniq.com","+994.7800997778","","","","","","","","","","","","ns1.alnuqta.com","ns2.alnuqta.com","","","clientTransferProhibited","","",""
"6","dogly.online","2021-07-08 15:27:21","2021-07-05","2021-07-05","2022-07-05","1636","Hostinger, UAB","whois.hostinger.com","http://www.hostinger.com","Not Applicable","Not Applicable","","","Ninawa","","Iraq","","","","","","","","","","","","","","","","","","","","","","","","","","","","","","","","","","ns1.dns-parking.com","ns2.dns-parking.com","","","addPeriod","clientTransferProhibited","serverTransferProhibited",""
"7","iraqssm.com","2021-07-08 16:33:12","2021-07-05","2021-07-05","2022-07-05","625","Name.com, Inc.","whois.name.com","http://www.name.com","MISBAR TECH","ALMISBAR TECH LTD.","Al-Sina'a St, Baghdad, Iraq","Baghdad","Karadah","00964","Iraq","","Non-Public Data","","MISBAR TECH","ALMISBAR TECH LTD.","Al-Sina'a St, Baghdad, Iraq","Baghdad","Karadah","00964","Iraq","","Non-Public Data","","MISBAR TECH","ALMISBAR TECH LTD.","Al-Sina'a St, Baghdad, Iraq","Baghdad","Karadah","00964","Iraq","","Non-Public Data","","","","","","","","","","","","ns1.pearhosting.net","ns2.pearhosting.net","","","addPeriod","clientTransferProhibited","",""
"8","khadmatk-yamk.com","2021-07-08 16:29:43","2021-07-05","2021-07-05","2022-07-05","146","GoDaddy.com, LLC","whois.godaddy.com","http://registrar.godaddy.com","","","","","baghdad","","Iraq","","","","","","","","","","","","","","","","","","","","","","","","","","","","","","","","","","ns59.domaincontrol.com","ns60.domaincontrol.com","","","clientDeleteProhibited","clientRenewProhibited","clientTransferProhibited","clientUpdateProhibited"
"9","leeleur.com","2021-07-08 16:27:10","2021-07-05","2021-07-06","2022-07-05","625","Name.com, Inc.","whois.name.com","http://www.name.com","Waseem Haidar","Mod1","Street Industry","Baghdad","Baghdad","10001","Iraq","","Non-Public Data","","Waseem Haidar","Mod1","Street Industry","Baghdad","Baghdad","10001","Iraq","","Non-Public Data","","Waseem Haidar","Mod1","Street Industry","Baghdad","Baghdad","10001","Iraq","","Non-Public Data","","","","","","","","","","","","ns1.kaneandashley.com","ns2.kaneandashley.com","","","addPeriod","clientTransferProhibited","",""
"10","malikalbihaar.com","2021-07-08 16:23:42","2021-07-05","2021-07-04","2022-07-05","146","GoDaddy.com, LLC","whois.godaddy.com","http://registrar.godaddy.com","","","","","basra","","Iraq","","","","","","","","","","","","","","","","","","","","","","","","","","","","","","","","","","ns8219.hostgator.com","ns8220.hostgator.com","","","clientDeleteProhibited","clientRenewProhibited","clientTransferProhibited","clientUpdateProhibited"
"11","mantofly-iraq.com","2021-07-08 16:23:25","2021-07-05","2021-07-05","2022-07-05","1647","Hosting Concepts B.V. dba Openprovider","whois.registrar.eu","http://www.openprovider.com","REDACTED FOR PRIVACY","","REDACTED FOR PRIVACY","REDACTED FOR PRIVACY","Arbil","REDACTED FOR PRIVACY","Iraq","","REDACTED FOR PRIVACY","REDACTED FOR PRIVACY","REDACTED FOR PRIVACY","REDACTED FOR PRIVACY","REDACTED FOR PRIVACY","REDACTED FOR PRIVACY","REDACTED FOR PRIVACY","REDACTED FOR PRIVACY","REDACTED FOR PRIVACY","","REDACTED FOR PRIVACY","REDACTED FOR PRIVACY","REDACTED FOR PRIVACY","REDACTED FOR PRIVACY","REDACTED FOR PRIVACY","REDACTED FOR PRIVACY","REDACTED FOR PRIVACY","REDACTED FOR PRIVACY","REDACTED FOR PRIVACY","","REDACTED FOR PRIVACY","REDACTED FOR PRIVACY","","","","","","","","","","","ns1.dns-parking.com","ns2.dns-parking.com","","","clientTransferProhibited","ok","",""
"12","mcdm-app.com","2021-07-08 16:22:30","2021-07-05","2021-07-05","2022-07-05","955","Launchpad, Inc.","whois.launchpad.com","http://www.launchpad.com","Usama Samir","None","baghdad","baghdad","BG","31002","Iraq","usamaphp@gmail.com","+964.7707819415","","Usama Samir","None","baghdad","baghdad","BG","31002","Iraq","usamaphp@gmail.com","+964.7707819415","","Usama Samir","None","baghdad","baghdad","BG","31002","Iraq","usamaphp@gmail.com","+964.7707819415","","","","","","","","","","","","ns8355.hostgator.com","ns8356.hostgator.com","","","clientTransferProhibited","","",""
"13","morasha7k.com","2021-07-08 16:19:50","2021-07-05","2021-07-05","2022-07-05","146","GoDaddy.com, LLC","whois.godaddy.com","http://registrar.godaddy.com","iraq","iraq","","","jadriah","","Iraq","","","","","","","","","","","","","","","","","","","","","","","","","","","","","","","","","","ns59.domaincontrol.com","ns60.domaincontrol.com","","","clientDeleteProhibited","clientRenewProhibited","clientTransferProhibited","clientUpdateProhibited"
"14","ryanchaldean.com","2021-07-08 16:09:51","2021-07-05","2021-07-05","2022-07-05","69","Tucows Domains Inc.","whois.tucows.com","http://domainhelp.opensrs.net","REDACTED FOR PRIVACY","REDACTED FOR PRIVACY","REDACTED FOR PRIVACY","REDACTED FOR PRIVACY","XX","REDACTED FOR PRIVACY","Iraq","","REDACTED FOR PRIVACY","REDACTED FOR PRIVACY","REDACTED FOR PRIVACY","REDACTED FOR PRIVACY","REDACTED FOR PRIVACY","REDACTED FOR PRIVACY","REDACTED FOR PRIVACY","REDACTED FOR PRIVACY","REDACTED FOR PRIVACY","","REDACTED FOR PRIVACY","REDACTED FOR PRIVACY","REDACTED FOR PRIVACY","REDACTED FOR PRIVACY","REDACTED FOR PRIVACY","REDACTED FOR PRIVACY","REDACTED FOR PRIVACY","REDACTED FOR PRIVACY","REDACTED FOR PRIVACY","","REDACTED FOR PRIVACY","REDACTED FOR PRIVACY","","","","","","","","","","","ns1.siteground.net","ns2.siteground.net","","","clientTransferProhibited","clientUpdateProhibited","",""
"15","soranmamahama.com","2021-07-08 16:04:49","2021-07-05","2021-07-05","2022-07-05","886","Domain.com, LLC","whois.domain.com","http://www.domain.com","REDACTED FOR PRIVACY","REDACTED FOR PRIVACY","REDACTED FOR PRIVACY","REDACTED FOR PRIVACY","NA","REDACTED FOR PRIVACY","Iraq","","REDACTED FOR PRIVACY","REDACTED FOR PRIVACY","REDACTED FOR PRIVACY","REDACTED FOR PRIVACY","REDACTED FOR PRIVACY","REDACTED FOR PRIVACY","REDACTED FOR PRIVACY","REDACTED FOR PRIVACY","REDACTED FOR PRIVACY","","REDACTED FOR PRIVACY","REDACTED FOR PRIVACY","REDACTED FOR PRIVACY","REDACTED FOR PRIVACY","REDACTED FOR PRIVACY","REDACTED FOR PRIVACY","REDACTED FOR PRIVACY","REDACTED FOR PRIVACY","REDACTED FOR PRIVACY","","REDACTED FOR PRIVACY","REDACTED FOR PRIVACY","","","","","","","","","","","ns1.domain.com","ns2.domain.com","","","","","",""
"16","tkt-iq.com","2021-07-08 14:43:05","2021-07-05","2021-07-05","2022-07-05","146","GoDaddy.com, LLC","whois.godaddy.com","http://registrar.godaddy.com","Iraqi Circle","Iraqi Circle","","","Basra","","Iraq","","","","","","","","","","","","","","","","","","","","","","","","","","","","","","","","","","ns71.domaincontrol.com","ns72.domaincontrol.com","","","clientDeleteProhibited","clientRenewProhibited","clientTransferProhibited","clientUpdateProhibited"
"17","ueonlineservices.com","2021-07-08 15:59:15","2021-07-05","2021-07-06","2022-07-05","146","GoDaddy.com, LLC","whois.godaddy.com","http://registrar.godaddy.com","Unique Engine Productions","Unique Engine Productions","","","Kurdistan","","Iraq","","","","","","","","","","","","","","","","","","","","","","","","","","","","","","","","","","ns71.domaincontrol.com","ns72.domaincontrol.com","","","clientDeleteProhibited","clientRenewProhibited","clientTransferProhibited","clientUpdateProhibited"
"18","whitewaterco.com","2021-07-08 18:22:03","2021-07-05","2021-07-05","2022-07-05","625","Name.com, Inc.","whois.name.com","http://www.name.com","arman hadi","wane","Sulaymaniyah","Sulaymaniyah","sulaymaniyah","46000","Iraq","","Non-Public Data","","arman hadi","wane","Sulaymaniyah","Sulaymaniyah","sulaymaniyah","46000","Iraq","","Non-Public Data","","arman hadi","wane","Sulaymaniyah","Sulaymaniyah","sulaymaniyah","46000","Iraq","","Non-Public Data","","","","","","","","","","","","ns1stv.name.com","ns2knz.name.com","ns3gnv.name.com","ns4jnz.name.com","addPeriod","clientTransferProhibited","",""
"19","zahamagazine.com","2021-07-08 15:50:12","2021-07-05","2021-07-05","2023-07-05","146","GoDaddy.com, LLC","whois.godaddy.com","http://registrar.godaddy.com","","","","","Alabama","","Iraq","","","","","","","","","","","","","","","","","","","","","","","","","","","","","","","","","","ns15.domaincontrol.com","ns16.domaincontrol.com","","","clientDeleteProhibited","clientRenewProhibited","clientTransferProhibited","clientUpdateProhibited"