"num","domain_name","query_time","create_date","update_date","expiry_date","domain_registrar_id","domain_registrar_name","domain_registrar_whois","domain_registrar_url","registrant_name","registrant_company","registrant_address","registrant_city","registrant_state","registrant_zip","registrant_country","registrant_email","registrant_phone","registrant_fax","administrative_name","administrative_company","administrative_address","administrative_city","administrative_state","administrative_zip","administrative_country","administrative_email","administrative_phone","administrative_fax","technical_name","technical_company","technical_address","technical_city","technical_state","technical_zip","technical_country","technical_email","technical_phone","technical_fax","billing_name","billing_company","billing_address","billing_city","billing_state","billing_zip","billing_country","billing_email","billing_phone","billing_fax","name_server_1","name_server_2","name_server_3","name_server_4","domain_status_1","domain_status_2","domain_status_3","domain_status_4"
"1","24hrrecruitingservices.com","2021-07-08 17:03:56","2021-07-05","2021-07-05","2022-07-05","168","Register.it SPA","whois.register.it","http://we.register.it","REDACTED FOR PRIVACY","IT Mate","REDACTED FOR PRIVACY","REDACTED FOR PRIVACY","Dublin 3","REDACTED FOR PRIVACY","Ireland","whoiscontact@names.co.uk","REDACTED.FORPRIVACY","REDACTED.FORPRIVACY","REDACTED FOR PRIVACY","REDACTED FOR PRIVACY","REDACTED FOR PRIVACY","REDACTED FOR PRIVACY","REDACTED FOR PRIVACY","REDACTED FOR PRIVACY","REDACTED FOR PRIVACY","whoiscontact@names.co.uk","REDACTED.FORPRIVACY","REDACTED.FORPRIVACY","REDACTED FOR PRIVACY","Namesco Limited","REDACTED FOR PRIVACY","REDACTED FOR PRIVACY","REDACTED FOR PRIVACY","REDACTED FOR PRIVACY","REDACTED FOR PRIVACY","whoiscontact@names.co.uk","REDACTED.FORPRIVACY","REDACTED.FORPRIVACY","","","","","","","","","","","ns0.reg365.net","ns1.reg365.net","ns2.reg365.net","","clientDeleteProhibited","clientTransferProhibited","clientUpdateProhibited",""
"2","365-remove-payee.com","2021-07-08 17:03:41","2021-07-05","2021-07-05","2022-07-05","146","GoDaddy.com, LLC","whois.godaddy.com","http://registrar.godaddy.com","","","","","Dublin","","Ireland","","","","","","","","","","","","","","","","","","","","","","","","","","","","","","","","","","ns25.domaincontrol.com","ns26.domaincontrol.com","","","clientDeleteProhibited","clientRenewProhibited","clientTransferProhibited","clientUpdateProhibited"
"3","africanadvocacynetwork.com","2021-07-08 17:01:09","2021-07-05","2021-07-05","2022-07-05","2906","Protocol Internet Technology Limited T/A Hosting Ireland","whois.hostingireland.ie","http://www.hostingireland.ie","GDPR Masked","GDPR Masked","GDPR Masked","GDPR Masked","Co. Dublin","GDPR Masked","Ireland","gdpr-masking@gdpr-masked.com","GDPR Masked","GDPR Masked","GDPR Masked","GDPR Masked","GDPR Masked","GDPR Masked","GDPR Masked","GDPR Masked","GDPR Masked","gdpr-masking@gdpr-masked.com","GDPR Masked","GDPR Masked","GDPR Masked","GDPR Masked","GDPR Masked","GDPR Masked","GDPR Masked","GDPR Masked","GDPR Masked","gdpr-masking@gdpr-masked.com","GDPR Masked","GDPR Masked","","","","","","","","","","","ns1.webhostingireland.ie","ns2.webhostingireland.ie","ns3.webhostingireland.ie","ns4.webhostingireland.eu","clientTransferProhibited","","",""
"4","alaa.codes","2021-07-08 18:45:26","2021-07-05","2021-07-05","2022-07-05","146","GoDaddy.com, LLC","whois.godaddy.com","http://registrar.godaddy.com","REDACTED FOR PRIVACY","","REDACTED FOR PRIVACY","REDACTED FOR PRIVACY","Dublin","REDACTED FOR PRIVACY","Ireland","","REDACTED FOR PRIVACY","REDACTED FOR PRIVACY","","","","","","","","","","","","","","","","","","","","","","","","","","","","","","","","","","","addPeriod","clientDeleteProhibited","clientRenewProhibited","clientTransferProhibited"
"5","alma.sbs","2021-07-08 01:39:22","2021-07-02","2021-07-02","2022-07-02","81","Gandi SAS","whois.gandi.net","http://www.gandi.net","","","","","","","Ireland","","","","","","","","","","","","","","","","","","","","","","","","","","","","","","","","","","ns-165-b.gandi.net","ns-60-c.gandi.net","ns-72-a.gandi.net","","clientTransferProhibited","serverTransferProhibited","",""
"6","ansul-ireland.com","2021-07-08 16:59:00","2021-07-05","2021-07-05","2022-07-05","1448","Blacknight Internet Solutions Ltd.","whois.blacknight.com","http://www.blacknight.com","REDACTED FOR GDPR","ansul-ireland.com c/o WHOIS Privacy Ltd.","REDACTED FOR GDPR REDACTED FOR GDPR","REDACTED FOR GDPR","Co. Carlow","REDACTED FOR GDPR","Ireland","","REDACTED FOR GDPR","REDACTED FOR GDPR","REDACTED FOR GDPR","ansul-ireland.com c/o WHOIS Privacy Ltd.","REDACTED FOR GDPR REDACTED FOR GDPR","REDACTED FOR GDPR","Co. Carlow","REDACTED FOR GDPR","Ireland","","REDACTED FOR GDPR","REDACTED FOR GDPR","REDACTED FOR GDPR","ansul-ireland.com c/o WHOIS Privacy Ltd.","REDACTED FOR GDPR REDACTED FOR GDPR","REDACTED FOR GDPR","Co. Carlow","REDACTED FOR GDPR","Ireland","","REDACTED FOR GDPR","REDACTED FOR GDPR","","","","","","","","","","","ns1.blacknight.com","ns2.blacknight.com","ns3.blacknight.com","ns4.blacknight.com","clientTransferProhibited","","",""
"7","ansulireland.com","2021-07-08 16:59:10","2021-07-05","2021-07-05","2022-07-05","1448","Blacknight Internet Solutions Ltd.","whois.blacknight.com","http://www.blacknight.com","REDACTED FOR GDPR","ansulireland.com c/o WHOIS Privacy Ltd.","REDACTED FOR GDPR REDACTED FOR GDPR","REDACTED FOR GDPR","Co. Carlow","REDACTED FOR GDPR","Ireland","","REDACTED FOR GDPR","REDACTED FOR GDPR","REDACTED FOR GDPR","ansulireland.com c/o WHOIS Privacy Ltd.","REDACTED FOR GDPR REDACTED FOR GDPR","REDACTED FOR GDPR","Co. Carlow","REDACTED FOR GDPR","Ireland","","REDACTED FOR GDPR","REDACTED FOR GDPR","REDACTED FOR GDPR","ansulireland.com c/o WHOIS Privacy Ltd.","REDACTED FOR GDPR REDACTED FOR GDPR","REDACTED FOR GDPR","Co. Carlow","REDACTED FOR GDPR","Ireland","","REDACTED FOR GDPR","REDACTED FOR GDPR","","","","","","","","","","","ns1.blacknight.com","ns2.blacknight.com","ns3.blacknight.com","ns4.blacknight.com","clientTransferProhibited","","",""
"8","athleds.com","2021-07-08 17:32:53","2021-07-05","2021-07-05","2022-07-05","83","1&1 Internet AG","whois.schlund.info","http://1and1.com","REDACTED FOR PRIVACY","","REDACTED FOR PRIVACY","REDACTED FOR PRIVACY","","REDACTED FOR PRIVACY","Ireland","dataprivacyprotected@1und1.de","REDACTED FOR PRIVACY","REDACTED FOR PRIVACY","REDACTED FOR PRIVACY","REDACTED FOR PRIVACY","REDACTED FOR PRIVACY","REDACTED FOR PRIVACY","REDACTED FOR PRIVACY","REDACTED FOR PRIVACY","REDACTED FOR PRIVACY","dataprivacyprotected@1und1.de","REDACTED FOR PRIVACY","REDACTED FOR PRIVACY","REDACTED FOR PRIVACY","REDACTED FOR PRIVACY","REDACTED FOR PRIVACY","REDACTED FOR PRIVACY","REDACTED FOR PRIVACY","REDACTED FOR PRIVACY","REDACTED FOR PRIVACY","dataprivacyprotected@1und1.de","REDACTED FOR PRIVACY","REDACTED FOR PRIVACY","","","","","","","","","","","ns1022.ui-dns.com","ns1055.ui-dns.org","ns1056.ui-dns.biz","ns1090.ui-dns.de","addPeriod","clientTransferProhibited","",""
"9","avatarbroker.com","2021-07-08 18:27:53","2021-07-05","2021-07-05","2022-07-05","411","Fabulous.com Pty Ltd.","whois.fabulous.com","http://www.fabulous.com","- -","BrandBuyer Limited","6-9 Trinity Street","","","Dublin 2","Ireland","sales@brandbuyer.com","+353.894354193","","- -","BrandBuyer Limited","6-9 Trinity Street","","","Dublin 2","Ireland","sales@brandbuyer.com","+353.894354193","","- -","BrandBuyer Limited","6-9 Trinity Street","","","Dublin 2","Ireland","sales@brandbuyer.com","+353.894354193","","","","","","","","","","","","ns1.dan.com","ns2.dan.com","","","addPeriod","clientDeleteProhibited","clientTransferProhibited","clientUpdateProhibited"
"10","avatarcollective.com","2021-07-08 16:56:59","2021-07-05","2021-07-05","2022-07-05","411","Fabulous.com Pty Ltd.","whois.fabulous.com","http://www.fabulous.com","- -","BrandBuyer Limited","6-9 Trinity Street","","","Dublin 2","Ireland","sales@brandbuyer.com","+353.894354193","","- -","BrandBuyer Limited","6-9 Trinity Street","","","Dublin 2","Ireland","sales@brandbuyer.com","+353.894354193","","- -","BrandBuyer Limited","6-9 Trinity Street","","","Dublin 2","Ireland","sales@brandbuyer.com","+353.894354193","","","","","","","","","","","","ns1.dan.com","ns2.dan.com","","","addPeriod","clientDeleteProhibited","clientTransferProhibited","clientUpdateProhibited"
"11","avatarcollector.com","2021-07-08 16:57:00","2021-07-05","2021-07-05","2022-07-05","411","Fabulous.com Pty Ltd.","whois.fabulous.com","http://www.fabulous.com","- -","BrandBuyer Limited","6-9 Trinity Street","","","Dublin 2","Ireland","sales@brandbuyer.com","+353.894354193","","- -","BrandBuyer Limited","6-9 Trinity Street","","","Dublin 2","Ireland","sales@brandbuyer.com","+353.894354193","","- -","BrandBuyer Limited","6-9 Trinity Street","","","Dublin 2","Ireland","sales@brandbuyer.com","+353.894354193","","","","","","","","","","","","ns1.dan.com","ns2.dan.com","","","addPeriod","clientDeleteProhibited","clientTransferProhibited","clientUpdateProhibited"
"12","avatarfox.com","2021-07-08 16:56:54","2021-07-05","2021-07-05","2022-07-05","411","Fabulous.com Pty Ltd.","whois.fabulous.com","http://www.fabulous.com","- -","BrandBuyer Limited","6-9 Trinity Street","","","Dublin 2","Ireland","sales@brandbuyer.com","+353.894354193","","- -","BrandBuyer Limited","6-9 Trinity Street","","","Dublin 2","Ireland","sales@brandbuyer.com","+353.894354193","","- -","BrandBuyer Limited","6-9 Trinity Street","","","Dublin 2","Ireland","sales@brandbuyer.com","+353.894354193","","","","","","","","","","","","ns1.dan.com","ns2.dan.com","","","addPeriod","clientDeleteProhibited","clientTransferProhibited","clientUpdateProhibited"
"13","avatarinvesting.com","2021-07-08 17:34:43","2021-07-05","2021-07-05","2022-07-05","411","Fabulous.com Pty Ltd.","whois.fabulous.com","http://www.fabulous.com","- -","BrandBuyer Limited","6-9 Trinity Street","","","Dublin 2","Ireland","sales@brandbuyer.com","+353.894354193","","- -","BrandBuyer Limited","6-9 Trinity Street","","","Dublin 2","Ireland","sales@brandbuyer.com","+353.894354193","","- -","BrandBuyer Limited","6-9 Trinity Street","","","Dublin 2","Ireland","sales@brandbuyer.com","+353.894354193","","","","","","","","","","","","ns1.dan.com","ns2.dan.com","","","addPeriod","clientDeleteProhibited","clientTransferProhibited","clientUpdateProhibited"
"14","avatarinvestor.com","2021-07-08 16:56:59","2021-07-05","2021-07-05","2022-07-05","411","Fabulous.com Pty Ltd.","whois.fabulous.com","http://www.fabulous.com","- -","BrandBuyer Limited","6-9 Trinity Street","","","Dublin 2","Ireland","sales@brandbuyer.com","+353.894354193","","- -","BrandBuyer Limited","6-9 Trinity Street","","","Dublin 2","Ireland","sales@brandbuyer.com","+353.894354193","","- -","BrandBuyer Limited","6-9 Trinity Street","","","Dublin 2","Ireland","sales@brandbuyer.com","+353.894354193","","","","","","","","","","","","ns1.dan.com","ns2.dan.com","","","addPeriod","clientDeleteProhibited","clientTransferProhibited","clientUpdateProhibited"
"15","avatarmine.com","2021-07-08 16:56:55","2021-07-05","2021-07-05","2022-07-05","411","Fabulous.com Pty Ltd.","whois.fabulous.com","http://www.fabulous.com","- -","BrandBuyer Limited","6-9 Trinity Street","","","Dublin 2","Ireland","sales@brandbuyer.com","+353.894354193","","- -","BrandBuyer Limited","6-9 Trinity Street","","","Dublin 2","Ireland","sales@brandbuyer.com","+353.894354193","","- -","BrandBuyer Limited","6-9 Trinity Street","","","Dublin 2","Ireland","sales@brandbuyer.com","+353.894354193","","","","","","","","","","","","ns1.dan.com","ns2.dan.com","","","addPeriod","clientDeleteProhibited","clientTransferProhibited","clientUpdateProhibited"
"16","avatarvault.com","2021-07-08 17:34:37","2021-07-05","2021-07-05","2022-07-05","411","Fabulous.com Pty Ltd.","whois.fabulous.com","http://www.fabulous.com","- -","BrandBuyer Limited","6-9 Trinity Street","","","Dublin 2","Ireland","sales@brandbuyer.com","+353.894354193","","- -","BrandBuyer Limited","6-9 Trinity Street","","","Dublin 2","Ireland","sales@brandbuyer.com","+353.894354193","","- -","BrandBuyer Limited","6-9 Trinity Street","","","Dublin 2","Ireland","sales@brandbuyer.com","+353.894354193","","","","","","","","","","","","ns1.dan.com","ns2.dan.com","","","addPeriod","clientDeleteProhibited","clientTransferProhibited","clientUpdateProhibited"
"17","barefireandsmoke.com","2021-07-08 16:56:03","2021-07-05","2021-07-05","2022-07-05","1448","Blacknight Internet Solutions Ltd.","whois.blacknight.com","http://www.blacknight.com","REDACTED FOR GDPR","REDACTED FOR GDPR","REDACTED FOR GDPR REDACTED FOR GDPR","REDACTED FOR GDPR","Co. Carlow","REDACTED FOR GDPR","Ireland","","REDACTED FOR GDPR","REDACTED FOR GDPR","REDACTED FOR GDPR","REDACTED FOR GDPR","REDACTED FOR GDPR REDACTED FOR GDPR","REDACTED FOR GDPR","Co. Carlow","REDACTED FOR GDPR","Ireland","","REDACTED FOR GDPR","REDACTED FOR GDPR","REDACTED FOR GDPR","REDACTED FOR GDPR","REDACTED FOR GDPR REDACTED FOR GDPR","REDACTED FOR GDPR","Co. Carlow","REDACTED FOR GDPR","Ireland","","REDACTED FOR GDPR","REDACTED FOR GDPR","","","","","","","","","","","ns1.blacknight.com","ns2.blacknight.com","ns3.blacknight.com","ns4.blacknight.com","clientTransferProhibited","","",""
"18","beanieboobuddie.com","2021-07-08 16:55:40","2021-07-05","2021-07-05","2022-07-05","1448","Blacknight Internet Solutions Ltd.","whois.blacknight.com","http://www.blacknight.com","REDACTED FOR GDPR","REDACTED FOR GDPR","REDACTED FOR GDPR REDACTED FOR GDPR","REDACTED FOR GDPR","Co. Limerick","REDACTED FOR GDPR","Ireland","","REDACTED FOR GDPR","REDACTED FOR GDPR","REDACTED FOR GDPR","REDACTED FOR GDPR","REDACTED FOR GDPR REDACTED FOR GDPR","REDACTED FOR GDPR","Co. Limerick","REDACTED FOR GDPR","Ireland","","REDACTED FOR GDPR","REDACTED FOR GDPR","REDACTED FOR GDPR","REDACTED FOR GDPR","REDACTED FOR GDPR REDACTED FOR GDPR","REDACTED FOR GDPR","Co. Limerick","REDACTED FOR GDPR","Ireland","","REDACTED FOR GDPR","REDACTED FOR GDPR","","","","","","","","","","","ns1.blacknight.com","ns2.blacknight.com","ns3.blacknight.com","ns4.blacknight.com","clientTransferProhibited","","",""
"19","bimedanordic.com","2021-07-08 14:35:21","2021-07-05","2021-07-05","2022-07-05","1448","Blacknight Internet Solutions Ltd.","whois.blacknight.com","http://www.blacknight.com","REDACTED FOR GDPR","REDACTED FOR GDPR","REDACTED FOR GDPR REDACTED FOR GDPR","REDACTED FOR GDPR","Co. Dublin","REDACTED FOR GDPR","Ireland","","REDACTED FOR GDPR","REDACTED FOR GDPR","REDACTED FOR GDPR","REDACTED FOR GDPR","REDACTED FOR GDPR REDACTED FOR GDPR","REDACTED FOR GDPR","Co. Dublin","REDACTED FOR GDPR","Ireland","","REDACTED FOR GDPR","REDACTED FOR GDPR","REDACTED FOR GDPR","REDACTED FOR GDPR","REDACTED FOR GDPR REDACTED FOR GDPR","REDACTED FOR GDPR","Co. Dublin","REDACTED FOR GDPR","Ireland","","REDACTED FOR GDPR","REDACTED FOR GDPR","","","","","","","","","","","ns1.blacknight.com","ns2.blacknight.com","ns3.blacknight.com","ns4.blacknight.com","clientTransferProhibited","","",""
"20","bitsforboats.com","2021-07-08 18:05:26","2021-07-05","2021-07-05","2023-07-05","146","GoDaddy.com, LLC","whois.godaddy.com","http://registrar.godaddy.com","","","","","Co. Wexford","","Ireland","","","","","","","","","","","","","","","","","","","","","","","","","","","","","","","","","","ns09.domaincontrol.com","ns10.domaincontrol.com","","","clientDeleteProhibited","clientRenewProhibited","clientTransferProhibited","clientUpdateProhibited"
"21","boi365secured.com","2021-07-08 14:34:32","2021-07-05","2021-07-05","2022-07-05","1647","Hosting Concepts B.V. dba Openprovider","whois.registrar.eu","http://www.openprovider.com","REDACTED FOR PRIVACY","","REDACTED FOR PRIVACY","REDACTED FOR PRIVACY","Cork","REDACTED FOR PRIVACY","Ireland","","REDACTED FOR PRIVACY","REDACTED FOR PRIVACY","REDACTED FOR PRIVACY","REDACTED FOR PRIVACY","REDACTED FOR PRIVACY","REDACTED FOR PRIVACY","REDACTED FOR PRIVACY","REDACTED FOR PRIVACY","REDACTED FOR PRIVACY","","REDACTED FOR PRIVACY","REDACTED FOR PRIVACY","REDACTED FOR PRIVACY","REDACTED FOR PRIVACY","REDACTED FOR PRIVACY","REDACTED FOR PRIVACY","REDACTED FOR PRIVACY","REDACTED FOR PRIVACY","REDACTED FOR PRIVACY","","REDACTED FOR PRIVACY","REDACTED FOR PRIVACY","","","","","","","","","","","ns1.dns-parking.com","ns2.dns-parking.com","","","clientTransferProhibited","ok","",""
"22","breacdesigns.com","2021-07-08 14:34:08","2021-07-05","2021-07-05","2022-07-05","2906","Protocol Internet Technology Limited T/A Hosting Ireland","whois.hostingireland.ie","http://www.hostingireland.ie","GDPR Masked","GDPR Masked","GDPR Masked","GDPR Masked","Co. Limerick","GDPR Masked","Ireland","gdpr-masking@gdpr-masked.com","GDPR Masked","GDPR Masked","GDPR Masked","GDPR Masked","GDPR Masked","GDPR Masked","GDPR Masked","GDPR Masked","GDPR Masked","gdpr-masking@gdpr-masked.com","GDPR Masked","GDPR Masked","GDPR Masked","GDPR Masked","GDPR Masked","GDPR Masked","GDPR Masked","GDPR Masked","GDPR Masked","gdpr-masking@gdpr-masked.com","GDPR Masked","GDPR Masked","","","","","","","","","","","ns1.webhostingireland.ie","ns2.webhostingireland.ie","ns3.webhostingireland.ie","ns4.webhostingireland.eu","clientTransferProhibited","","",""
"23","coakleyactuarial.com","2021-07-08 16:51:05","2021-07-05","2021-07-05","2022-07-05","1448","Blacknight Internet Solutions Ltd.","whois.blacknight.com","http://www.blacknight.com","REDACTED FOR GDPR","coakleyactuarial.com c/o WHOIS Privacy Ltd.","REDACTED FOR GDPR REDACTED FOR GDPR","REDACTED FOR GDPR","Co. Carlow","REDACTED FOR GDPR","Ireland","","REDACTED FOR GDPR","REDACTED FOR GDPR","REDACTED FOR GDPR","coakleyactuarial.com c/o WHOIS Privacy Ltd.","REDACTED FOR GDPR REDACTED FOR GDPR","REDACTED FOR GDPR","Co. Carlow","REDACTED FOR GDPR","Ireland","","REDACTED FOR GDPR","REDACTED FOR GDPR","REDACTED FOR GDPR","coakleyactuarial.com c/o WHOIS Privacy Ltd.","REDACTED FOR GDPR REDACTED FOR GDPR","REDACTED FOR GDPR","Co. Carlow","REDACTED FOR GDPR","Ireland","","REDACTED FOR GDPR","REDACTED FOR GDPR","","","","","","","","","","","ns1.blacknight.com","ns2.blacknight.com","ns3.blacknight.com","ns4.blacknight.com","clientTransferProhibited","","",""
"24","deirdrefahypsychotherapy.com","2021-07-08 16:47:36","2021-07-05","2021-07-05","2022-07-05","1387","1API GmbH","whois.1api.net","http://www.1api.net","REDACTED FOR PRIVACY","REDACTED FOR PRIVACY","REDACTED FOR PRIVACY","REDACTED FOR PRIVACY","Dublin","REDACTED FOR PRIVACY","Ireland","","REDACTED FOR PRIVACY","","REDACTED FOR PRIVACY","REDACTED FOR PRIVACY","REDACTED FOR PRIVACY","REDACTED FOR PRIVACY","REDACTED FOR PRIVACY","REDACTED FOR PRIVACY","REDACTED FOR PRIVACY","","REDACTED FOR PRIVACY","","REDACTED FOR PRIVACY","REDACTED FOR PRIVACY","REDACTED FOR PRIVACY","REDACTED FOR PRIVACY","REDACTED FOR PRIVACY","REDACTED FOR PRIVACY","REDACTED FOR PRIVACY","","REDACTED FOR PRIVACY","","","","","","","","","","","","a.dns.ie","b.dns.ie","","","clientTransferProhibited","","",""
"25","display.sbs","2021-07-08 17:36:03","2021-07-02","2021-07-02","2022-07-02","81","Gandi SAS","whois.gandi.net","http://www.gandi.net","","","","","","","Ireland","","","","","","","","","","","","","","","","","","","","","","","","","","","","","","","","","","ns-212-b.gandi.net","ns-250-c.gandi.net","ns-83-a.gandi.net","","clientTransferProhibited","serverTransferProhibited","",""
"26","ditchionary.com","2021-07-08 17:29:31","2021-07-05","2021-07-05","2022-07-05","925","Everyones Internet, Ltd. dba SoftLayer","whois.softlayer.com","http://www.softlayer.com","REDACTED FOR PRIVACY","REDACTED FOR PRIVACY","REDACTED FOR PRIVACY","REDACTED FOR PRIVACY","dublin","REDACTED FOR PRIVACY","Ireland","","REDACTED FOR PRIVACY","REDACTED FOR PRIVACY","REDACTED FOR PRIVACY","REDACTED FOR PRIVACY","REDACTED FOR PRIVACY","REDACTED FOR PRIVACY","REDACTED FOR PRIVACY","REDACTED FOR PRIVACY","REDACTED FOR PRIVACY","","REDACTED FOR PRIVACY","REDACTED FOR PRIVACY","REDACTED FOR PRIVACY","REDACTED FOR PRIVACY","REDACTED FOR PRIVACY","REDACTED FOR PRIVACY","REDACTED FOR PRIVACY","REDACTED FOR PRIVACY","REDACTED FOR PRIVACY","","REDACTED FOR PRIVACY","REDACTED FOR PRIVACY","","","","","","","","","","","ns1.spiralhosting.com","ns2.spiralhosting.com","ns3.spiralhosting.com","","clientTransferProhibited","clientUpdateProhibited","",""
"27","dorantrucks.com","2021-07-08 16:45:29","2021-07-05","2021-07-05","2022-07-05","1448","Blacknight Internet Solutions Ltd.","whois.blacknight.com","http://www.blacknight.com","REDACTED FOR GDPR","REDACTED FOR GDPR","REDACTED FOR GDPR REDACTED FOR GDPR","REDACTED FOR GDPR","Co. Wexford","REDACTED FOR GDPR","Ireland","","REDACTED FOR GDPR","REDACTED FOR GDPR","REDACTED FOR GDPR","REDACTED FOR GDPR","REDACTED FOR GDPR REDACTED FOR GDPR","REDACTED FOR GDPR","Co. Wexford","REDACTED FOR GDPR","Ireland","","REDACTED FOR GDPR","REDACTED FOR GDPR","REDACTED FOR GDPR","REDACTED FOR GDPR","REDACTED FOR GDPR REDACTED FOR GDPR","REDACTED FOR GDPR","Co. Wexford","REDACTED FOR GDPR","Ireland","","REDACTED FOR GDPR","REDACTED FOR GDPR","","","","","","","","","","","ns1.blacknight.com","ns2.blacknight.com","ns3.blacknight.com","ns4.blacknight.com","clientTransferProhibited","","",""
"28","drx.email","2021-07-08 15:47:05","2021-07-05","2021-07-05","2023-07-05","146","GoDaddy.com, LLC","whois.godaddy.com","http://registrar.godaddy.com","REDACTED FOR PRIVACY","","REDACTED FOR PRIVACY","REDACTED FOR PRIVACY","Co. Dublin","REDACTED FOR PRIVACY","Ireland","","REDACTED FOR PRIVACY","REDACTED FOR PRIVACY","","","","","","","","","","","","","","","","","","","","","","","","","","","","","","","","","","","addPeriod","clientDeleteProhibited","clientRenewProhibited","clientTransferProhibited"
"29","ecoheatingireland.com","2021-07-08 16:44:30","2021-07-05","2021-07-05","2022-07-05","1448","Blacknight Internet Solutions Ltd.","whois.blacknight.com","http://www.blacknight.com","REDACTED FOR GDPR","SUNRADI LIMITED","REDACTED FOR GDPR REDACTED FOR GDPR","REDACTED FOR GDPR","Co. Laois","REDACTED FOR GDPR","Ireland","","REDACTED FOR GDPR","REDACTED FOR GDPR","REDACTED FOR GDPR","SUNRADI LIMITED","REDACTED FOR GDPR REDACTED FOR GDPR","REDACTED FOR GDPR","Co. Laois","REDACTED FOR GDPR","Ireland","","REDACTED FOR GDPR","REDACTED FOR GDPR","REDACTED FOR GDPR","SUNRADI LIMITED","REDACTED FOR GDPR REDACTED FOR GDPR","REDACTED FOR GDPR","Co. Laois","REDACTED FOR GDPR","Ireland","","REDACTED FOR GDPR","REDACTED FOR GDPR","","","","","","","","","","","ns1.blacknight.com","ns2.blacknight.com","ns3.blacknight.com","ns4.blacknight.com","clientTransferProhibited","","",""
"30","edenmews.com","2021-07-08 18:30:02","2021-07-05","2021-07-05","2022-07-05","925","Everyones Internet, Ltd. dba SoftLayer","whois.softlayer.com","http://www.softlayer.com","REDACTED FOR PRIVACY","REDACTED FOR PRIVACY","REDACTED FOR PRIVACY","REDACTED FOR PRIVACY","Co. Limerick","REDACTED FOR PRIVACY","Ireland","","REDACTED FOR PRIVACY","REDACTED FOR PRIVACY","REDACTED FOR PRIVACY","REDACTED FOR PRIVACY","REDACTED FOR PRIVACY","REDACTED FOR PRIVACY","REDACTED FOR PRIVACY","REDACTED FOR PRIVACY","REDACTED FOR PRIVACY","","REDACTED FOR PRIVACY","REDACTED FOR PRIVACY","REDACTED FOR PRIVACY","REDACTED FOR PRIVACY","REDACTED FOR PRIVACY","REDACTED FOR PRIVACY","REDACTED FOR PRIVACY","REDACTED FOR PRIVACY","REDACTED FOR PRIVACY","","REDACTED FOR PRIVACY","REDACTED FOR PRIVACY","","","","","","","","","","","ns5.dnsireland.com","ns6.dnsireland.com","ns7.dnsireland.ie","","clientTransferProhibited","clientUpdateProhibited","",""
"31","edgeautomationni.com","2021-07-08 16:44:29","2021-07-05","2021-07-05","2022-07-05","1448","Blacknight Internet Solutions Ltd.","whois.blacknight.com","http://www.blacknight.com","REDACTED FOR GDPR","Edge Automation Ltd.","REDACTED FOR GDPR REDACTED FOR GDPR","REDACTED FOR GDPR","Co. Cavan","REDACTED FOR GDPR","Ireland","","REDACTED FOR GDPR","REDACTED FOR GDPR","REDACTED FOR GDPR","Edge Automation Ltd.","REDACTED FOR GDPR REDACTED FOR GDPR","REDACTED FOR GDPR","Co. Cavan","REDACTED FOR GDPR","Ireland","","REDACTED FOR GDPR","REDACTED FOR GDPR","REDACTED FOR GDPR","Edge Automation Ltd.","REDACTED FOR GDPR REDACTED FOR GDPR","REDACTED FOR GDPR","Co. Cavan","REDACTED FOR GDPR","Ireland","","REDACTED FOR GDPR","REDACTED FOR GDPR","","","","","","","","","","","ns1.blacknight.com","ns2.blacknight.com","ns3.blacknight.com","ns4.blacknight.com","clientTransferProhibited","","",""
"32","fogfilter.com","2021-07-08 17:38:18","2021-07-05","2021-07-05","2026-07-05","1387","1API GmbH","whois.1api.net","http://www.1api.net","REDACTED FOR PRIVACY","REDACTED FOR PRIVACY","REDACTED FOR PRIVACY","REDACTED FOR PRIVACY","Kildare","REDACTED FOR PRIVACY","Ireland","","REDACTED FOR PRIVACY","","REDACTED FOR PRIVACY","REDACTED FOR PRIVACY","REDACTED FOR PRIVACY","REDACTED FOR PRIVACY","REDACTED FOR PRIVACY","REDACTED FOR PRIVACY","REDACTED FOR PRIVACY","","REDACTED FOR PRIVACY","","REDACTED FOR PRIVACY","REDACTED FOR PRIVACY","REDACTED FOR PRIVACY","REDACTED FOR PRIVACY","REDACTED FOR PRIVACY","REDACTED FOR PRIVACY","REDACTED FOR PRIVACY","","REDACTED FOR PRIVACY","","","","","","","","","","","","a.dns.ie","b.dns.ie","","","clientTransferProhibited","","",""
"33","freclo.com","2021-07-08 16:39:15","2021-07-05","2021-07-05","2022-07-05","625","Name.com, Inc.","whois.name.com","http://www.name.com","Non-Public Data","","Non-Public Data","Non-Public Data","Cork","00000","Ireland","","Non-Public Data","","Non-Public Data","Non-Public Data","Non-Public Data","Non-Public Data","Non-Public Data","00000","","","Non-Public Data","","Non-Public Data","Non-Public Data","Non-Public Data","Non-Public Data","Non-Public Data","00000","","","Non-Public Data","","","","","","","","","","","","ns1djs.name.com","ns2fhn.name.com","ns3fgh.name.com","ns4dls.name.com","addPeriod","clientTransferProhibited","",""
"34","gaalivescores.com","2021-07-08 16:38:38","2021-07-05","2021-07-05","2023-07-05","146","GoDaddy.com, LLC","whois.godaddy.com","http://registrar.godaddy.com","","","","","Donegal","","Ireland","","","","","","","","","","","","","","","","","","","","","","","","","","","","","","","","","","ns13.domaincontrol.com","ns14.domaincontrol.com","","","clientDeleteProhibited","clientRenewProhibited","clientTransferProhibited","clientUpdateProhibited"
"35","gaylenormanyoga.com","2021-07-08 16:38:19","2021-07-05","2021-07-05","2022-07-05","925","Everyones Internet, Ltd. dba SoftLayer","whois.softlayer.com","http://www.softlayer.com","REDACTED FOR PRIVACY","REDACTED FOR PRIVACY","REDACTED FOR PRIVACY","REDACTED FOR PRIVACY","Co. Dublin","REDACTED FOR PRIVACY","Ireland","","REDACTED FOR PRIVACY","REDACTED FOR PRIVACY","REDACTED FOR PRIVACY","REDACTED FOR PRIVACY","REDACTED FOR PRIVACY","REDACTED FOR PRIVACY","REDACTED FOR PRIVACY","REDACTED FOR PRIVACY","REDACTED FOR PRIVACY","","REDACTED FOR PRIVACY","REDACTED FOR PRIVACY","REDACTED FOR PRIVACY","REDACTED FOR PRIVACY","REDACTED FOR PRIVACY","REDACTED FOR PRIVACY","REDACTED FOR PRIVACY","REDACTED FOR PRIVACY","REDACTED FOR PRIVACY","","REDACTED FOR PRIVACY","REDACTED FOR PRIVACY","","","","","","","","","","","ns5.dnsireland.com","ns6.dnsireland.com","ns7.dnsireland.ie","","clientTransferProhibited","clientUpdateProhibited","",""
"36","getpranaplay.com","2021-07-08 16:37:53","2021-07-05","2021-07-05","2022-07-05","146","GoDaddy.com, LLC","whois.godaddy.com","http://registrar.godaddy.com","","","","","Co. Dublin","","Ireland","","","","","","","","","","","","","","","","","","","","","","","","","","","","","","","","","","ns69.domaincontrol.com","ns70.domaincontrol.com","","","clientDeleteProhibited","clientRenewProhibited","clientTransferProhibited","clientUpdateProhibited"
"37","glampaccom.com","2021-07-08 16:37:41","2021-07-05","2021-07-05","2022-07-05","2906","Protocol Internet Technology Limited T/A Hosting Ireland","whois.hostingireland.ie","http://www.hostingireland.ie","GDPR Masked","GDPR Masked","GDPR Masked","GDPR Masked","Co. Donegal","GDPR Masked","Ireland","gdpr-masking@gdpr-masked.com","GDPR Masked","GDPR Masked","GDPR Masked","GDPR Masked","GDPR Masked","GDPR Masked","GDPR Masked","GDPR Masked","GDPR Masked","gdpr-masking@gdpr-masked.com","GDPR Masked","GDPR Masked","GDPR Masked","GDPR Masked","GDPR Masked","GDPR Masked","GDPR Masked","GDPR Masked","GDPR Masked","gdpr-masking@gdpr-masked.com","GDPR Masked","GDPR Masked","","","","","","","","","","","ns1.webhostingireland.ie","ns2.webhostingireland.ie","ns3.webhostingireland.ie","ns4.webhostingireland.eu","clientTransferProhibited","","",""
"38","glampcom.com","2021-07-08 16:37:34","2021-07-05","2021-07-05","2022-07-05","2906","Protocol Internet Technology Limited T/A Hosting Ireland","whois.hostingireland.ie","http://www.hostingireland.ie","GDPR Masked","GDPR Masked","GDPR Masked","GDPR Masked","Co. Donegal","GDPR Masked","Ireland","gdpr-masking@gdpr-masked.com","GDPR Masked","GDPR Masked","GDPR Masked","GDPR Masked","GDPR Masked","GDPR Masked","GDPR Masked","GDPR Masked","GDPR Masked","gdpr-masking@gdpr-masked.com","GDPR Masked","GDPR Masked","GDPR Masked","GDPR Masked","GDPR Masked","GDPR Masked","GDPR Masked","GDPR Masked","GDPR Masked","gdpr-masking@gdpr-masked.com","GDPR Masked","GDPR Masked","","","","","","","","","","","ns1.webhostingireland.ie","ns2.webhostingireland.ie","ns3.webhostingireland.ie","ns4.webhostingireland.eu","clientTransferProhibited","","",""
"39","glusys.com","2021-07-08 16:37:24","2021-07-05","2021-07-05","2022-07-05","1387","1API GmbH","whois.1api.net","http://www.1api.net","REDACTED FOR PRIVACY","REDACTED FOR PRIVACY","REDACTED FOR PRIVACY","REDACTED FOR PRIVACY","Dublin","REDACTED FOR PRIVACY","Ireland","","REDACTED FOR PRIVACY","","REDACTED FOR PRIVACY","REDACTED FOR PRIVACY","REDACTED FOR PRIVACY","REDACTED FOR PRIVACY","REDACTED FOR PRIVACY","REDACTED FOR PRIVACY","REDACTED FOR PRIVACY","","REDACTED FOR PRIVACY","","REDACTED FOR PRIVACY","REDACTED FOR PRIVACY","REDACTED FOR PRIVACY","REDACTED FOR PRIVACY","REDACTED FOR PRIVACY","REDACTED FOR PRIVACY","REDACTED FOR PRIVACY","","REDACTED FOR PRIVACY","","","","","","","","","","","","ns1.bdm.microsoftonline.com","ns2.bdm.microsoftonline.com","ns3.bdm.microsoftonline.com","ns4.bdm.microsoftonline.com","clientTransferProhibited","","",""
"40","handdrawnbysara.com","2021-07-08 14:39:06","2021-07-05","2021-07-05","2022-07-05","168","Register.it SPA","whois.register.it","http://we.register.it","REDACTED FOR PRIVACY","handdrawnbysara","REDACTED FOR PRIVACY","REDACTED FOR PRIVACY","Meath","REDACTED FOR PRIVACY","Ireland","whoiscontact@names.co.uk","REDACTED.FORPRIVACY","REDACTED.FORPRIVACY","REDACTED FOR PRIVACY","REDACTED FOR PRIVACY","REDACTED FOR PRIVACY","REDACTED FOR PRIVACY","REDACTED FOR PRIVACY","REDACTED FOR PRIVACY","REDACTED FOR PRIVACY","whoiscontact@names.co.uk","REDACTED.FORPRIVACY","REDACTED.FORPRIVACY","REDACTED FOR PRIVACY","Namesco Limited","REDACTED FOR PRIVACY","REDACTED FOR PRIVACY","REDACTED FOR PRIVACY","REDACTED FOR PRIVACY","REDACTED FOR PRIVACY","whoiscontact@names.co.uk","REDACTED.FORPRIVACY","REDACTED.FORPRIVACY","","","","","","","","","","","ns0.reg365.net","ns1.reg365.net","ns2.reg365.net","","clientDeleteProhibited","clientTransferProhibited","clientUpdateProhibited",""
"41","highschoolprogramme.com","2021-07-08 17:34:05","2021-07-05","2021-07-05","2031-07-05","1448","Blacknight Internet Solutions Ltd.","whois.blacknight.com","http://www.blacknight.com","REDACTED FOR GDPR","REDACTED FOR GDPR","REDACTED FOR GDPR REDACTED FOR GDPR","REDACTED FOR GDPR","Co. Carlow","REDACTED FOR GDPR","Ireland","","REDACTED FOR GDPR","REDACTED FOR GDPR","REDACTED FOR GDPR","REDACTED FOR GDPR","REDACTED FOR GDPR REDACTED FOR GDPR","REDACTED FOR GDPR","Co. Carlow","REDACTED FOR GDPR","Ireland","","REDACTED FOR GDPR","REDACTED FOR GDPR","REDACTED FOR GDPR","REDACTED FOR GDPR","REDACTED FOR GDPR REDACTED FOR GDPR","REDACTED FOR GDPR","Co. Carlow","REDACTED FOR GDPR","Ireland","","REDACTED FOR GDPR","REDACTED FOR GDPR","","","","","","","","","","","ns1.blacknight.com","ns2.blacknight.com","ns3.blacknight.com","ns4.blacknight.com","clientTransferProhibited","","",""
"42","hire.sbs","2021-07-08 03:37:08","2021-07-03","2021-07-03","2022-07-03","81","Gandi SAS","whois.gandi.net","http://www.gandi.net","","","","","","","Ireland","","","","","","","","","","","","","","","","","","","","","","","","","","","","","","","","","","ns-129-a.gandi.net","ns-209-b.gandi.net","ns-47-c.gandi.net","","addPeriod","clientTransferProhibited","serverTransferProhibited",""
"43","irishschoolfundraising.com","2021-07-08 16:33:11","2021-07-05","2021-07-05","2022-07-05","69","Tucows Domains Inc.","whois.tucows.com","http://domainhelp.opensrs.net","REDACTED FOR PRIVACY","REDACTED FOR PRIVACY","REDACTED FOR PRIVACY","REDACTED FOR PRIVACY","XX","REDACTED FOR PRIVACY","Ireland","","REDACTED FOR PRIVACY","REDACTED FOR PRIVACY","REDACTED FOR PRIVACY","REDACTED FOR PRIVACY","REDACTED FOR PRIVACY","REDACTED FOR PRIVACY","REDACTED FOR PRIVACY","REDACTED FOR PRIVACY","REDACTED FOR PRIVACY","","REDACTED FOR PRIVACY","REDACTED FOR PRIVACY","REDACTED FOR PRIVACY","REDACTED FOR PRIVACY","REDACTED FOR PRIVACY","REDACTED FOR PRIVACY","REDACTED FOR PRIVACY","REDACTED FOR PRIVACY","REDACTED FOR PRIVACY","","REDACTED FOR PRIVACY","REDACTED FOR PRIVACY","","","","","","","","","","","ns1.clev1.net","ns2.clev1.net","","","clientTransferProhibited","clientUpdateProhibited","",""
"44","ithinkiknowaguy.com","2021-07-08 16:33:00","2021-07-05","2021-07-05","2022-07-05","1448","Blacknight Internet Solutions Ltd.","whois.blacknight.com","http://www.blacknight.com","REDACTED FOR GDPR","REDACTED FOR GDPR","REDACTED FOR GDPR REDACTED FOR GDPR","REDACTED FOR GDPR","Co. Roscommon","REDACTED FOR GDPR","Ireland","","REDACTED FOR GDPR","REDACTED FOR GDPR","REDACTED FOR GDPR","REDACTED FOR GDPR","REDACTED FOR GDPR REDACTED FOR GDPR","REDACTED FOR GDPR","Co. Roscommon","REDACTED FOR GDPR","Ireland","","REDACTED FOR GDPR","REDACTED FOR GDPR","REDACTED FOR GDPR","REDACTED FOR GDPR","REDACTED FOR GDPR REDACTED FOR GDPR","REDACTED FOR GDPR","Co. Roscommon","REDACTED FOR GDPR","Ireland","","REDACTED FOR GDPR","REDACTED FOR GDPR","","","","","","","","","","","ns1.proxim.cloud","ns2.proxim.cloud","ns3.proxim.cloud","","clientTransferProhibited","","",""
"45","killarneymountainmeithael.com","2021-07-08 16:29:38","2021-07-05","2021-07-05","2024-07-05","1448","Blacknight Internet Solutions Ltd.","whois.blacknight.com","http://www.blacknight.com","REDACTED FOR GDPR","Killarney Mountain Meithael","REDACTED FOR GDPR REDACTED FOR GDPR","REDACTED FOR GDPR","Co. Kerry","REDACTED FOR GDPR","Ireland","","REDACTED FOR GDPR","REDACTED FOR GDPR","REDACTED FOR GDPR","Killarney Mountain Meithael","REDACTED FOR GDPR REDACTED FOR GDPR","REDACTED FOR GDPR","Co. Kerry","REDACTED FOR GDPR","Ireland","","REDACTED FOR GDPR","REDACTED FOR GDPR","REDACTED FOR GDPR","Killarney Mountain Meithael","REDACTED FOR GDPR REDACTED FOR GDPR","REDACTED FOR GDPR","Co. Kerry","REDACTED FOR GDPR","Ireland","","REDACTED FOR GDPR","REDACTED FOR GDPR","","","","","","","","","","","ns1.blacknight.com","ns2.blacknight.com","ns3.blacknight.com","ns4.blacknight.com","clientTransferProhibited","","",""
"46","killarneymountainmeitheal.com","2021-07-08 16:29:28","2021-07-05","2021-07-05","2024-07-05","1448","Blacknight Internet Solutions Ltd.","whois.blacknight.com","http://www.blacknight.com","REDACTED FOR GDPR","Killarney Mountain Meithael","REDACTED FOR GDPR REDACTED FOR GDPR","REDACTED FOR GDPR","Co. Kerry","REDACTED FOR GDPR","Ireland","","REDACTED FOR GDPR","REDACTED FOR GDPR","REDACTED FOR GDPR","Killarney Mountain Meithael","REDACTED FOR GDPR REDACTED FOR GDPR","REDACTED FOR GDPR","Co. Kerry","REDACTED FOR GDPR","Ireland","","REDACTED FOR GDPR","REDACTED FOR GDPR","REDACTED FOR GDPR","Killarney Mountain Meithael","REDACTED FOR GDPR REDACTED FOR GDPR","REDACTED FOR GDPR","Co. Kerry","REDACTED FOR GDPR","Ireland","","REDACTED FOR GDPR","REDACTED FOR GDPR","","","","","","","","","","","ns1.blacknight.com","ns2.blacknight.com","ns3.blacknight.com","ns4.blacknight.com","clientTransferProhibited","","",""
"47","landsdownemews.com","2021-07-08 16:27:58","2021-07-05","2021-07-05","2022-07-05","925","Everyones Internet, Ltd. dba SoftLayer","whois.softlayer.com","http://www.softlayer.com","REDACTED FOR PRIVACY","REDACTED FOR PRIVACY","REDACTED FOR PRIVACY","REDACTED FOR PRIVACY","Co. Kerry","REDACTED FOR PRIVACY","Ireland","","REDACTED FOR PRIVACY","REDACTED FOR PRIVACY","REDACTED FOR PRIVACY","REDACTED FOR PRIVACY","REDACTED FOR PRIVACY","REDACTED FOR PRIVACY","REDACTED FOR PRIVACY","REDACTED FOR PRIVACY","REDACTED FOR PRIVACY","","REDACTED FOR PRIVACY","REDACTED FOR PRIVACY","REDACTED FOR PRIVACY","REDACTED FOR PRIVACY","REDACTED FOR PRIVACY","REDACTED FOR PRIVACY","REDACTED FOR PRIVACY","REDACTED FOR PRIVACY","REDACTED FOR PRIVACY","","REDACTED FOR PRIVACY","REDACTED FOR PRIVACY","","","","","","","","","","","ns5.dnsireland.com","ns6.dnsireland.com","ns7.dnsireland.ie","","clientTransferProhibited","clientUpdateProhibited","",""
"48","learningreservoir.com","2021-07-08 16:27:05","2021-07-05","2021-07-05","2022-07-05","1448","Blacknight Internet Solutions Ltd.","whois.blacknight.com","http://www.blacknight.com","REDACTED FOR GDPR","REDACTED FOR GDPR","REDACTED FOR GDPR REDACTED FOR GDPR","REDACTED FOR GDPR","Co. Dublin","REDACTED FOR GDPR","Ireland","","REDACTED FOR GDPR","REDACTED FOR GDPR","REDACTED FOR GDPR","REDACTED FOR GDPR","REDACTED FOR GDPR REDACTED FOR GDPR","REDACTED FOR GDPR","Co. Dublin","REDACTED FOR GDPR","Ireland","","REDACTED FOR GDPR","REDACTED FOR GDPR","REDACTED FOR GDPR","REDACTED FOR GDPR","REDACTED FOR GDPR REDACTED FOR GDPR","REDACTED FOR GDPR","Co. Dublin","REDACTED FOR GDPR","Ireland","","REDACTED FOR GDPR","REDACTED FOR GDPR","","","","","","","","","","","ns1.blacknight.com","ns2.blacknight.com","ns3.blacknight.com","ns4.blacknight.com","clientTransferProhibited","","",""
"49","linksplain.com","2021-07-08 16:26:17","2021-07-05","2021-07-05","2023-07-05","1448","Blacknight Internet Solutions Ltd.","whois.blacknight.com","http://www.blacknight.com","REDACTED FOR GDPR","REDACTED FOR GDPR","REDACTED FOR GDPR REDACTED FOR GDPR","REDACTED FOR GDPR","Co. Louth","REDACTED FOR GDPR","Ireland","","REDACTED FOR GDPR","REDACTED FOR GDPR","REDACTED FOR GDPR","REDACTED FOR GDPR","REDACTED FOR GDPR REDACTED FOR GDPR","REDACTED FOR GDPR","Co. Louth","REDACTED FOR GDPR","Ireland","","REDACTED FOR GDPR","REDACTED FOR GDPR","REDACTED FOR GDPR","REDACTED FOR GDPR","REDACTED FOR GDPR REDACTED FOR GDPR","REDACTED FOR GDPR","Co. Louth","REDACTED FOR GDPR","Ireland","","REDACTED FOR GDPR","REDACTED FOR GDPR","","","","","","","","","","","ns1.blacknight.com","ns2.blacknight.com","ns3.blacknight.com","ns4.blacknight.com","clientTransferProhibited","","",""
"50","lochlongsalmon-planning.com","2021-07-08 16:25:49","2021-07-05","2021-07-07","2022-07-05","925","Everyones Internet, Ltd. dba SoftLayer","whois.softlayer.com","http://www.softlayer.com","REDACTED FOR PRIVACY","REDACTED FOR PRIVACY","REDACTED FOR PRIVACY","REDACTED FOR PRIVACY","Co. Dublin","REDACTED FOR PRIVACY","Ireland","","REDACTED FOR PRIVACY","REDACTED FOR PRIVACY","REDACTED FOR PRIVACY","REDACTED FOR PRIVACY","REDACTED FOR PRIVACY","REDACTED FOR PRIVACY","REDACTED FOR PRIVACY","REDACTED FOR PRIVACY","REDACTED FOR PRIVACY","","REDACTED FOR PRIVACY","REDACTED FOR PRIVACY","REDACTED FOR PRIVACY","REDACTED FOR PRIVACY","REDACTED FOR PRIVACY","REDACTED FOR PRIVACY","REDACTED FOR PRIVACY","REDACTED FOR PRIVACY","REDACTED FOR PRIVACY","","REDACTED FOR PRIVACY","REDACTED FOR PRIVACY","","","","","","","","","","","ns10.dnsireland.com","ns9.dnsireland.com","","","clientTransferProhibited","clientUpdateProhibited","",""
"51","martellocoffeedock.com","2021-07-08 16:22:56","2021-07-05","2021-07-05","2022-07-05","2487","Internet Domain Services BS Corp","whois.publicinterestregistry.net","http://www.internetbs.net","Not disclosed Not disclosed","ireland website design","Unit 12D, the Six Cross Roads","Waterford","","X91XF68","Ireland","5b96507f2dff6fc35533f3a51469e1a1.gdrp@customers.whoisprivacycorp.com","+353.0894278112","","Not disclosed Not disclosed","ireland website design","Unit 12D, the Six Cross Roads","Waterford","","X91XF68","Ireland","5b96507f2dff6fc35533f3a51469e1a1.gdrp@customers.whoisprivacycorp.com","+353.0894278112","","Not disclosed Not disclosed","ireland website design","Unit 12D, the Six Cross Roads","Waterford","","X91XF68","Ireland","5b96507f2dff6fc35533f3a51469e1a1.gdrp@customers.whoisprivacycorp.com","+353.0894278112","","","","","","","","","","","","ns1.cloudhostireland.com","ns2.cloudhostireland.com","","","clientTransferProhibited","inactive","",""
"52","model.sbs","2021-07-08 14:26:15","2021-07-03","2021-07-03","2022-07-03","81","Gandi SAS","whois.gandi.net","http://www.gandi.net","","","","","","","Ireland","","","","","","","","","","","","","","","","","","","","","","","","","","","","","","","","","","ns-204-a.gandi.net","ns-240-b.gandi.net","ns-45-c.gandi.net","","addPeriod","clientTransferProhibited","serverTransferProhibited",""
"53","moneyjogger.com","2021-07-08 16:20:04","2021-07-05","2021-07-05","2022-07-05","146","GoDaddy.com, LLC","whois.godaddy.com","http://registrar.godaddy.com","Panpact","Panpact","","","Leinster","","Ireland","","","","","","","","","","","","","","","","","","","","","","","","","","","","","","","","","","cns2091.hostgator.com","cns2092.hostgator.com","","","clientDeleteProhibited","clientRenewProhibited","clientTransferProhibited","clientUpdateProhibited"
"54","monkstownvalley.com","2021-07-08 16:20:02","2021-07-05","2021-07-05","2022-07-05","1448","Blacknight Internet Solutions Ltd.","whois.blacknight.com","http://www.blacknight.com","REDACTED FOR GDPR","REDACTED FOR GDPR","REDACTED FOR GDPR REDACTED FOR GDPR","REDACTED FOR GDPR","Co. Dublin","REDACTED FOR GDPR","Ireland","","REDACTED FOR GDPR","REDACTED FOR GDPR","REDACTED FOR GDPR","REDACTED FOR GDPR","REDACTED FOR GDPR REDACTED FOR GDPR","REDACTED FOR GDPR","Co. Dublin","REDACTED FOR GDPR","Ireland","","REDACTED FOR GDPR","REDACTED FOR GDPR","REDACTED FOR GDPR","REDACTED FOR GDPR","REDACTED FOR GDPR REDACTED FOR GDPR","REDACTED FOR GDPR","Co. Dublin","REDACTED FOR GDPR","Ireland","","REDACTED FOR GDPR","REDACTED FOR GDPR","","","","","","","","","","","ns1.blacknight.com","ns2.blacknight.com","ns3.blacknight.com","ns4.blacknight.com","clientTransferProhibited","","",""
"55","myeoapp.com","2021-07-08 17:24:03","2021-07-05","2021-07-05","2022-07-05","886","Domain.com, LLC","whois.domain.com","http://www.domain.com","REDACTED FOR PRIVACY","REDACTED FOR PRIVACY","REDACTED FOR PRIVACY","REDACTED FOR PRIVACY","NA","REDACTED FOR PRIVACY","Ireland","","REDACTED FOR PRIVACY","REDACTED FOR PRIVACY","REDACTED FOR PRIVACY","REDACTED FOR PRIVACY","REDACTED FOR PRIVACY","REDACTED FOR PRIVACY","REDACTED FOR PRIVACY","REDACTED FOR PRIVACY","REDACTED FOR PRIVACY","","REDACTED FOR PRIVACY","REDACTED FOR PRIVACY","REDACTED FOR PRIVACY","REDACTED FOR PRIVACY","REDACTED FOR PRIVACY","REDACTED FOR PRIVACY","REDACTED FOR PRIVACY","REDACTED FOR PRIVACY","REDACTED FOR PRIVACY","","REDACTED FOR PRIVACY","REDACTED FOR PRIVACY","","","","","","","","","","","ns6m11.stackpathdns.net","nsv8ua.stackpathdns.net","","","clientTransferProhibited","clientUpdateProhibited","",""
"56","myswisscom.info","2021-07-08 15:44:41","2021-07-06","2021-07-07","2022-07-06","146","GoDaddy.com, LLC","whois.godaddy.com","http://registrar.godaddy.com","","","","","Carlow","","Ireland","","","","","","","","","","","","","","","","","","","","","","","","","","","","","","","","","","ns73.domaincontrol.com","ns74.domaincontrol.com","","","addPeriod","clientDeleteProhibited","clientHold","clientRenewProhibited"
"57","pjgerardo.com","2021-07-08 16:15:37","2021-07-05","2021-07-05","2022-07-05","303","PDR Ltd. d/b/a PublicDomainRegistry.com","whois.publicdomainregistry.com","http://www.publicdomainregistry.com","GDPR Masked","GDPR Masked","GDPR Masked","GDPR Masked","GLENAGEARY","GDPR Masked","Ireland","gdpr-masking@gdpr-masked.com","GDPR Masked","GDPR Masked","GDPR Masked","GDPR Masked","GDPR Masked","GDPR Masked","GDPR Masked","GDPR Masked","GDPR Masked","gdpr-masking@gdpr-masked.com","GDPR Masked","GDPR Masked","GDPR Masked","GDPR Masked","GDPR Masked","GDPR Masked","GDPR Masked","GDPR Masked","GDPR Masked","gdpr-masking@gdpr-masked.com","GDPR Masked","GDPR Masked","","","","","","","","","","","ns1.ptservidor.net","ns2.ptservidor.net","ns3.ptservidor.net","","clientTransferProhibited","","",""
"58","pomboloservices.com","2021-07-08 16:15:06","2021-07-05","2021-07-05","2022-07-05","146","GoDaddy.com, LLC","whois.godaddy.com","http://registrar.godaddy.com","","","","","Dublin","","Ireland","","","","","","","","","","","","","","","","","","","","","","","","","","","","","","","","","","ns35.domaincontrol.com","ns36.domaincontrol.com","","","clientDeleteProhibited","clientRenewProhibited","clientTransferProhibited","clientUpdateProhibited"
"59","pratiqueoamorproprio.com","2021-07-08 16:14:21","2021-07-05","2021-07-07","2022-07-05","146","GoDaddy.com, LLC","whois.godaddy.com","http://registrar.godaddy.com","","","","","wexford","","Ireland","","","","","","","","","","","","","","","","","","","","","","","","","","","","","","","","","","ns1.dns-parking.com","ns2.dns-parking.com","","","clientDeleteProhibited","clientRenewProhibited","clientTransferProhibited","clientUpdateProhibited"
"60","prints56.com","2021-07-08 16:14:12","2021-07-05","2021-07-05","2022-07-05","168","Register.it SPA","whois.register.it","http://we.register.it","REDACTED FOR PRIVACY","Mundo Moo","REDACTED FOR PRIVACY","REDACTED FOR PRIVACY","County Dublin","REDACTED FOR PRIVACY","Ireland","whoiscontact@names.co.uk","REDACTED.FORPRIVACY","REDACTED.FORPRIVACY","REDACTED FOR PRIVACY","REDACTED FOR PRIVACY","REDACTED FOR PRIVACY","REDACTED FOR PRIVACY","REDACTED FOR PRIVACY","REDACTED FOR PRIVACY","REDACTED FOR PRIVACY","whoiscontact@names.co.uk","REDACTED.FORPRIVACY","REDACTED.FORPRIVACY","REDACTED FOR PRIVACY","Namesco Limited","REDACTED FOR PRIVACY","REDACTED FOR PRIVACY","REDACTED FOR PRIVACY","REDACTED FOR PRIVACY","REDACTED FOR PRIVACY","whoiscontact@names.co.uk","REDACTED.FORPRIVACY","REDACTED.FORPRIVACY","","","","","","","","","","","ns0.reg365.net","ns1.reg365.net","ns2.reg365.net","","clientDeleteProhibited","clientTransferProhibited","clientUpdateProhibited",""
"61","quadgel.com","2021-07-08 16:13:05","2021-07-05","2021-07-05","2022-07-05","2906","Protocol Internet Technology Limited T/A Hosting Ireland","whois.hostingireland.ie","http://www.hostingireland.ie","GDPR Masked","GDPR Masked","GDPR Masked","GDPR Masked","Co. Dublin","GDPR Masked","Ireland","gdpr-masking@gdpr-masked.com","GDPR Masked","GDPR Masked","GDPR Masked","GDPR Masked","GDPR Masked","GDPR Masked","GDPR Masked","GDPR Masked","GDPR Masked","gdpr-masking@gdpr-masked.com","GDPR Masked","GDPR Masked","GDPR Masked","GDPR Masked","GDPR Masked","GDPR Masked","GDPR Masked","GDPR Masked","GDPR Masked","gdpr-masking@gdpr-masked.com","GDPR Masked","GDPR Masked","","","","","","","","","","","ns1.webhostingireland.ie","ns2.webhostingireland.ie","ns3.webhostingireland.ie","ns4.webhostingireland.eu","clientTransferProhibited","","",""
"62","quirkyandvaliant.com","2021-07-08 16:12:51","2021-07-05","2021-07-05","2023-07-05","1448","Blacknight Internet Solutions Ltd.","whois.blacknight.com","http://www.blacknight.com","REDACTED FOR GDPR","REDACTED FOR GDPR","REDACTED FOR GDPR REDACTED FOR GDPR","REDACTED FOR GDPR","Co. Galway","REDACTED FOR GDPR","Ireland","","REDACTED FOR GDPR","REDACTED FOR GDPR","REDACTED FOR GDPR","REDACTED FOR GDPR","REDACTED FOR GDPR REDACTED FOR GDPR","REDACTED FOR GDPR","Co. Galway","REDACTED FOR GDPR","Ireland","","REDACTED FOR GDPR","REDACTED FOR GDPR","REDACTED FOR GDPR","REDACTED FOR GDPR","REDACTED FOR GDPR REDACTED FOR GDPR","REDACTED FOR GDPR","Co. Galway","REDACTED FOR GDPR","Ireland","","REDACTED FOR GDPR","REDACTED FOR GDPR","","","","","","","","","","","ns1.blacknight.com","ns2.blacknight.com","ns3.blacknight.com","ns4.blacknight.com","clientTransferProhibited","","",""
"63","refurbishedgods.com","2021-07-08 16:11:31","2021-07-05","2021-07-05","2022-07-05","1472","LiquidNet Ltd.","whois.liquidnetlimited.com","http://www.liquidnetlimited.com","REDACTED FOR PRIVACY","REDACTED FOR PRIVACY","REDACTED FOR PRIVACY","REDACTED FOR PRIVACY","Limerick","REDACTED FOR PRIVACY","Ireland","","REDACTED FOR PRIVACY","REDACTED FOR PRIVACY","REDACTED FOR PRIVACY","REDACTED FOR PRIVACY","REDACTED FOR PRIVACY","REDACTED FOR PRIVACY","REDACTED FOR PRIVACY","REDACTED FOR PRIVACY","REDACTED FOR PRIVACY","","REDACTED FOR PRIVACY","REDACTED FOR PRIVACY","REDACTED FOR PRIVACY","REDACTED FOR PRIVACY","REDACTED FOR PRIVACY","REDACTED FOR PRIVACY","REDACTED FOR PRIVACY","REDACTED FOR PRIVACY","REDACTED FOR PRIVACY","","REDACTED FOR PRIVACY","REDACTED FOR PRIVACY","","","","","","","","","","","dns1.supremedns.com","dns2.supremedns.com","dns3.supremedns.com","dns4.supremedns.com","clientTransferProhibited","","",""
"64","remoteshred.com","2021-07-08 16:11:20","2021-07-05","2021-07-05","2023-07-05","146","GoDaddy.com, LLC","whois.godaddy.com","http://registrar.godaddy.com","","","","","Wicklow","","Ireland","","","","","","","","","","","","","","","","","","","","","","","","","","","","","","","","","","ns11.domaincontrol.com","ns12.domaincontrol.com","","","clientDeleteProhibited","clientRenewProhibited","clientTransferProhibited","clientUpdateProhibited"
"65","renewrugretreat.com","2021-07-08 16:11:12","2021-07-05","2021-07-05","2022-07-05","2906","Protocol Internet Technology Limited T/A Hosting Ireland","whois.hostingireland.ie","http://www.hostingireland.ie","GDPR Masked","GDPR Masked","GDPR Masked","GDPR Masked","Co. Dublin","GDPR Masked","Ireland","gdpr-masking@gdpr-masked.com","GDPR Masked","GDPR Masked","GDPR Masked","GDPR Masked","GDPR Masked","GDPR Masked","GDPR Masked","GDPR Masked","GDPR Masked","gdpr-masking@gdpr-masked.com","GDPR Masked","GDPR Masked","GDPR Masked","GDPR Masked","GDPR Masked","GDPR Masked","GDPR Masked","GDPR Masked","GDPR Masked","gdpr-masking@gdpr-masked.com","GDPR Masked","GDPR Masked","","","","","","","","","","","ns1.webhostingireland.ie","ns2.webhostingireland.ie","ns3.webhostingireland.ie","ns4.webhostingireland.eu","clientTransferProhibited","","",""
"66","retrojerseyseire.com","2021-07-08 16:10:56","2021-07-05","2021-07-05","2022-07-05","168","Register.it SPA","whois.register.it","http://we.register.it","REDACTED FOR PRIVACY","RetroJerseysEire","REDACTED FOR PRIVACY","REDACTED FOR PRIVACY","Co. Dublin","REDACTED FOR PRIVACY","Ireland","whoiscontact@names.co.uk","REDACTED.FORPRIVACY","REDACTED.FORPRIVACY","REDACTED FOR PRIVACY","REDACTED FOR PRIVACY","REDACTED FOR PRIVACY","REDACTED FOR PRIVACY","REDACTED FOR PRIVACY","REDACTED FOR PRIVACY","REDACTED FOR PRIVACY","whoiscontact@names.co.uk","REDACTED.FORPRIVACY","REDACTED.FORPRIVACY","REDACTED FOR PRIVACY","Namesco Limited","REDACTED FOR PRIVACY","REDACTED FOR PRIVACY","REDACTED FOR PRIVACY","REDACTED FOR PRIVACY","REDACTED FOR PRIVACY","whoiscontact@names.co.uk","REDACTED.FORPRIVACY","REDACTED.FORPRIVACY","","","","","","","","","","","ns0.reg365.net","ns1.reg365.net","ns2.reg365.net","","clientDeleteProhibited","clientTransferProhibited","clientUpdateProhibited",""
"67","rugretreat.com","2021-07-08 16:09:56","2021-07-05","2021-07-05","2022-07-05","168","Register.it SPA","whois.register.it","http://we.register.it","REDACTED FOR PRIVACY","AardvarkSMC","REDACTED FOR PRIVACY","REDACTED FOR PRIVACY","Co. Dublin","REDACTED FOR PRIVACY","Ireland","whoiscontact@names.co.uk","REDACTED.FORPRIVACY","REDACTED.FORPRIVACY","REDACTED FOR PRIVACY","REDACTED FOR PRIVACY","REDACTED FOR PRIVACY","REDACTED FOR PRIVACY","REDACTED FOR PRIVACY","REDACTED FOR PRIVACY","REDACTED FOR PRIVACY","whoiscontact@names.co.uk","REDACTED.FORPRIVACY","REDACTED.FORPRIVACY","REDACTED FOR PRIVACY","Namesco Limited","REDACTED FOR PRIVACY","REDACTED FOR PRIVACY","REDACTED FOR PRIVACY","REDACTED FOR PRIVACY","REDACTED FOR PRIVACY","whoiscontact@names.co.uk","REDACTED.FORPRIVACY","REDACTED.FORPRIVACY","","","","","","","","","","","ns0.reg365.net","ns1.reg365.net","ns2.reg365.net","","clientDeleteProhibited","clientTransferProhibited","clientUpdateProhibited",""
"68","samdeste.com","2021-07-08 16:09:28","2021-07-05","2021-07-05","2022-07-05","303","PDR Ltd. d/b/a PublicDomainRegistry.com","whois.publicdomainregistry.com","http://www.publicdomainregistry.com","GDPR Masked","GDPR Masked","GDPR Masked","GDPR Masked","","GDPR Masked","Ireland","gdpr-masking@gdpr-masked.com","GDPR Masked","GDPR Masked","GDPR Masked","GDPR Masked","GDPR Masked","GDPR Masked","GDPR Masked","GDPR Masked","GDPR Masked","gdpr-masking@gdpr-masked.com","GDPR Masked","GDPR Masked","GDPR Masked","GDPR Masked","GDPR Masked","GDPR Masked","GDPR Masked","GDPR Masked","GDPR Masked","gdpr-masking@gdpr-masked.com","GDPR Masked","GDPR Masked","","","","","","","","","","","ns5.l4dns.com","ns6.l4dns.com","","","clientTransferProhibited","","",""
"69","sarasanver.com","2021-07-08 16:09:04","2021-07-05","2021-07-05","2022-07-05","146","GoDaddy.com, LLC","whois.godaddy.com","http://registrar.godaddy.com","","","","","Malahide","","Ireland","","","","","","","","","","","","","","","","","","","","","","","","","","","","","","","","","","ns25.domaincontrol.com","ns26.domaincontrol.com","","","clientDeleteProhibited","clientRenewProhibited","clientTransferProhibited","clientUpdateProhibited"
"70","skelligboattours.com","2021-07-08 16:05:49","2021-07-05","2021-07-05","2031-07-05","146","GoDaddy.com, LLC","whois.godaddy.com","http://registrar.godaddy.com","Atlantic Endeavour Limited","Atlantic Endeavour Limited","","","Kerry","","Ireland","","","","","","","","","","","","","","","","","","","","","","","","","","","","","","","","","","ns13.domaincontrol.com","ns14.domaincontrol.com","","","clientDeleteProhibited","clientRenewProhibited","clientTransferProhibited","clientUpdateProhibited"
"71","skelligsrocktours.com","2021-07-08 16:05:49","2021-07-05","2021-07-05","2031-07-05","146","GoDaddy.com, LLC","whois.godaddy.com","http://registrar.godaddy.com","Atlantic Endeavour Limited","Atlantic Endeavour Limited","","","Kerry","","Ireland","","","","","","","","","","","","","","","","","","","","","","","","","","","","","","","","","","ns13.domaincontrol.com","ns14.domaincontrol.com","","","clientDeleteProhibited","clientRenewProhibited","clientTransferProhibited","clientUpdateProhibited"
"72","staycationgalway.com","2021-07-08 16:04:03","2021-07-05","2021-07-05","2022-07-05","925","Everyones Internet, Ltd. dba SoftLayer","whois.softlayer.com","http://www.softlayer.com","REDACTED FOR PRIVACY","REDACTED FOR PRIVACY","REDACTED FOR PRIVACY","REDACTED FOR PRIVACY","Co.Galway","REDACTED FOR PRIVACY","Ireland","","REDACTED FOR PRIVACY","REDACTED FOR PRIVACY","REDACTED FOR PRIVACY","REDACTED FOR PRIVACY","REDACTED FOR PRIVACY","REDACTED FOR PRIVACY","REDACTED FOR PRIVACY","REDACTED FOR PRIVACY","REDACTED FOR PRIVACY","","REDACTED FOR PRIVACY","REDACTED FOR PRIVACY","REDACTED FOR PRIVACY","REDACTED FOR PRIVACY","REDACTED FOR PRIVACY","REDACTED FOR PRIVACY","REDACTED FOR PRIVACY","REDACTED FOR PRIVACY","REDACTED FOR PRIVACY","","REDACTED FOR PRIVACY","REDACTED FOR PRIVACY","","","","","","","","","","","ns1.wobaben.com","ns2.wobaben.com","ns3.wobaben.com","ns4.wobaben.com","clientTransferProhibited","clientUpdateProhibited","",""
"73","suelacydesigns.com","2021-07-08 18:13:16","2021-07-05","2021-07-05","2022-07-05","2906","Protocol Internet Technology Limited T/A Hosting Ireland","whois.hostingireland.ie","http://www.hostingireland.ie","GDPR Masked","GDPR Masked","GDPR Masked","GDPR Masked","Cork","GDPR Masked","Ireland","gdpr-masking@gdpr-masked.com","GDPR Masked","GDPR Masked","GDPR Masked","GDPR Masked","GDPR Masked","GDPR Masked","GDPR Masked","GDPR Masked","GDPR Masked","gdpr-masking@gdpr-masked.com","GDPR Masked","GDPR Masked","GDPR Masked","GDPR Masked","GDPR Masked","GDPR Masked","GDPR Masked","GDPR Masked","GDPR Masked","gdpr-masking@gdpr-masked.com","GDPR Masked","GDPR Masked","","","","","","","","","","","ns1.webhostingireland.ie","ns2.webhostingireland.ie","ns3.webhostingireland.ie","ns4.webhostingireland.eu","clientTransferProhibited","","",""
"74","takliteracy.com","2021-07-08 16:02:05","2021-07-05","2021-07-05","2022-07-05","146","GoDaddy.com, LLC","whois.godaddy.com","http://registrar.godaddy.com","","","","","Meath","","Ireland","","","","","","","","","","","","","","","","","","","","","","","","","","","","","","","","","","ns55.domaincontrol.com","ns56.domaincontrol.com","","","clientDeleteProhibited","clientRenewProhibited","clientTransferProhibited","clientUpdateProhibited"
"75","tanhandy.net","2021-07-08 15:29:31","2021-07-04","2021-07-04","2022-07-04","146","GoDaddy.com, LLC","whois.godaddy.com","http://registrar.godaddy.com","","","","","wexford","","Ireland","","","","","","","","","","","","","","","","","","","","","","","","","","","","","","","","","","ns17.domaincontrol.com","ns18.domaincontrol.com","","","clientDeleteProhibited","clientRenewProhibited","clientTransferProhibited","clientUpdateProhibited"
"76","therugretreat.com","2021-07-08 14:43:56","2021-07-05","2021-07-05","2022-07-05","2906","Protocol Internet Technology Limited T/A Hosting Ireland","whois.hostingireland.ie","http://www.hostingireland.ie","GDPR Masked","GDPR Masked","GDPR Masked","GDPR Masked","Co. Dublin","GDPR Masked","Ireland","gdpr-masking@gdpr-masked.com","GDPR Masked","GDPR Masked","GDPR Masked","GDPR Masked","GDPR Masked","GDPR Masked","GDPR Masked","GDPR Masked","GDPR Masked","gdpr-masking@gdpr-masked.com","GDPR Masked","GDPR Masked","GDPR Masked","GDPR Masked","GDPR Masked","GDPR Masked","GDPR Masked","GDPR Masked","GDPR Masked","gdpr-masking@gdpr-masked.com","GDPR Masked","GDPR Masked","","","","","","","","","","","ns1.webhostingireland.ie","ns2.webhostingireland.ie","ns3.webhostingireland.ie","ns4.webhostingireland.eu","clientTransferProhibited","","",""
"77","thesperocollection.com","2021-07-08 14:43:50","2021-07-05","2021-07-05","2022-07-05","1448","Blacknight Internet Solutions Ltd.","whois.blacknight.com","http://www.blacknight.com","REDACTED FOR GDPR","REDACTED FOR GDPR","REDACTED FOR GDPR REDACTED FOR GDPR","REDACTED FOR GDPR","Co. Waterford","REDACTED FOR GDPR","Ireland","","REDACTED FOR GDPR","REDACTED FOR GDPR","REDACTED FOR GDPR","REDACTED FOR GDPR","REDACTED FOR GDPR REDACTED FOR GDPR","REDACTED FOR GDPR","Co. Waterford","REDACTED FOR GDPR","Ireland","","REDACTED FOR GDPR","REDACTED FOR GDPR","REDACTED FOR GDPR","REDACTED FOR GDPR","REDACTED FOR GDPR REDACTED FOR GDPR","REDACTED FOR GDPR","Co. Waterford","REDACTED FOR GDPR","Ireland","","REDACTED FOR GDPR","REDACTED FOR GDPR","","","","","","","","","","","ns1.blacknight.com","ns2.blacknight.com","ns3.blacknight.com","ns4.blacknight.com","clientTransferProhibited","","",""
"78","transpalmera.com","2021-07-08 16:00:34","2021-07-05","2021-07-05","2022-07-05","1448","Blacknight Internet Solutions Ltd.","whois.blacknight.com","http://www.blacknight.com","REDACTED FOR GDPR","Outlier Limited","REDACTED FOR GDPR REDACTED FOR GDPR","REDACTED FOR GDPR","Co. Kildare","REDACTED FOR GDPR","Ireland","","REDACTED FOR GDPR","REDACTED FOR GDPR","REDACTED FOR GDPR","Outlier Limited","REDACTED FOR GDPR REDACTED FOR GDPR","REDACTED FOR GDPR","Co. Kildare","REDACTED FOR GDPR","Ireland","","REDACTED FOR GDPR","REDACTED FOR GDPR","REDACTED FOR GDPR","Outlier Limited","REDACTED FOR GDPR REDACTED FOR GDPR","REDACTED FOR GDPR","Co. Kildare","REDACTED FOR GDPR","Ireland","","REDACTED FOR GDPR","REDACTED FOR GDPR","","","","","","","","","","","ns1.blacknight.com","ns2.blacknight.com","ns3.blacknight.com","ns4.blacknight.com","clientTransferProhibited","","",""
"79","trcdevsolutions.com","2021-07-08 16:00:28","2021-07-05","2021-07-05","2023-07-05","440","Wild West Domains, LLC","whois.wildwestdomains.com","http://www.wildwestdomains.com","TRC","TRC","","","Dublin","","Ireland","","","","","","","","","","","","","","","","","","","","","","","","","","","","","","","","","","ns71.domaincontrol.com","ns72.domaincontrol.com","","","clientDeleteProhibited","clientRenewProhibited","clientTransferProhibited","clientUpdateProhibited"
"80","truviewinternational.com","2021-07-08 16:00:10","2021-07-05","2021-07-05","2022-07-05","1448","Blacknight Internet Solutions Ltd.","whois.blacknight.com","http://www.blacknight.com","REDACTED FOR GDPR","Financial Planner Technology Limited","REDACTED FOR GDPR REDACTED FOR GDPR","REDACTED FOR GDPR","Co. Kildare","REDACTED FOR GDPR","Ireland","","REDACTED FOR GDPR","REDACTED FOR GDPR","REDACTED FOR GDPR","Financial Planner Technology Limited","REDACTED FOR GDPR REDACTED FOR GDPR","REDACTED FOR GDPR","Co. Kildare","REDACTED FOR GDPR","Ireland","","REDACTED FOR GDPR","REDACTED FOR GDPR","REDACTED FOR GDPR","Financial Planner Technology Limited","REDACTED FOR GDPR REDACTED FOR GDPR","REDACTED FOR GDPR","Co. Kildare","REDACTED FOR GDPR","Ireland","","REDACTED FOR GDPR","REDACTED FOR GDPR","","","","","","","","","","","ns1.blacknight.com","ns2.blacknight.com","ns3.blacknight.com","ns4.blacknight.com","clientTransferProhibited","","",""
"81","urban.sbs","2021-07-08 03:27:00","2021-07-03","2021-07-03","2022-07-03","81","Gandi SAS","whois.gandi.net","http://www.gandi.net","","","","","","","Ireland","","","","","","","","","","","","","","","","","","","","","","","","","","","","","","","","","","ns-156-b.gandi.net","ns-41-a.gandi.net","ns-67-c.gandi.net","","addPeriod","clientTransferProhibited","serverTransferProhibited",""
"82","vtravo.net","2021-07-08 05:52:52","2021-07-06","2021-07-06","2022-07-06","168","Register.it SPA","whois.register.it","http://we.register.it","REDACTED FOR PRIVACY","REDACTED FOR PRIVACY","REDACTED FOR PRIVACY","REDACTED FOR PRIVACY","Dublin","REDACTED FOR PRIVACY","Ireland","whoiscontact@names.co.uk","REDACTED.FORPRIVACY","REDACTED.FORPRIVACY","REDACTED FOR PRIVACY","REDACTED FOR PRIVACY","REDACTED FOR PRIVACY","REDACTED FOR PRIVACY","REDACTED FOR PRIVACY","REDACTED FOR PRIVACY","REDACTED FOR PRIVACY","whoiscontact@names.co.uk","REDACTED.FORPRIVACY","REDACTED.FORPRIVACY","REDACTED FOR PRIVACY","Namesco Limited","REDACTED FOR PRIVACY","REDACTED FOR PRIVACY","REDACTED FOR PRIVACY","REDACTED FOR PRIVACY","REDACTED FOR PRIVACY","whoiscontact@names.co.uk","REDACTED.FORPRIVACY","REDACTED.FORPRIVACY","","","","","","","","","","","ns0.reg365.net","ns1.reg365.net","ns2.reg365.net","","clientDeleteProhibited","clientTransferProhibited","clientUpdateProhibited",""
"83","w-room.club","2021-07-08 18:45:31","2021-07-05","2021-07-05","2022-07-05","146","GoDaddy.com, LLC","whois.godaddy.com","http://registrar.godaddy.com","REDACTED FOR PRIVACY","","REDACTED FOR PRIVACY REDACTED FOR PRIVACY REDACTED FOR PRIVACY","REDACTED FOR PRIVACY","Irland","REDACTED FOR PRIVACY","Ireland","","REDACTED FOR PRIVACY","REDACTED FOR PRIVACY","REDACTED FOR PRIVACY","REDACTED FOR PRIVACY","REDACTED FOR PRIVACY REDACTED FOR PRIVACY REDACTED FOR PRIVACY","REDACTED FOR PRIVACY","REDACTED FOR PRIVACY","REDACTED FOR PRIVACY","REDACTED FOR PRIVACY","","REDACTED FOR PRIVACY","REDACTED FOR PRIVACY","REDACTED FOR PRIVACY","REDACTED FOR PRIVACY","REDACTED FOR PRIVACY REDACTED FOR PRIVACY REDACTED FOR PRIVACY","REDACTED FOR PRIVACY","REDACTED FOR PRIVACY","REDACTED FOR PRIVACY","REDACTED FOR PRIVACY","","REDACTED FOR PRIVACY","REDACTED FOR PRIVACY","","","","","","","","","","","ns71.domaincontrol.com","ns72.domaincontrol.com","","","addPeriod","clientDeleteProhibited","clientRenewProhibited","clientTransferProhibited"
"84","w-room.online","2021-07-08 15:24:29","2021-07-05","2021-07-05","2022-07-05","146","GoDaddy.com, LLC","whois.godaddy.com","http://registrar.godaddy.com","","","","","Irland","","Ireland","","","","","","","","","","","","","","","","","","","","","","","","","","","","","","","","","","ns59.domaincontrol.com","ns60.domaincontrol.com","","","addPeriod","clientDeleteProhibited","clientRenewProhibited","clientTransferProhibited"
"85","w-room.site","2021-07-08 15:10:18","2021-07-05","2021-07-05","2022-07-05","146","GoDaddy.com, LLC","whois.godaddy.com","http://registrar.godaddy.com","","","","","Irland","","Ireland","","","","","","","","","","","","","","","","","","","","","","","","","","","","","","","","","","ns09.domaincontrol.com","ns10.domaincontrol.com","","","addPeriod","clientDeleteProhibited","clientRenewProhibited","clientTransferProhibited"
"86","walkofleaf.com","2021-07-08 14:25:41","2021-07-05","2021-07-05","2022-07-05","1448","Blacknight Internet Solutions Ltd.","whois.blacknight.com","http://www.blacknight.com","REDACTED FOR GDPR","REDACTED FOR GDPR","REDACTED FOR GDPR REDACTED FOR GDPR","REDACTED FOR GDPR","Co. Dublin","REDACTED FOR GDPR","Ireland","","REDACTED FOR GDPR","REDACTED FOR GDPR","REDACTED FOR GDPR","REDACTED FOR GDPR","REDACTED FOR GDPR REDACTED FOR GDPR","REDACTED FOR GDPR","Co. Dublin","REDACTED FOR GDPR","Ireland","","REDACTED FOR GDPR","REDACTED FOR GDPR","REDACTED FOR GDPR","REDACTED FOR GDPR","REDACTED FOR GDPR REDACTED FOR GDPR","REDACTED FOR GDPR","Co. Dublin","REDACTED FOR GDPR","Ireland","","REDACTED FOR GDPR","REDACTED FOR GDPR","","","","","","","","","","","ns1.blacknight.com","ns2.blacknight.com","ns3.blacknight.com","ns4.blacknight.com","clientTransferProhibited","","",""
"87","wildoceanscoastal.com","2021-07-08 15:55:40","2021-07-05","2021-07-05","2022-07-05","146","GoDaddy.com, LLC","whois.godaddy.com","http://registrar.godaddy.com","Bucks and Hunter","Bucks and Hunter","","","Cork","","Ireland","","","","","","","","","","","","","","","","","","","","","","","","","","","","","","","","","","ns55.domaincontrol.com","ns56.domaincontrol.com","","","clientDeleteProhibited","clientRenewProhibited","clientTransferProhibited","clientUpdateProhibited"
"88","wowabo.com","2021-07-08 15:55:00","2021-07-05","2021-07-05","2022-07-05","146","GoDaddy.com, LLC","whois.godaddy.com","http://registrar.godaddy.com","","","","","Dublin","","Ireland","","","","","","","","","","","","","","","","","","","","","","","","","","","","","","","","","","ns09.domaincontrol.com","ns10.domaincontrol.com","","","clientDeleteProhibited","clientRenewProhibited","clientTransferProhibited","clientUpdateProhibited"
"89","wowabu.com","2021-07-08 15:55:05","2021-07-05","2021-07-05","2022-07-05","146","GoDaddy.com, LLC","whois.godaddy.com","http://registrar.godaddy.com","","","","","Dublin","","Ireland","","","","","","","","","","","","","","","","","","","","","","","","","","","","","","","","","","ns55.domaincontrol.com","ns56.domaincontrol.com","","","clientDeleteProhibited","clientRenewProhibited","clientTransferProhibited","clientUpdateProhibited"
"90","writerspop.com","2021-07-08 18:26:31","2021-07-05","2021-07-05","2022-07-05","146","GoDaddy.com, LLC","whois.godaddy.com","http://registrar.godaddy.com","","","","","Dublin","","Ireland","","","","","","","","","","","","","","","","","","","","","","","","","","","","","","","","","","ns25.domaincontrol.com","ns26.domaincontrol.com","","","clientDeleteProhibited","clientRenewProhibited","clientTransferProhibited","clientUpdateProhibited"
"91","ww-shop.club","2021-07-08 18:45:24","2021-07-05","2021-07-08","2022-07-05","146","GoDaddy.com, LLC","whois.godaddy.com","http://registrar.godaddy.com","REDACTED FOR PRIVACY","","REDACTED FOR PRIVACY REDACTED FOR PRIVACY REDACTED FOR PRIVACY","REDACTED FOR PRIVACY","Irland","REDACTED FOR PRIVACY","Ireland","","REDACTED FOR PRIVACY","REDACTED FOR PRIVACY","REDACTED FOR PRIVACY","REDACTED FOR PRIVACY","REDACTED FOR PRIVACY REDACTED FOR PRIVACY REDACTED FOR PRIVACY","REDACTED FOR PRIVACY","REDACTED FOR PRIVACY","REDACTED FOR PRIVACY","REDACTED FOR PRIVACY","","REDACTED FOR PRIVACY","REDACTED FOR PRIVACY","REDACTED FOR PRIVACY","REDACTED FOR PRIVACY","REDACTED FOR PRIVACY REDACTED FOR PRIVACY REDACTED FOR PRIVACY","REDACTED FOR PRIVACY","REDACTED FOR PRIVACY","REDACTED FOR PRIVACY","REDACTED FOR PRIVACY","","REDACTED FOR PRIVACY","REDACTED FOR PRIVACY","","","","","","","","","","","dorthy.ns.cloudflare.com","vern.ns.cloudflare.com","","","addPeriod","clientDeleteProhibited","clientRenewProhibited","clientTransferProhibited"