"num","domain_name","query_time","create_date","update_date","expiry_date","domain_registrar_id","domain_registrar_name","domain_registrar_whois","domain_registrar_url","registrant_name","registrant_company","registrant_address","registrant_city","registrant_state","registrant_zip","registrant_country","registrant_email","registrant_phone","registrant_fax","administrative_name","administrative_company","administrative_address","administrative_city","administrative_state","administrative_zip","administrative_country","administrative_email","administrative_phone","administrative_fax","technical_name","technical_company","technical_address","technical_city","technical_state","technical_zip","technical_country","technical_email","technical_phone","technical_fax","billing_name","billing_company","billing_address","billing_city","billing_state","billing_zip","billing_country","billing_email","billing_phone","billing_fax","name_server_1","name_server_2","name_server_3","name_server_4","domain_status_1","domain_status_2","domain_status_3","domain_status_4"
"1","acexperts-it.com","2021-07-08 17:02:16","2021-07-05","2021-07-05","2023-07-05","146","GoDaddy.com, LLC","whois.godaddy.com","http://registrar.godaddy.com","","","","","IL","","Israel","","","","","","","","","","","","","","","","","","","","","","","","","","","","","","","","","","ns09.domaincontrol.com","ns10.domaincontrol.com","","","clientDeleteProhibited","clientRenewProhibited","clientTransferProhibited","clientUpdateProhibited"
"2","adcpa.info","2021-07-08 15:46:29","2021-07-06","2021-07-06","2022-07-06","146","GoDaddy.com, LLC","whois.godaddy.com","http://registrar.godaddy.com","Intersky","Intersky","","","il","","Israel","","","","","","","","","","","","","","","","","","","","","","","","","","","","","","","","","","ns1.interhost.co.il","ns2.interhost.co.il","ns4.interhost.co.il","ns6.interhost.co.il","addPeriod","clientDeleteProhibited","clientRenewProhibited","clientTransferProhibited"
"3","adirapteker.online","2021-07-08 15:27:44","2021-07-05","2021-07-05","2022-07-05","1636","Hostinger, UAB","whois.hostinger.com","http://www.hostinger.com","Not Applicable","Not Applicable","","","Hefa","","Israel","","","","","","","","","","","","","","","","","","","","","","","","","","","","","","","","","","ns1.hosting24.com","ns2.hosting24.com","","","addPeriod","clientTransferProhibited","serverTransferProhibited",""
"4","allfootballers.com","2021-07-08 18:37:11","2021-07-05","2021-07-05","2022-07-05","3528","DropCatch.com 1319 LLC","","","joshua pinto","ahuva inc","20 Hanurit Street., po box 1552","Tel Mond","HaMerkaz","4061020","Israel","ahuvainc@gmail.com","+972.542376611","","joshua pinto","ahuva inc","20 Hanurit Street., po box 1552","Tel Mond","HaMerkaz","4061020","Israel","ahuvainc@gmail.com","+972.542376611","","joshua pinto","ahuva inc","20 Hanurit Street., po box 1552","Tel Mond","HaMerkaz","4061020","Israel","ahuvainc@gmail.com","+972.542376611","","","","","","","","","","","","","","","","clientTransferProhibited","","",""
"5","allin-online.com","2021-07-08 14:26:53","2021-07-05","2021-07-05","2022-07-05","146","GoDaddy.com, LLC","whois.godaddy.com","http://registrar.godaddy.com","","","","","Israel","","Israel","","","","","","","","","","","","","","","","","","","","","","","","","","","","","","","","","","ns35.domaincontrol.com","ns36.domaincontrol.com","","","clientDeleteProhibited","clientRenewProhibited","clientTransferProhibited","clientUpdateProhibited"
"6","anthonydavis.life","2021-07-08 15:40:49","2021-07-05","2021-07-05","2022-07-05","146","GoDaddy.com, LLC","whois.godaddy.com","http://registrar.godaddy.com","REDACTED FOR PRIVACY","seo-rise","REDACTED FOR PRIVACY","REDACTED FOR PRIVACY","hamerkaz","REDACTED FOR PRIVACY","Israel","","REDACTED FOR PRIVACY","REDACTED FOR PRIVACY","","","","","","","","","","","","","","","","","","","","","","","","","","","","","","","","","","","addPeriod","clientDeleteProhibited","clientRenewProhibited","clientTransferProhibited"
"7","anthonydavis.site","2021-07-08 15:11:44","2021-07-05","2021-07-05","2022-07-05","146","GoDaddy.com, LLC","whois.godaddy.com","http://registrar.godaddy.com","seo-rise","seo-rise","","","hamerkaz","","Israel","","","","","","","","","","","","","","","","","","","","","","","","","","","","","","","","","","ns09.domaincontrol.com","ns10.domaincontrol.com","","","addPeriod","clientDeleteProhibited","clientRenewProhibited","clientTransferProhibited"
"8","anthonydavis.store","2021-07-08 15:09:36","2021-07-05","2021-07-05","2022-07-05","146","GoDaddy.com, LLC","whois.godaddy.com","http://registrar.godaddy.com","seo-rise","seo-rise","","","hamerkaz","","Israel","","","","","","","","","","","","","","","","","","","","","","","","","","","","","","","","","","ns1.sedoparking.com","ns2.sedoparking.com","","","addPeriod","clientDeleteProhibited","clientRenewProhibited","clientTransferProhibited"
"9","arthebest.com","2021-07-08 16:57:52","2021-07-05","2021-07-05","2023-07-05","303","PDR Ltd. d/b/a PublicDomainRegistry.com","whois.publicdomainregistry.com","http://www.publicdomainregistry.com","Peleg Kurland","Kurland Boris","Katzenelson Itzhak 15/18","Netanya","","4246415","Israel","kurland1@gmail.com","+972.525447467","","Peleg Kurland","Kurland Boris","Katzenelson Itzhak 15/18","Netanya","","4246415","Israel","kurland1@gmail.com","+972.525447467","","Domreg Interspace","Interspace Ltd.","19 Yad Harutzim St.","Netanya","","42505","Israel","domreg@interspace.net","+972.98850480","","","","","","","","","","","","ns1.sitesdepot.com","ns2.sitesdepot.com","","","clientTransferProhibited","","",""
"10","artmediadecor.com","2021-07-08 17:58:39","2021-07-05","2021-07-04","2022-07-05","146","GoDaddy.com, LLC","whois.godaddy.com","http://registrar.godaddy.com","kom","kom","","","AL","","Israel","","","","","","","","","","","","","","","","","","","","","","","","","","","","","","","","","","ns71.domaincontrol.com","ns72.domaincontrol.com","","","clientDeleteProhibited","clientRenewProhibited","clientTransferProhibited","clientUpdateProhibited"
"11","avraham-baroz.com","2021-07-08 16:56:56","2021-07-05","2021-07-08","2022-07-05","303","PDR Ltd. d/b/a PublicDomainRegistry.com","whois.publicdomainregistry.com","http://www.publicdomainregistry.com","Elhanan Chen Bar-Oz","Elhanan Chen Bar-Oz","47 Yehuda Halevi Street","Tel Aviv","","6578101","Israel","miki310@gmail.com","+972.89438888","+8.89438888","Elhanan Chen Bar-Oz","Elhanan Chen Bar-Oz","47 Yehuda Halevi Street","Tel Aviv","","6578101","Israel","miki310@gmail.com","+972.89438888","+8.89438888","Domreg Interspace","Interspace Ltd.","19 Yad Harutzim St.","Netanya","","42505","Israel","domreg@interspace.net","+972.98850480","","","","","","","","","","","","jo.ns.cloudflare.com","sean.ns.cloudflare.com","","","clientTransferProhibited","","",""
"12","avudud.com","2021-07-08 16:56:54","2021-07-05","2021-07-05","2022-07-05","303","PDR Ltd. d/b/a PublicDomainRegistry.com","whois.publicdomainregistry.com","http://www.publicdomainregistry.com","mazal shmila","","pkiin","jerusalem","IL","9742109","Israel","mishmeshmi@gmail.com","+972.052769764764","","mazal shmila","","pkiin","jerusalem","IL","9742109","Israel","mishmeshmi@gmail.com","+972.052769764764","","mazal shmila","","pkiin","jerusalem","IL","9742109","Israel","mishmeshmi@gmail.com","+972.052769764764","","","","","","","","","","","","ns-1189.awsdns-20.org","ns-1561.awsdns-03.co.uk","ns-60.awsdns-07.com","ns-867.awsdns-44.net","clientTransferProhibited","","",""
"13","baladijm.com","2021-07-08 02:10:45","2021-07-01","2021-07-01","2022-07-01","1636","Hostinger, UAB","whois.hostinger.com","http://www.hostinger.com","Samir Younis","Baladi Group","PO Box 379 judeidemaker Akko Israel","Akko","Hefa","2510500","Israel","samir13younis@gmail.com","+972.0527395912","","Samir Younis","Baladi Group","PO Box 379 judeidemaker Akko Israel","Akko","Hefa","2510500","Israel","samir13younis@gmail.com","+972.0527395912","","Samir Younis","Baladi Group","PO Box 379 judeidemaker Akko Israel","Akko","Hefa","2510500","Israel","samir13younis@gmail.com","+972.0527395912","","","","","","","","","","","","ns1.dns-parking.com","ns2.dns-parking.com","","","clientTransferProhibited","","",""
"14","bama-barama.info","2021-07-08 15:46:22","2021-07-06","2021-07-06","2022-07-06","146","GoDaddy.com, LLC","whois.godaddy.com","http://registrar.godaddy.com","Intersky","Intersky","","","il","","Israel","","","","","","","","","","","","","","","","","","","","","","","","","","","","","","","","","","ns1.interhost.co.il","ns2.interhost.co.il","ns4.interhost.co.il","ns6.interhost.co.il","addPeriod","clientDeleteProhibited","clientRenewProhibited","clientTransferProhibited"
"15","bama-rama.info","2021-07-08 15:46:22","2021-07-06","2021-07-06","2022-07-06","146","GoDaddy.com, LLC","whois.godaddy.com","http://registrar.godaddy.com","Intersky","Intersky","","","il","","Israel","","","","","","","","","","","","","","","","","","","","","","","","","","","","","","","","","","ns1.interhost.co.il","ns2.interhost.co.il","ns4.interhost.co.il","ns6.interhost.co.il","addPeriod","clientDeleteProhibited","clientRenewProhibited","clientTransferProhibited"
"16","belleese.com","2021-07-08 16:54:58","2021-07-05","2021-07-05","2022-07-05","146","GoDaddy.com, LLC","whois.godaddy.com","http://registrar.godaddy.com","","","","","Israel","","Israel","","","","","","","","","","","","","","","","","","","","","","","","","","","","","","","","","","jake.ns.cloudflare.com","ruth.ns.cloudflare.com","","","clientDeleteProhibited","clientRenewProhibited","clientTransferProhibited","clientUpdateProhibited"
"17","bestvpn4.com","2021-07-08 17:44:24","2021-07-05","2021-07-05","2022-07-05","625","Name.com, Inc.","whois.name.com","http://www.name.com","ami ner","","hyarkon 10","tel aviv","israel","30453","Israel","","Non-Public Data","","ami ner","","hyarkon 10","tel aviv","israel","30453","Israel","","Non-Public Data","","ami ner","","hyarkon 10","tel aviv","israel","30453","Israel","","Non-Public Data","","","","","","","","","","","","athena.ns.cloudflare.com","felicity.ns.cloudflare.com","","","addPeriod","clientTransferProhibited","",""
"18","bettermoveinbal.com","2021-07-08 14:35:56","2021-07-05","2021-07-05","2022-07-05","303","PDR Ltd. d/b/a PublicDomainRegistry.com","whois.publicdomainregistry.com","http://www.publicdomainregistry.com","INBAL REISS SHALIT","inbal reiss shalit","hashdot st","BEIYT YIZHAK","israel","4292000","Israel","inbalreiss@yahoo.com","+972.0544766726","","INBAL REISS SHALIT","inbal reiss shalit","hashdot st","BEIYT YIZHAK","israel","4292000","Israel","inbalreiss@yahoo.com","+972.0544766726","","INBAL REISS SHALIT","inbal reiss shalit","hashdot st","BEIYT YIZHAK","israel","4292000","Israel","inbalreiss@yahoo.com","+972.0544766726","","","","","","","","","","","","ns1.c7.vangus.io","ns2.c7.vangus.io","","","clientTransferProhibited","","",""
"19","biamed-tech.com","2021-07-08 14:35:40","2021-07-05","2021-07-05","2022-07-05","895","Google, Inc.","whois.rrpproxy.net","http://www.google.com","","","","","","","Israel","","","","","","","","","","","","","","","","","","","","","","","","","","","","","","","","","","ns-cloud-c1.googledomains.com","ns-cloud-c2.googledomains.com","ns-cloud-c3.googledomains.com","ns-cloud-c4.googledomains.com","clientTransferProhibited","","",""
"20","bintcd.net","2021-07-08 15:32:38","2021-07-04","2021-07-07","2022-07-04","303","PDR Ltd. d/b/a PublicDomainRegistry.com","whois.publicdomainregistry.com","http://www.publicdomainregistry.com","Shihab Khamis","Shihab Khamis","Holon","Holon","","5836325","Israel","anca-wmaria@outlook.com","+972.507549835","","Shihab Khamis","Shihab Khamis","Holon","Holon","","5836325","Israel","anca-wmaria@outlook.com","+972.507549835","","Domreg Interspace","Interspace Ltd.","19 Yad Harutzim St.","Netanya","","42505","Israel","domreg@interspace.net","+972.98850480","","","","","","","","","","","","ns1.suspended-domain.com","ns2.suspended-domain.com","","","clientDeleteProhibited","clientHold","clientTransferProhibited","clientUpdateProhibited"
"21","bionnaise.com","2021-07-08 17:16:25","2021-07-05","2021-07-05","2022-07-05","146","GoDaddy.com, LLC","whois.godaddy.com","http://registrar.godaddy.com","Impel Media Group Todaa LTD","Impel Media Group Todaa LTD","","","Gush Dan","","Israel","","","","","","","","","","","","","","","","","","","","","","","","","","","","","","","","","","ns13.domaincontrol.com","ns14.domaincontrol.com","","","clientDeleteProhibited","clientRenewProhibited","clientTransferProhibited","clientUpdateProhibited"
"22","brandon-ingram.com","2021-07-08 17:31:46","2021-07-05","2021-07-05","2022-07-05","146","GoDaddy.com, LLC","whois.godaddy.com","http://registrar.godaddy.com","seo-rise","seo-rise","","","hamerkaz","","Israel","","","","","","","","","","","","","","","","","","","","","","","","","","","","","","","","","","ns59.domaincontrol.com","ns60.domaincontrol.com","","","clientDeleteProhibited","clientRenewProhibited","clientTransferProhibited","clientUpdateProhibited"
"23","btclysc.net","2021-07-08 15:32:37","2021-07-04","2021-07-04","2022-07-04","303","PDR Ltd. d/b/a PublicDomainRegistry.com","whois.publicdomainregistry.com","http://www.publicdomainregistry.com","Shihab Khamis","Shihab Khamis","Holon","Holon","","5836325","Israel","anca-wmaria@outlook.com","+972.507549835","","Shihab Khamis","Shihab Khamis","Holon","Holon","","5836325","Israel","anca-wmaria@outlook.com","+972.507549835","","Domreg Interspace","Interspace Ltd.","19 Yad Harutzim St.","Netanya","","42505","Israel","domreg@interspace.net","+972.98850480","","","","","","","","","","","","ns1.sitesdepot.com","ns2.sitesdepot.com","","","clientTransferProhibited","","",""
"24","buzzmediagency.com","2021-07-08 16:54:44","2021-07-05","2021-07-05","2022-07-05","48","eNom, Inc.","whois.enom.com","http://www.enom.com","REDACTED FOR PRIVACY","REDACTED FOR PRIVACY","REDACTED FOR PRIVACY","REDACTED FOR PRIVACY","","REDACTED FOR PRIVACY","Israel","","REDACTED FOR PRIVACY","REDACTED FOR PRIVACY","REDACTED FOR PRIVACY","REDACTED FOR PRIVACY","REDACTED FOR PRIVACY","REDACTED FOR PRIVACY","REDACTED FOR PRIVACY","REDACTED FOR PRIVACY","REDACTED FOR PRIVACY","","REDACTED FOR PRIVACY","REDACTED FOR PRIVACY","REDACTED FOR PRIVACY","REDACTED FOR PRIVACY","REDACTED FOR PRIVACY","REDACTED FOR PRIVACY","REDACTED FOR PRIVACY","REDACTED FOR PRIVACY","REDACTED FOR PRIVACY","","REDACTED FOR PRIVACY","REDACTED FOR PRIVACY","","","","","","","","","","","ns1.box.co.il","ns2.box.co.il","","","addPeriod","clientTransferProhibited","",""
"25","cannabismexico.world","2021-07-08 14:51:44","2021-07-06","2021-07-06","2022-07-06","146","GoDaddy.com, LLC","whois.godaddy.com","http://registrar.godaddy.com","REDACTED FOR PRIVACY","flower of life tech","REDACTED FOR PRIVACY","REDACTED FOR PRIVACY","givhatayim","REDACTED FOR PRIVACY","Israel","","REDACTED FOR PRIVACY","REDACTED FOR PRIVACY","","","","","","","","","","","","","","","","","","","","","","","","","","","","","","","","","","","addPeriod","clientDeleteProhibited","clientRenewProhibited","clientTransferProhibited"
"26","cannabuiss.com","2021-07-08 16:54:08","2021-07-05","2021-07-06","2022-07-05","10007","Domain The Net Technologies Ltd.","whois.domainthenet.com","http://www.domainthenet.com","stefan sadeh","conexion travel","hod hasharon","hod hasharon","","4578567","Israel","stefan@conexiontravel.com","+972.542212141","+","stefan sadeh","conexion travel","hod hasharon","hod hasharon","","4578567","Israel","stefan@conexiontravel.com","+972.542212141","+","Liron Hadad","Expim Ltd","pob 62032 haagana 137","Tel Aviv","IL","6199903","Israel","office@expimltd.co.il","+972.36005252","+972.35422875","","","","","","","","","","","ns1.xpmns.com","ns2.xpmns.com","","","clientDeleteProhibited","clientTransferProhibited","",""
"27","cannabuisse.com","2021-07-08 16:54:04","2021-07-05","2021-07-06","2022-07-05","10007","Domain The Net Technologies Ltd.","whois.domainthenet.com","http://www.domainthenet.com","stefan sadeh","conexion travel","hod hasharon","hod hasharon","","4578567","Israel","stefan@conexiontravel.com","+972.542212141","+","stefan sadeh","conexion travel","hod hasharon","hod hasharon","","4578567","Israel","stefan@conexiontravel.com","+972.542212141","+","Liron Hadad","Expim Ltd","pob 62032 haagana 137","Tel Aviv","IL","6199903","Israel","office@expimltd.co.il","+972.36005252","+972.35422875","","","","","","","","","","","ns1.xpmns.com","ns2.xpmns.com","","","clientDeleteProhibited","clientTransferProhibited","",""
"28","cboutique-refael.com","2021-07-08 16:53:29","2021-07-05","2021-07-05","2022-07-05","303","PDR Ltd. d/b/a PublicDomainRegistry.com","whois.publicdomainregistry.com","http://www.publicdomainregistry.com","roi choen","snapshot LTD","harzim","netivot","israel","80200","Israel","mp.snapshot@gmail.com","+972.0549404097","","roi choen","snapshot LTD","harzim","netivot","israel","80200","Israel","mp.snapshot@gmail.com","+972.0549404097","","roi choen","snapshot LTD","harzim","netivot","israel","80200","Israel","mp.snapshot@gmail.com","+972.0549404097","","","","","","","","","","","","ns-1189.awsdns-20.org","ns-1561.awsdns-03.co.uk","ns-60.awsdns-07.com","ns-867.awsdns-44.net","clientTransferProhibited","","",""
"29","d-hamawi.com","2021-07-08 16:48:30","2021-07-05","2021-07-05","2022-07-05","1647","Hosting Concepts B.V. dba Openprovider","whois.registrar.eu","http://www.openprovider.com","REDACTED FOR PRIVACY","","REDACTED FOR PRIVACY","REDACTED FOR PRIVACY","TelAviv","REDACTED FOR PRIVACY","Israel","","REDACTED FOR PRIVACY","REDACTED FOR PRIVACY","REDACTED FOR PRIVACY","REDACTED FOR PRIVACY","REDACTED FOR PRIVACY","REDACTED FOR PRIVACY","REDACTED FOR PRIVACY","REDACTED FOR PRIVACY","REDACTED FOR PRIVACY","","REDACTED FOR PRIVACY","REDACTED FOR PRIVACY","REDACTED FOR PRIVACY","REDACTED FOR PRIVACY","REDACTED FOR PRIVACY","REDACTED FOR PRIVACY","REDACTED FOR PRIVACY","REDACTED FOR PRIVACY","REDACTED FOR PRIVACY","","REDACTED FOR PRIVACY","REDACTED FOR PRIVACY","","","","","","","","","","","ns1.dns-parking.com","ns2.dns-parking.com","","","clientTransferProhibited","","",""
"30","dd3sv.info","2021-07-08 15:46:15","2021-07-06","2021-07-06","2022-07-06","146","GoDaddy.com, LLC","whois.godaddy.com","http://registrar.godaddy.com","Beardmedia LTD","Beardmedia LTD","","","Ha-Sharon","","Israel","","","","","","","","","","","","","","","","","","","","","","","","","","","","","","","","","","hans.ns.cloudflare.com","ruth.ns.cloudflare.com","","","addPeriod","clientDeleteProhibited","clientRenewProhibited","clientTransferProhibited"
"31","design-press.site","2021-07-08 15:11:34","2021-07-05","2021-07-05","2022-07-05","146","GoDaddy.com, LLC","whois.godaddy.com","http://registrar.godaddy.com","","","","","\u05de\u05d7\u05d5\u05d6 \u05d7\u05d9\u05e4\u05d4","","Israel","","","","","","","","","","","","","","","","","","","","","","","","","","","","","","","","","","ns13.domaincontrol.com","ns14.domaincontrol.com","","","addPeriod","clientDeleteProhibited","clientRenewProhibited","clientTransferProhibited"
"32","dr-gillthein.info","2021-07-08 15:44:53","2021-07-06","2021-07-06","2022-07-06","146","GoDaddy.com, LLC","whois.godaddy.com","http://registrar.godaddy.com","Intersky","Intersky","","","il","","Israel","","","","","","","","","","","","","","","","","","","","","","","","","","","","","","","","","","ns1.interhost.co.il","ns2.interhost.co.il","ns4.interhost.co.il","ns6.interhost.co.il","addPeriod","clientDeleteProhibited","clientRenewProhibited","clientTransferProhibited"
"33","drormarom.com","2021-07-08 16:45:12","2021-07-05","2021-07-05","2022-07-05","48","eNom, Inc.","whois.enom.com","http://www.enom.com","REDACTED FOR PRIVACY","REDACTED FOR PRIVACY","REDACTED FOR PRIVACY","REDACTED FOR PRIVACY","","REDACTED FOR PRIVACY","Israel","","REDACTED FOR PRIVACY","REDACTED FOR PRIVACY","REDACTED FOR PRIVACY","REDACTED FOR PRIVACY","REDACTED FOR PRIVACY","REDACTED FOR PRIVACY","REDACTED FOR PRIVACY","REDACTED FOR PRIVACY","REDACTED FOR PRIVACY","","REDACTED FOR PRIVACY","REDACTED FOR PRIVACY","REDACTED FOR PRIVACY","REDACTED FOR PRIVACY","REDACTED FOR PRIVACY","REDACTED FOR PRIVACY","REDACTED FOR PRIVACY","REDACTED FOR PRIVACY","REDACTED FOR PRIVACY","","REDACTED FOR PRIVACY","REDACTED FOR PRIVACY","","","","","","","","","","","ns1.box.co.il","ns2.box.co.il","","","addPeriod","clientTransferProhibited","",""
"34","ebuyertools.com","2021-07-08 16:44:42","2021-07-05","2021-07-05","2022-07-05","433","OVH sas","whois.ovh.com","http://www.ovh.com","REDACTED FOR PRIVACY","","REDACTED FOR PRIVACY","REDACTED FOR PRIVACY","","REDACTED FOR PRIVACY","Israel","","REDACTED FOR PRIVACY","REDACTED FOR PRIVACY","REDACTED FOR PRIVACY","REDACTED FOR PRIVACY","REDACTED FOR PRIVACY","REDACTED FOR PRIVACY","REDACTED FOR PRIVACY","REDACTED FOR PRIVACY","REDACTED FOR PRIVACY","","REDACTED FOR PRIVACY","REDACTED FOR PRIVACY","REDACTED FOR PRIVACY","REDACTED FOR PRIVACY","REDACTED FOR PRIVACY","REDACTED FOR PRIVACY","REDACTED FOR PRIVACY","REDACTED FOR PRIVACY","REDACTED FOR PRIVACY","","REDACTED FOR PRIVACY","REDACTED FOR PRIVACY","","","","","","","","","","","dns106.ovh.net","ns106.ovh.net","","","clientDeleteProhibited","clientTransferProhibited","",""
"35","ed2ind.com","2021-07-08 16:44:26","2021-07-05","2021-07-05","2022-07-05","303","PDR Ltd. d/b/a PublicDomainRegistry.com","whois.publicdomainregistry.com","http://www.publicdomainregistry.com","Alexander Lapshun","Alexander Lapshun","33 Rokach Str.","Q. Motzkin","","11111","Israel","support@neo-lines.com","+972.45910778","","Alexander Lapshun","Alexander Lapshun","33 Rokach Str.","Q. Motzkin","","11111","Israel","support@neo-lines.com","+972.45910778","","Domreg Interspace","Interspace Ltd.","19 Yad Harutzim St.","Netanya","","42505","Israel","domreg@interspace.net","+972.98850480","","","","","","","","","","","","ns1.neo-lines.com","ns2.neo-lines.com","","","clientTransferProhibited","","",""
"36","elegantwatchesformen.com","2021-07-08 16:44:10","2021-07-05","2021-07-05","2022-07-05","1647","Hosting Concepts B.V. dba Openprovider","whois.registrar.eu","http://www.openprovider.com","REDACTED FOR PRIVACY","","REDACTED FOR PRIVACY","REDACTED FOR PRIVACY","Yerushalayim","REDACTED FOR PRIVACY","Israel","","REDACTED FOR PRIVACY","REDACTED FOR PRIVACY","REDACTED FOR PRIVACY","REDACTED FOR PRIVACY","REDACTED FOR PRIVACY","REDACTED FOR PRIVACY","REDACTED FOR PRIVACY","REDACTED FOR PRIVACY","REDACTED FOR PRIVACY","","REDACTED FOR PRIVACY","REDACTED FOR PRIVACY","REDACTED FOR PRIVACY","REDACTED FOR PRIVACY","REDACTED FOR PRIVACY","REDACTED FOR PRIVACY","REDACTED FOR PRIVACY","REDACTED FOR PRIVACY","REDACTED FOR PRIVACY","","REDACTED FOR PRIVACY","REDACTED FOR PRIVACY","","","","","","","","","","","ns1.dns-parking.com","ns2.dns-parking.com","","","clientTransferProhibited","ok","",""
"37","elrome.com","2021-07-08 16:43:53","2021-07-05","2021-07-05","2022-07-05","48","eNom, Inc.","whois.enom.com","http://www.enom.com","REDACTED FOR PRIVACY","REDACTED FOR PRIVACY","REDACTED FOR PRIVACY","REDACTED FOR PRIVACY","","REDACTED FOR PRIVACY","Israel","","REDACTED FOR PRIVACY","REDACTED FOR PRIVACY","REDACTED FOR PRIVACY","REDACTED FOR PRIVACY","REDACTED FOR PRIVACY","REDACTED FOR PRIVACY","REDACTED FOR PRIVACY","REDACTED FOR PRIVACY","REDACTED FOR PRIVACY","","REDACTED FOR PRIVACY","REDACTED FOR PRIVACY","REDACTED FOR PRIVACY","REDACTED FOR PRIVACY","REDACTED FOR PRIVACY","REDACTED FOR PRIVACY","REDACTED FOR PRIVACY","REDACTED FOR PRIVACY","REDACTED FOR PRIVACY","","REDACTED FOR PRIVACY","REDACTED FOR PRIVACY","","","","","","","","","","","ns14.wixdns.net","ns15.wixdns.net","","","addPeriod","clientTransferProhibited","",""
"38","englmind-kuwait.com","2021-07-08 16:43:34","2021-07-05","2021-07-05","2022-07-05","69","Tucows Domains Inc.","whois.tucows.com","http://domainhelp.opensrs.net","REDACTED FOR PRIVACY","REDACTED FOR PRIVACY","REDACTED FOR PRIVACY","REDACTED FOR PRIVACY","XX","REDACTED FOR PRIVACY","Israel","","REDACTED FOR PRIVACY","REDACTED FOR PRIVACY","REDACTED FOR PRIVACY","REDACTED FOR PRIVACY","REDACTED FOR PRIVACY","REDACTED FOR PRIVACY","REDACTED FOR PRIVACY","REDACTED FOR PRIVACY","REDACTED FOR PRIVACY","","REDACTED FOR PRIVACY","REDACTED FOR PRIVACY","REDACTED FOR PRIVACY","REDACTED FOR PRIVACY","REDACTED FOR PRIVACY","REDACTED FOR PRIVACY","REDACTED FOR PRIVACY","REDACTED FOR PRIVACY","REDACTED FOR PRIVACY","","REDACTED FOR PRIVACY","REDACTED FOR PRIVACY","","","","","","","","","","","ns1.siteground.net","ns2.siteground.net","","","clientTransferProhibited","clientUpdateProhibited","",""
"39","eretzbeauty.com","2021-07-08 16:43:13","2021-07-05","2021-07-05","2022-07-05","48","eNom, Inc.","whois.enom.com","http://www.enom.com","REDACTED FOR PRIVACY","REDACTED FOR PRIVACY","REDACTED FOR PRIVACY","REDACTED FOR PRIVACY","","REDACTED FOR PRIVACY","Israel","","REDACTED FOR PRIVACY","REDACTED FOR PRIVACY","REDACTED FOR PRIVACY","REDACTED FOR PRIVACY","REDACTED FOR PRIVACY","REDACTED FOR PRIVACY","REDACTED FOR PRIVACY","REDACTED FOR PRIVACY","REDACTED FOR PRIVACY","","REDACTED FOR PRIVACY","REDACTED FOR PRIVACY","REDACTED FOR PRIVACY","REDACTED FOR PRIVACY","REDACTED FOR PRIVACY","REDACTED FOR PRIVACY","REDACTED FOR PRIVACY","REDACTED FOR PRIVACY","REDACTED FOR PRIVACY","","REDACTED FOR PRIVACY","REDACTED FOR PRIVACY","","","","","","","","","","","ns1.box.co.il","ns2.box.co.il","","","addPeriod","clientTransferProhibited","",""
"40","extrmile.com","2021-07-08 18:09:20","2021-07-05","2021-07-05","2022-07-05","10007","Domain The Net Technologies Ltd.","whois.domainthenet.com","http://www.domainthenet.com","keren bessel","extramile travel Ltd","uziel 30","ramatgan","","5239215","Israel","kerenbessel30@gmail.com","+972.34519518","+","keren bessel","extramile travel Ltd","uziel 30","ramatgan","","5239215","Israel","kerenbessel30@gmail.com","+972.34519518","+","keren bessel","extramile travel Ltd","uziel 30","ramatgan","","5239215","Israel","kerenbessel30@gmail.com","+972.34519518","+","","","","","","","","","","","ns1.dtnt.info","ns2.dtnt.info","ns3.dtnt.info","","clientDeleteProhibited","clientTransferProhibited","",""
"41","eyesh-design.com","2021-07-08 16:41:56","2021-07-05","2021-07-05","2022-07-05","1647","Hosting Concepts B.V. dba Openprovider","whois.registrar.eu","http://www.openprovider.com","REDACTED FOR PRIVACY","","REDACTED FOR PRIVACY","REDACTED FOR PRIVACY","HaDarom","REDACTED FOR PRIVACY","Israel","","REDACTED FOR PRIVACY","REDACTED FOR PRIVACY","REDACTED FOR PRIVACY","REDACTED FOR PRIVACY","REDACTED FOR PRIVACY","REDACTED FOR PRIVACY","REDACTED FOR PRIVACY","REDACTED FOR PRIVACY","REDACTED FOR PRIVACY","","REDACTED FOR PRIVACY","REDACTED FOR PRIVACY","REDACTED FOR PRIVACY","REDACTED FOR PRIVACY","REDACTED FOR PRIVACY","REDACTED FOR PRIVACY","REDACTED FOR PRIVACY","REDACTED FOR PRIVACY","REDACTED FOR PRIVACY","","REDACTED FOR PRIVACY","REDACTED FOR PRIVACY","","","","","","","","","","","ns1.dns-parking.com","ns2.dns-parking.com","","","clientTransferProhibited","","",""
"42","ff3sv.info","2021-07-08 15:44:51","2021-07-06","2021-07-06","2022-07-06","146","GoDaddy.com, LLC","whois.godaddy.com","http://registrar.godaddy.com","Beardmedia LTD","Beardmedia LTD","","","Ha-Sharon","","Israel","","","","","","","","","","","","","","","","","","","","","","","","","","","","","","","","","","hans.ns.cloudflare.com","ruth.ns.cloudflare.com","","","addPeriod","clientDeleteProhibited","clientRenewProhibited","clientTransferProhibited"
"43","fooddiez.com","2021-07-08 16:40:08","2021-07-05","2021-07-07","2022-07-05","146","GoDaddy.com, LLC","whois.godaddy.com","http://registrar.godaddy.com","HitSearch Ltd.","HitSearch Ltd.","","","HaMerkaz","","Israel","","","","","","","","","","","","","","","","","","","","","","","","","","","","","","","","","","boyd.ns.cloudflare.com","wally.ns.cloudflare.com","","","clientDeleteProhibited","clientRenewProhibited","clientTransferProhibited","clientUpdateProhibited"
"44","formation-cpf-france.info","2021-07-08 15:46:20","2021-07-06","2021-07-06","2022-07-06","1630","Ligne Web Services SARL","whois.nic.fr","http://www.ait.com","","","","","","","Israel","","","","","","","","","","","","","","","","","","","","","","","","","","","","","","","","","","ns17.lwsdns.com","ns18.lwsdns.com","ns19.lwsdns.com","ns20.lwsdns.com","addPeriod","serverTransferProhibited","",""
"45","gazafish.net","2021-07-08 15:31:54","2021-07-04","2021-07-04","2023-07-04","303","PDR Ltd. d/b/a PublicDomainRegistry.com","whois.publicdomainregistry.com","http://www.publicdomainregistry.com","talaltalal","","halhol","hura","Israel","8573000","Israel","info@sanobar.net","+972.0537266600","","talaltalal","","halhol","hura","Israel","8573000","Israel","info@sanobar.net","+972.0537266600","","talaltalal","","halhol","hura","Israel","8573000","Israel","info@sanobar.net","+972.0537266600","","","","","","","","","","","","ns1.enter-system.com","ns2.enter-system.com","","","clientTransferProhibited","","",""
"46","gemsmartplus.com","2021-07-08 16:38:06","2021-07-05","2021-07-05","2023-07-05","146","GoDaddy.com, LLC","whois.godaddy.com","http://registrar.godaddy.com","Baccara Geva","Baccara Geva","","","Israel","","Israel","","","","","","","","","","","","","","","","","","","","","","","","","","","","","","","","","","ns71.domaincontrol.com","ns72.domaincontrol.com","","","clientDeleteProhibited","clientRenewProhibited","clientTransferProhibited","clientUpdateProhibited"
"47","gemsmartplus.website","2021-07-08 14:52:21","2021-07-05","2021-07-05","2023-07-05","146","GoDaddy.com, LLC","whois.godaddy.com","http://registrar.godaddy.com","Baccara Geva","Baccara Geva","","","Israel","","Israel","","","","","","","","","","","","","","","","","","","","","","","","","","","","","","","","","","ns59.domaincontrol.com","ns60.domaincontrol.com","","","addPeriod","clientDeleteProhibited","clientRenewProhibited","clientTransferProhibited"
"48","gemsmarts.com","2021-07-08 17:31:12","2021-07-05","2021-07-05","2023-07-05","146","GoDaddy.com, LLC","whois.godaddy.com","http://registrar.godaddy.com","Baccara Geva","Baccara Geva","","","Israel","","Israel","","","","","","","","","","","","","","","","","","","","","","","","","","","","","","","","","","ns69.domaincontrol.com","ns70.domaincontrol.com","","","clientDeleteProhibited","clientRenewProhibited","clientTransferProhibited","clientUpdateProhibited"
"49","genesea.net","2021-07-08 15:31:54","2021-07-04","2021-07-04","2022-07-04","895","Google, Inc.","whois.rrpproxy.net","http://www.google.com","","","","","","","Israel","","","","","","","","","","","","","","","","","","","","","","","","","","","","","","","","","","ns-cloud-b1.googledomains.com","ns-cloud-b2.googledomains.com","ns-cloud-b3.googledomains.com","ns-cloud-b4.googledomains.com","clientTransferProhibited","","",""
"50","geniushift.com","2021-07-08 16:38:10","2021-07-05","2021-07-05","2022-07-05","146","GoDaddy.com, LLC","whois.godaddy.com","http://registrar.godaddy.com","Rinnovation Group","Rinnovation Group","","","","","Israel","","","","","","","","","","","","","","","","","","","","","","","","","","","","","","","","","","ns59.domaincontrol.com","ns60.domaincontrol.com","","","clientDeleteProhibited","clientRenewProhibited","clientTransferProhibited","clientUpdateProhibited"
"51","golanteva.com","2021-07-08 16:37:15","2021-07-05","2021-07-06","2022-07-05","1647","Hosting Concepts B.V. dba Openprovider","whois.registrar.eu","http://www.openprovider.com","REDACTED FOR PRIVACY","","REDACTED FOR PRIVACY","REDACTED FOR PRIVACY","HaTsafon","REDACTED FOR PRIVACY","Israel","","REDACTED FOR PRIVACY","REDACTED FOR PRIVACY","REDACTED FOR PRIVACY","REDACTED FOR PRIVACY","REDACTED FOR PRIVACY","REDACTED FOR PRIVACY","REDACTED FOR PRIVACY","REDACTED FOR PRIVACY","REDACTED FOR PRIVACY","","REDACTED FOR PRIVACY","REDACTED FOR PRIVACY","REDACTED FOR PRIVACY","REDACTED FOR PRIVACY","REDACTED FOR PRIVACY","REDACTED FOR PRIVACY","REDACTED FOR PRIVACY","REDACTED FOR PRIVACY","REDACTED FOR PRIVACY","","REDACTED FOR PRIVACY","REDACTED FOR PRIVACY","","","","","","","","","","","ns1.dns-parking.com","ns2.dns-parking.com","","","clientTransferProhibited","","",""
"52","greepal.com","2021-07-08 18:42:41","2021-07-05","2021-07-07","2022-07-05","886","Domain.com, LLC","whois.domain.com","http://www.domain.com","REDACTED FOR PRIVACY","REDACTED FOR PRIVACY","REDACTED FOR PRIVACY","REDACTED FOR PRIVACY","NA","REDACTED FOR PRIVACY","Israel","","REDACTED FOR PRIVACY","REDACTED FOR PRIVACY","REDACTED FOR PRIVACY","REDACTED FOR PRIVACY","REDACTED FOR PRIVACY","REDACTED FOR PRIVACY","REDACTED FOR PRIVACY","REDACTED FOR PRIVACY","REDACTED FOR PRIVACY","","REDACTED FOR PRIVACY","REDACTED FOR PRIVACY","REDACTED FOR PRIVACY","REDACTED FOR PRIVACY","REDACTED FOR PRIVACY","REDACTED FOR PRIVACY","REDACTED FOR PRIVACY","REDACTED FOR PRIVACY","REDACTED FOR PRIVACY","","REDACTED FOR PRIVACY","REDACTED FOR PRIVACY","","","","","","","","","","","ns1.02022011.site","ns2.02022011.site","","","","","",""
"53","hazzard-rp.site","2021-07-08 15:11:23","2021-07-05","2021-07-05","2022-07-05","146","GoDaddy.com, LLC","whois.godaddy.com","http://registrar.godaddy.com","HazzardRP","HazzardRP","","","Israel","","Israel","","","","","","","","","","","","","","","","","","","","","","","","","","","","","","","","","","aitana.ns.cloudflare.com","theo.ns.cloudflare.com","","","addPeriod","clientDeleteProhibited","clientRenewProhibited","clientTransferProhibited"
"54","helen-geo.com","2021-07-08 14:38:15","2021-07-05","2021-07-05","2023-07-05","146","GoDaddy.com, LLC","whois.godaddy.com","http://registrar.godaddy.com","","","","","Tsafon","","Israel","","","","","","","","","","","","","","","","","","","","","","","","","","","","","","","","","","ns59.domaincontrol.com","ns60.domaincontrol.com","","","clientDeleteProhibited","clientRenewProhibited","clientTransferProhibited","clientUpdateProhibited"
"55","hotelsmap.net","2021-07-08 15:35:31","2021-07-03","2021-07-03","2022-07-03","146","GoDaddy.com, LLC","whois.godaddy.com","http://registrar.godaddy.com","","","","","Israel","","Israel","","","","","","","","","","","","","","","","","","","","","","","","","","","","","","","","","","ns05.domaincontrol.com","ns06.domaincontrol.com","","","clientDeleteProhibited","clientRenewProhibited","clientTransferProhibited","clientUpdateProhibited"
"56","hrtopit.com","2021-07-08 14:36:53","2021-07-05","2021-07-05","2022-07-05","48","eNom, Inc.","whois.enom.com","http://www.enom.com","REDACTED FOR PRIVACY","REDACTED FOR PRIVACY","REDACTED FOR PRIVACY","REDACTED FOR PRIVACY","","REDACTED FOR PRIVACY","Israel","","REDACTED FOR PRIVACY","REDACTED FOR PRIVACY","REDACTED FOR PRIVACY","REDACTED FOR PRIVACY","REDACTED FOR PRIVACY","REDACTED FOR PRIVACY","REDACTED FOR PRIVACY","REDACTED FOR PRIVACY","REDACTED FOR PRIVACY","","REDACTED FOR PRIVACY","REDACTED FOR PRIVACY","REDACTED FOR PRIVACY","REDACTED FOR PRIVACY","REDACTED FOR PRIVACY","REDACTED FOR PRIVACY","REDACTED FOR PRIVACY","REDACTED FOR PRIVACY","REDACTED FOR PRIVACY","","REDACTED FOR PRIVACY","REDACTED FOR PRIVACY","","","","","","","","","","","ns114.inhostedns.com","ns214.inhostedns.net","ns314.inhostedns.org","","addPeriod","clientTransferProhibited","",""
"57","hypeproduct.site","2021-07-08 15:11:20","2021-07-05","2021-07-05","2022-07-05","146","GoDaddy.com, LLC","whois.godaddy.com","http://registrar.godaddy.com","","","","","westbank","","Israel","","","","","","","","","","","","","","","","","","","","","","","","","","","","","","","","","","ns1.02022011.site","ns2.02022011.site","","","addPeriod","clientDeleteProhibited","clientRenewProhibited","clientTransferProhibited"
"58","ibackapp.com","2021-07-08 17:26:25","2021-07-05","2021-07-05","2022-07-05","146","GoDaddy.com, LLC","whois.godaddy.com","http://registrar.godaddy.com","","","","","Jerusalem","","Israel","","","","","","","","","","","","","","","","","","","","","","","","","","","","","","","","","","ns1.sedoparking.com","ns2.sedoparking.com","","","clientDeleteProhibited","clientRenewProhibited","clientTransferProhibited","clientUpdateProhibited"
"59","jerusalem.company","2021-07-08 15:49:20","2021-07-05","2021-07-07","2022-07-05","146","GoDaddy.com, LLC","whois.godaddy.com","http://registrar.godaddy.com","REDACTED FOR PRIVACY","","REDACTED FOR PRIVACY","REDACTED FOR PRIVACY","jerusalem","REDACTED FOR PRIVACY","Israel","","REDACTED FOR PRIVACY","REDACTED FOR PRIVACY","","","","","","","","","","","","","","","","","","","","","","","","","","","","","","","","","","","addPeriod","","",""
"60","jerusalem.exchange","2021-07-08 15:46:57","2021-07-05","2021-07-07","2022-07-05","146","GoDaddy.com, LLC","whois.godaddy.com","http://registrar.godaddy.com","REDACTED FOR PRIVACY","","REDACTED FOR PRIVACY","REDACTED FOR PRIVACY","jerusalem","REDACTED FOR PRIVACY","Israel","","REDACTED FOR PRIVACY","REDACTED FOR PRIVACY","","","","","","","","","","","","","","","","","","","","","","","","","","","","","","","","","","","addPeriod","","",""
"61","jerusalem.style","2021-07-08 15:07:58","2021-07-05","2021-07-07","2022-07-05","146","GoDaddy.com, LLC","whois.godaddy.com","http://registrar.godaddy.com","REDACTED FOR PRIVACY","","REDACTED FOR PRIVACY","REDACTED FOR PRIVACY","jerusalem","REDACTED FOR PRIVACY","Israel","","REDACTED FOR PRIVACY","REDACTED FOR PRIVACY","","","","","","","","","","","","","","","","","","","","","","","","","","","","","","","","","","","addPeriod","","",""
"62","jerusalem.systems","2021-07-08 15:08:01","2021-07-05","2021-07-07","2022-07-05","146","GoDaddy.com, LLC","whois.godaddy.com","http://registrar.godaddy.com","REDACTED FOR PRIVACY","","REDACTED FOR PRIVACY","REDACTED FOR PRIVACY","jerusalem","REDACTED FOR PRIVACY","Israel","","REDACTED FOR PRIVACY","REDACTED FOR PRIVACY","","","","","","","","","","","","","","","","","","","","","","","","","","","","","","","","","","","addPeriod","","",""
"63","jerusalem.works","2021-07-08 14:51:51","2021-07-05","2021-07-07","2022-07-05","146","GoDaddy.com, LLC","whois.godaddy.com","http://registrar.godaddy.com","REDACTED FOR PRIVACY","","REDACTED FOR PRIVACY","REDACTED FOR PRIVACY","jerusalem","REDACTED FOR PRIVACY","Israel","","REDACTED FOR PRIVACY","REDACTED FOR PRIVACY","","","","","","","","","","","","","","","","","","","","","","","","","","","","","","","","","","","addPeriod","","",""
"64","jerusalem.zone","2021-07-08 14:51:42","2021-07-05","2021-07-07","2022-07-05","146","GoDaddy.com, LLC","whois.godaddy.com","http://registrar.godaddy.com","REDACTED FOR PRIVACY","","REDACTED FOR PRIVACY","REDACTED FOR PRIVACY","jerusalem","REDACTED FOR PRIVACY","Israel","","REDACTED FOR PRIVACY","REDACTED FOR PRIVACY","","","","","","","","","","","","","","","","","","","","","","","","","","","","","","","","","","","addPeriod","","",""
"65","jerusalemhousing.com","2021-07-08 18:36:27","2021-07-05","2021-07-08","2022-07-05","146","GoDaddy.com, LLC","whois.godaddy.com","http://registrar.godaddy.com","","","","","Jerusalem","","Israel","","","","","","","","","","","","","","","","","","","","","","","","","","","","","","","","","","ns11.domaincontrol.com","ns12.domaincontrol.com","ns35.domaincontrol.com","ns36.domaincontrol.com","OK","","",""
"66","kalocca.com","2021-07-08 16:30:21","2021-07-05","2021-07-05","2023-07-05","303","PDR Ltd. d/b/a PublicDomainRegistry.com","whois.publicdomainregistry.com","http://www.publicdomainregistry.com","Lauren Alia Ifrah","Lauren Alia Ifrah","1 Nofach St.","Kiryat Gat","","8224650","Israel","laurenalia2@gmail.com","+972.548091722","","Lauren Alia Ifrah","Lauren Alia Ifrah","1 Nofach St.","Kiryat Gat","","8224650","Israel","laurenalia2@gmail.com","+972.548091722","","Domreg Interspace","Interspace Ltd.","19 Yad Harutzim St.","Netanya","","42505","Israel","domreg@interspace.net","+972.98850480","","","","","","","","","","","","ns1.sitesdepot.com","ns2.sitesdepot.com","","","clientTransferProhibited","","",""
"67","krulikol.tech","2021-07-08 15:06:30","2021-07-05","2021-07-05","2022-07-05","1636","Hostinger, UAB","whois.hostinger.com","http://www.hostinger.com","Aplica Media LTD LTD","Aplica Media LTD LTD","","","Tel Aviv","","Israel","","","","","","","","","","","","","","","","","","","","","","","","","","","","","","","","","","ns1.dns-parking.com","ns2.dns-parking.com","","","addPeriod","clientTransferProhibited","serverTransferProhibited",""
"68","lala.express","2021-07-08 15:46:54","2021-07-05","2021-07-05","2022-07-05","146","GoDaddy.com, LLC","whois.godaddy.com","http://registrar.godaddy.com","REDACTED FOR PRIVACY","","REDACTED FOR PRIVACY","REDACTED FOR PRIVACY","Tel Aviv-Yafo","REDACTED FOR PRIVACY","Israel","","REDACTED FOR PRIVACY","REDACTED FOR PRIVACY","","","","","","","","","","","","","","","","","","","","","","","","","","","","","","","","","","","addPeriod","clientDeleteProhibited","clientRenewProhibited","clientTransferProhibited"
"69","larisik.com","2021-07-08 16:28:01","2021-07-05","2021-07-05","2022-07-05","303","PDR Ltd. d/b/a PublicDomainRegistry.com","whois.publicdomainregistry.com","http://www.publicdomainregistry.com","Larisa Kotov","Larisa Kotov","29 Oren St.","Haifa","","11111","Israel","974cookies@gmail.com","+972.556606469","","Larisa Kotov","Larisa Kotov","29 Oren St.","Haifa","","11111","Israel","974cookies@gmail.com","+972.556606469","","Domreg Interspace","Interspace Ltd.","19 Yad Harutzim St.","Netanya","","42505","Israel","domreg@interspace.net","+972.98850480","","","","","","","","","","","","ns1.sitesdepot.com","ns2.sitesdepot.com","","","clientTransferProhibited","","",""
"70","lebron.store","2021-07-08 15:09:47","2021-07-05","2021-07-05","2022-07-05","146","GoDaddy.com, LLC","whois.godaddy.com","http://registrar.godaddy.com","seo-rise","seo-rise","","","hamerkaz","","Israel","","","","","","","","","","","","","","","","","","","","","","","","","","","","","","","","","","ns55.domaincontrol.com","ns56.domaincontrol.com","","","addPeriod","clientDeleteProhibited","clientRenewProhibited","clientTransferProhibited"
"71","lebrun.club","2021-07-08 18:45:53","2021-07-05","2021-07-05","2022-07-05","81","Gandi SAS","whois.gandi.net","http://www.gandi.net","REDACTED FOR PRIVACY","","REDACTED FOR PRIVACY REDACTED FOR PRIVACY REDACTED FOR PRIVACY","REDACTED FOR PRIVACY","","REDACTED FOR PRIVACY","Israel","","REDACTED FOR PRIVACY","REDACTED FOR PRIVACY","REDACTED FOR PRIVACY","REDACTED FOR PRIVACY","REDACTED FOR PRIVACY REDACTED FOR PRIVACY REDACTED FOR PRIVACY","REDACTED FOR PRIVACY","REDACTED FOR PRIVACY","REDACTED FOR PRIVACY","REDACTED FOR PRIVACY","","REDACTED FOR PRIVACY","REDACTED FOR PRIVACY","REDACTED FOR PRIVACY","REDACTED FOR PRIVACY","REDACTED FOR PRIVACY REDACTED FOR PRIVACY REDACTED FOR PRIVACY","REDACTED FOR PRIVACY","REDACTED FOR PRIVACY","REDACTED FOR PRIVACY","REDACTED FOR PRIVACY","","REDACTED FOR PRIVACY","REDACTED FOR PRIVACY","","","","","","","","","","","ns-161-a.gandi.net","ns-189-c.gandi.net","ns-42-b.gandi.net","","addPeriod","clientTransferProhibited","",""
"72","levavot.online","2021-07-08 15:26:24","2021-07-05","2021-07-05","2022-07-05","1636","Hostinger, UAB","whois.hostinger.com","http://www.hostinger.com","Not Applicable","Not Applicable","","","HaDarom","","Israel","","","","","","","","","","","","","","","","","","","","","","","","","","","","","","","","","","ns1.dns-parking.com","ns2.dns-parking.com","","","addPeriod","clientTransferProhibited","serverTransferProhibited",""
"73","line-factory.com","2021-07-08 17:40:05","2021-07-05","2021-07-05","2023-07-05","886","Domain.com, LLC","whois.domain.com","http://www.domain.com","REDACTED FOR PRIVACY","REDACTED FOR PRIVACY","REDACTED FOR PRIVACY","REDACTED FOR PRIVACY","NA","REDACTED FOR PRIVACY","Israel","","REDACTED FOR PRIVACY","REDACTED FOR PRIVACY","REDACTED FOR PRIVACY","REDACTED FOR PRIVACY","REDACTED FOR PRIVACY","REDACTED FOR PRIVACY","REDACTED FOR PRIVACY","REDACTED FOR PRIVACY","REDACTED FOR PRIVACY","","REDACTED FOR PRIVACY","REDACTED FOR PRIVACY","REDACTED FOR PRIVACY","REDACTED FOR PRIVACY","REDACTED FOR PRIVACY","REDACTED FOR PRIVACY","REDACTED FOR PRIVACY","REDACTED FOR PRIVACY","REDACTED FOR PRIVACY","","REDACTED FOR PRIVACY","REDACTED FOR PRIVACY","","","","","","","","","","","ns1.domain.com","ns1.epizy.com","ns2.domain.com","ns2.epizy.com","","","",""
"74","locking-control.com","2021-07-08 18:28:18","2021-07-05","2021-07-06","2022-07-05","440","Wild West Domains, LLC","whois.wildwestdomains.com","http://www.wildwestdomains.com","Locking Control ltd","Locking Control ltd","","","israel","","Israel","","","","","","","","","","","","","","","","","","","","","","","","","","","","","","","","","","ns3.myhcloud.com","ns4.myhcloud.com","","","clientDeleteProhibited","clientRenewProhibited","clientTransferProhibited","clientUpdateProhibited"
"75","logoscloud.online","2021-07-08 15:26:27","2021-07-05","2021-07-05","2023-07-05","146","GoDaddy.com, LLC","whois.godaddy.com","http://registrar.godaddy.com","","","","","Merkaz","","Israel","","","","","","","","","","","","","","","","","","","","","","","","","","","","","","","","","","ns71.domaincontrol.com","ns72.domaincontrol.com","","","addPeriod","clientDeleteProhibited","clientRenewProhibited","clientTransferProhibited"
"76","makstar.site","2021-07-08 15:11:19","2021-07-05","2021-07-05","2022-07-05","1636","Hostinger, UAB","whois.hostinger.com","http://www.hostinger.com","Aplica Media","Aplica Media","","","","","Israel","","","","","","","","","","","","","","","","","","","","","","","","","","","","","","","","","","ns1.dns-parking.com","ns2.dns-parking.com","","","addPeriod","clientTransferProhibited","serverTransferProhibited",""
"77","meeshoe.net","2021-07-08 15:30:35","2021-07-04","2021-07-04","2022-07-04","146","GoDaddy.com, LLC","whois.godaddy.com","http://registrar.godaddy.com","","","","","Pituach","","Israel","","","","","","","","","","","","","","","","","","","","","","","","","","","","","","","","","","ns09.domaincontrol.com","ns10.domaincontrol.com","","","clientDeleteProhibited","clientRenewProhibited","clientTransferProhibited","clientUpdateProhibited"
"78","millionketos.com","2021-07-08 16:21:31","2021-07-05","2021-07-05","2022-07-05","146","GoDaddy.com, LLC","whois.godaddy.com","http://registrar.godaddy.com","","","","","Not Applicable","","Israel","","","","","","","","","","","","","","","","","","","","","","","","","","","","","","","","","","ns35.domaincontrol.com","ns36.domaincontrol.com","","","clientDeleteProhibited","clientRenewProhibited","clientTransferProhibited","clientUpdateProhibited"
"79","mkravtsov.com","2021-07-08 16:20:26","2021-07-05","2021-07-05","2022-07-05","146","GoDaddy.com, LLC","whois.godaddy.com","http://registrar.godaddy.com","","","","","NA","","Israel","","","","","","","","","","","","","","","","","","","","","","","","","","","","","","","","","","ns15.domaincontrol.com","ns16.domaincontrol.com","","","clientDeleteProhibited","clientRenewProhibited","clientTransferProhibited","clientUpdateProhibited"
"80","moniot-hillel.info","2021-07-08 15:44:41","2021-07-06","2021-07-06","2022-07-06","146","GoDaddy.com, LLC","whois.godaddy.com","http://registrar.godaddy.com","Intersky","Intersky","","","il","","Israel","","","","","","","","","","","","","","","","","","","","","","","","","","","","","","","","","","ns1.interhost.co.il","ns2.interhost.co.il","ns4.interhost.co.il","ns6.interhost.co.il","addPeriod","clientDeleteProhibited","clientRenewProhibited","clientTransferProhibited"
"81","my-baby.cool","2021-07-08 15:49:12","2021-07-05","2021-07-05","2022-07-05","10007","Domain The Net Technologies Ltd.","whois.domainthenet.com","http://www.domainthenet.com","REDACTED FOR PRIVACY","Shimon Ben lulu","REDACTED FOR PRIVACY","REDACTED FOR PRIVACY","IL","REDACTED FOR PRIVACY","Israel","","REDACTED FOR PRIVACY","REDACTED FOR PRIVACY","","","","","","","","","","","","","","","","","","","","","","","","","","","","","","","","","","","addPeriod","clientDeleteProhibited","clientTransferProhibited",""
"82","mytalkingproduct.com","2021-07-08 16:18:43","2021-07-05","2021-07-05","2022-07-05","886","Domain.com, LLC","whois.domain.com","http://www.domain.com","REDACTED FOR PRIVACY","REDACTED FOR PRIVACY","REDACTED FOR PRIVACY","REDACTED FOR PRIVACY","NA","REDACTED FOR PRIVACY","Israel","","REDACTED FOR PRIVACY","REDACTED FOR PRIVACY","REDACTED FOR PRIVACY","REDACTED FOR PRIVACY","REDACTED FOR PRIVACY","REDACTED FOR PRIVACY","REDACTED FOR PRIVACY","REDACTED FOR PRIVACY","REDACTED FOR PRIVACY","","REDACTED FOR PRIVACY","REDACTED FOR PRIVACY","REDACTED FOR PRIVACY","REDACTED FOR PRIVACY","REDACTED FOR PRIVACY","REDACTED FOR PRIVACY","REDACTED FOR PRIVACY","REDACTED FOR PRIVACY","REDACTED FOR PRIVACY","","REDACTED FOR PRIVACY","REDACTED FOR PRIVACY","","","","","","","","","","","ns1.domain.com","ns2.domain.com","","","","","",""
"83","notanotherinvestor.com","2021-07-08 14:41:14","2021-07-05","2021-07-05","2031-07-05","146","GoDaddy.com, LLC","whois.godaddy.com","http://registrar.godaddy.com","Alegria Media","Alegria Media","","","Merkaz","","Israel","","","","","","","","","","","","","","","","","","","","","","","","","","","","","","","","","","ns35.domaincontrol.com","ns36.domaincontrol.com","","","clientDeleteProhibited","clientRenewProhibited","clientTransferProhibited","clientUpdateProhibited"
"84","ofekmazliah.com","2021-07-08 14:40:36","2021-07-05","2021-07-05","2023-07-05","303","PDR Ltd. d/b/a PublicDomainRegistry.com","whois.publicdomainregistry.com","http://www.publicdomainregistry.com","Amnon Fridman","Amnon Fridman","15 Dvarmalchut St.","Kfar Habad","","6084000","Israel","amnonf770@gmail.com","+972.542577081","","Amnon Fridman","Amnon Fridman","15 Dvarmalchut St.","Kfar Habad","","6084000","Israel","amnonf770@gmail.com","+972.542577081","","Domreg Interspace","Interspace Ltd.","19 Yad Harutzim St.","Netanya","","42505","Israel","domreg@interspace.net","+972.98850480","","","","","","","","","","","","ns1.sitesdepot.com","ns2.sitesdepot.com","","","clientTransferProhibited","","",""
"85","orlirubin.com","2021-07-08 17:53:10","2021-07-05","2021-07-05","2023-07-05","303","PDR Ltd. d/b/a PublicDomainRegistry.com","whois.publicdomainregistry.com","http://www.publicdomainregistry.com","Orli Rubin","Orli Rubin","66 Sasha Argov St.","Tel Aviv","","6922062","Israel","orlirubin11@gmail.com","+972.523645022","","Orli Rubin","Orli Rubin","66 Sasha Argov St.","Tel Aviv","","6922062","Israel","orlirubin11@gmail.com","+972.523645022","","Domreg Interspace","Interspace Ltd.","19 Yad Harutzim St.","Netanya","","42505","Israel","domreg@interspace.net","+972.98850480","","","","","","","","","","","","ns1.sitesdepot.com","ns2.sitesdepot.com","","","clientTransferProhibited","","",""
"86","oxfamglobal.com","2021-07-08 16:17:16","2021-07-05","2021-07-05","2022-07-05","146","GoDaddy.com, LLC","whois.godaddy.com","http://registrar.godaddy.com","","","","","105","","Israel","","","","","","","","","","","","","","","","","","","","","","","","","","","","","","","","","","ns15.domaincontrol.com","ns16.domaincontrol.com","","","clientDeleteProhibited","clientRenewProhibited","clientTransferProhibited","clientUpdateProhibited"
"87","p8perplane.net","2021-07-08 15:30:07","2021-07-03","2021-07-07","2022-07-03","146","GoDaddy.com, LLC","whois.godaddy.com","http://registrar.godaddy.com","","","","","Jerusalem","","Israel","","","","","","","","","","","","","","","","","","","","","","","","","","","","","","","","","","ns1.afternic.com","ns2.afternic.com","","","OK","","",""
"88","rachelbarhillel.com","2021-07-08 16:12:50","2021-07-05","2021-07-05","2022-07-05","10007","Domain The Net Technologies Ltd.","whois.domainthenet.com","http://www.domainthenet.com","RACHEL BAR HILLEL","rachel bar hillel","gluskin 27","rishon le zion","","7526139","Israel","rachelbarhillel@gmail.com","+972.526464780","+","RACHEL BAR HILLEL","rachel bar hillel","gluskin 27","rishon le zion","","7526139","Israel","rachelbarhillel@gmail.com","+972.526464780","+","Domain Administrator","I.D.D.S. SERVISES LTD","14 Moshe Dayan St.","Petach-Tikva","","4951814","Israel","support@istores.co.il","+972.722120000","+972.39236814","","","","","","","","","","","ns1.dtnt.info","ns2.dtnt.info","ns3.dtnt.info","","clientDeleteProhibited","clientTransferProhibited","",""
"89","ramada-eilat.com","2021-07-08 13:54:45","2021-07-07","2021-07-07","2022-07-07","48","eNom, Inc.","whois.enom.com","http://www.enom.com","REDACTED FOR PRIVACY","REDACTED FOR PRIVACY","REDACTED FOR PRIVACY","REDACTED FOR PRIVACY","","REDACTED FOR PRIVACY","Israel","","REDACTED FOR PRIVACY","REDACTED FOR PRIVACY","REDACTED FOR PRIVACY","REDACTED FOR PRIVACY","REDACTED FOR PRIVACY","REDACTED FOR PRIVACY","REDACTED FOR PRIVACY","REDACTED FOR PRIVACY","REDACTED FOR PRIVACY","","REDACTED FOR PRIVACY","REDACTED FOR PRIVACY","REDACTED FOR PRIVACY","REDACTED FOR PRIVACY","REDACTED FOR PRIVACY","REDACTED FOR PRIVACY","REDACTED FOR PRIVACY","REDACTED FOR PRIVACY","REDACTED FOR PRIVACY","","REDACTED FOR PRIVACY","REDACTED FOR PRIVACY","","","","","","","","","","","ns1.box.co.il","ns2.box.co.il","","","addPeriod","clientTransferProhibited","",""
"90","ramat-trump.com","2021-07-08 16:12:42","2021-07-05","2021-07-05","2023-07-05","146","GoDaddy.com, LLC","whois.godaddy.com","http://registrar.godaddy.com","KBPCIT","KBPCIT","","","NA","","Israel","","","","","","","","","","","","","","","","","","","","","","","","","","","","","","","","","","ns55.domaincontrol.com","ns56.domaincontrol.com","","","clientDeleteProhibited","clientRenewProhibited","clientTransferProhibited","clientUpdateProhibited"
"91","razabis.com","2021-07-08 16:12:29","2021-07-05","2021-07-05","2023-07-05","303","PDR Ltd. d/b/a PublicDomainRegistry.com","whois.publicdomainregistry.com","http://www.publicdomainregistry.com","Dror Razabi","Dror Razabi","Kadia Molodovsky 11","Petah Tikva","","4970814","Israel","razabidror@gmail.com","+972.505797779","","Dror Razabi","Dror Razabi","Kadia Molodovsky 11","Petah Tikva","","4970814","Israel","razabidror@gmail.com","+972.505797779","","Domreg Interspace","Interspace Ltd.","19 Yad Harutzim St.","Netanya","","42505","Israel","domreg@interspace.net","+972.98850480","","","","","","","","","","","","ns1.sitesdepot.com","ns2.sitesdepot.com","","","clientTransferProhibited","","",""
"92","rgmgenerator.com","2021-07-08 16:10:59","2021-07-05","2021-07-05","2022-07-05","1647","Hosting Concepts B.V. dba Openprovider","whois.registrar.eu","http://www.openprovider.com","REDACTED FOR PRIVACY","","REDACTED FOR PRIVACY","REDACTED FOR PRIVACY","HaTsafon","REDACTED FOR PRIVACY","Israel","","REDACTED FOR PRIVACY","REDACTED FOR PRIVACY","REDACTED FOR PRIVACY","REDACTED FOR PRIVACY","REDACTED FOR PRIVACY","REDACTED FOR PRIVACY","REDACTED FOR PRIVACY","REDACTED FOR PRIVACY","REDACTED FOR PRIVACY","","REDACTED FOR PRIVACY","REDACTED FOR PRIVACY","REDACTED FOR PRIVACY","REDACTED FOR PRIVACY","REDACTED FOR PRIVACY","REDACTED FOR PRIVACY","REDACTED FOR PRIVACY","REDACTED FOR PRIVACY","REDACTED FOR PRIVACY","","REDACTED FOR PRIVACY","REDACTED FOR PRIVACY","","","","","","","","","","","ns1.dns-parking.com","ns2.dns-parking.com","","","clientTransferProhibited","","",""
"93","roiekashi.com","2021-07-08 18:39:20","2021-07-05","2021-07-05","2023-07-05","625","Name.com, Inc.","whois.name.com","http://www.name.com","Roie Kashi","","Yosef Kitzis Street","Tel aviv","IL","4284000","Israel","","Non-Public Data","","Roie Kashi","","Yosef Kitzis Street","Tel aviv","IL","4284000","Israel","","Non-Public Data","","Roie Kashi","","Yosef Kitzis Street","Tel aviv","IL","4284000","Israel","","Non-Public Data","","","","","","","","","","","","ns1fkl.name.com","ns2fgp.name.com","ns3dgr.name.com","ns4ghm.name.com","addPeriod","clientTransferProhibited","",""
"94","romansh.online","2021-07-08 15:26:01","2021-07-05","2021-07-05","2022-07-05","146","GoDaddy.com, LLC","whois.godaddy.com","http://registrar.godaddy.com","","","","","Center","","Israel","","","","","","","","","","","","","","","","","","","","","","","","","","","","","","","","","","ns55.domaincontrol.com","ns56.domaincontrol.com","","","addPeriod","clientDeleteProhibited","clientRenewProhibited","clientTransferProhibited"
"95","rubi-roja.com","2021-07-08 16:09:53","2021-07-05","2021-07-05","2022-07-05","146","GoDaddy.com, LLC","whois.godaddy.com","http://registrar.godaddy.com","","","","","Israel","","Israel","","","","","","","","","","","","","","","","","","","","","","","","","","","","","","","","","","ns11.domaincontrol.com","ns12.domaincontrol.com","","","clientDeleteProhibited","clientRenewProhibited","clientTransferProhibited","clientUpdateProhibited"
"96","santander-consumer-france.com","2021-07-08 16:09:13","2021-07-05","2021-07-05","2022-07-05","1647","Hosting Concepts B.V. dba Openprovider","whois.registrar.eu","http://www.openprovider.com","REDACTED FOR PRIVACY","","REDACTED FOR PRIVACY","REDACTED FOR PRIVACY","HaDarom","REDACTED FOR PRIVACY","Israel","","REDACTED FOR PRIVACY","REDACTED FOR PRIVACY","REDACTED FOR PRIVACY","REDACTED FOR PRIVACY","REDACTED FOR PRIVACY","REDACTED FOR PRIVACY","REDACTED FOR PRIVACY","REDACTED FOR PRIVACY","REDACTED FOR PRIVACY","","REDACTED FOR PRIVACY","REDACTED FOR PRIVACY","REDACTED FOR PRIVACY","REDACTED FOR PRIVACY","REDACTED FOR PRIVACY","REDACTED FOR PRIVACY","REDACTED FOR PRIVACY","REDACTED FOR PRIVACY","REDACTED FOR PRIVACY","","REDACTED FOR PRIVACY","REDACTED FOR PRIVACY","","","","","","","","","","","ns1.dns-parking.com","ns2.dns-parking.com","","","clientTransferProhibited","","",""
"97","save-the-date-invitation.com","2021-07-08 16:08:37","2021-07-05","2021-07-05","2022-07-05","146","GoDaddy.com, LLC","whois.godaddy.com","http://registrar.godaddy.com","","","","","Israel","","Israel","","","","","","","","","","","","","","","","","","","","","","","","","","","","","","","","","","ns35.domaincontrol.com","ns36.domaincontrol.com","","","clientDeleteProhibited","clientRenewProhibited","clientTransferProhibited","clientUpdateProhibited"
"98","seo6.site","2021-07-08 15:10:25","2021-07-05","2021-07-05","2022-07-05","146","GoDaddy.com, LLC","whois.godaddy.com","http://registrar.godaddy.com","","","","","IL","","Israel","","","","","","","","","","","","","","","","","","","","","","","","","","","","","","","","","","ns55.domaincontrol.com","ns56.domaincontrol.com","","","addPeriod","clientDeleteProhibited","clientRenewProhibited","clientTransferProhibited"
"99","shilo-aharon.com","2021-07-08 16:07:13","2021-07-05","2021-07-05","2022-07-05","48","eNom, Inc.","whois.enom.com","http://www.enom.com","REDACTED FOR PRIVACY","REDACTED FOR PRIVACY","REDACTED FOR PRIVACY","REDACTED FOR PRIVACY","","REDACTED FOR PRIVACY","Israel","","REDACTED FOR PRIVACY","REDACTED FOR PRIVACY","REDACTED FOR PRIVACY","REDACTED FOR PRIVACY","REDACTED FOR PRIVACY","REDACTED FOR PRIVACY","REDACTED FOR PRIVACY","REDACTED FOR PRIVACY","REDACTED FOR PRIVACY","","REDACTED FOR PRIVACY","REDACTED FOR PRIVACY","REDACTED FOR PRIVACY","REDACTED FOR PRIVACY","REDACTED FOR PRIVACY","REDACTED FOR PRIVACY","REDACTED FOR PRIVACY","REDACTED FOR PRIVACY","REDACTED FOR PRIVACY","","REDACTED FOR PRIVACY","REDACTED FOR PRIVACY","","","","","","","","","","","ns3.msite.co.il","ns4.msite.co.il","","","addPeriod","clientTransferProhibited","",""
"100","skintypes-naturaliskincare1.com","2021-07-08 01:35:01","2021-07-01","2021-07-01","2022-07-01","1636","Hostinger, UAB","whois.hostinger.com","http://www.hostinger.com","Naturali SkinCare","","Israel Rambam 67","Rehovot","HaMerkaz","7658708","Israel","naturalisc23@gmail.com","+972.522600488","","Naturali SkinCare","","Israel Rambam 67","Rehovot","HaMerkaz","7658708","Israel","naturalisc23@gmail.com","+972.522600488","","Naturali SkinCare","","Israel Rambam 67","Rehovot","HaMerkaz","7658708","Israel","naturalisc23@gmail.com","+972.522600488","","","","","","","","","","","","ns1.dns-parking.com","ns2.dns-parking.com","","","clientTransferProhibited","","",""
"101","spacmarcus.com","2021-07-08 16:04:31","2021-07-05","2021-07-05","2023-07-05","81","Gandi SAS","whois.gandi.net","http://www.gandi.net","REDACTED FOR PRIVACY","","REDACTED FOR PRIVACY","REDACTED FOR PRIVACY","","REDACTED FOR PRIVACY","Israel","cb776511422acac432c96f872351e318-29031820@contact.gandi.net","REDACTED FOR PRIVACY","REDACTED FOR PRIVACY","REDACTED FOR PRIVACY","REDACTED FOR PRIVACY","REDACTED FOR PRIVACY","REDACTED FOR PRIVACY","REDACTED FOR PRIVACY","REDACTED FOR PRIVACY","REDACTED FOR PRIVACY","cb776511422acac432c96f872351e318-29031820@contact.gandi.net","REDACTED FOR PRIVACY","REDACTED FOR PRIVACY","REDACTED FOR PRIVACY","REDACTED FOR PRIVACY","REDACTED FOR PRIVACY","REDACTED FOR PRIVACY","REDACTED FOR PRIVACY","REDACTED FOR PRIVACY","REDACTED FOR PRIVACY","cb776511422acac432c96f872351e318-29031820@contact.gandi.net","REDACTED FOR PRIVACY","REDACTED FOR PRIVACY","","","","","","","","","","","ns-211-c.gandi.net","ns-55-b.gandi.net","ns-81-a.gandi.net","","clientTransferProhibited","","",""
"102","spike.art","2021-07-08 14:17:10","2021-07-05","2021-07-05","2023-07-05","146","GoDaddy.com, LLC","whois.godaddy.com","http://registrar.godaddy.com","","","","","Israel","","Israel","","","","","","","","","","","","","","","","","","","","","","","","","","","","","","","","","","ns55.domaincontrol.com","ns56.domaincontrol.com","","","addPeriod","clientDeleteProhibited","clientRenewProhibited","clientTransferProhibited"
"103","springresearch.cloud","2021-07-08 14:15:47","2021-07-05","2021-07-05","2022-07-05","81","Gandi SAS","whois.gandi.net","http://www.gandi.net","REDACTED FOR PRIVACY","Spring Research LTD","REDACTED FOR PRIVACY REDACTED FOR PRIVACY REDACTED FOR PRIVACY","REDACTED FOR PRIVACY","","REDACTED FOR PRIVACY","Israel","","REDACTED FOR PRIVACY","REDACTED FOR PRIVACY","REDACTED FOR PRIVACY","REDACTED FOR PRIVACY","REDACTED FOR PRIVACY REDACTED FOR PRIVACY REDACTED FOR PRIVACY","REDACTED FOR PRIVACY","REDACTED FOR PRIVACY","REDACTED FOR PRIVACY","REDACTED FOR PRIVACY","","REDACTED FOR PRIVACY","REDACTED FOR PRIVACY","REDACTED FOR PRIVACY","REDACTED FOR PRIVACY","REDACTED FOR PRIVACY REDACTED FOR PRIVACY REDACTED FOR PRIVACY","REDACTED FOR PRIVACY","REDACTED FOR PRIVACY","REDACTED FOR PRIVACY","REDACTED FOR PRIVACY","","REDACTED FOR PRIVACY","REDACTED FOR PRIVACY","","","","","","","","","","","ns-1222.awsdns-24.org","ns-127.awsdns-15.com","ns-1655.awsdns-14.co.uk","ns-861.awsdns-43.net","addPeriod","clientTransferProhibited","",""
"104","stoney.store","2021-07-08 15:09:46","2021-07-05","2021-07-05","2022-07-05","1636","Hostinger, UAB","whois.hostinger.com","http://www.hostinger.com","Not Applicable","Not Applicable","","","Hefa","","Israel","","","","","","","","","","","","","","","","","","","","","","","","","","","","","","","","","","ns1.dns-parking.com","ns2.dns-parking.com","","","addPeriod","clientTransferProhibited","serverTransferProhibited",""
"105","tattoosgiant.com","2021-07-08 16:01:48","2021-07-05","2021-07-05","2022-07-05","146","GoDaddy.com, LLC","whois.godaddy.com","http://registrar.godaddy.com","","","","","Not Applicable","","Israel","","","","","","","","","","","","","","","","","","","","","","","","","","","","","","","","","","ns13.domaincontrol.com","ns14.domaincontrol.com","","","clientDeleteProhibited","clientRenewProhibited","clientTransferProhibited","clientUpdateProhibited"
"106","techmix.tech","2021-07-08 09:47:31","2021-07-06","2021-07-06","2022-07-06","625","Name.com, Inc.","whois.name.com","http://www.name.com","LIMITED","LIMITED","","","ISRAEL","","Israel","","","","","","","","","","","","","","","","","","","","","","","","","","","","","","","","","","ns1.name.com","ns2.name.com","ns3.name.com","ns4.name.com","addPeriod","clientTransferProhibited","serverTransferProhibited",""
"107","ternad.net","2021-07-08 15:29:31","2021-07-04","2021-07-04","2022-07-04","303","PDR Ltd. d/b/a PublicDomainRegistry.com","whois.publicdomainregistry.com","http://www.publicdomainregistry.com","Shihab Khamis","Shihab Khamis","Holon","Holon","","5836325","Israel","anca-wmaria@outlook.com","+972.507549835","","Shihab Khamis","Shihab Khamis","Holon","Holon","","5836325","Israel","anca-wmaria@outlook.com","+972.507549835","","Domreg Interspace","Interspace Ltd.","19 Yad Harutzim St.","Netanya","","42505","Israel","domreg@interspace.net","+972.98850480","","","","","","","","","","","","ns1.sitesdepot.com","ns2.sitesdepot.com","","","clientTransferProhibited","","",""
"108","thetravelaround.com","2021-07-08 18:23:54","2021-07-05","2021-07-05","2023-07-05","146","GoDaddy.com, LLC","whois.godaddy.com","http://registrar.godaddy.com","","","","","Central","","Israel","","","","","","","","","","","","","","","","","","","","","","","","","","","","","","","","","","ns6.wixdns.net","ns7.wixdns.net","","","clientDeleteProhibited","clientRenewProhibited","clientTransferProhibited","clientUpdateProhibited"
"109","tropy-garden.info","2021-07-08 15:42:21","2021-07-06","2021-07-06","2022-07-06","146","GoDaddy.com, LLC","whois.godaddy.com","http://registrar.godaddy.com","Linktech Group Israel LTD","Linktech Group Israel LTD","","","Israel","","Israel","","","","","","","","","","","","","","","","","","","","","","","","","","","","","","","","","","ns1.linktechsites.com","ns2.linktechsites.com","","","addPeriod","clientDeleteProhibited","clientRenewProhibited","clientTransferProhibited"
"110","tzuberi.com","2021-07-08 11:55:03","2021-07-07","2021-07-07","2023-07-07","303","PDR Ltd. d/b/a PublicDomainRegistry.com","whois.publicdomainregistry.com","http://www.publicdomainregistry.com","Ido Tzuberi","Ido Tzuberi","Miryam Mizrachi 5","Rehovot","","7655149","Israel","idotzuberi@gmail.com","+972.546927094","","Ido Tzuberi","Ido Tzuberi","Miryam Mizrachi 5","Rehovot","","7655149","Israel","idotzuberi@gmail.com","+972.546927094","","Domreg Interspace","Interspace Ltd.","19 Yad Harutzim St.","Netanya","","42505","Israel","domreg@interspace.net","+972.98850480","","","","","","","","","","","","ns8187.hostgator.com","ns8188.hostgator.com","","","clientTransferProhibited","","",""
"111","urbancoach.pro","2021-07-08 15:11:57","2021-07-05","2021-07-05","2022-07-05","146","GoDaddy.com, LLC","whois.godaddy.com","http://registrar.godaddy.com","","","","","08","","Israel","","","","","","","","","","","","","","","","","","","","","","","","","","","","","","","","","","ns2.wixdns.net","ns3.wixdns.net","","","addPeriod","clientDeleteProhibited","clientRenewProhibited","clientTransferProhibited"
"112","villageheal.com","2021-07-08 15:57:43","2021-07-05","2021-07-05","2022-07-05","886","Domain.com, LLC","whois.domain.com","http://www.domain.com","REDACTED FOR PRIVACY","REDACTED FOR PRIVACY","REDACTED FOR PRIVACY","REDACTED FOR PRIVACY","NA","REDACTED FOR PRIVACY","Israel","","REDACTED FOR PRIVACY","REDACTED FOR PRIVACY","REDACTED FOR PRIVACY","REDACTED FOR PRIVACY","REDACTED FOR PRIVACY","REDACTED FOR PRIVACY","REDACTED FOR PRIVACY","REDACTED FOR PRIVACY","REDACTED FOR PRIVACY","","REDACTED FOR PRIVACY","REDACTED FOR PRIVACY","REDACTED FOR PRIVACY","REDACTED FOR PRIVACY","REDACTED FOR PRIVACY","REDACTED FOR PRIVACY","REDACTED FOR PRIVACY","REDACTED FOR PRIVACY","REDACTED FOR PRIVACY","","REDACTED FOR PRIVACY","REDACTED FOR PRIVACY","","","","","","","","","","","ns1.domain.com","ns2.domain.com","","","","","",""
"113","woodlandhillsplumbers.com","2021-07-08 18:36:47","2021-07-05","2021-07-06","2022-07-05","1659","Uniregistrar Corp","whois.uniregistrar.com","http://www.uniregistrar.com","","","","","Israel","","Israel","","","","","","","","","","","","","","","","","","","","","","","","","","","","","","","","","","ns1.bluehost.com","ns2.bluehost.com","","","clientDeleteProhibited","clientRenewProhibited","clientTransferProhibited","clientUpdateProhibited"
"114","xn----2hccbou1b8ec.com","2021-07-08 15:54:28","2021-07-05","2021-07-05","2022-07-05","48","eNom, Inc.","whois.enom.com","http://www.enom.com","REDACTED FOR PRIVACY","REDACTED FOR PRIVACY","REDACTED FOR PRIVACY","REDACTED FOR PRIVACY","","REDACTED FOR PRIVACY","Israel","","REDACTED FOR PRIVACY","REDACTED FOR PRIVACY","REDACTED FOR PRIVACY","REDACTED FOR PRIVACY","REDACTED FOR PRIVACY","REDACTED FOR PRIVACY","REDACTED FOR PRIVACY","REDACTED FOR PRIVACY","REDACTED FOR PRIVACY","","REDACTED FOR PRIVACY","REDACTED FOR PRIVACY","REDACTED FOR PRIVACY","REDACTED FOR PRIVACY","REDACTED FOR PRIVACY","REDACTED FOR PRIVACY","REDACTED FOR PRIVACY","REDACTED FOR PRIVACY","REDACTED FOR PRIVACY","","REDACTED FOR PRIVACY","REDACTED FOR PRIVACY","","","","","","","","","","","ns1.box.co.il","ns2.box.co.il","","","addPeriod","clientTransferProhibited","",""
"115","xn--5dbbblr5a2ec.com","2021-07-08 15:53:35","2021-07-05","2021-07-05","2022-07-05","48","eNom, Inc.","whois.enom.com","http://www.enom.com","REDACTED FOR PRIVACY","REDACTED FOR PRIVACY","REDACTED FOR PRIVACY","REDACTED FOR PRIVACY","","REDACTED FOR PRIVACY","Israel","","REDACTED FOR PRIVACY","REDACTED FOR PRIVACY","REDACTED FOR PRIVACY","REDACTED FOR PRIVACY","REDACTED FOR PRIVACY","REDACTED FOR PRIVACY","REDACTED FOR PRIVACY","REDACTED FOR PRIVACY","REDACTED FOR PRIVACY","","REDACTED FOR PRIVACY","REDACTED FOR PRIVACY","REDACTED FOR PRIVACY","REDACTED FOR PRIVACY","REDACTED FOR PRIVACY","REDACTED FOR PRIVACY","REDACTED FOR PRIVACY","REDACTED FOR PRIVACY","REDACTED FOR PRIVACY","","REDACTED FOR PRIVACY","REDACTED FOR PRIVACY","","","","","","","","","","","ns1.upress.io","ns2.upress.io","","","addPeriod","clientTransferProhibited","",""
"116","xn--csco-lza.com","2021-07-08 18:24:29","2021-07-05","2021-07-05","2022-07-05","146","GoDaddy.com, LLC","whois.godaddy.com","http://registrar.godaddy.com","","","","","Israel","","Israel","","","","","","","","","","","","","","","","","","","","","","","","","","","","","","","","","","ns71.domaincontrol.com","ns72.domaincontrol.com","","","clientDeleteProhibited","clientRenewProhibited","clientTransferProhibited","clientUpdateProhibited"
"117","xtend.energy","2021-07-08 15:46:58","2021-07-05","2021-07-05","2022-07-05","440","Wild West Domains, LLC","whois.wildwestdomains.com","http://www.wildwestdomains.com","REDACTED FOR PRIVACY","","REDACTED FOR PRIVACY","REDACTED FOR PRIVACY","Israel","REDACTED FOR PRIVACY","Israel","","REDACTED FOR PRIVACY","REDACTED FOR PRIVACY","","","","","","","","","","","","","","","","","","","","","","","","","","","","","","","","","","","addPeriod","clientDeleteProhibited","clientRenewProhibited","clientTransferProhibited"
"118","yeshmeein.com","2021-07-08 15:52:30","2021-07-05","2021-07-05","2023-07-05","146","GoDaddy.com, LLC","whois.godaddy.com","http://registrar.godaddy.com","Golden BowTie","Golden BowTie","","","\u05de\u05d7\u05d5\u05d6 \u05ea\u05dc \u05d0\u05d1","","Israel","","","","","","","","","","","","","","","","","","","","","","","","","","","","","","","","","","ns59.domaincontrol.com","ns60.domaincontrol.com","","","clientDeleteProhibited","clientRenewProhibited","clientTransferProhibited","clientUpdateProhibited"