"num","domain_name","query_time","create_date","update_date","expiry_date","domain_registrar_id","domain_registrar_name","domain_registrar_whois","domain_registrar_url","registrant_name","registrant_company","registrant_address","registrant_city","registrant_state","registrant_zip","registrant_country","registrant_email","registrant_phone","registrant_fax","administrative_name","administrative_company","administrative_address","administrative_city","administrative_state","administrative_zip","administrative_country","administrative_email","administrative_phone","administrative_fax","technical_name","technical_company","technical_address","technical_city","technical_state","technical_zip","technical_country","technical_email","technical_phone","technical_fax","billing_name","billing_company","billing_address","billing_city","billing_state","billing_zip","billing_country","billing_email","billing_phone","billing_fax","name_server_1","name_server_2","name_server_3","name_server_4","domain_status_1","domain_status_2","domain_status_3","domain_status_4"
"1","aspan1.com","2021-07-08 16:57:29","2021-07-05","2021-07-05","2022-07-05","303","PDR Ltd. d/b/a PublicDomainRegistry.com","whois.publicdomainregistry.com","http://www.publicdomainregistry.com","Muhanmetzhan B Zhunisov","","Nur-Sultan ul. 38 dom 34","","","150796","Kazakstan","ibm_1403@mail.ru","+7.7477442375","","Muhanmetzhan B Zhunisov","","Nur-Sultan ul. 38 dom 34","","","150796","Kazakstan","ibm_1403@mail.ru","+7.7477442375","","Muhanmetzhan B Zhunisov","","Nur-Sultan ul. 38 dom 34","","","150796","Kazakstan","ibm_1403@mail.ru","+7.7477442375","","","","","","","","","","","","ns1.timeweb.ru","ns2.timeweb.ru","ns3.timeweb.org","ns4.timeweb.org","clientTransferProhibited","","",""
"2","auramystery.com","2021-07-08 16:57:11","2021-07-05","2021-07-05","2022-07-05","146","GoDaddy.com, LLC","whois.godaddy.com","http://registrar.godaddy.com","","","","","Almaty","","Kazakstan","","","","","","","","","","","","","","","","","","","","","","","","","","","","","","","","","","ns1.timeweb.ru","ns2.timeweb.ru","ns3.timeweb.org","ns4.timeweb.org","clientDeleteProhibited","clientRenewProhibited","clientTransferProhibited","clientUpdateProhibited"
"3","beautifulshoestore.com","2021-07-08 16:55:44","2021-07-05","2021-07-05","2022-07-05","1606","Limited Liability Company 'Registrar of domain names REG.RU'","whois.reg.ru","http://www.reg.ru","Patsha Bizhanova","Private Person","Saraishyk str. 34 ap.371","Nur-sultan","Akmolinskaja","100010","Kazakstan","temirlan15zalina@gmail.com","+7.7477312155","","Patsha Bizhanova","Private Person","Saraishyk str. 34 ap.371","Nur-sultan","Akmolinskaja","100010","Kazakstan","temirlan15zalina@gmail.com","+7.7477312155","+7.7477312155","Patsha Bizhanova","Private Person","Saraishyk str. 34 ap.371","Nur-sultan","Akmolinskaja","100010","Kazakstan","temirlan15zalina@gmail.com","+7.7477312155","+7.7477312155","","","","","","","","","","","ns1.reg.ru","ns2.reg.ru","","","clientTransferProhibited","","",""
"4","biznes-bastau.site","2021-07-08 15:11:45","2021-07-05","","2022-07-05","3806","Beget LLC","","","Not Applicable","Not Applicable","","","YUzhno-Kazaxstanskaya","","Kazakstan","","","","","","","","","","","","","","","","","","","","","","","","","","","","","","","","","","ns1.beget.com","ns1.beget.pro","ns2.beget.com","ns2.beget.pro","addPeriod","clientTransferProhibited","serverTransferProhibited",""
"5","denisgolubovich.info","2021-07-08 15:44:59","2021-07-06","2021-07-06","2022-07-06","1606","Limited Liability Company 'Registrar of domain names REG.RU'","whois.reg.ru","http://www.reg.ru","Private Person","Private Person","","","Astana","","Kazakstan","","","","","","","","","","","","","","","","","","","","","","","","","","","","","","","","","","ns1.ps.kz","ns2.ps.kz","ns3.ps.kz","","addPeriod","clientTransferProhibited","serverTransferProhibited",""
"6","dinkodero.tech","2021-07-08 15:07:52","2021-07-05","2021-07-05","2022-07-05","1606","Limited Liability Company 'Registrar of domain names REG.RU'","whois.reg.ru","http://www.reg.ru","NL Develop","NL Develop","","","Almaty","","Kazakstan","buravov-95@mail.ru","+7.7057284345","","","","","","","","","buravov-95@mail.ru","+7.7057284345","","","","","","","","","buravov-95@mail.ru","+7.7057284345","","","","","","","","","buravov-95@mail.ru","+7.7057284345","","ns1.ps.kz","ns2.ps.kz","ns3.ps.kz","","addPeriod","serverTransferProhibited","",""
"7","e18.agency","2021-07-08 14:15:10","2021-07-05","2021-07-05","2022-07-05","146","GoDaddy.com, LLC","whois.godaddy.com","http://registrar.godaddy.com","REDACTED FOR PRIVACY","\u0422\u041e\u041e '\u041518'","REDACTED FOR PRIVACY","REDACTED FOR PRIVACY","\u0412\u043e\u0441\u0442\u043e\u0447\u043d\u043e-\","REDACTED FOR PRIVACY","Kazakstan","","REDACTED FOR PRIVACY","REDACTED FOR PRIVACY","","","","","","","","","","","","","","","","","","","","","","","","","","","","","","","","","","","addPeriod","clientDeleteProhibited","clientRenewProhibited","clientTransferProhibited"
"8","gorgware.com","2021-07-08 16:37:10","2021-07-05","2021-07-05","2022-07-05","82","OnlineNIC, Inc.","whois.onlinenic.com","http://www.onlinenic.com","Kim Yevgeniy","Kim Yevgeniy","70, Matrosov str.","Almaty","Almaty","050080","Kazakstan","hostmaster@hoster.kz","+7.7077753349","+7.7077753349","Kim Yevgeniy","Kim Yevgeniy","70, Matrosov str.","Almaty","Almaty","050080","Kazakstan","hostmaster@hoster.kz","+7.7077753349","+7.7077753349","Kim Yevgeniy","Kim Yevgeniy","70, Matrosov str.","Almaty","Almaty","050080","Kazakstan","hostmaster@hoster.kz","+7.7077753349","+7.7077753349","","","","","","","","","","","ns1.hoster.kz","ns2.hoster.kz","ns3.hoster.kz","","clientTransferProhibited","","",""
"9","innoker.com","2021-07-08 14:27:01","2021-07-05","2021-07-05","2022-07-05","146","GoDaddy.com, LLC","whois.godaddy.com","http://registrar.godaddy.com","Innoker","Innoker","","","SKO","","Kazakstan","","","","","","","","","","","","","","","","","","","","","","","","","","","","","","","","","","ns59.domaincontrol.com","ns60.domaincontrol.com","","","clientDeleteProhibited","clientRenewProhibited","clientTransferProhibited","clientUpdateProhibited"
"10","kairat.online","2021-07-08 15:26:33","2021-07-05","2021-07-05","2022-07-05","1636","Hostinger, UAB","whois.hostinger.com","http://www.hostinger.com","Not Applicable","Not Applicable","","","Batys Qazaqstan","","Kazakstan","","","","","","","","","","","","","","","","","","","","","","","","","","","","","","","","","","ns1.fastfox.pro","ns2.fastfox.pro","","","addPeriod","clientTransferProhibited","serverTransferProhibited",""
"11","kazshopkz.site","2021-07-08 15:11:18","2021-07-05","","2022-07-05","303","PDR Ltd. d/b/a PublicDomainRegistry.com","whois.publicdomainregistry.com","http://www.publicdomainregistry.com","","","","","","","Kazakstan","","","","","","","","","","","","","","","","","","","","","","","","","","","","","","","","","","ns1.timeweb.ru","ns2.timeweb.ru","ns3.timeweb.org","ns4.timeweb.org","addPeriod","clientTransferProhibited","serverTransferProhibited",""
"12","ontour.online","2021-07-08 15:28:08","2021-07-05","2021-07-05","2022-07-05","1606","Limited Liability Company 'Registrar of domain names REG.RU'","whois.reg.ru","http://www.reg.ru","","","","","Almaty","","Kazakstan","ayatyerezhepov@gmail.com","+7.7771399977","","","","","","","","","ayatyerezhepov@gmail.com","+7.7771399977","","","","","","","","","ayatyerezhepov@gmail.com","+7.7771399977","","","","","","","","","ayatyerezhepov@gmail.com","+7.7771399977","","ns1.ps.kz","ns2.ps.kz","ns3.ps.kz","","addPeriod","serverTransferProhibited","",""
"13","outdexo.com","2021-07-08 16:17:15","2021-07-05","2021-07-05","2022-07-05","146","GoDaddy.com, LLC","whois.godaddy.com","http://registrar.godaddy.com","","","","","Sichuan","","Kazakstan","","","","","","","","","","","","","","","","","","","","","","","","","","","","","","","","","","ns69.domaincontrol.com","ns70.domaincontrol.com","","","clientDeleteProhibited","clientRenewProhibited","clientTransferProhibited","clientUpdateProhibited"
"14","sensatacity.com","2021-07-08 14:17:48","2021-07-07","2021-07-07","2022-07-07","82","OnlineNIC, Inc.","whois.onlinenic.com","http://www.onlinenic.com","TOO DepSal Apart","TOO DepSal Apart","pr. Turan 22","Nur-Sultan","Akmolinskaya","010000","Kazakstan","hostmaster@hoster.kz","+7.7013559993","+7.7013559993","TOO DepSal Apart","TOO DepSal Apart","pr. Turan 22","Nur-Sultan","Akmolinskaya","010000","Kazakstan","hostmaster@hoster.kz","+7.7013559993","+7.7013559993","TOO DepSal Apart","TOO DepSal Apart","pr. Turan 22","Nur-Sultan","Akmolinskaya","010000","Kazakstan","hostmaster@hoster.kz","+7.7013559993","+7.7013559993","","","","","","","","","","","ns1.hoster.kz","ns2.hoster.kz","ns3.hoster.kz","","clientTransferProhibited","","",""
"15","seriktes.com","2021-07-08 16:07:51","2021-07-05","2021-07-05","2022-07-05","82","OnlineNIC, Inc.","whois.onlinenic.com","http://www.onlinenic.com","Chingiz Ramazan","Chingiz Ramazan","Zhazylbeka 20","Almaty","Almaty","050000","Kazakstan","hostmaster@hoster.kz","+7.7765552555","+7.7765552555","Chingiz Ramazan","Chingiz Ramazan","Zhazylbeka 20","Almaty","Almaty","050000","Kazakstan","hostmaster@hoster.kz","+7.7765552555","+7.7765552555","Chingiz Ramazan","Chingiz Ramazan","Zhazylbeka 20","Almaty","Almaty","050000","Kazakstan","hostmaster@hoster.kz","+7.7765552555","+7.7765552555","","","","","","","","","","","ns1.hoster.kz","ns2.hoster.kz","ns3.hoster.kz","","clientTransferProhibited","","",""
"16","suka.guru","2021-07-08 15:45:41","2021-07-05","2021-07-05","2022-07-05","1068","NameCheap, Inc.","whois.namecheap.com","http://www.namecheap.com","REDACTED FOR PRIVACY","","REDACTED FOR PRIVACY","REDACTED FOR PRIVACY","IL","REDACTED FOR PRIVACY","Kazakstan","","REDACTED FOR PRIVACY","REDACTED FOR PRIVACY","","","","","","","","","","","","","","","","","","","","","","","","","","","","","","","","","","","addPeriod","clientTransferProhibited","",""
"17","troyalconsultancy.com","2021-07-08 17:05:17","2021-07-05","2021-07-05","2022-07-05","1387","1API GmbH","whois.1api.net","http://www.1api.net","REDACTED FOR PRIVACY","REDACTED FOR PRIVACY","REDACTED FOR PRIVACY","REDACTED FOR PRIVACY","Mangystau","REDACTED FOR PRIVACY","Kazakstan","","REDACTED FOR PRIVACY","","REDACTED FOR PRIVACY","REDACTED FOR PRIVACY","REDACTED FOR PRIVACY","REDACTED FOR PRIVACY","REDACTED FOR PRIVACY","REDACTED FOR PRIVACY","REDACTED FOR PRIVACY","","REDACTED FOR PRIVACY","","REDACTED FOR PRIVACY","REDACTED FOR PRIVACY","REDACTED FOR PRIVACY","REDACTED FOR PRIVACY","REDACTED FOR PRIVACY","REDACTED FOR PRIVACY","REDACTED FOR PRIVACY","","REDACTED FOR PRIVACY","","","","","","","","","","","","ns48.wpxhosting.com","ns49.wpxhosting.com","","","clientTransferProhibited","","",""
"18","tvshop1000.site","2021-07-08 15:10:19","2021-07-06","2021-07-06","2022-07-06","1606","Limited Liability Company 'Registrar of domain names REG.RU'","whois.reg.ru","http://www.reg.ru","","","","","vbf","","Kazakstan","anton1koren@gmail.com","+7.7017055039","","","","","","","","","anton1koren@gmail.com","+7.7017055039","","","","","","","","","anton1koren@gmail.com","+7.7017055039","","","","","","","","","anton1koren@gmail.com","+7.7017055039","","dns1.planetahost.ru","dns2.planetahost.ru","","","addPeriod","serverTransferProhibited","",""