"num","domain_name","query_time","create_date","update_date","expiry_date","domain_registrar_id","domain_registrar_name","domain_registrar_whois","domain_registrar_url","registrant_name","registrant_company","registrant_address","registrant_city","registrant_state","registrant_zip","registrant_country","registrant_email","registrant_phone","registrant_fax","administrative_name","administrative_company","administrative_address","administrative_city","administrative_state","administrative_zip","administrative_country","administrative_email","administrative_phone","administrative_fax","technical_name","technical_company","technical_address","technical_city","technical_state","technical_zip","technical_country","technical_email","technical_phone","technical_fax","billing_name","billing_company","billing_address","billing_city","billing_state","billing_zip","billing_country","billing_email","billing_phone","billing_fax","name_server_1","name_server_2","name_server_3","name_server_4","domain_status_1","domain_status_2","domain_status_3","domain_status_4"
"1","abdallahwario.tech","2021-07-08 15:07:51","2021-07-05","2021-07-05","2022-07-05","1913","DOTSERVE INC.","whois.nic.press","http://nic.press","Safiri Afrika","Safiri Afrika","","","1974","","Kenya","","","","","","","","","","","","","","","","","","","","","","","","","","","","","","","","","","cont603385.earth.orderbox-dns.com","cont603385.mars.orderbox-dns.com","cont603385.mercury.orderbox-dns.com","cont603385.venus.orderbox-dns.com","addPeriod","clientTransferProhibited","serverTransferProhibited",""
"2","african-magic.com","2021-07-08 17:42:40","2021-07-05","2021-07-05","2022-07-05","1647","Hosting Concepts B.V. dba Openprovider","whois.registrar.eu","http://www.openprovider.com","REDACTED FOR PRIVACY","Simple Hosting Company","REDACTED FOR PRIVACY","REDACTED FOR PRIVACY","Embu","REDACTED FOR PRIVACY","Kenya","","REDACTED FOR PRIVACY","REDACTED FOR PRIVACY","REDACTED FOR PRIVACY","REDACTED FOR PRIVACY","REDACTED FOR PRIVACY","REDACTED FOR PRIVACY","REDACTED FOR PRIVACY","REDACTED FOR PRIVACY","REDACTED FOR PRIVACY","","REDACTED FOR PRIVACY","REDACTED FOR PRIVACY","REDACTED FOR PRIVACY","REDACTED FOR PRIVACY","REDACTED FOR PRIVACY","REDACTED FOR PRIVACY","REDACTED FOR PRIVACY","REDACTED FOR PRIVACY","REDACTED FOR PRIVACY","","REDACTED FOR PRIVACY","REDACTED FOR PRIVACY","","","","","","","","","","","ns1.boxsecured.com","ns2.boxsecured.com","","","clientTransferProhibited","ok","",""
"3","africasoftwaredesign.com","2021-07-08 17:01:09","2021-07-05","2021-07-05","2022-07-05","69","Tucows Domains Inc.","whois.tucows.com","http://domainhelp.opensrs.net","REDACTED FOR PRIVACY","REDACTED FOR PRIVACY","REDACTED FOR PRIVACY","REDACTED FOR PRIVACY","XX","REDACTED FOR PRIVACY","Kenya","","REDACTED FOR PRIVACY","REDACTED FOR PRIVACY","REDACTED FOR PRIVACY","REDACTED FOR PRIVACY","REDACTED FOR PRIVACY","REDACTED FOR PRIVACY","REDACTED FOR PRIVACY","REDACTED FOR PRIVACY","REDACTED FOR PRIVACY","","REDACTED FOR PRIVACY","REDACTED FOR PRIVACY","REDACTED FOR PRIVACY","REDACTED FOR PRIVACY","REDACTED FOR PRIVACY","REDACTED FOR PRIVACY","REDACTED FOR PRIVACY","REDACTED FOR PRIVACY","REDACTED FOR PRIVACY","","REDACTED FOR PRIVACY","REDACTED FOR PRIVACY","","","","","","","","","","","ns1.siteground.net","ns2.siteground.net","","","clientTransferProhibited","clientUpdateProhibited","",""
"4","alexomosa.com","2021-07-08 17:00:21","2021-07-05","2021-07-05","2022-07-05","146","GoDaddy.com, LLC","whois.godaddy.com","http://registrar.godaddy.com","","","","","NA","","Kenya","","","","","","","","","","","","","","","","","","","","","","","","","","","","","","","","","","ns55.domaincontrol.com","ns56.domaincontrol.com","","","clientDeleteProhibited","clientRenewProhibited","clientTransferProhibited","clientUpdateProhibited"
"5","allegiantairjobs.com","2021-07-08 17:15:20","2021-07-05","2021-07-05","2022-07-05","269","Key-Systems GmbH","whois.rrpproxy.net","http://www.key-systems.net","REDACTED FOR PRIVACY","REDACTED FOR PRIVACY","REDACTED FOR PRIVACY REDACTED FOR PRIVACY REDACTED FOR PRIVACY","REDACTED FOR PRIVACY","Nairobi","REDACTED FOR PRIVACY","Kenya","info@domain-contact.org","REDACTED FOR PRIVACY","REDACTED FOR PRIVACY","REDACTED FOR PRIVACY","REDACTED FOR PRIVACY","REDACTED FOR PRIVACY REDACTED FOR PRIVACY REDACTED FOR PRIVACY","REDACTED FOR PRIVACY","REDACTED FOR PRIVACY","REDACTED FOR PRIVACY","REDACTED FOR PRIVACY","info@domain-contact.org","REDACTED FOR PRIVACY","REDACTED FOR PRIVACY","REDACTED FOR PRIVACY","REDACTED FOR PRIVACY","REDACTED FOR PRIVACY REDACTED FOR PRIVACY REDACTED FOR PRIVACY","REDACTED FOR PRIVACY","REDACTED FOR PRIVACY","REDACTED FOR PRIVACY","REDACTED FOR PRIVACY","info@domain-contact.org","REDACTED FOR PRIVACY","REDACTED FOR PRIVACY","REDACTED FOR PRIVACY","REDACTED FOR PRIVACY","REDACTED FOR PRIVACY REDACTED FOR PRIVACY REDACTED FOR PRIVACY","REDACTED FOR PRIVACY","REDACTED FOR PRIVACY","REDACTED FOR PRIVACY","REDACTED FOR PRIVACY","info@domain-contact.org","REDACTED FOR PRIVACY","REDACTED FOR PRIVACY","ns1.safaricombusiness.co.ke","ns2.safaricombusiness.co.ke","ns3.safaricombusiness.co.ke","ns4.safaricombusiness.co.ke","clientDeleteProhibited","clientTransferProhibited","",""
"6","amazonaafricaswilddanger.com","2021-07-08 11:36:31","2021-07-08","2021-07-08","2022-07-08","303","PDR Ltd. d/b/a PublicDomainRegistry.com","whois.publicdomainregistry.com","http://www.publicdomainregistry.com","Jimmie Muthii","Green Editors Ltd","18220, Jainsala Rd, Ridgeland Hse","Nairobi","Nairobi","00100","Kenya","web@greeneditors.co.ke","+254.0723515995","","Jimmie Muthii","Green Editors Ltd","18220, Jainsala Rd, Ridgeland Hse","Nairobi","Nairobi","00100","Kenya","web@greeneditors.co.ke","+254.0723515995","","Jimmie Muthii","Green Editors Ltd","18220, Jainsala Rd, Ridgeland Hse","Nairobi","Nairobi","00100","Kenya","web@greeneditors.co.ke","+254.0723515995","","","","","","","","","","","","ns321.kenyawebexperts.com","ns322.kenyawebexperts.com","","","clientTransferProhibited","","",""
"7","baadayasummit.com","2021-07-08 16:56:37","2021-07-05","2021-07-05","2022-07-05","1005","NetEarth One Inc. d/b/a NetEarth","whois.advancedregistrar.com","http://www.netearthone.com","Kiprono Leting","East Africa Hiking Adventures","29124","Nairobi","Nairobi","00100","Kenya","kipronoleting@gmail.com","+254.720960555","","Kiprono Leting","East Africa Hiking Adventures","29124","Nairobi","Nairobi","00100","Kenya","kipronoleting@gmail.com","+254.720960555","","Kiprono Leting","East Africa Hiking Adventures","29124","Nairobi","Nairobi","00100","Kenya","kipronoleting@gmail.com","+254.720960555","","","","","","","","","","","","ns0.sasahost.com","ns286.sasahost.com","ns287.sasahost.com","ns418.sasahost.com","clientTransferProhibited","","",""
"8","bhwriters.com","2021-07-08 14:35:41","2021-07-05","2021-07-06","2022-07-05","1479","Namesilo, LLC","whois.namesilo.com","http://www.namesilo.com","Patrick LUVALE","","Saadi Road Kenyatta Avenue","Nairobi","00200","5040","Kenya","2016pattyluvale@gmail.com","+254.708088289","","Patrick LUVALE","","Saadi Road Kenyatta Avenue","Nairobi","00200","5040","Kenya","2016pattyluvale@gmail.com","+254.708088289","","Patrick LUVALE","","Saadi Road Kenyatta Avenue","Nairobi","00200","5040","Kenya","2016pattyluvale@gmail.com","+254.708088289","","","","","","","","","","","","rs21.noc254.com","rs22.noc254.com","","","clientTransferProhibited","","",""
"9","blakesworldmenswear.com","2021-07-08 14:35:09","2021-07-05","2021-07-05","2022-07-05","1005","NetEarth One Inc. d/b/a NetEarth","whois.advancedregistrar.com","http://www.netearthone.com","Nelson Musyoki","East Coast Mercantile Corporation","Nairobi, Kenya.","Nairobi","Nairobi","00000","Kenya","publishbythecompany@gmail.com","+254.748780878","","Nelson Musyoki","East Coast Mercantile Corporation","Nairobi, Kenya.","Nairobi","Nairobi","00000","Kenya","publishbythecompany@gmail.com","+254.748780878","","Nelson Musyoki","East Coast Mercantile Corporation","Nairobi, Kenya.","Nairobi","Nairobi","00000","Kenya","publishbythecompany@gmail.com","+254.748780878","","","","","","","","","","","","ns0.sasahost.com","ns286.sasahost.com","ns287.sasahost.com","ns418.sasahost.com","clientTransferProhibited","","",""
"10","brynngrp.com","2021-07-08 14:33:46","2021-07-05","2021-07-05","2022-07-05","1250","Trunkoz Technologies Pvt Ltd. d/b/a OwnRegistrar.com","whois.ownregistrar.com","http://www.ownregistrar.com","Bernard Rono","BRYNN SOLUTIONS","OFF NAROK-MAU-NAKURU ROADP. O. BOX 608","NAROK","Other","20500","Kenya","bern.rono@outlook.com","+254.723449096","","Bernard Rono","BRYNN SOLUTIONS","OFF NAROK-MAU-NAKURU ROADP. O. BOX 608","NAROK","Other","20500","Kenya","bern.rono@outlook.com","+254-723449096","","Bernard Rono","BRYNN SOLUTIONS","OFF NAROK-MAU-NAKURU ROADP. O. BOX 608","NAROK","Other","20500","Kenya","bern.rono@outlook.com","+254-723449096","","","","","","","","","","","","ns1.cloudoon.com","ns2.cloudoon.com","ns3.cloudoon.com","","clientRenewProhibited","clientTransferProhibited","clientUpdateProhibited",""
"11","bustabets.com","2021-07-08 18:05:56","2021-07-05","2021-07-05","2022-07-05","146","GoDaddy.com, LLC","whois.godaddy.com","http://registrar.godaddy.com","","","","","Kenya","","Kenya","","","","","","","","","","","","","","","","","","","","","","","","","","","","","","","","","","ns09.domaincontrol.com","ns10.domaincontrol.com","","","clientDeleteProhibited","clientRenewProhibited","clientTransferProhibited","clientUpdateProhibited"
"12","cairopalacehotel.com","2021-07-08 17:14:48","2021-07-05","2021-07-05","2022-07-05","269","Key-Systems GmbH","whois.rrpproxy.net","http://www.key-systems.net","REDACTED FOR PRIVACY","REDACTED FOR PRIVACY","REDACTED FOR PRIVACY REDACTED FOR PRIVACY REDACTED FOR PRIVACY","REDACTED FOR PRIVACY","KE","REDACTED FOR PRIVACY","Kenya","info@domain-contact.org","REDACTED FOR PRIVACY","REDACTED FOR PRIVACY","REDACTED FOR PRIVACY","REDACTED FOR PRIVACY","REDACTED FOR PRIVACY REDACTED FOR PRIVACY REDACTED FOR PRIVACY","REDACTED FOR PRIVACY","REDACTED FOR PRIVACY","REDACTED FOR PRIVACY","REDACTED FOR PRIVACY","info@domain-contact.org","REDACTED FOR PRIVACY","REDACTED FOR PRIVACY","REDACTED FOR PRIVACY","REDACTED FOR PRIVACY","REDACTED FOR PRIVACY REDACTED FOR PRIVACY REDACTED FOR PRIVACY","REDACTED FOR PRIVACY","REDACTED FOR PRIVACY","REDACTED FOR PRIVACY","REDACTED FOR PRIVACY","info@domain-contact.org","REDACTED FOR PRIVACY","REDACTED FOR PRIVACY","REDACTED FOR PRIVACY","REDACTED FOR PRIVACY","REDACTED FOR PRIVACY REDACTED FOR PRIVACY REDACTED FOR PRIVACY","REDACTED FOR PRIVACY","REDACTED FOR PRIVACY","REDACTED FOR PRIVACY","REDACTED FOR PRIVACY","info@domain-contact.org","REDACTED FOR PRIVACY","REDACTED FOR PRIVACY","ns1.safaricombusiness.co.ke","ns2.safaricombusiness.co.ke","ns3.safaricombusiness.co.ke","ns4.safaricombusiness.co.ke","OK","","",""
"13","catchyfound.com","2021-07-08 16:53:35","2021-07-05","2021-07-05","2022-07-05","955","Launchpad, Inc.","whois.launchpad.com","http://www.launchpad.com","oscar omole","Q-Lab Digital Marketers","85835","Nairobi","30","00200","Kenya","oscaromole@gmail.com","+254.723529662","","oscar omole","Q-Lab Digital Marketers","85835","Nairobi","30","00200","Kenya","oscaromole@gmail.com","+254.723529662","","oscar omole","Q-Lab Digital Marketers","85835","Nairobi","30","00200","Kenya","oscaromole@gmail.com","+254.723529662","","","","","","","","","","","","ns1.hostgator.com","ns2.hostgator.com","","","clientTransferProhibited","","",""
"14","cpajosh.com","2021-07-08 16:49:51","2021-07-05","2021-07-05","2022-07-05","69","Tucows Domains Inc.","whois.tucows.com","http://domainhelp.opensrs.net","REDACTED FOR PRIVACY","REDACTED FOR PRIVACY","REDACTED FOR PRIVACY","REDACTED FOR PRIVACY","","REDACTED FOR PRIVACY","Kenya","","REDACTED FOR PRIVACY","REDACTED FOR PRIVACY","REDACTED FOR PRIVACY","REDACTED FOR PRIVACY","REDACTED FOR PRIVACY","REDACTED FOR PRIVACY","REDACTED FOR PRIVACY","REDACTED FOR PRIVACY","REDACTED FOR PRIVACY","","REDACTED FOR PRIVACY","REDACTED FOR PRIVACY","REDACTED FOR PRIVACY","REDACTED FOR PRIVACY","REDACTED FOR PRIVACY","REDACTED FOR PRIVACY","REDACTED FOR PRIVACY","REDACTED FOR PRIVACY","REDACTED FOR PRIVACY","","REDACTED FOR PRIVACY","REDACTED FOR PRIVACY","","","","","","","","","","","ns200.kenyaweb.com","ns201.kenyaweb.com","ns203.kenyaweb.com","","clientTransferProhibited","clientUpdateProhibited","",""
"15","crombietours.com","2021-07-08 17:59:16","2021-07-05","2021-07-05","2022-07-05","303","PDR Ltd. d/b/a PublicDomainRegistry.com","whois.publicdomainregistry.com","http://www.publicdomainregistry.com","Patrick Wanjohi","Crombie Tours","32097","Nairobi","Nairobi Municipality","00600","Kenya","crombitours@yahoo.co.uk","+254.0726550283","","Patrick Wanjohi","Crombie Tours","32097","Nairobi","Nairobi Municipality","00600","Kenya","crombitours@yahoo.co.uk","+254.0726550283","","Patrick Wanjohi","Crombie Tours","32097","Nairobi","Nairobi Municipality","00600","Kenya","crombitours@yahoo.co.uk","+254.0726550283","","","","","","","","","","","","ns1.kenyadatahosting.com","ns2.kenyadatahosting.com","ns3.kenyadatahosting.com","ns4.kenyadatahosting.com","clientTransferProhibited","","",""
"16","dangigzmedia.com","2021-07-08 14:26:49","2021-07-05","2021-07-05","2022-07-05","1250","Trunkoz Technologies Pvt Ltd. d/b/a OwnRegistrar.com","whois.ownregistrar.com","http://www.ownregistrar.com","Dan Gikeno","NA","16435","Nakuru","Rift Valley","20100","Kenya","dangikeno@gmail.com","+254.0725104378","","Dan Gikeno","NA","16435","Nakuru","Rift Valley","20100","Kenya","dangikeno@gmail.com","+254-0725104378","","Dan Gikeno","NA","16435","Nakuru","Rift Valley","20100","Kenya","dangikeno@gmail.com","+254-0725104378","","","","","","","","","","","","ns1.cloudoon.com","ns2.cloudoon.com","ns3.cloudoon.com","","OK","","",""
"17","dopeweddings.com","2021-07-08 18:38:28","2021-07-04","2021-07-04","2022-07-04","146","GoDaddy.com, LLC","whois.godaddy.com","http://registrar.godaddy.com","","","","","Nairobi","","Kenya","","","","","","","","","","","","","","","","","","","","","","","","","","","","","","","","","","ns59.domaincontrol.com","ns60.domaincontrol.com","","","clientDeleteProhibited","clientRenewProhibited","clientTransferProhibited","clientUpdateProhibited"
"18","elimutv.com","2021-07-08 17:30:24","2021-07-05","2021-07-05","2022-07-05","146","GoDaddy.com, LLC","whois.godaddy.com","http://registrar.godaddy.com","Elimutv","Elimutv","","","Nairobi","","Kenya","","","","","","","","","","","","","","","","","","","","","","","","","","","","","","","","","","ns71.domaincontrol.com","ns72.domaincontrol.com","","","clientDeleteProhibited","clientRenewProhibited","clientTransferProhibited","clientUpdateProhibited"
"19","enkadvocateke.com","2021-07-08 16:43:33","2021-07-05","2021-07-07","2022-07-05","69","Tucows Domains Inc.","whois.tucows.com","http://domainhelp.opensrs.net","REDACTED FOR PRIVACY","REDACTED FOR PRIVACY","REDACTED FOR PRIVACY","REDACTED FOR PRIVACY","Nairobi","REDACTED FOR PRIVACY","Kenya","","REDACTED FOR PRIVACY","REDACTED FOR PRIVACY","REDACTED FOR PRIVACY","REDACTED FOR PRIVACY","REDACTED FOR PRIVACY","REDACTED FOR PRIVACY","REDACTED FOR PRIVACY","REDACTED FOR PRIVACY","REDACTED FOR PRIVACY","","REDACTED FOR PRIVACY","REDACTED FOR PRIVACY","REDACTED FOR PRIVACY","REDACTED FOR PRIVACY","REDACTED FOR PRIVACY","REDACTED FOR PRIVACY","REDACTED FOR PRIVACY","REDACTED FOR PRIVACY","REDACTED FOR PRIVACY","","REDACTED FOR PRIVACY","REDACTED FOR PRIVACY","","","","","","","","","","","ns1.systemdns.com","ns2.systemdns.com","ns3.systemdns.com","","clientTransferProhibited","clientUpdateProhibited","",""
"20","fastresponderkenya.com","2021-07-08 16:41:30","2021-07-05","2021-07-05","2022-07-05","1601","Atak Domain Hosting Internet d/b/a Atak Teknoloji","whois.verisign-grs.com","http://www.atakteknoloji.com","Ngugi Waithima","","Ongata Rongai","Ongata Rongai","KE","00511","Kenya","waithimamoses@gmail.com","+254.718694794","+254.718694794","Ngugi Waithima","","Ongata Rongai","Ongata Rongai","KE","00511","Kenya","waithimamoses@gmail.com","+254.718694794","+254.718694794","Ngugi Waithima","","Ongata Rongai","Ongata Rongai","KE","00511","Kenya","waithimamoses@gmail.com","+254.718694794","+254.718694794","","","","","","","","","","","dns1.webcomke.net","dns2.webcomke.net","dns3.webcomke.net","dns4.webcomke.net","","","",""
"21","finestlabels.com","2021-07-08 17:31:29","2021-07-05","2021-07-04","2022-07-05","146","GoDaddy.com, LLC","whois.godaddy.com","http://registrar.godaddy.com","","","","","Kenya","","Kenya","","","","","","","","","","","","","","","","","","","","","","","","","","","","","","","","","","ns55.domaincontrol.com","ns56.domaincontrol.com","","","clientDeleteProhibited","clientRenewProhibited","clientTransferProhibited","clientUpdateProhibited"
"22","funtravellist.com","2021-07-08 16:38:49","2021-07-05","2021-07-05","2022-07-05","146","GoDaddy.com, LLC","whois.godaddy.com","http://registrar.godaddy.com","na","na","","","Mombasa","","Kenya","","","","","","","","","","","","","","","","","","","","","","","","","","","","","","","","","","ns71.domaincontrol.com","ns72.domaincontrol.com","","","clientDeleteProhibited","clientRenewProhibited","clientTransferProhibited","clientUpdateProhibited"
"23","gemlifebaobab.com","2021-07-08 16:38:11","2021-07-05","2021-07-05","2022-07-05","269","Key-Systems GmbH","whois.rrpproxy.net","http://www.key-systems.net","REDACTED FOR PRIVACY","REDACTED FOR PRIVACY","REDACTED FOR PRIVACY REDACTED FOR PRIVACY REDACTED FOR PRIVACY","REDACTED FOR PRIVACY","Nairobi","REDACTED FOR PRIVACY","Kenya","info@domain-contact.org","REDACTED FOR PRIVACY","REDACTED FOR PRIVACY","REDACTED FOR PRIVACY","REDACTED FOR PRIVACY","REDACTED FOR PRIVACY REDACTED FOR PRIVACY REDACTED FOR PRIVACY","REDACTED FOR PRIVACY","REDACTED FOR PRIVACY","REDACTED FOR PRIVACY","REDACTED FOR PRIVACY","info@domain-contact.org","REDACTED FOR PRIVACY","REDACTED FOR PRIVACY","REDACTED FOR PRIVACY","REDACTED FOR PRIVACY","REDACTED FOR PRIVACY REDACTED FOR PRIVACY REDACTED FOR PRIVACY","REDACTED FOR PRIVACY","REDACTED FOR PRIVACY","REDACTED FOR PRIVACY","REDACTED FOR PRIVACY","info@domain-contact.org","REDACTED FOR PRIVACY","REDACTED FOR PRIVACY","REDACTED FOR PRIVACY","REDACTED FOR PRIVACY","REDACTED FOR PRIVACY REDACTED FOR PRIVACY REDACTED FOR PRIVACY","REDACTED FOR PRIVACY","REDACTED FOR PRIVACY","REDACTED FOR PRIVACY","REDACTED FOR PRIVACY","info@domain-contact.org","REDACTED FOR PRIVACY","REDACTED FOR PRIVACY","ns1.safaricombusiness.co.ke","ns2.safaricombusiness.co.ke","ns3.safaricombusiness.co.ke","ns4.safaricombusiness.co.ke","OK","","",""
"24","getallcrypto.com","2021-07-08 17:33:53","2021-07-05","2021-07-05","2022-07-05","146","GoDaddy.com, LLC","whois.godaddy.com","http://registrar.godaddy.com","","","","","kiambu","","Kenya","","","","","","","","","","","","","","","","","","","","","","","","","","","","","","","","","","ns09.domaincontrol.com","ns10.domaincontrol.com","","","clientDeleteProhibited","clientRenewProhibited","clientTransferProhibited","clientUpdateProhibited"
"25","giandoafrica.com","2021-07-08 16:37:49","2021-07-05","2021-07-05","2022-07-05","269","Key-Systems GmbH","whois.rrpproxy.net","http://www.key-systems.net","REDACTED FOR PRIVACY","REDACTED FOR PRIVACY","REDACTED FOR PRIVACY REDACTED FOR PRIVACY REDACTED FOR PRIVACY","REDACTED FOR PRIVACY","Kenya","REDACTED FOR PRIVACY","Kenya","info@domain-contact.org","REDACTED FOR PRIVACY","REDACTED FOR PRIVACY","REDACTED FOR PRIVACY","REDACTED FOR PRIVACY","REDACTED FOR PRIVACY REDACTED FOR PRIVACY REDACTED FOR PRIVACY","REDACTED FOR PRIVACY","REDACTED FOR PRIVACY","REDACTED FOR PRIVACY","REDACTED FOR PRIVACY","info@domain-contact.org","REDACTED FOR PRIVACY","REDACTED FOR PRIVACY","REDACTED FOR PRIVACY","REDACTED FOR PRIVACY","REDACTED FOR PRIVACY REDACTED FOR PRIVACY REDACTED FOR PRIVACY","REDACTED FOR PRIVACY","REDACTED FOR PRIVACY","REDACTED FOR PRIVACY","REDACTED FOR PRIVACY","info@domain-contact.org","REDACTED FOR PRIVACY","REDACTED FOR PRIVACY","REDACTED FOR PRIVACY","REDACTED FOR PRIVACY","REDACTED FOR PRIVACY REDACTED FOR PRIVACY REDACTED FOR PRIVACY","REDACTED FOR PRIVACY","REDACTED FOR PRIVACY","REDACTED FOR PRIVACY","REDACTED FOR PRIVACY","info@domain-contact.org","REDACTED FOR PRIVACY","REDACTED FOR PRIVACY","ns1.safaricombusiness.co.ke","ns2.safaricombusiness.co.ke","ns3.safaricombusiness.co.ke","ns4.safaricombusiness.co.ke","OK","","",""
"26","goodfloormats.com","2021-07-08 16:37:02","2021-07-04","2021-07-04","2022-07-04","146","GoDaddy.com, LLC","whois.godaddy.com","http://registrar.godaddy.com","","","","","Nairobi","","Kenya","","","","","","","","","","","","","","","","","","","","","","","","","","","","","","","","","","ns71.domaincontrol.com","ns72.domaincontrol.com","","","clientDeleteProhibited","clientRenewProhibited","clientTransferProhibited","clientUpdateProhibited"
"27","herimax.com","2021-07-08 14:18:56","2021-07-05","2021-07-05","2022-07-05","303","PDR Ltd. d/b/a PublicDomainRegistry.com","whois.publicdomainregistry.com","http://www.publicdomainregistry.com","Keziah Thiga","Herimax int","1234","Nairobi","Kenya","00100","Kenya","herimaxint@gmail.com","+254.793848478","","Keziah Thiga","Herimax int","1234","Nairobi","Kenya","00100","Kenya","herimaxint@gmail.com","+254.793848478","","Keziah Thiga","Herimax int","1234","Nairobi","Kenya","00100","Kenya","herimaxint@gmail.com","+254.793848478","","","","","","","","","","","","ns1.rayscohosting.best","ns2.rayscohosting.best","","","clientTransferProhibited","","",""
"28","hillsidewholesalers.com","2021-07-08 14:37:44","2021-07-05","2021-07-05","2022-07-05","303","PDR Ltd. d/b/a PublicDomainRegistry.com","whois.publicdomainregistry.com","http://www.publicdomainregistry.com","Bill Lumayah","Shantec Systems Ltd","41310","Nairobi","Nairobi","00100","Kenya","bmajimbuz@gmail.com","+254.713471472","","Bill Lumayah","Shantec Systems Ltd","41310","Nairobi","Nairobi","00100","Kenya","bmajimbuz@gmail.com","+254.713471472","","Bill Lumayah","Shantec Systems Ltd","41310","Nairobi","Nairobi","00100","Kenya","bmajimbuz@gmail.com","+254.713471472","","","","","","","","","","","","ns1.bh-72.webhostbox.net","ns2.bh-72.webhostbox.net","","","clientTransferProhibited","","",""
"29","hornafriqueinstitute.com","2021-07-08 14:37:11","2021-07-05","2021-07-05","2022-07-05","1005","NetEarth One Inc. d/b/a NetEarth","whois.advancedregistrar.com","http://www.netearthone.com","Hillary Mutua Mutunga","Micronet solutions ltd","12527","Nairobi","Nairobi","00400","Kenya","jeffmuts@gmail.com","+254.0721571330","","Hillary Mutua Mutunga","Micronet solutions ltd","12527","Nairobi","Nairobi","00400","Kenya","jeffmuts@gmail.com","+254.0721571330","","Hillary Mutua Mutunga","Micronet solutions ltd","12527","Nairobi","Nairobi","00400","Kenya","jeffmuts@gmail.com","+254.0721571330","","","","","","","","","","","","ns0.sasahost.com","ns418.sasahost.com","ns500.sasahost.com","ns501.sasahost.com","clientTransferProhibited","","",""
"30","inspynity.com","2021-07-08 16:34:08","2021-07-05","2021-07-05","2022-07-05","146","GoDaddy.com, LLC","whois.godaddy.com","http://registrar.godaddy.com","","","","","Nairobi","","Kenya","","","","","","","","","","","","","","","","","","","","","","","","","","","","","","","","","","ns09.domaincontrol.com","ns10.domaincontrol.com","","","clientDeleteProhibited","clientRenewProhibited","clientTransferProhibited","clientUpdateProhibited"
"31","itsmyhustle.com","2021-07-08 16:33:01","2021-07-05","2021-07-05","2022-07-05","303","PDR Ltd. d/b/a PublicDomainRegistry.com","whois.publicdomainregistry.com","http://www.publicdomainregistry.com","Andrew  Teyie","","Nairobi","Nairobi","Nairobi","00100","Kenya","amuholo@gmail.com","+254.725503099","","Andrew  Teyie","","Nairobi","Nairobi","Nairobi","00100","Kenya","amuholo@gmail.com","+254.725503099","","Andrew  Teyie","","Nairobi","Nairobi","Nairobi","00100","Kenya","amuholo@gmail.com","+254.725503099","","","","","","","","","","","","ns389.kenyawebexperts.com","ns390.kenyawebexperts.com","","","clientTransferProhibited","","",""
"32","koderaadvocates.com","2021-07-08 16:29:01","2021-07-05","2021-07-05","2022-07-05","1250","Trunkoz Technologies Pvt Ltd. d/b/a OwnRegistrar.com","whois.ownregistrar.com","http://www.ownregistrar.com","Charles Odera","NA","1004-40600","Nairobi","Other","34958-00100","Kenya","charltonodera94@gmail.com","+254.706722744","","Charles Odera","NA","1004-40600","Nairobi","Other","34958-00100","Kenya","charltonodera94@gmail.com","+254-706722744","","Charles Odera","NA","1004-40600","Nairobi","Other","34958-00100","Kenya","charltonodera94@gmail.com","+254-706722744","","","","","","","","","","","","ns1.cloudoon.com","ns2.cloudoon.com","ns3.cloudoon.com","","OK","","",""
"33","laryhilmall.com","2021-07-08 16:27:51","2021-07-05","2021-07-05","2022-07-05","1250","Trunkoz Technologies Pvt Ltd. d/b/a OwnRegistrar.com","whois.ownregistrar.com","http://www.ownregistrar.com","Hillary Sagwa","Laryhil SoftSolutions","KasaraniMwiki","Nairobi","Other","00100","Kenya","sagwahillary@gmail.com","+254.724698462","","Hillary Sagwa","Laryhil SoftSolutions","KasaraniMwiki","Nairobi","Other","00100","Kenya","sagwahillary@gmail.com","+254-724698462","","Hillary Sagwa","Laryhil SoftSolutions","KasaraniMwiki","Nairobi","Other","00100","Kenya","sagwahillary@gmail.com","+254-724698462","","","","","","","","","","","","ns1.olitt.com","ns1.olitt.net","","","OK","","",""
"34","maingiweb.com","2021-07-08 16:23:40","2021-07-05","2021-07-05","2022-07-05","303","PDR Ltd. d/b/a PublicDomainRegistry.com","whois.publicdomainregistry.com","http://www.publicdomainregistry.com","Shujaa Host","","Nairobi","Nairobi","Nairobi","00100","Kenya","info@shujaahost.co.ke","+254.254717613017","","Shujaa Host","","Nairobi","Nairobi","Nairobi","00100","Kenya","info@shujaahost.co.ke","+254.254717613017","","Shujaa Host","","Nairobi","Nairobi","Nairobi","00100","Kenya","info@shujaahost.co.ke","+254.254717613017","","","","","","","","","","","","ns1.shujaahost.co.ke","ns2.shujaahost.co.ke","","","clientTransferProhibited","","",""
"35","manakristodesigns.com","2021-07-08 17:35:06","2021-07-05","2021-07-05","2022-07-05","303","PDR Ltd. d/b/a PublicDomainRegistry.com","whois.publicdomainregistry.com","http://www.publicdomainregistry.com","Tsedaniya Delnessa","Manakristo Designs","229 Karen Plains Rd 15305","Nairobi","Nairobi","00509","Kenya","manakristo@yahoo.com","+254.700003765","","Tsedaniya Delnessa","Manakristo Designs","229 Karen Plains Rd 15305","Nairobi","Nairobi","00509","Kenya","manakristo@yahoo.com","+254.700003765","","Tsedaniya Delnessa","Manakristo Designs","229 Karen Plains Rd 15305","Nairobi","Nairobi","00509","Kenya","manakristo@yahoo.com","+254.700003765","","","","","","","","","","","","rc130.eacdirectory.com","rc131.eacdirectory.com","","","clientTransferProhibited","","",""
"36","masters-papers.com","2021-07-08 17:41:22","2021-07-05","2021-07-05","2022-07-05","48","eNom, Inc.","whois.enom.com","http://www.enom.com","REDACTED FOR PRIVACY","REDACTED FOR PRIVACY","REDACTED FOR PRIVACY","REDACTED FOR PRIVACY","Kenya","REDACTED FOR PRIVACY","Kenya","","REDACTED FOR PRIVACY","REDACTED FOR PRIVACY","REDACTED FOR PRIVACY","REDACTED FOR PRIVACY","REDACTED FOR PRIVACY","REDACTED FOR PRIVACY","REDACTED FOR PRIVACY","REDACTED FOR PRIVACY","REDACTED FOR PRIVACY","","REDACTED FOR PRIVACY","REDACTED FOR PRIVACY","REDACTED FOR PRIVACY","REDACTED FOR PRIVACY","REDACTED FOR PRIVACY","REDACTED FOR PRIVACY","REDACTED FOR PRIVACY","REDACTED FOR PRIVACY","REDACTED FOR PRIVACY","","REDACTED FOR PRIVACY","REDACTED FOR PRIVACY","","","","","","","","","","","ns1.a2hosting.com","ns2.a2hosting.com","ns3.a2hosting.com","ns4.a2hosting.com","addPeriod","clientTransferProhibited","",""
"37","ministepdoge.online","2021-07-08 15:26:22","2021-07-05","2021-07-05","2022-07-05","146","GoDaddy.com, LLC","whois.godaddy.com","http://registrar.godaddy.com","","","","","48095 - 0100","","Kenya","","","","","","","","","","","","","","","","","","","","","","","","","","","","","","","","","","ns12.wixdns.net","ns13.wixdns.net","","","addPeriod","clientDeleteProhibited","clientRenewProhibited","clientTransferProhibited"
"38","mockee313.com","2021-07-08 16:20:13","2021-07-05","2021-07-05","2022-07-05","303","PDR Ltd. d/b/a PublicDomainRegistry.com","whois.publicdomainregistry.com","http://www.publicdomainregistry.com","SYMON MUCHOKI","MOCKELECTRICAL AND ELECTRONICS LIMITED","NAIROBI","KIRINYAGA","SAGANA","00100","Kenya","mockwork@gmail.com","+254.0703222356","","SYMON MUCHOKI","MOCKELECTRICAL AND ELECTRONICS LIMITED","NAIROBI","KIRINYAGA","SAGANA","00100","Kenya","mockwork@gmail.com","+254.0703222356","","SYMON MUCHOKI","MOCKELECTRICAL AND ELECTRONICS LIMITED","NAIROBI","KIRINYAGA","SAGANA","00100","Kenya","mockwork@gmail.com","+254.0703222356","","","","","","","","","","","","ns107.kenyawebexperts.com","ns108.kenyawebexperts.com","","","clientTransferProhibited","","",""
"39","molivian.com","2021-07-08 16:20:06","2021-07-05","2021-07-05","2022-07-05","303","PDR Ltd. d/b/a PublicDomainRegistry.com","whois.publicdomainregistry.com","http://www.publicdomainregistry.com","Marriane Njeri","Molivian","Waiyaki Way","Nairobi","Nairobi Municipality","00100","Kenya","olivianjeri@gmail.com","+254.708969057","","Marriane Njeri","Molivian","Waiyaki Way","Nairobi","Nairobi Municipality","00100","Kenya","olivianjeri@gmail.com","+254.708969057","","Marriane Njeri","Molivian","Waiyaki Way","Nairobi","Nairobi Municipality","00100","Kenya","olivianjeri@gmail.com","+254.708969057","","","","","","","","","","","","aisha.ns.cloudflare.com","neil.ns.cloudflare.com","","","clientTransferProhibited","","",""
"40","mombasabyfoot.com","2021-07-08 17:33:52","2021-07-05","2021-07-05","2022-07-05","1250","Trunkoz Technologies Pvt Ltd. d/b/a OwnRegistrar.com","whois.ownregistrar.com","http://www.ownregistrar.com","Festus Makau","360 Elfaro","1341Ukunda","Ukunda","Other","80400","Kenya","festusm3@gmail.com","+254.0727366004","","Festus Makau","360 Elfaro","1341Ukunda","Ukunda","Other","80400","Kenya","festusm3@gmail.com","+254-0727366004","","Festus Makau","360 Elfaro","1341Ukunda","Ukunda","Other","80400","Kenya","festusm3@gmail.com","+254-0727366004","","","","","","","","","","","","ns1.cloudoon.com","ns2.cloudoon.com","ns3.cloudoon.com","","OK","","",""
"41","mombasavacations.com","2021-07-08 16:20:06","2021-07-05","2021-07-05","2022-07-05","303","PDR Ltd. d/b/a PublicDomainRegistry.com","whois.publicdomainregistry.com","http://www.publicdomainregistry.com","Prital Nathwani","Horton Capital Ltd","P.O Box 48942","Nairobi","NBO","00100","Kenya","pritalnathwani@icloud.com","+254.0735515464","","Domain Administrator","Webhost Kenya Ltd","P.O.Box 1175 Gemina Court","Nairobi","Nairobi","00606","Kenya","registry@webhostkenya.co.ke","+254.254728787401","","Domain Administrator","Webhost Kenya Ltd","P.O.Box 1175 Gemina Court","Nairobi","Nairobi","00606","Kenya","registry@webhostkenya.co.ke","+254.254728787401","","","","","","","","","","","","ns1.webhostkenya.co.ke","ns2.webhostkenya.co.ke","ns3.webhostkenya.co.ke","ns4.webhostkenya.co.ke","clientTransferProhibited","","",""
"42","monicahwaweru.world","2021-07-08 14:51:49","2021-07-05","2021-07-05","2022-07-05","1479","Namesilo, LLC","whois.namesilo.com","http://www.namesilo.com","REDACTED FOR PRIVACY","","REDACTED FOR PRIVACY","REDACTED FOR PRIVACY","Europe, Middle East, and Africa","REDACTED FOR PRIVACY","Kenya","","REDACTED FOR PRIVACY","REDACTED FOR PRIVACY","","","","","","","","","","","","","","","","","","","","","","","","","","","","","","","","","","","addPeriod","clientTransferProhibited","",""
"43","mosheikhtravel.com","2021-07-08 16:19:50","2021-07-05","2021-07-05","2022-07-05","440","Wild West Domains, LLC","whois.wildwestdomains.com","http://www.wildwestdomains.com","","","","","Nairobi","","Kenya","","","","","","","","","","","","","","","","","","","","","","","","","","","","","","","","","","ns1.tamshi.com","ns2.tamshi.com","ns3.tamshi.com","","clientDeleteProhibited","clientRenewProhibited","clientTransferProhibited","clientUpdateProhibited"
"44","mtaanichemist.com","2021-07-08 16:19:21","2021-07-05","2021-07-05","2022-07-05","320","TLDs LLC dba SRSplus","whois.srsplus.com","http://www.srsplus.com","Richard Hechle","AccessKenya Group","Purushotam Place Westlands Road P O Box 43588","Nairobi","NONE","00100","Kenya","domains@accesskenya.com","+254.203600000","","Jonathan Somen","Communication Solutions Ltd","P O Box 43588","Nairobi","NONE","100","Kenya","domains@accesskenya.com","+254.203749599","","Jonathan Somen","Communication Solutions Ltd","P O Box 43588","Nairobi","NONE","100","Kenya","domains@accesskenya.com","+254.203749599","","","","","","","","","","","","ns0.accesskenya.com","ukns1.accesskenya.com","","","clientTransferProhibited","","",""
"45","musuubuzi.com","2021-07-08 16:19:09","2021-07-05","2021-07-05","2022-07-05","269","Key-Systems GmbH","whois.rrpproxy.net","http://www.key-systems.net","REDACTED FOR PRIVACY","REDACTED FOR PRIVACY","REDACTED FOR PRIVACY REDACTED FOR PRIVACY REDACTED FOR PRIVACY","REDACTED FOR PRIVACY","Kenya","REDACTED FOR PRIVACY","Kenya","info@domain-contact.org","REDACTED FOR PRIVACY","REDACTED FOR PRIVACY","REDACTED FOR PRIVACY","REDACTED FOR PRIVACY","REDACTED FOR PRIVACY REDACTED FOR PRIVACY REDACTED FOR PRIVACY","REDACTED FOR PRIVACY","REDACTED FOR PRIVACY","REDACTED FOR PRIVACY","REDACTED FOR PRIVACY","info@domain-contact.org","REDACTED FOR PRIVACY","REDACTED FOR PRIVACY","REDACTED FOR PRIVACY","REDACTED FOR PRIVACY","REDACTED FOR PRIVACY REDACTED FOR PRIVACY REDACTED FOR PRIVACY","REDACTED FOR PRIVACY","REDACTED FOR PRIVACY","REDACTED FOR PRIVACY","REDACTED FOR PRIVACY","info@domain-contact.org","REDACTED FOR PRIVACY","REDACTED FOR PRIVACY","REDACTED FOR PRIVACY","REDACTED FOR PRIVACY","REDACTED FOR PRIVACY REDACTED FOR PRIVACY REDACTED FOR PRIVACY","REDACTED FOR PRIVACY","REDACTED FOR PRIVACY","REDACTED FOR PRIVACY","REDACTED FOR PRIVACY","info@domain-contact.org","REDACTED FOR PRIVACY","REDACTED FOR PRIVACY","ns1.safaricombusiness.co.ke","ns2.safaricombusiness.co.ke","ns3.safaricombusiness.co.ke","ns4.safaricombusiness.co.ke","OK","","",""
"46","nursing-professors.com","2021-07-08 14:41:02","2021-07-05","2021-07-05","2022-07-05","48","eNom, Inc.","whois.enom.com","http://www.enom.com","REDACTED FOR PRIVACY","REDACTED FOR PRIVACY","REDACTED FOR PRIVACY","REDACTED FOR PRIVACY","Kenya","REDACTED FOR PRIVACY","Kenya","","REDACTED FOR PRIVACY","REDACTED FOR PRIVACY","REDACTED FOR PRIVACY","REDACTED FOR PRIVACY","REDACTED FOR PRIVACY","REDACTED FOR PRIVACY","REDACTED FOR PRIVACY","REDACTED FOR PRIVACY","REDACTED FOR PRIVACY","","REDACTED FOR PRIVACY","REDACTED FOR PRIVACY","REDACTED FOR PRIVACY","REDACTED FOR PRIVACY","REDACTED FOR PRIVACY","REDACTED FOR PRIVACY","REDACTED FOR PRIVACY","REDACTED FOR PRIVACY","REDACTED FOR PRIVACY","","REDACTED FOR PRIVACY","REDACTED FOR PRIVACY","","","","","","","","","","","ns1.a2hosting.com","ns2.a2hosting.com","ns3.a2hosting.com","ns4.a2hosting.com","addPeriod","clientTransferProhibited","",""
"47","nyeripals.com","2021-07-08 14:30:27","2021-07-05","2021-07-05","2022-07-05","1005","NetEarth One Inc. d/b/a NetEarth","whois.advancedregistrar.com","http://www.netearthone.com","Philip Munyoroku","Nyeri Pals","Gakere Road","Nyeri","Nyeri","10100","Kenya","philobyad@gmail.com","+254.712340430","","Philip Munyoroku","Nyeri Pals","Gakere Road","Nyeri","Nyeri","10100","Kenya","philobyad@gmail.com","+254.712340430","","Philip Munyoroku","Nyeri Pals","Gakere Road","Nyeri","Nyeri","10100","Kenya","philobyad@gmail.com","+254.712340430","","","","","","","","","","","","ns0.sasahost.com","ns369.sasahost.com","ns370.sasahost.com","ns418.sasahost.com","clientTransferProhibited","","",""
"48","ormushealingtherapy.com","2021-07-08 16:17:37","2021-07-05","2021-07-05","2022-07-05","269","Key-Systems GmbH","whois.rrpproxy.net","http://www.key-systems.net","REDACTED FOR PRIVACY","REDACTED FOR PRIVACY","REDACTED FOR PRIVACY REDACTED FOR PRIVACY REDACTED FOR PRIVACY","REDACTED FOR PRIVACY","Mtito Andei","REDACTED FOR PRIVACY","Kenya","info@domain-contact.org","REDACTED FOR PRIVACY","REDACTED FOR PRIVACY","REDACTED FOR PRIVACY","REDACTED FOR PRIVACY","REDACTED FOR PRIVACY REDACTED FOR PRIVACY REDACTED FOR PRIVACY","REDACTED FOR PRIVACY","REDACTED FOR PRIVACY","REDACTED FOR PRIVACY","REDACTED FOR PRIVACY","info@domain-contact.org","REDACTED FOR PRIVACY","REDACTED FOR PRIVACY","REDACTED FOR PRIVACY","REDACTED FOR PRIVACY","REDACTED FOR PRIVACY REDACTED FOR PRIVACY REDACTED FOR PRIVACY","REDACTED FOR PRIVACY","REDACTED FOR PRIVACY","REDACTED FOR PRIVACY","REDACTED FOR PRIVACY","info@domain-contact.org","REDACTED FOR PRIVACY","REDACTED FOR PRIVACY","REDACTED FOR PRIVACY","REDACTED FOR PRIVACY","REDACTED FOR PRIVACY REDACTED FOR PRIVACY REDACTED FOR PRIVACY","REDACTED FOR PRIVACY","REDACTED FOR PRIVACY","REDACTED FOR PRIVACY","REDACTED FOR PRIVACY","info@domain-contact.org","REDACTED FOR PRIVACY","REDACTED FOR PRIVACY","ns1.webaukhosting.net","ns2.webaukhosting.net","","","OK","","",""
"49","patasms.com","2021-07-08 17:57:21","2021-07-05","2021-07-05","2022-07-05","146","GoDaddy.com, LLC","whois.godaddy.com","http://registrar.godaddy.com","","","","","Kenya","","Kenya","","","","","","","","","","","","","","","","","","","","","","","","","","","","","","","","","","ns55.domaincontrol.com","ns56.domaincontrol.com","","","clientDeleteProhibited","clientRenewProhibited","clientTransferProhibited","clientUpdateProhibited"
"50","portiasoftwares.com","2021-07-08 16:14:35","2021-07-05","2021-07-05","2022-07-05","1250","Trunkoz Technologies Pvt Ltd. d/b/a OwnRegistrar.com","whois.ownregistrar.com","http://www.ownregistrar.com","Sammy Mwangangi","Portia Software Solutions","96","Nairobi","Central","00100","Kenya","sammymwinzi2@gmail.com","+254.717503802","","Sammy Mwangangi","Portia Software Solutions","96","Nairobi","Central","00100","Kenya","sammymwinzi2@gmail.com","+254-717503802","","Sammy Mwangangi","Portia Software Solutions","96","Nairobi","Central","00100","Kenya","sammymwinzi2@gmail.com","+254-717503802","","","","","","","","","","","","ns1.cloudoon.com","ns2.cloudoon.com","ns3.cloudoon.com","","OK","","",""
"51","publishdigitalmarketing.com","2021-07-08 16:13:46","2021-07-05","2021-07-05","2022-07-05","1005","NetEarth One Inc. d/b/a NetEarth","whois.advancedregistrar.com","http://www.netearthone.com","Nelson Musyoki","East Coast Mercantile Corporation","Nairobi, Kenya.","Nairobi","Nairobi","00000","Kenya","publishbythecompany@gmail.com","+254.748780878","","Nelson Musyoki","East Coast Mercantile Corporation","Nairobi, Kenya.","Nairobi","Nairobi","00000","Kenya","publishbythecompany@gmail.com","+254.748780878","","Nelson Musyoki","East Coast Mercantile Corporation","Nairobi, Kenya.","Nairobi","Nairobi","00000","Kenya","publishbythecompany@gmail.com","+254.748780878","","","","","","","","","","","","ns0.sasahost.com","ns286.sasahost.com","ns287.sasahost.com","ns418.sasahost.com","clientTransferProhibited","","",""
"52","puredivineconnections.com","2021-07-08 16:13:30","2021-07-05","2021-07-05","2022-07-05","303","PDR Ltd. d/b/a PublicDomainRegistry.com","whois.publicdomainregistry.com","http://www.publicdomainregistry.com","Ouya Obunga","Deltacorp Automation","Rehema House, Standard Street","Nairobi","Nairobi","00100","Kenya","ouya.bill@gmail.com","+254.720438527","","Ouya Obunga","Deltacorp Automation","Rehema House, Standard Street","Nairobi","Nairobi","00100","Kenya","ouya.bill@gmail.com","+254.720438527","","Ouya Obunga","Deltacorp Automation","Rehema House, Standard Street","Nairobi","Nairobi","00100","Kenya","ouya.bill@gmail.com","+254.720438527","","","","","","","","","","","","rc135.eacdirectory.com","rc136.eacdirectory.com","","","clientTransferProhibited","","",""
"53","ranyautoparts.com","2021-07-08 16:12:40","2021-07-05","2021-07-05","2022-07-05","1005","NetEarth One Inc. d/b/a NetEarth","whois.advancedregistrar.com","http://www.netearthone.com","Lawrence Nyamwaro","","Nine Sisters, Karen","Nairobi","Nairobi","00100","Kenya","ranyautoparts@gmail.com","+254.782717564","","Lawrence Nyamwaro","","Nine Sisters, Karen","Nairobi","Nairobi","00100","Kenya","ranyautoparts@gmail.com","+254.782717564","","Lawrence Nyamwaro","","Nine Sisters, Karen","Nairobi","Nairobi","00100","Kenya","ranyautoparts@gmail.com","+254.782717564","","","","","","","","","","","","ns0.sasahost.com","ns286.sasahost.com","ns287.sasahost.com","ns418.sasahost.com","clientTransferProhibited","","",""
"54","rongaisportsclub.com","2021-07-08 16:10:18","2021-07-05","2021-07-05","2022-07-05","303","PDR Ltd. d/b/a PublicDomainRegistry.com","whois.publicdomainregistry.com","http://www.publicdomainregistry.com","Dismas Okello","DeNet Networks Solutions Ltd","19927","Nairobi","Nairobi","00100","Kenya","dismasokello@gmail.com","+254.254723290874","","Dismas Okello","DeNet Networks Solutions Ltd","19927","Nairobi","Nairobi","00100","Kenya","dismasokello@gmail.com","+254.254723290874","","Dismas Okello","DeNet Networks Solutions Ltd","19927","Nairobi","Nairobi","00100","Kenya","dismasokello@gmail.com","+254.254723290874","","","","","","","","","","","","ns389.kenyawebexperts.com","ns390.kenyawebexperts.com","","","clientTransferProhibited","","",""
"55","royaldriveagency.com","2021-07-08 16:10:06","2021-07-05","2021-07-05","2022-07-05","303","PDR Ltd. d/b/a PublicDomainRegistry.com","whois.publicdomainregistry.com","http://www.publicdomainregistry.com","Cephas Ochich","ShuleCool","P.O. BO 378 Oyugis","Oyugis","Oyugis","40222","Kenya","ochichodak@gmail.com","+254.721408808","","Cephas Ochich","ShuleCool","P.O. BO 378 Oyugis","Oyugis","Oyugis","40222","Kenya","ochichodak@gmail.com","+254.721408808","","Cephas Ochich","ShuleCool","P.O. BO 378 Oyugis","Oyugis","Oyugis","40222","Kenya","ochichodak@gmail.com","+254.721408808","","","","","","","","","","","","ns1.stackdns.com","ns2.stackdns.com","","","clientTransferProhibited","","",""
"56","royalexpress-bank.com","2021-07-08 16:10:07","2021-07-05","2021-07-05","2022-07-05","1005","NetEarth One Inc. d/b/a NetEarth","whois.advancedregistrar.com","http://www.netearthone.com","Mutish  Solutions","Mutish Solutions","225","Machakos","Machakos","00204","Kenya","domains@mutish.com","+254.720676221","","Mutish  Solutions","Mutish Solutions","225","Machakos","Machakos","00204","Kenya","domains@mutish.com","+254.720676221","","Mutish  Solutions","Mutish Solutions","225","Machakos","Machakos","00204","Kenya","domains@mutish.com","+254.720676221","","","","","","","","","","","","ns1.3gworks.biz","ns2.3gworks.biz","","","clientTransferProhibited","","",""
"57","sautiyawazalendo.com","2021-07-08 16:08:39","2021-07-05","2021-07-05","2022-07-05","1250","Trunkoz Technologies Pvt Ltd. d/b/a OwnRegistrar.com","whois.ownregistrar.com","http://www.ownregistrar.com","Server Planet","Server Planet LLC","P.O BOX 6327","Nairobi","Other","00200","Kenya","serverplanet.co.uk@gmail.com","+254.722155343","","Server Planet","Server Planet LLC","P.O BOX 6327","Nairobi","Other","00200","Kenya","serverplanet.co.uk@gmail.com","+254-722155343","","Server Planet","Server Planet LLC","P.O BOX 6327","Nairobi","Other","00200","Kenya","serverplanet.co.uk@gmail.com","+254-722155343","","","","","","","","","","","","host1.serverplanet.co.uk","host2.serverplanet.co.uk","","","OK","","",""
"58","sawaparty.com","2021-07-08 17:30:26","2021-07-05","2021-07-05","2022-07-05","1250","Trunkoz Technologies Pvt Ltd. d/b/a OwnRegistrar.com","whois.ownregistrar.com","http://www.ownregistrar.com","Server Planet","Server Planet LLC","P.O BOX 6327","Nairobi","Other","00200","Kenya","serverplanet.co.uk@gmail.com","+254.722155343","","Server Planet","Server Planet LLC","P.O BOX 6327","Nairobi","Other","00200","Kenya","serverplanet.co.uk@gmail.com","+254-722155343","","Server Planet","Server Planet LLC","P.O BOX 6327","Nairobi","Other","00200","Kenya","serverplanet.co.uk@gmail.com","+254-722155343","","","","","","","","","","","","host1.serverplanet.co.uk","host2.serverplanet.co.uk","","","OK","","",""
"59","seriesandcities.com","2021-07-08 16:07:50","2021-07-05","2021-07-07","2022-07-05","146","GoDaddy.com, LLC","whois.godaddy.com","http://registrar.godaddy.com","","","","","kiambu","","Kenya","","","","","","","","","","","","","","","","","","","","","","","","","","","","","","","","","","ns15.domaincontrol.com","ns16.domaincontrol.com","","","clientDeleteProhibited","clientRenewProhibited","clientTransferProhibited","clientUpdateProhibited"
"60","shamaalhospital.com","2021-07-08 17:28:12","2021-07-05","2021-07-05","2022-07-05","625","Name.com, Inc.","whois.name.com","http://www.name.com","Noordin Adan","Palmtech Solutions","P.o Box 39350 - 00623","Nairobi","nairobi","254","Kenya","","Non-Public Data","","Noordin Adan","Palmtech Solutions","P.o Box 39350 - 00623","Nairobi","nairobi","254","Kenya","","Non-Public Data","","Noordin Adan","Palmtech Solutions","P.o Box 39350 - 00623","Nairobi","nairobi","254","Kenya","","Non-Public Data","","","","","","","","","","","","ns1dns.name.com","ns2fwz.name.com","ns3gnv.name.com","ns4hny.name.com","addPeriod","clientTransferProhibited","",""
"61","shinda888.com","2021-07-08 16:07:21","2021-07-05","2021-07-07","2022-07-05","1005","NetEarth One Inc. d/b/a NetEarth","whois.advancedregistrar.com","http://www.netearthone.com","wu yudi","","74381","Nairobi","Nairobi","00200","Kenya","wushuanglai0914@163.com","+254.700615459","","wu yudi","","74381","Nairobi","Nairobi","00200","Kenya","wushuanglai0914@163.com","+254.700615459","","wu yudi","","74381","Nairobi","Nairobi","00200","Kenya","wushuanglai0914@163.com","+254.700615459","","","","","","","","","","","","ns0.sasahost.com","ns1000.sasahost.com","ns303.sasahost.com","ns418.sasahost.com","clientTransferProhibited","","",""
"62","shopokoa.com","2021-07-08 14:23:37","2021-07-05","2021-07-05","2022-07-05","303","PDR Ltd. d/b/a PublicDomainRegistry.com","whois.publicdomainregistry.com","http://www.publicdomainregistry.com","Kelvin Mulama","AfricaKitabu","43844-00100","Nairobi","Nairobi","00100","Kenya","kelvinmulama52@gmail.com","+254.0790185054","","Kelvin Mulama","AfricaKitabu","43844-00100","Nairobi","Nairobi","00100","Kenya","kelvinmulama52@gmail.com","+254.0790185054","","Kelvin Mulama","AfricaKitabu","43844-00100","Nairobi","Nairobi","00100","Kenya","kelvinmulama52@gmail.com","+254.0790185054","","","","","","","","","","","","dns1000.kenyawebexperts.com","dns1001.kenyawebexperts.com","","","clientTransferProhibited","","",""
"63","silanj.com","2021-07-08 16:06:29","2021-07-05","2021-07-05","2022-07-05","269","Key-Systems GmbH","whois.rrpproxy.net","http://www.key-systems.net","REDACTED FOR PRIVACY","REDACTED FOR PRIVACY","REDACTED FOR PRIVACY REDACTED FOR PRIVACY REDACTED FOR PRIVACY","REDACTED FOR PRIVACY","Nairobi","REDACTED FOR PRIVACY","Kenya","info@domain-contact.org","REDACTED FOR PRIVACY","REDACTED FOR PRIVACY","REDACTED FOR PRIVACY","REDACTED FOR PRIVACY","REDACTED FOR PRIVACY REDACTED FOR PRIVACY REDACTED FOR PRIVACY","REDACTED FOR PRIVACY","REDACTED FOR PRIVACY","REDACTED FOR PRIVACY","REDACTED FOR PRIVACY","info@domain-contact.org","REDACTED FOR PRIVACY","REDACTED FOR PRIVACY","REDACTED FOR PRIVACY","REDACTED FOR PRIVACY","REDACTED FOR PRIVACY REDACTED FOR PRIVACY REDACTED FOR PRIVACY","REDACTED FOR PRIVACY","REDACTED FOR PRIVACY","REDACTED FOR PRIVACY","REDACTED FOR PRIVACY","info@domain-contact.org","REDACTED FOR PRIVACY","REDACTED FOR PRIVACY","REDACTED FOR PRIVACY","REDACTED FOR PRIVACY","REDACTED FOR PRIVACY REDACTED FOR PRIVACY REDACTED FOR PRIVACY","REDACTED FOR PRIVACY","REDACTED FOR PRIVACY","REDACTED FOR PRIVACY","REDACTED FOR PRIVACY","info@domain-contact.org","REDACTED FOR PRIVACY","REDACTED FOR PRIVACY","ns1.safaricombusiness.co.ke","ns2.safaricombusiness.co.ke","ns3.safaricombusiness.co.ke","ns4.safaricombusiness.co.ke","OK","","",""
"64","soham-sol.com","2021-07-08 16:05:04","2021-07-05","2021-07-05","2022-07-05","146","GoDaddy.com, LLC","whois.godaddy.com","http://registrar.godaddy.com","Soham Oils Kenya","Soham Oils Kenya","","","Nairobi","","Kenya","","","","","","","","","","","","","","","","","","","","","","","","","","","","","","","","","","ns55.domaincontrol.com","ns56.domaincontrol.com","","","clientDeleteProhibited","clientRenewProhibited","clientTransferProhibited","clientUpdateProhibited"
"65","soracrosslinksltd.com","2021-07-08 16:04:50","2021-07-05","2021-07-05","2022-07-05","303","PDR Ltd. d/b/a PublicDomainRegistry.com","whois.publicdomainregistry.com","http://www.publicdomainregistry.com","Samuel Odera","SORA CROSSLINK SERVICES LTD","Kimathi Street 65888","nairobi","Nairobi","00200","Kenya","oyooodera@yahoo.com","+254.713295601","","Samuel Odera","SORA CROSSLINK SERVICES LTD","Kimathi Street 65888","nairobi","Nairobi","00200","Kenya","oyooodera@yahoo.com","+254.713295601","","Samuel Odera","SORA CROSSLINK SERVICES LTD","Kimathi Street 65888","nairobi","Nairobi","00200","Kenya","oyooodera@yahoo.com","+254.713295601","","","","","","","","","","","","ns1.kifaruhost.co.ke","ns2.kifaruhost.co.ke","","","clientTransferProhibited","","",""
"66","speedy-cod.com","2021-07-08 16:04:25","2021-07-05","2021-07-05","2022-07-05","303","PDR Ltd. d/b/a PublicDomainRegistry.com","whois.publicdomainregistry.com","http://www.publicdomainregistry.com","Anthony Kelly","","00100","Nairobi","Kenya","00101","Kenya","tonnykelly@gmail.com","+254.721743608","","Anthony Kelly","","00100","Nairobi","Kenya","00101","Kenya","tonnykelly@gmail.com","+254.721743608","","Anthony Kelly","","00100","Nairobi","Kenya","00101","Kenya","tonnykelly@gmail.com","+254.721743608","","","","","","","","","","","","ns1.webscreationsdesigngroup.co.uk","ns2.webscreationsdesigngroup.co.uk","","","clientTransferProhibited","","",""
"67","studentshome.site","2021-07-08 15:10:22","2021-07-05","2021-07-05","2022-07-05","1636","Hostinger, UAB","whois.hostinger.com","http://www.hostinger.com","Not Applicable","Not Applicable","","","Mombasa","","Kenya","","","","","","","","","","","","","","","","","","","","","","","","","","","","","","","","","","ns1.dns-parking.com","ns2.dns-parking.com","","","addPeriod","clientTransferProhibited","serverTransferProhibited",""
"68","suretipskenya.com","2021-07-08 16:02:44","2021-07-05","2021-07-05","2022-07-05","269","Key-Systems GmbH","whois.rrpproxy.net","http://www.key-systems.net","REDACTED FOR PRIVACY","REDACTED FOR PRIVACY","REDACTED FOR PRIVACY REDACTED FOR PRIVACY REDACTED FOR PRIVACY","REDACTED FOR PRIVACY","Nairobi","REDACTED FOR PRIVACY","Kenya","info@domain-contact.org","REDACTED FOR PRIVACY","REDACTED FOR PRIVACY","REDACTED FOR PRIVACY","REDACTED FOR PRIVACY","REDACTED FOR PRIVACY REDACTED FOR PRIVACY REDACTED FOR PRIVACY","REDACTED FOR PRIVACY","REDACTED FOR PRIVACY","REDACTED FOR PRIVACY","REDACTED FOR PRIVACY","info@domain-contact.org","REDACTED FOR PRIVACY","REDACTED FOR PRIVACY","REDACTED FOR PRIVACY","REDACTED FOR PRIVACY","REDACTED FOR PRIVACY REDACTED FOR PRIVACY REDACTED FOR PRIVACY","REDACTED FOR PRIVACY","REDACTED FOR PRIVACY","REDACTED FOR PRIVACY","REDACTED FOR PRIVACY","info@domain-contact.org","REDACTED FOR PRIVACY","REDACTED FOR PRIVACY","REDACTED FOR PRIVACY","REDACTED FOR PRIVACY","REDACTED FOR PRIVACY REDACTED FOR PRIVACY REDACTED FOR PRIVACY","REDACTED FOR PRIVACY","REDACTED FOR PRIVACY","REDACTED FOR PRIVACY","REDACTED FOR PRIVACY","info@domain-contact.org","REDACTED FOR PRIVACY","REDACTED FOR PRIVACY","ns1.safaricombusiness.co.ke","ns2.safaricombusiness.co.ke","ns3.safaricombusiness.co.ke","ns4.safaricombusiness.co.ke","OK","","",""
"69","taqwalimited.com","2021-07-08 16:01:48","2021-07-05","2021-07-05","2022-07-05","625","Name.com, Inc.","whois.name.com","http://www.name.com","Noordin Adan","Palmtech Solutions","P.o Box 39350 - 00623","Nairobi","nairobi","254","Kenya","","Non-Public Data","","Noordin Adan","Palmtech Solutions","P.o Box 39350 - 00623","Nairobi","nairobi","254","Kenya","","Non-Public Data","","Noordin Adan","Palmtech Solutions","P.o Box 39350 - 00623","Nairobi","nairobi","254","Kenya","","Non-Public Data","","","","","","","","","","","","ns1dns.name.com","ns2fwz.name.com","ns3gnv.name.com","ns4hny.name.com","addPeriod","clientTransferProhibited","",""
"70","thebabygirlstudio.online","2021-07-08 15:24:33","2021-07-05","2021-07-05","2022-07-05","146","GoDaddy.com, LLC","whois.godaddy.com","http://registrar.godaddy.com","elalvabi","elalvabi","","","Central","","Kenya","","","","","","","","","","","","","","","","","","","","","","","","","","","","","","","","","","ns1.cloudoon.com","ns2.cloudoon.com","ns3.cloudoon.com","","addPeriod","clientDeleteProhibited","clientRenewProhibited","clientTransferProhibited"
"71","torelafrica.com","2021-07-08 14:28:02","2021-07-05","2021-07-05","2022-07-05","1250","Trunkoz Technologies Pvt Ltd. d/b/a OwnRegistrar.com","whois.ownregistrar.com","http://www.ownregistrar.com","0734596126 Kasyoki","Fluidbit Systems Limited","Corner House 7th floor, Kimathi Street","Nairobi","Other","00516","Kenya","support@fluidbit.co.ke","+254.734596126","","0734596126 Kasyoki","Fluidbit Systems Limited","Corner House 7th floor, Kimathi Street","Nairobi","Other","00516","Kenya","support@fluidbit.co.ke","+254-734596126","","0734596126 Kasyoki","Fluidbit Systems Limited","Corner House 7th floor, Kimathi Street","Nairobi","Other","00516","Kenya","support@fluidbit.co.ke","+254-734596126","","","","","","","","","","","","ns1.olitt.com","","","","OK","","",""
"72","tribescafe.com","2021-07-08 17:54:45","2021-07-05","2021-07-05","2022-07-05","303","PDR Ltd. d/b/a PublicDomainRegistry.com","whois.publicdomainregistry.com","http://www.publicdomainregistry.com","Nurta Sabriye","","Hays studio","Nairobi","Nairobi","00100","Kenya","nsabrie@gmail.com","+254.757789270","","Nurta Sabriye","","Hays studio","Nairobi","Nairobi","00100","Kenya","nsabrie@gmail.com","+254.757789270","","Nurta Sabriye","","Hays studio","Nairobi","Nairobi","00100","Kenya","nsabrie@gmail.com","+254.757789270","","","","","","","","","","","","ns35.ziprof.co.ke","ns36.ziprof.co.ke","","","clientTransferProhibited","","",""
"73","unboundcoders.com","2021-07-08 15:59:02","2021-07-05","2021-07-05","2022-07-05","1250","Trunkoz Technologies Pvt Ltd. d/b/a OwnRegistrar.com","whois.ownregistrar.com","http://www.ownregistrar.com","Neville Lusimba","Akiki technologies","NairobiTarnaka","SECUNDERABAD","Other","500017","Kenya","newville92@gmail.com","+254.8179944641","","Neville Lusimba","Akiki technologies","NairobiTarnaka","SECUNDERABAD","Other","500017","Kenya","newville92@gmail.com","+254-8179944641","","Neville Lusimba","Akiki technologies","NairobiTarnaka","SECUNDERABAD","Other","500017","Kenya","newville92@gmail.com","+254-8179944641","","","","","","","","","","","","ns1.cloudoon.com","ns2.cloudoon.com","ns3.cloudoon.com","","clientRenewProhibited","clientTransferProhibited","clientUpdateProhibited",""
"74","uniquenvironment.com","2021-07-08 17:25:05","2021-07-05","2021-07-05","2022-07-05","1250","Trunkoz Technologies Pvt Ltd. d/b/a OwnRegistrar.com","whois.ownregistrar.com","http://www.ownregistrar.com","Japheth Malaky","UNIQUE SUNSHINE ENVIRONMENTAL SERVICES LTD","Moi Avenue41219-80100","Mombasa","Other","80100","Kenya","omalaky594@gmail.com","+254.796820200","","Japheth Malaky","UNIQUE SUNSHINE ENVIRONMENTAL SERVICES LTD","Moi Avenue41219-80100","Mombasa","Other","80100","Kenya","omalaky594@gmail.com","+254-796820200","","Japheth Malaky","UNIQUE SUNSHINE ENVIRONMENTAL SERVICES LTD","Moi Avenue41219-80100","Mombasa","Other","80100","Kenya","omalaky594@gmail.com","+254-796820200","","","","","","","","","","","","ns1.cloudoon.com","ns2.cloudoon.com","ns3.cloudoon.com","","OK","","",""
"75","vintagevetpharmacy.com","2021-07-08 17:13:48","2021-07-05","2021-07-05","2022-07-05","1250","Trunkoz Technologies Pvt Ltd. d/b/a OwnRegistrar.com","whois.ownregistrar.com","http://www.ownregistrar.com","Vincent Chebon","NA","Baringo St","Nakuru","Other","20100","Kenya","chebonv@gmail.com","+254.719619092","","Vincent Chebon","NA","Baringo St","Nakuru","Other","20100","Kenya","chebonv@gmail.com","+254-719619092","","Vincent Chebon","NA","Baringo St","Nakuru","Other","20100","Kenya","chebonv@gmail.com","+254-719619092","","","","","","","","","","","","ns1.digitalocean.com","ns2.digitalocean.com","ns3.digitalocean.com","","OK","","",""
"76","washaengineering.com","2021-07-08 15:56:38","2021-07-05","2021-07-05","2022-07-05","1005","NetEarth One Inc. d/b/a NetEarth","whois.advancedregistrar.com","http://www.netearthone.com","Nzau Sammy","","3270","Nakuru","Naks","20100","Kenya","samnzau@gmail.com","+254.0722991386","","Nzau Sammy","","3270","Nakuru","Naks","20100","Kenya","samnzau@gmail.com","+254.0722991386","","Nzau Sammy","","3270","Nakuru","Naks","20100","Kenya","samnzau@gmail.com","+254.0722991386","","","","","","","","","","","","ns0.sasahost.com","ns286.sasahost.com","ns287.sasahost.com","ns418.sasahost.com","clientTransferProhibited","","",""
"77","witchcraftspellcasting.com","2021-07-08 15:55:25","2021-07-05","2021-07-05","2022-07-05","1250","Trunkoz Technologies Pvt Ltd. d/b/a OwnRegistrar.com","whois.ownregistrar.com","http://www.ownregistrar.com","Sheikh Juma","NA","001 Nyali Street, Mombasa View001 Nyali Street, Mombasa View","mombasa","Coast","80100","Kenya","drsheikhjuma@gmail.com","+254.758725479","","Sheikh Juma","NA","001 Nyali Street, Mombasa View001 Nyali Street, Mombasa View","mombasa","Coast","80100","Kenya","drsheikhjuma@gmail.com","+254-758725479","","Sheikh Juma","NA","001 Nyali Street, Mombasa View001 Nyali Street, Mombasa View","mombasa","Coast","80100","Kenya","drsheikhjuma@gmail.com","+254-758725479","","","","","","","","","","","","ns1.cloudoon.com","ns2.cloudoon.com","ns3.cloudoon.com","","clientRenewProhibited","clientTransferProhibited","clientUpdateProhibited",""
"78","wokeorganonutrition.com","2021-07-08 15:55:19","2021-07-05","2021-07-05","2022-07-05","1005","NetEarth One Inc. d/b/a NetEarth","whois.advancedregistrar.com","http://www.netearthone.com","Nelson Musyoki","East Coast Mercantile Corporation","Nairobi, Kenya.","Nairobi","Nairobi","00000","Kenya","publishbythecompany@gmail.com","+254.748780878","","Nelson Musyoki","East Coast Mercantile Corporation","Nairobi, Kenya.","Nairobi","Nairobi","00000","Kenya","publishbythecompany@gmail.com","+254.748780878","","Nelson Musyoki","East Coast Mercantile Corporation","Nairobi, Kenya.","Nairobi","Nairobi","00000","Kenya","publishbythecompany@gmail.com","+254.748780878","","","","","","","","","","","","ns0.sasahost.com","ns286.sasahost.com","ns287.sasahost.com","ns418.sasahost.com","clientTransferProhibited","","",""
"79","wpemailmanager.com","2021-07-08 15:54:59","2021-07-05","2021-07-05","2022-07-05","303","PDR Ltd. d/b/a PublicDomainRegistry.com","whois.publicdomainregistry.com","http://www.publicdomainregistry.com","Host Fiti","","Nairobi","Nairobi","Nairobi","00100","Kenya","domains@hostfiti.com","+254.786715534","","Host Fiti","","Nairobi","Nairobi","Nairobi","00100","Kenya","domains@hostfiti.com","+254.786715534","","Host Fiti","","Nairobi","Nairobi","Nairobi","00100","Kenya","domains@hostfiti.com","+254.786715534","","","","","","","","","","","","ns1.hostfiti.com","ns2.hostfiti.com","","","clientTransferProhibited","","",""
"80","zawadicoffee.net","2021-07-08 15:35:32","2021-07-04","2021-07-04","2022-07-04","303","PDR Ltd. d/b/a PublicDomainRegistry.com","whois.publicdomainregistry.com","http://www.publicdomainregistry.com","Zawadi Coffee","Zawadi Coffee","Kericho town, Elim Shopping Centre Opposite Kericho prison, sta","Kericho","Kericho","00100","Kenya","john.waruingi.se@gmail.com","+254.0725903186","","Zawadi Coffee","Zawadi Coffee","Kericho town, Elim Shopping Centre Opposite Kericho prison, sta","Kericho","Kericho","00100","Kenya","john.waruingi.se@gmail.com","+254.0725903186","","Zawadi Coffee","Zawadi Coffee","Kericho town, Elim Shopping Centre Opposite Kericho prison, sta","Kericho","Kericho","00100","Kenya","john.waruingi.se@gmail.com","+254.0725903186","","","","","","","","","","","","ns389.kenyawebexperts.com","ns390.kenyawebexperts.com","","","clientTransferProhibited","","",""