"num","domain_name","query_time","create_date","update_date","expiry_date","domain_registrar_id","domain_registrar_name","domain_registrar_whois","domain_registrar_url","registrant_name","registrant_company","registrant_address","registrant_city","registrant_state","registrant_zip","registrant_country","registrant_email","registrant_phone","registrant_fax","administrative_name","administrative_company","administrative_address","administrative_city","administrative_state","administrative_zip","administrative_country","administrative_email","administrative_phone","administrative_fax","technical_name","technical_company","technical_address","technical_city","technical_state","technical_zip","technical_country","technical_email","technical_phone","technical_fax","billing_name","billing_company","billing_address","billing_city","billing_state","billing_zip","billing_country","billing_email","billing_phone","billing_fax","name_server_1","name_server_2","name_server_3","name_server_4","domain_status_1","domain_status_2","domain_status_3","domain_status_4"
"1","bioskopovo.com","2021-07-08 14:35:20","2021-07-05","2021-07-05","2022-07-04","1052","EuroDNS S.A.","http://whois.rotld.ro","http://www.eurodns.com","Whois Privacy","Whois Privacy (enumDNS dba)","BPM 333868, Banzelt 4 A","Root-sur-Syre","","6921","Luxembourg","b44e266ab07f6d71_o@whoisprivacy.com","+352.27720304","","Whois Privacy","Whois Privacy (enumDNS dba)","BPM 333868, Banzelt 4 A","Root-sur-Syre","","6921","Luxembourg","b44e266ab07f6d71_a@whoisprivacy.com","+352.27720304","","Whois Privacy","Whois Privacy (enumDNS dba)","BPM 333868, Banzelt 4 A","Root-sur-Syre","","6921","Luxembourg","b44e266ab07f6d71_t@whoisprivacy.com","+352.27720304","","","","","","","","","","","","dns1.namecheaphosting.com","dns2.namecheaphosting.com","","","clientTransferProhibited","","",""
"2","emmanuelleragot-law.com","2021-07-08 16:43:37","2021-07-05","2021-07-05","2022-07-04","1052","EuroDNS S.A.","http://whois.rotld.ro","http://www.eurodns.com","REDACTED FOR PRIVACY REDACTED FOR PRIVACY","REDACTED FOR PRIVACY","REDACTED FOR PRIVACY","Bridel","","8119","Luxembourg","787de1440121a73f88fc73e5ef6728f6_2322762_o@whoisprivacy.com","REDACTED FOR PRIVACY","REDACTED FOR PRIVACY","REDACTED FOR PRIVACY REDACTED FOR PRIVACY","REDACTED FOR PRIVACY","REDACTED FOR PRIVACY","Bridel","","8119","Luxembourg","87cb3e23ad5138da51a6c72c55e05243_2322762_a@whoisprivacy.com","REDACTED FOR PRIVACY","REDACTED FOR PRIVACY","REDACTED FOR PRIVACY REDACTED FOR PRIVACY","REDACTED FOR PRIVACY","REDACTED FOR PRIVACY","Bridel","","8119","Luxembourg","4e002898d6430d3968abe24a713df52b_2322762_t@whoisprivacy.com","REDACTED FOR PRIVACY","REDACTED FOR PRIVACY","","","","","","","","","","","ns1.eurodns.com","ns2.eurodns.com","ns3.eurodns.com","ns4.eurodns.com","clientTransferProhibited","","",""
"3","emmanuelleragotlaw.com","2021-07-08 16:43:37","2021-07-05","2021-07-05","2022-07-04","1052","EuroDNS S.A.","http://whois.rotld.ro","http://www.eurodns.com","REDACTED FOR PRIVACY REDACTED FOR PRIVACY","REDACTED FOR PRIVACY","REDACTED FOR PRIVACY","Bridel","","8119","Luxembourg","e45a78db6fee9c8b1f79a93867094b30_2322763_o@whoisprivacy.com","REDACTED FOR PRIVACY","REDACTED FOR PRIVACY","REDACTED FOR PRIVACY REDACTED FOR PRIVACY","REDACTED FOR PRIVACY","REDACTED FOR PRIVACY","Bridel","","8119","Luxembourg","72a8abfadba85311479c427d7865d928_2322763_a@whoisprivacy.com","REDACTED FOR PRIVACY","REDACTED FOR PRIVACY","REDACTED FOR PRIVACY REDACTED FOR PRIVACY","REDACTED FOR PRIVACY","REDACTED FOR PRIVACY","Bridel","","8119","Luxembourg","5ec44be928e394c8d1d61785b4f81dfa_2322763_t@whoisprivacy.com","REDACTED FOR PRIVACY","REDACTED FOR PRIVACY","","","","","","","","","","","ns1.eurodns.com","ns2.eurodns.com","ns3.eurodns.com","ns4.eurodns.com","clientTransferProhibited","","",""
"4","eragot-law.com","2021-07-08 16:43:13","2021-07-05","2021-07-05","2022-07-04","1052","EuroDNS S.A.","http://whois.rotld.ro","http://www.eurodns.com","REDACTED FOR PRIVACY REDACTED FOR PRIVACY","REDACTED FOR PRIVACY","REDACTED FOR PRIVACY","Bridel","","8119","Luxembourg","5ba78f1ba04d4d08cee94997ec5fd73a_2322761_o@whoisprivacy.com","REDACTED FOR PRIVACY","REDACTED FOR PRIVACY","REDACTED FOR PRIVACY REDACTED FOR PRIVACY","REDACTED FOR PRIVACY","REDACTED FOR PRIVACY","Bridel","","8119","Luxembourg","ba26f6a04c2252052d766322db8d6c49_2322761_a@whoisprivacy.com","REDACTED FOR PRIVACY","REDACTED FOR PRIVACY","REDACTED FOR PRIVACY REDACTED FOR PRIVACY","REDACTED FOR PRIVACY","REDACTED FOR PRIVACY","Bridel","","8119","Luxembourg","15ca0188bd748fe48269e6bd473ac6c7_2322761_t@whoisprivacy.com","REDACTED FOR PRIVACY","REDACTED FOR PRIVACY","","","","","","","","","","","ns1.eurodns.com","ns2.eurodns.com","ns3.eurodns.com","ns4.eurodns.com","clientTransferProhibited","","",""
"5","eragotlaw.com","2021-07-08 16:43:13","2021-07-05","2021-07-05","2022-07-04","1052","EuroDNS S.A.","http://whois.rotld.ro","http://www.eurodns.com","REDACTED FOR PRIVACY REDACTED FOR PRIVACY","REDACTED FOR PRIVACY","REDACTED FOR PRIVACY","Bridel","","8119","Luxembourg","2283a9ae02af1b8d023705b99e954fbd_2322760_o@whoisprivacy.com","REDACTED FOR PRIVACY","REDACTED FOR PRIVACY","REDACTED FOR PRIVACY REDACTED FOR PRIVACY","REDACTED FOR PRIVACY","REDACTED FOR PRIVACY","Bridel","","8119","Luxembourg","2ce9b82098e50520279a0bc91b604248_2322760_a@whoisprivacy.com","REDACTED FOR PRIVACY","REDACTED FOR PRIVACY","REDACTED FOR PRIVACY REDACTED FOR PRIVACY","REDACTED FOR PRIVACY","REDACTED FOR PRIVACY","Bridel","","8119","Luxembourg","86e427c2bf085ceddd4412af8d49099b_2322760_t@whoisprivacy.com","REDACTED FOR PRIVACY","REDACTED FOR PRIVACY","","","","","","","","","","","ns1.eurodns.com","ns2.eurodns.com","ns3.eurodns.com","ns4.eurodns.com","clientTransferProhibited","","",""
"6","facile-solutions.com","2021-07-08 16:41:45","2021-07-05","2021-07-05","2022-07-04","1052","EuroDNS S.A.","http://whois.rotld.ro","http://www.eurodns.com","Whois Privacy","Whois Privacy (enumDNS dba)","BPM 333868, Banzelt 4 A","Root-sur-Syre","","6921","Luxembourg","05719ceb9ba6e5f6_o@whoisprivacy.com","+352.27720304","","Whois Privacy","Whois Privacy (enumDNS dba)","BPM 333868, Banzelt 4 A","Root-sur-Syre","","6921","Luxembourg","05719ceb9ba6e5f6_a@whoisprivacy.com","+352.27720304","","Whois Privacy","Whois Privacy (enumDNS dba)","BPM 333868, Banzelt 4 A","Root-sur-Syre","","6921","Luxembourg","05719ceb9ba6e5f6_t@whoisprivacy.com","+352.27720304","","","","","","","","","","","","ns1.eurodns.com","ns2.eurodns.com","ns3.eurodns.com","ns4.eurodns.com","clientTransferProhibited","","",""
"7","fellmann.dental","2021-07-08 15:47:29","2021-07-05","2021-07-05","2023-07-05","146","GoDaddy.com, LLC","whois.godaddy.com","http://registrar.godaddy.com","REDACTED FOR PRIVACY","","REDACTED FOR PRIVACY","REDACTED FOR PRIVACY","Luxembourg","REDACTED FOR PRIVACY","Luxembourg","","REDACTED FOR PRIVACY","REDACTED FOR PRIVACY","","","","","","","","","","","","","","","","","","","","","","","","","","","","","","","","","","","addPeriod","clientDeleteProhibited","clientRenewProhibited","clientTransferProhibited"
"8","fellmann.foundation","2021-07-08 15:45:55","2021-07-05","2021-07-05","2024-07-05","146","GoDaddy.com, LLC","whois.godaddy.com","http://registrar.godaddy.com","REDACTED FOR PRIVACY","","REDACTED FOR PRIVACY","REDACTED FOR PRIVACY","Luxembourg","REDACTED FOR PRIVACY","Luxembourg","","REDACTED FOR PRIVACY","REDACTED FOR PRIVACY","","","","","","","","","","","","","","","","","","","","","","","","","","","","","","","","","","","addPeriod","clientDeleteProhibited","clientRenewProhibited","clientTransferProhibited"
"9","glennbourkel.com","2021-07-08 18:24:41","2021-07-05","2021-07-05","2022-07-05","828","Hetzner Online AG","whois.your-server.de","http://www.hetzner.de","REDACTED FOR PRIVACY","REDACTED FOR PRIVACY","REDACTED FOR PRIVACY REDACTED FOR PRIVACY REDACTED FOR PRIVACY","REDACTED FOR PRIVACY","","REDACTED FOR PRIVACY","Luxembourg","info@domain-contact.org","REDACTED FOR PRIVACY","REDACTED FOR PRIVACY","REDACTED FOR PRIVACY","REDACTED FOR PRIVACY","REDACTED FOR PRIVACY REDACTED FOR PRIVACY REDACTED FOR PRIVACY","REDACTED FOR PRIVACY","REDACTED FOR PRIVACY","REDACTED FOR PRIVACY","REDACTED FOR PRIVACY","info@domain-contact.org","REDACTED FOR PRIVACY","REDACTED FOR PRIVACY","REDACTED FOR PRIVACY","REDACTED FOR PRIVACY","REDACTED FOR PRIVACY REDACTED FOR PRIVACY REDACTED FOR PRIVACY","REDACTED FOR PRIVACY","REDACTED FOR PRIVACY","REDACTED FOR PRIVACY","REDACTED FOR PRIVACY","info@domain-contact.org","REDACTED FOR PRIVACY","REDACTED FOR PRIVACY","REDACTED FOR PRIVACY","REDACTED FOR PRIVACY","REDACTED FOR PRIVACY REDACTED FOR PRIVACY REDACTED FOR PRIVACY","REDACTED FOR PRIVACY","REDACTED FOR PRIVACY","REDACTED FOR PRIVACY","REDACTED FOR PRIVACY","info@domain-contact.org","REDACTED FOR PRIVACY","REDACTED FOR PRIVACY","ns.second-ns.com","ns1.your-server.de","ns3.second-ns.de","","OK","","",""
"10","hansbrysmemorial.com","2021-07-08 14:38:57","2021-07-05","2021-07-05","2022-07-05","","","","","REDACTED FOR PRIVACY","REDACTED FOR PRIVACY","REDACTED FOR PRIVACY REDACTED FOR PRIVACY REDACTED FOR PRIVACY","REDACTED FOR PRIVACY","","REDACTED FOR PRIVACY","Luxembourg","info@domain-contact.org","REDACTED FOR PRIVACY","REDACTED FOR PRIVACY","REDACTED FOR PRIVACY","REDACTED FOR PRIVACY","REDACTED FOR PRIVACY REDACTED FOR PRIVACY REDACTED FOR PRIVACY","REDACTED FOR PRIVACY","REDACTED FOR PRIVACY","REDACTED FOR PRIVACY","REDACTED FOR PRIVACY","info@domain-contact.org","REDACTED FOR PRIVACY","REDACTED FOR PRIVACY","REDACTED FOR PRIVACY","REDACTED FOR PRIVACY","REDACTED FOR PRIVACY REDACTED FOR PRIVACY REDACTED FOR PRIVACY","REDACTED FOR PRIVACY","REDACTED FOR PRIVACY","REDACTED FOR PRIVACY","REDACTED FOR PRIVACY","info@domain-contact.org","REDACTED FOR PRIVACY","REDACTED FOR PRIVACY","REDACTED FOR PRIVACY","REDACTED FOR PRIVACY","REDACTED FOR PRIVACY REDACTED FOR PRIVACY REDACTED FOR PRIVACY","REDACTED FOR PRIVACY","REDACTED FOR PRIVACY","REDACTED FOR PRIVACY","REDACTED FOR PRIVACY","info@domain-contact.org","REDACTED FOR PRIVACY","REDACTED FOR PRIVACY","ns3.european-server.com","ns4.european-server.com","","","OK","","",""
"11","kozaquine.com","2021-07-08 14:29:17","2021-07-05","2021-07-05","2023-07-05","81","Gandi SAS","whois.gandi.net","http://www.gandi.net","REDACTED FOR PRIVACY","","REDACTED FOR PRIVACY","REDACTED FOR PRIVACY","","REDACTED FOR PRIVACY","Luxembourg","b4a3e40724cb21faa225ea0023aace46-29030000@contact.gandi.net","REDACTED FOR PRIVACY","REDACTED FOR PRIVACY","REDACTED FOR PRIVACY","REDACTED FOR PRIVACY","REDACTED FOR PRIVACY","REDACTED FOR PRIVACY","REDACTED FOR PRIVACY","REDACTED FOR PRIVACY","REDACTED FOR PRIVACY","b4a3e40724cb21faa225ea0023aace46-29030000@contact.gandi.net","REDACTED FOR PRIVACY","REDACTED FOR PRIVACY","REDACTED FOR PRIVACY","REDACTED FOR PRIVACY","REDACTED FOR PRIVACY","REDACTED FOR PRIVACY","REDACTED FOR PRIVACY","REDACTED FOR PRIVACY","REDACTED FOR PRIVACY","b4a3e40724cb21faa225ea0023aace46-29030000@contact.gandi.net","REDACTED FOR PRIVACY","REDACTED FOR PRIVACY","","","","","","","","","","","ns-107-b.gandi.net","ns-14-a.gandi.net","ns-64-c.gandi.net","","clientTransferProhibited","","",""
"12","labridumistral.rentals","2021-07-08 14:49:39","2021-07-05","2021-07-06","2022-07-05","1052","EuroDNS S.A.","http://whois.rotld.ro","http://www.eurodns.com","REDACTED FOR PRIVACY","VinkowskiTV","REDACTED FOR PRIVACY","REDACTED FOR PRIVACY","","REDACTED FOR PRIVACY","Luxembourg","","REDACTED FOR PRIVACY","REDACTED FOR PRIVACY","","","","","","","","","","","","","","","","","","","","","","","","","","","","","","","","","","","addPeriod","clientTransferProhibited","",""
"13","leadersplayground.com","2021-07-08 18:41:19","2021-07-05","2021-07-05","2022-07-05","69","Tucows Domains Inc.","whois.tucows.com","http://domainhelp.opensrs.net","REDACTED FOR PRIVACY","REDACTED FOR PRIVACY","REDACTED FOR PRIVACY","REDACTED FOR PRIVACY","XX","REDACTED FOR PRIVACY","Luxembourg","","REDACTED FOR PRIVACY","REDACTED FOR PRIVACY","REDACTED FOR PRIVACY","REDACTED FOR PRIVACY","REDACTED FOR PRIVACY","REDACTED FOR PRIVACY","REDACTED FOR PRIVACY","REDACTED FOR PRIVACY","REDACTED FOR PRIVACY","","REDACTED FOR PRIVACY","REDACTED FOR PRIVACY","REDACTED FOR PRIVACY","REDACTED FOR PRIVACY","REDACTED FOR PRIVACY","REDACTED FOR PRIVACY","REDACTED FOR PRIVACY","REDACTED FOR PRIVACY","REDACTED FOR PRIVACY","","REDACTED FOR PRIVACY","REDACTED FOR PRIVACY","","","","","","","","","","","ns1.siteground.net","ns2.siteground.net","","","clientTransferProhibited","clientUpdateProhibited","",""
"14","letzdrive.pro","2021-07-08 14:49:45","2021-07-05","2021-07-05","2022-07-05","81","Gandi SAS","whois.gandi.net","http://www.gandi.net","","","","","","","Luxembourg","","","","","","","","","","","","","","","","","","","","","","","","","","","","","","","","","","ns1.webcms.lu","ns2.webcms.lu","","","addPeriod","clientTransferProhibited","serverTransferProhibited",""
"15","magmadb.com","2021-07-08 17:59:57","2021-07-05","2021-07-05","2023-07-04","1052","EuroDNS S.A.","http://whois.rotld.ro","http://www.eurodns.com","Whois Privacy","Whois Privacy (enumDNS dba)","BPM 333868, Banzelt 4 A","Root-sur-Syre","","6921","Luxembourg","18bcb68e29072f3f_o@whoisprivacy.com","+352.27720304","","Whois Privacy","Whois Privacy (enumDNS dba)","BPM 333868, Banzelt 4 A","Root-sur-Syre","","6921","Luxembourg","18bcb68e29072f3f_a@whoisprivacy.com","+352.27720304","","Whois Privacy","Whois Privacy (enumDNS dba)","BPM 333868, Banzelt 4 A","Root-sur-Syre","","6921","Luxembourg","18bcb68e29072f3f_t@whoisprivacy.com","+352.27720304","","","","","","","","","","","","ns1.eurodns.com","ns2.eurodns.com","ns3.eurodns.com","ns4.eurodns.com","clientTransferProhibited","","",""
"16","mon-seigneur.com","2021-07-08 16:20:04","2021-07-05","2021-07-05","2022-07-05","3240","Infomaniak Network SA","","","REDACTED FOR PRIVACY","MONSEIGNEUR SARLS","REDACTED FOR PRIVACY","REDACTED FOR PRIVACY","","REDACTED FOR PRIVACY","Luxembourg","","REDACTED FOR PRIVACY","REDACTED FOR PRIVACY","REDACTED FOR PRIVACY","MONSEIGNEUR SARLS","REDACTED FOR PRIVACY","REDACTED FOR PRIVACY","","REDACTED FOR PRIVACY","Luxembourg","","REDACTED FOR PRIVACY","REDACTED FOR PRIVACY","REDACTED FOR PRIVACY","MONSEIGNEUR SARLS","REDACTED FOR PRIVACY","REDACTED FOR PRIVACY","","REDACTED FOR PRIVACY","Luxembourg","","REDACTED FOR PRIVACY","REDACTED FOR PRIVACY","REDACTED FOR PRIVACY","MONSEIGNEUR SARLS","REDACTED FOR PRIVACY","REDACTED FOR PRIVACY","","REDACTED FOR PRIVACY","Luxembourg","","REDACTED FOR PRIVACY","REDACTED FOR PRIVACY","ns11.infomaniak.ch","ns12.infomaniak.ch","","","clientTransferProhibited","ok","",""
"17","msgrwear.com","2021-07-08 16:19:23","2021-07-05","2021-07-05","2022-07-05","3240","Infomaniak Network SA","","","REDACTED FOR PRIVACY","MONSEIGNEUR SARLS","REDACTED FOR PRIVACY","REDACTED FOR PRIVACY","","REDACTED FOR PRIVACY","Luxembourg","","REDACTED FOR PRIVACY","REDACTED FOR PRIVACY","REDACTED FOR PRIVACY","MONSEIGNEUR SARLS","REDACTED FOR PRIVACY","REDACTED FOR PRIVACY","","REDACTED FOR PRIVACY","Luxembourg","","REDACTED FOR PRIVACY","REDACTED FOR PRIVACY","REDACTED FOR PRIVACY","MONSEIGNEUR SARLS","REDACTED FOR PRIVACY","REDACTED FOR PRIVACY","","REDACTED FOR PRIVACY","Luxembourg","","REDACTED FOR PRIVACY","REDACTED FOR PRIVACY","REDACTED FOR PRIVACY","MONSEIGNEUR SARLS","REDACTED FOR PRIVACY","REDACTED FOR PRIVACY","","REDACTED FOR PRIVACY","Luxembourg","","REDACTED FOR PRIVACY","REDACTED FOR PRIVACY","ns11.infomaniak.ch","ns12.infomaniak.ch","","","clientTransferProhibited","ok","",""
"18","navalny.tech","2021-07-08 15:07:57","2021-07-05","2021-07-05","2022-07-05","1606","Limited Liability Company 'Registrar of domain names REG.RU'","whois.reg.ru","http://www.reg.ru","","","","","Luxemburg","","Luxembourg","metalmeltdown@protonmail.com","+7.9910829749","","","","","","","","","metalmeltdown@protonmail.com","+7.9910829749","","","","","","","","","metalmeltdown@protonmail.com","+7.9910829749","","","","","","","","","metalmeltdown@protonmail.com","+7.9910829749","","asa.ns.cloudflare.com","gabe.ns.cloudflare.com","","","addPeriod","serverTransferProhibited","",""
"19","navalnylive.online","2021-07-08 15:26:13","2021-07-05","2021-07-05","2022-07-05","1606","Limited Liability Company 'Registrar of domain names REG.RU'","whois.reg.ru","http://www.reg.ru","","","","","Luxemburg","","Luxembourg","metalmeltdown@protonmail.com","+7.9910829749","","","","","","","","","metalmeltdown@protonmail.com","+7.9910829749","","","","","","","","","metalmeltdown@protonmail.com","+7.9910829749","","","","","","","","","metalmeltdown@protonmail.com","+7.9910829749","","asa.ns.cloudflare.com","gabe.ns.cloudflare.com","","","addPeriod","serverTransferProhibited","",""
"20","plandeformation.com","2021-07-08 17:54:43","2021-07-05","2021-07-05","2022-07-05","3331","DropCatch.com 1122 LLC","","","Jerome Lazzarini","Nemalion","153, rue de Cessange","Luxembourg","Luxembourg","1321","Luxembourg","jerlaz@nemalion.com","+352.621344954","","Jerome Lazzarini","Nemalion","153, rue de Cessange","Luxembourg","Luxembourg","1321","Luxembourg","jerlaz@nemalion.com","+352.621344954","","Jerome Lazzarini","Nemalion","153, rue de Cessange","Luxembourg","Luxembourg","1321","Luxembourg","jerlaz@nemalion.com","+352.621344954","","","","","","","","","","","","","","","","clientTransferProhibited","","",""
"21","scrum.trading","2021-07-08 14:53:16","2021-07-05","2021-07-05","2023-07-05","1052","EuroDNS S.A.","http://whois.rotld.ro","http://www.eurodns.com","REDACTED FOR PRIVACY","Whois Privacy (enumDNS dba)","REDACTED FOR PRIVACY","REDACTED FOR PRIVACY","","REDACTED FOR PRIVACY","Luxembourg","","REDACTED FOR PRIVACY","REDACTED FOR PRIVACY","REDACTED FOR PRIVACY","REDACTED FOR PRIVACY","REDACTED FOR PRIVACY","REDACTED FOR PRIVACY","REDACTED FOR PRIVACY","REDACTED FOR PRIVACY","REDACTED FOR PRIVACY","","REDACTED FOR PRIVACY","REDACTED FOR PRIVACY","REDACTED FOR PRIVACY","REDACTED FOR PRIVACY","REDACTED FOR PRIVACY","REDACTED FOR PRIVACY","REDACTED FOR PRIVACY","REDACTED FOR PRIVACY","REDACTED FOR PRIVACY","","REDACTED FOR PRIVACY","REDACTED FOR PRIVACY","","","","","","","","","","","ns1.eurodns.com","ns2.eurodns.com","ns3.eurodns.com","ns4.eurodns.com","addPeriod","clientTransferProhibited","",""
"22","voiceoveretoile.com","2021-07-08 15:57:20","2021-07-05","2021-07-05","2022-07-05","69","Tucows Domains Inc.","whois.tucows.com","http://domainhelp.opensrs.net","REDACTED FOR PRIVACY","REDACTED FOR PRIVACY","REDACTED FOR PRIVACY","REDACTED FOR PRIVACY","XX","REDACTED FOR PRIVACY","Luxembourg","","REDACTED FOR PRIVACY","REDACTED FOR PRIVACY","REDACTED FOR PRIVACY","REDACTED FOR PRIVACY","REDACTED FOR PRIVACY","REDACTED FOR PRIVACY","REDACTED FOR PRIVACY","REDACTED FOR PRIVACY","REDACTED FOR PRIVACY","","REDACTED FOR PRIVACY","REDACTED FOR PRIVACY","REDACTED FOR PRIVACY","REDACTED FOR PRIVACY","REDACTED FOR PRIVACY","REDACTED FOR PRIVACY","REDACTED FOR PRIVACY","REDACTED FOR PRIVACY","REDACTED FOR PRIVACY","","REDACTED FOR PRIVACY","REDACTED FOR PRIVACY","","","","","","","","","","","ns1.siteground.net","ns2.siteground.net","","","clientTransferProhibited","clientUpdateProhibited","",""
"23","wmbbsat.com","2021-07-08 15:55:20","2021-07-05","2021-07-05","2022-07-04","1052","EuroDNS S.A.","http://whois.rotld.ro","http://www.eurodns.com","Domain Admin","Docler IP S.a r.l.","44 Avenue John F. Kennedy","Luxembourg","","L-1855","Luxembourg","purchase@doclerholding.com","+352.262611181","","Domain Admin","Docler IP S.a r.l.","44 Avenue John F. Kennedy","Luxembourg","","L-1855","Luxembourg","purchase@doclerholding.com","+352.262611181","","Domain Admin","Docler IP S.a r.l.","44 Avenue John F. Kennedy","Luxembourg","","L-1855","Luxembourg","purchase@doclerholding.com","+352.262611181","","","","","","","","","","","","ns1.eurodns.com","ns2.eurodns.com","ns3.eurodns.com","ns4.eurodns.com","clientTransferProhibited","","",""