"num","domain_name","query_time","create_date","update_date","expiry_date","domain_registrar_id","domain_registrar_name","domain_registrar_whois","domain_registrar_url","registrant_name","registrant_company","registrant_address","registrant_city","registrant_state","registrant_zip","registrant_country","registrant_email","registrant_phone","registrant_fax","administrative_name","administrative_company","administrative_address","administrative_city","administrative_state","administrative_zip","administrative_country","administrative_email","administrative_phone","administrative_fax","technical_name","technical_company","technical_address","technical_city","technical_state","technical_zip","technical_country","technical_email","technical_phone","technical_fax","billing_name","billing_company","billing_address","billing_city","billing_state","billing_zip","billing_country","billing_email","billing_phone","billing_fax","name_server_1","name_server_2","name_server_3","name_server_4","domain_status_1","domain_status_2","domain_status_3","domain_status_4"
"1","365webhost.com","2021-07-08 18:08:11","2021-07-05","2021-07-05","2022-07-05","2519","DROPCATCH.COM 760 LLC","whois.namebright.com","http://www.dropcatch760.com","Nikola Gulevski","","Vasko Karangeleski 7/2-40","Skopje","Aerodrom","1000","Macedonia","nikola@gulevski.com","+389.71257434","","Nikola Gulevski","","Vasko Karangeleski 7/2-40","Skopje","Aerodrom","1000","Macedonia","nikola@gulevski.com","+389.71257434","","Nikola Gulevski","","Vasko Karangeleski 7/2-40","Skopje","Aerodrom","1000","Macedonia","nikola@gulevski.com","+389.71257434","","","","","","","","","","","","","","","","clientTransferProhibited","","",""
"2","beepeer.com","2021-07-08 17:36:37","2021-07-05","2021-07-05","2022-07-05","2182","DropCatch.com 702 LLC","whois.namebright.com","http://www.dropcatch702.com","Nikola Gulevski","","Vasko Karangeleski 7/2-40","Skopje","Aerodrom","1000","Macedonia","nikola@gulevski.com","+389.71257434","","Nikola Gulevski","","Vasko Karangeleski 7/2-40","Skopje","Aerodrom","1000","Macedonia","nikola@gulevski.com","+389.71257434","","Nikola Gulevski","","Vasko Karangeleski 7/2-40","Skopje","Aerodrom","1000","Macedonia","nikola@gulevski.com","+389.71257434","","","","","","","","","","","","","","","","clientTransferProhibited","","",""
"3","brshala.com","2021-07-08 14:33:44","2021-07-05","2021-07-05","2022-07-05","48","eNom, Inc.","whois.enom.com","http://www.enom.com","REDACTED FOR PRIVACY","REDACTED FOR PRIVACY","REDACTED FOR PRIVACY","REDACTED FOR PRIVACY","kichevo municipality","REDACTED FOR PRIVACY","Macedonia","","REDACTED FOR PRIVACY","REDACTED FOR PRIVACY","REDACTED FOR PRIVACY","REDACTED FOR PRIVACY","REDACTED FOR PRIVACY","REDACTED FOR PRIVACY","REDACTED FOR PRIVACY","REDACTED FOR PRIVACY","REDACTED FOR PRIVACY","","REDACTED FOR PRIVACY","REDACTED FOR PRIVACY","REDACTED FOR PRIVACY","REDACTED FOR PRIVACY","REDACTED FOR PRIVACY","REDACTED FOR PRIVACY","REDACTED FOR PRIVACY","REDACTED FOR PRIVACY","REDACTED FOR PRIVACY","","REDACTED FOR PRIVACY","REDACTED FOR PRIVACY","","","","","","","","","","","ns1.a2hosting.com","ns2.a2hosting.com","ns3.a2hosting.com","ns4.a2hosting.com","addPeriod","clientTransferProhibited","",""
"4","entitymediahost.com","2021-07-08 16:43:24","2021-07-05","2021-07-05","2022-07-05","303","PDR Ltd. d/b/a PublicDomainRegistry.com","whois.publicdomainregistry.com","http://www.publicdomainregistry.com","Damjan Jovanovski","Entity Media","Hristo Tatarcev 25, 109a","Skopje","Macedonia","1000","Macedonia","damjan.jovanovski@gmail.com","+389.71319399","","Damjan Jovanovski","Entity Media","Hristo Tatarcev 25, 109a","Skopje","Macedonia","1000","Macedonia","damjan.jovanovski@gmail.com","+389.71319399","","Damjan Jovanovski","Entity Media","Hristo Tatarcev 25, 109a","Skopje","Macedonia","1000","Macedonia","damjan.jovanovski@gmail.com","+389.71319399","","","","","","","","","","","","ns1.eu15.tmd.cloud","ns2.eu15.tmd.cloud","","","clientTransferProhibited","","",""
"5","kupinarati.com","2021-07-08 16:28:28","2021-07-05","2021-07-05","2022-07-05","69","Tucows Domains Inc.","whois.tucows.com","http://domainhelp.opensrs.net","REDACTED FOR PRIVACY","REDACTED FOR PRIVACY","REDACTED FOR PRIVACY","REDACTED FOR PRIVACY","MK","REDACTED FOR PRIVACY","Macedonia","","REDACTED FOR PRIVACY","REDACTED FOR PRIVACY","REDACTED FOR PRIVACY","REDACTED FOR PRIVACY","REDACTED FOR PRIVACY","REDACTED FOR PRIVACY","REDACTED FOR PRIVACY","REDACTED FOR PRIVACY","REDACTED FOR PRIVACY","","REDACTED FOR PRIVACY","REDACTED FOR PRIVACY","REDACTED FOR PRIVACY","REDACTED FOR PRIVACY","REDACTED FOR PRIVACY","REDACTED FOR PRIVACY","REDACTED FOR PRIVACY","REDACTED FOR PRIVACY","REDACTED FOR PRIVACY","","REDACTED FOR PRIVACY","REDACTED FOR PRIVACY","","","","","","","","","","","ns19.zemi.mk","ns20.zemi.mk","","","OK","","",""
"6","orientalmag.com","2021-07-08 18:12:24","2021-07-05","2021-07-05","2022-07-05","3550","DropCatch.com 1341 LLC","","","Nikola Gulevski","","Vasko Karangeleski 7/2-40","Skopje","Aerodrom","1000","Macedonia","nikola@gulevski.com","+389.71257434","","Nikola Gulevski","","Vasko Karangeleski 7/2-40","Skopje","Aerodrom","1000","Macedonia","nikola@gulevski.com","+389.71257434","","Nikola Gulevski","","Vasko Karangeleski 7/2-40","Skopje","Aerodrom","1000","Macedonia","nikola@gulevski.com","+389.71257434","","","","","","","","","","","","","","","","clientTransferProhibited","","",""
"7","projexus.com","2021-07-08 18:29:10","2021-07-05","2021-07-05","2022-07-05","2032","DropCatch.com 552 LLC","whois.namebright.com","http://www.dropcatch552.com","Nikola Gulevski","","Vasko Karangeleski 7/2-40","Skopje","Aerodrom","1000","Macedonia","nikola@gulevski.com","+389.71257434","","Nikola Gulevski","","Vasko Karangeleski 7/2-40","Skopje","Aerodrom","1000","Macedonia","nikola@gulevski.com","+389.71257434","","Nikola Gulevski","","Vasko Karangeleski 7/2-40","Skopje","Aerodrom","1000","Macedonia","nikola@gulevski.com","+389.71257434","","","","","","","","","","","","","","","","clientTransferProhibited","","",""
"8","rhapsodys.com","2021-07-08 17:30:13","2021-07-05","2021-07-05","2022-07-05","1677","AcquiredNames LLC","whois.ripn.net","http://www.acquirednames.com","Nikola Gulevski","","Vasko Karangeleski 7/2-40","Skopje","Aerodrom","1000","Macedonia","nikola@gulevski.com","+389.71257434","","Nikola Gulevski","","Vasko Karangeleski 7/2-40","Skopje","Aerodrom","1000","Macedonia","nikola@gulevski.com","+389.71257434","","Nikola Gulevski","","Vasko Karangeleski 7/2-40","Skopje","Aerodrom","1000","Macedonia","nikola@gulevski.com","+389.71257434","","","","","","","","","","","","","","","","clientTransferProhibited","","",""
"9","sasopopovski.com","2021-07-08 16:09:06","2021-07-05","2021-07-05","2022-07-05","303","PDR Ltd. d/b/a PublicDomainRegistry.com","whois.publicdomainregistry.com","http://www.publicdomainregistry.com","Saso Popovski","","Ul. Niko Fundali br. 16A/28","Bitola","Bitola","7000","Macedonia","saso_popovski1@yahoo.com","+389.70245683","","Saso Popovski","","Ul. Niko Fundali br. 16A/28","Bitola","Bitola","7000","Macedonia","saso_popovski1@yahoo.com","+389.70245683","","Saso Popovski","","Ul. Niko Fundali br. 16A/28","Bitola","Bitola","7000","Macedonia","saso_popovski1@yahoo.com","+389.70245683","","","","","","","","","","","","dns1.mk-host.mk","dns2.mk-host.mk","","","clientTransferProhibited","","",""
"10","secure-fixed-matches.com","2021-07-08 16:08:10","2021-07-05","2021-07-06","2022-07-05","303","PDR Ltd. d/b/a PublicDomainRegistry.com","whois.publicdomainregistry.com","http://www.publicdomainregistry.com","Aleks Miceski","","Ilindenska br 4","Krivogastani","Krivogastani","7524","Macedonia","miceski2912@gmail.com","+389.76591545","","Aleks Miceski","","Ilindenska br 4","Krivogastani","Krivogastani","7524","Macedonia","miceski2912@gmail.com","+389.76591545","","Aleks Miceski","","Ilindenska br 4","Krivogastani","Krivogastani","7524","Macedonia","miceski2912@gmail.com","+389.76591545","","","","","","","","","","","","dns6.mk-host4.com","dns7.mk-host4.com","","","clientTransferProhibited","","",""