"num","domain_name","query_time","create_date","update_date","expiry_date","domain_registrar_id","domain_registrar_name","domain_registrar_whois","domain_registrar_url","registrant_name","registrant_company","registrant_address","registrant_city","registrant_state","registrant_zip","registrant_country","registrant_email","registrant_phone","registrant_fax","administrative_name","administrative_company","administrative_address","administrative_city","administrative_state","administrative_zip","administrative_country","administrative_email","administrative_phone","administrative_fax","technical_name","technical_company","technical_address","technical_city","technical_state","technical_zip","technical_country","technical_email","technical_phone","technical_fax","billing_name","billing_company","billing_address","billing_city","billing_state","billing_zip","billing_country","billing_email","billing_phone","billing_fax","name_server_1","name_server_2","name_server_3","name_server_4","domain_status_1","domain_status_2","domain_status_3","domain_status_4"
"1","adwords-kms.online","2021-07-08 15:27:43","2021-07-05","","2022-07-05","1606","Limited Liability Company 'Registrar of domain names REG.RU'","whois.reg.ru","http://www.reg.ru","","","","","Chisinau","","Moldova, Republic Of","we.709v@gmail.com","+7.9154809913","","","","","","","","","we.709v@gmail.com","+7.9154809913","","","","","","","","","we.709v@gmail.com","+7.9154809913","","","","","","","","","we.709v@gmail.com","+7.9154809913","","ns1.reg.ru","ns2.reg.ru","","","addPeriod","serverTransferProhibited","",""
"2","lightningbutton.com","2021-07-08 16:26:25","2021-07-05","2021-07-06","2022-07-05","146","GoDaddy.com, LLC","whois.godaddy.com","http://registrar.godaddy.com","","","","","Transnistria","","Moldova, Republic Of","","","","","","","","","","","","","","","","","","","","","","","","","","","","","","","","","","andy.ns.cloudflare.com","nina.ns.cloudflare.com","","","clientDeleteProhibited","clientRenewProhibited","clientTransferProhibited","clientUpdateProhibited"
"3","russiawalnut.com","2021-07-08 16:09:51","2021-07-05","2021-07-06","2022-07-05","886","Domain.com, LLC","whois.domain.com","http://www.domain.com","REDACTED FOR PRIVACY","REDACTED FOR PRIVACY","REDACTED FOR PRIVACY","REDACTED FOR PRIVACY","NA","REDACTED FOR PRIVACY","Moldova, Republic Of","","REDACTED FOR PRIVACY","REDACTED FOR PRIVACY","REDACTED FOR PRIVACY","REDACTED FOR PRIVACY","REDACTED FOR PRIVACY","REDACTED FOR PRIVACY","REDACTED FOR PRIVACY","REDACTED FOR PRIVACY","REDACTED FOR PRIVACY","","REDACTED FOR PRIVACY","REDACTED FOR PRIVACY","REDACTED FOR PRIVACY","REDACTED FOR PRIVACY","REDACTED FOR PRIVACY","REDACTED FOR PRIVACY","REDACTED FOR PRIVACY","REDACTED FOR PRIVACY","REDACTED FOR PRIVACY","","REDACTED FOR PRIVACY","REDACTED FOR PRIVACY","","","","","","","","","","","ns1.domain.com","ns2.domain.com","","","","","",""
"4","seoterritory.info","2021-07-08 15:42:27","2021-07-06","","2022-07-06","886","Domain.com, LLC","whois.domain.com","http://www.domain.com","Igor Cepuc","Igor Cepuc","","","NA","","Moldova, Republic Of","","","","","","","","","","","","","","","","","","","","","","","","","","","","","","","","","","ns1.domain.com","ns2.domain.com","","","addPeriod","serverTransferProhibited","",""
"5","sv10gipro.site","2021-07-08 15:10:22","2021-07-05","2021-07-05","2022-07-05","303","PDR Ltd. d/b/a PublicDomainRegistry.com","whois.publicdomainregistry.com","http://www.publicdomainregistry.com","","","","","Chisinau","","Moldova, Republic Of","","","","","","","","","","","","","","","","","","","","","","","","","","","","","","","","","","ns1.webhost1.com","ns2.webhost1.com","ns3.webhost1.org","ns4.webhost1.org","addPeriod","clientTransferProhibited","serverTransferProhibited",""
"6","sv6gipro.site","2021-07-08 15:10:27","2021-07-05","2021-07-05","2022-07-05","303","PDR Ltd. d/b/a PublicDomainRegistry.com","whois.publicdomainregistry.com","http://www.publicdomainregistry.com","","","","","Chisinau","","Moldova, Republic Of","","","","","","","","","","","","","","","","","","","","","","","","","","","","","","","","","","ns1.webhost1.com","ns2.webhost1.com","ns3.webhost1.org","ns4.webhost1.org","addPeriod","clientTransferProhibited","serverTransferProhibited",""
"7","sv7gipro.site","2021-07-08 15:10:27","2021-07-05","2021-07-05","2022-07-05","303","PDR Ltd. d/b/a PublicDomainRegistry.com","whois.publicdomainregistry.com","http://www.publicdomainregistry.com","","","","","Chisinau","","Moldova, Republic Of","","","","","","","","","","","","","","","","","","","","","","","","","","","","","","","","","","ns1.webhost1.com","ns2.webhost1.com","ns3.webhost1.org","ns4.webhost1.org","addPeriod","clientTransferProhibited","serverTransferProhibited",""
"8","sv8gipro.site","2021-07-08 15:10:27","2021-07-05","2021-07-05","2022-07-05","303","PDR Ltd. d/b/a PublicDomainRegistry.com","whois.publicdomainregistry.com","http://www.publicdomainregistry.com","","","","","Chisinau","","Moldova, Republic Of","","","","","","","","","","","","","","","","","","","","","","","","","","","","","","","","","","ns1.webhost1.com","ns2.webhost1.com","ns3.webhost1.org","ns4.webhost1.org","addPeriod","clientTransferProhibited","serverTransferProhibited",""
"9","sv9gipro.site","2021-07-08 15:10:27","2021-07-05","2021-07-05","2022-07-05","303","PDR Ltd. d/b/a PublicDomainRegistry.com","whois.publicdomainregistry.com","http://www.publicdomainregistry.com","","","","","Chisinau","","Moldova, Republic Of","","","","","","","","","","","","","","","","","","","","","","","","","","","","","","","","","","ns1.webhost1.com","ns2.webhost1.com","ns3.webhost1.org","ns4.webhost1.org","addPeriod","clientTransferProhibited","serverTransferProhibited",""
"10","walnut-orchard.com","2021-07-08 15:56:35","2021-07-05","2021-07-05","2022-07-05","886","Domain.com, LLC","whois.domain.com","http://www.domain.com","REDACTED FOR PRIVACY","REDACTED FOR PRIVACY","REDACTED FOR PRIVACY","REDACTED FOR PRIVACY","NA","REDACTED FOR PRIVACY","Moldova, Republic Of","","REDACTED FOR PRIVACY","REDACTED FOR PRIVACY","REDACTED FOR PRIVACY","REDACTED FOR PRIVACY","REDACTED FOR PRIVACY","REDACTED FOR PRIVACY","REDACTED FOR PRIVACY","REDACTED FOR PRIVACY","REDACTED FOR PRIVACY","","REDACTED FOR PRIVACY","REDACTED FOR PRIVACY","REDACTED FOR PRIVACY","REDACTED FOR PRIVACY","REDACTED FOR PRIVACY","REDACTED FOR PRIVACY","REDACTED FOR PRIVACY","REDACTED FOR PRIVACY","REDACTED FOR PRIVACY","","REDACTED FOR PRIVACY","REDACTED FOR PRIVACY","","","","","","","","","","","ns1.domain.com","ns2.domain.com","","","","","",""