"num","domain_name","query_time","create_date","update_date","expiry_date","domain_registrar_id","domain_registrar_name","domain_registrar_whois","domain_registrar_url","registrant_name","registrant_company","registrant_address","registrant_city","registrant_state","registrant_zip","registrant_country","registrant_email","registrant_phone","registrant_fax","administrative_name","administrative_company","administrative_address","administrative_city","administrative_state","administrative_zip","administrative_country","administrative_email","administrative_phone","administrative_fax","technical_name","technical_company","technical_address","technical_city","technical_state","technical_zip","technical_country","technical_email","technical_phone","technical_fax","billing_name","billing_company","billing_address","billing_city","billing_state","billing_zip","billing_country","billing_email","billing_phone","billing_fax","name_server_1","name_server_2","name_server_3","name_server_4","domain_status_1","domain_status_2","domain_status_3","domain_status_4"
"1","charlene-mongolia.com","2021-07-08 16:53:01","2021-07-05","2021-07-05","2022-07-05","303","PDR Ltd. d/b/a PublicDomainRegistry.com","whois.publicdomainregistry.com","http://www.publicdomainregistry.com","Shandas Bud","","220 myangat, 26-1","Ulaanbaatar","Sukhbaatar","11000","Mongolia","charlenecosmetics@gmail.com","+976.93005758","","Shandas Bud","","220 myangat, 26-1","Ulaanbaatar","Sukhbaatar","11000","Mongolia","charlenecosmetics@gmail.com","+976.93005758","","Shandas Bud","","220 myangat, 26-1","Ulaanbaatar","Sukhbaatar","11000","Mongolia","charlenecosmetics@gmail.com","+976.93005758","","","","","","","","","","","","dns21.isafespace.com","dns22.isafespace.com","dns23.isafespace.com","dns24.isafespace.com","clientTransferProhibited","","",""
"2","erchimt.com","2021-07-08 16:43:13","2021-07-05","2021-07-05","2022-07-05","303","PDR Ltd. d/b/a PublicDomainRegistry.com","whois.publicdomainregistry.com","http://www.publicdomainregistry.com","Zochil  Operator","Zochil Technology","Bayanzurkh district 6th khoroo 14a-12","Ulaanbaatar","MN","11000","Mongolia","info@zochil.shop","+976.88053025","","Zochil  Operator","Zochil Technology","Bayanzurkh district 6th khoroo 14a-12","Ulaanbaatar","MN","11000","Mongolia","info@zochil.shop","+976.88053025","","Zochil  Operator","Zochil Technology","Bayanzurkh district 6th khoroo 14a-12","Ulaanbaatar","MN","11000","Mongolia","info@zochil.shop","+976.88053025","","","","","","","","","","","","dns21.isafespace.com","dns22.isafespace.com","dns23.isafespace.com","dns24.isafespace.com","clientTransferProhibited","","",""
"3","mongolartcenter.com","2021-07-08 16:19:58","2021-07-05","2021-07-05","2022-07-05","303","PDR Ltd. d/b/a PublicDomainRegistry.com","whois.publicdomainregistry.com","http://www.publicdomainregistry.com","Baigalmaa Erdenebal","huvi hun","Bayanzurkh duureg 26-r horoo 405-r bair 40 toot Bayanzurkh duureg 26-r horoo 405-r bair 40 toot","Ulaanbaatar","Bayanzurkh","13311","Mongolia","baigalmaa.ntts@gmail.com","+976.99054334","","Baigalmaa Erdenebal","huvi hun","Bayanzurkh duureg 26-r horoo 405-r bair 40 toot Bayanzurkh duureg 26-r horoo 405-r bair 40 toot","Ulaanbaatar","Bayanzurkh","13311","Mongolia","baigalmaa.ntts@gmail.com","+976.99054334","","Baigalmaa Erdenebal","huvi hun","Bayanzurkh duureg 26-r horoo 405-r bair 40 toot Bayanzurkh duureg 26-r horoo 405-r bair 40 toot","Ulaanbaatar","Bayanzurkh","13311","Mongolia","baigalmaa.ntts@gmail.com","+976.99054334","","","","","","","","","","","","dns21.isafespace.com","dns22.isafespace.com","dns23.isafespace.com","dns24.isafespace.com","clientTransferProhibited","","",""
"4","oppomongolia.com","2021-07-08 16:18:13","2021-07-05","2021-07-05","2022-07-05","3775","ALIBABA.COM SINGAPORE E-COMMERCE PRIVATE LIMITED","","","","","","","Bayangol","","Mongolia","","","","","","","","","","","","","","","","","","","","","","","","","","","","","","","","","","ns7.alidns.com","ns8.alidns.com","","","OK","","",""
"5","thebubbleplus.com","2021-07-08 14:45:07","2021-07-05","2021-07-04","2022-07-05","146","GoDaddy.com, LLC","whois.godaddy.com","http://registrar.godaddy.com","Corareine LLC","Corareine LLC","","","Ulaanbaatar","","Mongolia","","","","","","","","","","","","","","","","","","","","","","","","","","","","","","","","","","ns71.domaincontrol.com","ns72.domaincontrol.com","","","clientDeleteProhibited","clientRenewProhibited","clientTransferProhibited","clientUpdateProhibited"