"num","domain_name","query_time","create_date","update_date","expiry_date","domain_registrar_id","domain_registrar_name","domain_registrar_whois","domain_registrar_url","registrant_name","registrant_company","registrant_address","registrant_city","registrant_state","registrant_zip","registrant_country","registrant_email","registrant_phone","registrant_fax","administrative_name","administrative_company","administrative_address","administrative_city","administrative_state","administrative_zip","administrative_country","administrative_email","administrative_phone","administrative_fax","technical_name","technical_company","technical_address","technical_city","technical_state","technical_zip","technical_country","technical_email","technical_phone","technical_fax","billing_name","billing_company","billing_address","billing_city","billing_state","billing_zip","billing_country","billing_email","billing_phone","billing_fax","name_server_1","name_server_2","name_server_3","name_server_4","domain_status_1","domain_status_2","domain_status_3","domain_status_4"
"1","abdelkhalek-haddany.com","2021-07-08 17:02:29","2021-07-05","2021-07-06","2022-07-05","1647","Hosting Concepts B.V. dba Openprovider","whois.registrar.eu","http://www.openprovider.com","REDACTED FOR PRIVACY","Abdelkhalek HADDANY","REDACTED FOR PRIVACY","REDACTED FOR PRIVACY","SoussMassaDraa","REDACTED FOR PRIVACY","Morocco","","REDACTED FOR PRIVACY","REDACTED FOR PRIVACY","REDACTED FOR PRIVACY","REDACTED FOR PRIVACY","REDACTED FOR PRIVACY","REDACTED FOR PRIVACY","REDACTED FOR PRIVACY","REDACTED FOR PRIVACY","REDACTED FOR PRIVACY","","REDACTED FOR PRIVACY","REDACTED FOR PRIVACY","REDACTED FOR PRIVACY","REDACTED FOR PRIVACY","REDACTED FOR PRIVACY","REDACTED FOR PRIVACY","REDACTED FOR PRIVACY","REDACTED FOR PRIVACY","REDACTED FOR PRIVACY","","REDACTED FOR PRIVACY","REDACTED FOR PRIVACY","","","","","","","","","","","ns1.dns-parking.com","ns2.dns-parking.com","","","clientTransferProhibited","","",""
"2","abouelaz.com","2021-07-08 17:02:19","2021-07-05","2021-07-05","2022-07-05","303","PDR Ltd. d/b/a PublicDomainRegistry.com","whois.publicdomainregistry.com","http://www.publicdomainregistry.com","Yahya ben larbie","www.winx-web.com","Tanger rue 18 n 21 Av oualidia","Tanger","Tangier-Tetouan","90000","Morocco","abouelazothmane7@gmail.com","+212.0644673142","","Yahya ben larbie","www.winx-web.com","Tanger rue 18 n 21 Av oualidia","Tanger","Tangier-Tetouan","90000","Morocco","abouelazothmane7@gmail.com","+212.0644673142","","Yahya ben larbie","www.winx-web.com","Tanger rue 18 n 21 Av oualidia","Tanger","Tangier-Tetouan","90000","Morocco","abouelazothmane7@gmail.com","+212.0644673142","","","","","","","","","","","","inx1314933.earth.orderbox-dns.com","inx1314933.mars.orderbox-dns.com","inx1314933.mercury.orderbox-dns.com","inx1314933.venus.orderbox-dns.com","clientTransferProhibited","","",""
"3","annugsm.space","2021-07-08 15:10:10","2021-07-05","2021-07-06","2022-07-05","433","OVH sas","whois.ovh.com","http://www.ovh.com","","","","","","","Morocco","","","","","","","","","","","","","","","","","","","","","","","","","","","","","","","","","","cns45.hostgator.com","cns46.hostgator.com","","","addPeriod","clientDeleteProhibited","clientTransferProhibited","serverTransferProhibited"
"4","arabecrypto.com","2021-07-08 16:58:37","2021-07-05","2021-07-05","2022-07-05","146","GoDaddy.com, LLC","whois.godaddy.com","http://registrar.godaddy.com","","","","","Kenitra","","Morocco","","","","","","","","","","","","","","","","","","","","","","","","","","","","","","","","","","ns11.domaincontrol.com","ns12.domaincontrol.com","","","clientDeleteProhibited","clientRenewProhibited","clientTransferProhibited","clientUpdateProhibited"
"5","ayoubdahbi.com","2021-07-08 16:56:39","2021-07-05","2021-07-06","2022-07-05","146","GoDaddy.com, LLC","whois.godaddy.com","http://registrar.godaddy.com","","","","","BENI MELLAL","","Morocco","","","","","","","","","","","","","","","","","","","","","","","","","","","","","","","","","","ns1.bluehost.com","ns2.bluehost.com","","","OK","","",""
"6","babgueliz.com","2021-07-08 16:56:30","2021-07-05","2021-07-05","2022-07-05","433","OVH sas","whois.ovh.com","http://www.ovh.com","REDACTED FOR PRIVACY","ZIN ARCHI","REDACTED FOR PRIVACY","REDACTED FOR PRIVACY","","REDACTED FOR PRIVACY","Morocco","","REDACTED FOR PRIVACY","REDACTED FOR PRIVACY","REDACTED FOR PRIVACY","REDACTED FOR PRIVACY","REDACTED FOR PRIVACY","REDACTED FOR PRIVACY","REDACTED FOR PRIVACY","REDACTED FOR PRIVACY","REDACTED FOR PRIVACY","","REDACTED FOR PRIVACY","REDACTED FOR PRIVACY","REDACTED FOR PRIVACY","REDACTED FOR PRIVACY","REDACTED FOR PRIVACY","REDACTED FOR PRIVACY","REDACTED FOR PRIVACY","REDACTED FOR PRIVACY","REDACTED FOR PRIVACY","","REDACTED FOR PRIVACY","REDACTED FOR PRIVACY","","","","","","","","","","","dns106.ovh.net","ns106.ovh.net","","","clientDeleteProhibited","clientTransferProhibited","",""
"7","baelsimple.com","2021-07-08 16:56:27","2021-07-05","2021-07-05","2022-07-05","1647","Hosting Concepts B.V. dba Openprovider","whois.registrar.eu","http://www.openprovider.com","REDACTED FOR PRIVACY","","REDACTED FOR PRIVACY","REDACTED FOR PRIVACY","Grand Casablanca","REDACTED FOR PRIVACY","Morocco","","REDACTED FOR PRIVACY","REDACTED FOR PRIVACY","REDACTED FOR PRIVACY","REDACTED FOR PRIVACY","REDACTED FOR PRIVACY","REDACTED FOR PRIVACY","REDACTED FOR PRIVACY","REDACTED FOR PRIVACY","REDACTED FOR PRIVACY","","REDACTED FOR PRIVACY","REDACTED FOR PRIVACY","REDACTED FOR PRIVACY","REDACTED FOR PRIVACY","REDACTED FOR PRIVACY","REDACTED FOR PRIVACY","REDACTED FOR PRIVACY","REDACTED FOR PRIVACY","REDACTED FOR PRIVACY","","REDACTED FOR PRIVACY","REDACTED FOR PRIVACY","","","","","","","","","","","pat.ns.cloudflare.com","zahir.ns.cloudflare.com","","","clientTransferProhibited","","",""
"8","berberrugstore.com","2021-07-08 16:54:57","2021-07-05","2021-07-05","2022-07-05","303","PDR Ltd. d/b/a PublicDomainRegistry.com","whois.publicdomainregistry.com","http://www.publicdomainregistry.com","Charaf Es-salah","Moroccan Organica","iziki 1 N 130 Bloc 17","Marrakech","zone industriel","40000","Morocco","hassangoulali1@gmail.com","+212.624857576","","Maromania Computing","Maromania","App 2 RDC Imm 12","Marrakesh","Marrakesh-Safi","40160","Morocco","registrar@maromania.com","+212.708999807","","Maromania Computing","Maromania","App 2 RDC Imm 12","Marrakesh","Marrakesh-Safi","40160","Morocco","registrar@maromania.com","+212.708999807","","","","","","","","","","","","ns3.maromania.com","ns4.maromania.com","","","clientTransferProhibited","","",""
"9","blogrial.com","2021-07-08 14:34:47","2021-07-05","2021-07-05","2022-07-05","303","PDR Ltd. d/b/a PublicDomainRegistry.com","whois.publicdomainregistry.com","http://www.publicdomainregistry.com","mohamed rial","rial blog","BP 23","Agadir","souss","80050","Morocco","rialjour@yahoo.fr","+212.661287110","","mohamed rial","rial blog","BP 23","Agadir","souss","80050","Morocco","rialjour@yahoo.fr","+212.661287110","","mohamed rial","rial blog","BP 23","Agadir","souss","80050","Morocco","rialjour@yahoo.fr","+212.661287110","","","","","","","","","","","","dns1.wmaker.net","dns2.wmaker.net","dns3.wmaker.net","","clientTransferProhibited","","",""
"10","bourneix.store","2021-07-08 15:09:28","2021-07-05","2021-07-05","2022-07-05","1376","Instra Corporation Pty Ltd.","whois.instra.net","http://www.instra.com","Bourneix","Bourneix","","","Marrakech safi","","Morocco","","","","","","","","","","","","","","","","","","","","","","","","","","","","","","","","","","ns6395.hostgator.com","ns6396.hostgator.com","","","addPeriod","serverTransferProhibited","",""
"11","brsofts.net","2021-07-08 15:32:34","2021-07-04","2021-07-04","2022-07-04","48","eNom, Inc.","whois.enom.com","http://www.enom.com","REDACTED FOR PRIVACY","REDACTED FOR PRIVACY","REDACTED FOR PRIVACY","REDACTED FOR PRIVACY","casablanca","REDACTED FOR PRIVACY","Morocco","","REDACTED FOR PRIVACY","REDACTED FOR PRIVACY","REDACTED FOR PRIVACY","REDACTED FOR PRIVACY","REDACTED FOR PRIVACY","REDACTED FOR PRIVACY","REDACTED FOR PRIVACY","REDACTED FOR PRIVACY","REDACTED FOR PRIVACY","","REDACTED FOR PRIVACY","REDACTED FOR PRIVACY","REDACTED FOR PRIVACY","REDACTED FOR PRIVACY","REDACTED FOR PRIVACY","REDACTED FOR PRIVACY","REDACTED FOR PRIVACY","REDACTED FOR PRIVACY","REDACTED FOR PRIVACY","","REDACTED FOR PRIVACY","REDACTED FOR PRIVACY","","","","","","","","","","","xjns7.dailyrazor.com","xjns8.dailyrazor.com","","","addPeriod","clientTransferProhibited","",""
"12","businesskit.online","2021-07-08 15:27:32","2021-07-05","2021-07-05","2022-07-05","1630","Ligne Web Services SARL","whois.nic.fr","http://www.ait.com","","","","","","","Morocco","","","","","","","","","","","","","","","","","","","","","","","","","","","","","","","","","","cpanel15.lws-hosting.com","cpanel16.lws-hosting.com","","","addPeriod","serverTransferProhibited","",""
"13","capitaleet.com","2021-07-08 16:53:59","2021-07-05","2021-07-05","2022-07-05","146","GoDaddy.com, LLC","whois.godaddy.com","http://registrar.godaddy.com","Capitaleet","Capitaleet","","","BENI MELLAL KHENIFRA","","Morocco","","","","","","","","","","","","","","","","","","","","","","","","","","","","","","","","","","ns55.domaincontrol.com","ns56.domaincontrol.com","","","clientDeleteProhibited","clientRenewProhibited","clientTransferProhibited","clientUpdateProhibited"
"14","carsisgood.com","2021-07-08 16:53:53","2021-07-05","2021-07-05","2022-07-05","146","GoDaddy.com, LLC","whois.godaddy.com","http://registrar.godaddy.com","","","","","MOROCCO","","Morocco","","","","","","","","","","","","","","","","","","","","","","","","","","","","","","","","","","ns13.domaincontrol.com","ns14.domaincontrol.com","","","clientDeleteProhibited","clientRenewProhibited","clientTransferProhibited","clientUpdateProhibited"
"15","casanms2.com","2021-07-08 16:53:49","2021-07-05","2021-07-05","2022-07-05","","","","","Abdelfattah Bezzari","","AB PROTECTION 36 AV. AL ABTAL","CASABLANCA","RABAT","10000","Morocco","","Statutory Masking Enabled","","Abdelfattah Bezzari","","AB PROTECTION 36 AV. AL ABTAL","CASABLANCA","RABAT","10000","Morocco","","Statutory Masking Enabled","","Abdelfattah Bezzari","","AB PROTECTION 36 AV. AL ABTAL","CASABLANCA","RABAT","10000","Morocco","","Statutory Masking Enabled","","","","","","","","","","","","ns1.dynu.com","ns2.dynu.com","ns3.dynu.com","ns4.dynu.com","clientTransferProhibited","","",""
"16","catprinto.com","2021-07-08 16:53:28","2021-07-05","2021-07-05","2022-07-05","146","GoDaddy.com, LLC","whois.godaddy.com","http://registrar.godaddy.com","","","","","Parc de la Ligue Arabe","","Morocco","","","","","","","","","","","","","","","","","","","","","","","","","","","","","","","","","","ns11.domaincontrol.com","ns12.domaincontrol.com","","","clientDeleteProhibited","clientRenewProhibited","clientTransferProhibited","clientUpdateProhibited"
"17","cryptolearning.info","2021-07-08 15:48:16","2021-07-06","2021-07-06","2022-07-06","1068","NameCheap, Inc.","whois.namecheap.com","http://www.namecheap.com","","","","","benslimane","","Morocco","","","","","","","","","","","","","","","","","","","","","","","","","","","","","","","","","","dns1.registrar-servers.com","dns2.registrar-servers.com","","","addPeriod","clientTransferProhibited","serverTransferProhibited",""
"18","dcuddle.com","2021-07-08 16:47:48","2021-07-05","2021-07-05","2022-07-05","146","GoDaddy.com, LLC","whois.godaddy.com","http://registrar.godaddy.com","OMAK LTD","OMAK LTD","","","kenitra","","Morocco","","","","","","","","","","","","","","","","","","","","","","","","","","","","","","","","","","ns69.domaincontrol.com","ns70.domaincontrol.com","","","clientDeleteProhibited","clientRenewProhibited","clientTransferProhibited","clientUpdateProhibited"
"19","dentistesmarrakech.com","2021-07-08 16:47:29","2021-07-05","2021-07-05","2022-07-05","1515","Webfusion Ltd.","whois.123-reg.co.uk","http://www.123-reg.co.uk","REDACTED FOR PRIVACY","","REDACTED FOR PRIVACY","REDACTED FOR PRIVACY","","REDACTED FOR PRIVACY","Morocco","","REDACTED FOR PRIVACY","REDACTED FOR PRIVACY","","","","","","","","","","","","","","","","","","","","","","","","","","","","","","","dns1.obambu.com","dns2.obambu.com","","","clientDeleteProhibited","clientTransferProhibited","clientUpdateProhibited",""
"20","ecvpro.com","2021-07-08 16:44:33","2021-07-05","2021-07-05","2022-07-05","1519","NETIM SARL","whois.netim.com","http://www.netim.com","REDACTED","","REDACTED","REDACTED","","REDACTED","Morocco","","REDACTED","REDACTED","REDACTED","","REDACTED","REDACTED","REDACTED","REDACTED","REDACTED","","REDACTED","REDACTED","REDACTED","","REDACTED","REDACTED","REDACTED","REDACTED","REDACTED","","REDACTED","REDACTED","","","","","","","","","","","ns0.unlimited.uk.net","ns1.unlimited.uk.net","","","clientTransferProhibited","ok","",""
"21","ermeccheminee.com","2021-07-08 16:43:11","2021-07-05","2021-07-05","2022-07-05","433","OVH sas","whois.ovh.com","http://www.ovh.com","REDACTED FOR PRIVACY","","REDACTED FOR PRIVACY","REDACTED FOR PRIVACY","","REDACTED FOR PRIVACY","Morocco","","REDACTED FOR PRIVACY","REDACTED FOR PRIVACY","REDACTED FOR PRIVACY","REDACTED FOR PRIVACY","REDACTED FOR PRIVACY","REDACTED FOR PRIVACY","REDACTED FOR PRIVACY","REDACTED FOR PRIVACY","REDACTED FOR PRIVACY","","REDACTED FOR PRIVACY","REDACTED FOR PRIVACY","REDACTED FOR PRIVACY","REDACTED FOR PRIVACY","REDACTED FOR PRIVACY","REDACTED FOR PRIVACY","REDACTED FOR PRIVACY","REDACTED FOR PRIVACY","REDACTED FOR PRIVACY","","REDACTED FOR PRIVACY","REDACTED FOR PRIVACY","","","","","","","","","","","dns106.ovh.net","ns106.ovh.net","","","clientDeleteProhibited","clientTransferProhibited","",""
"22","esmeraldastyle.com","2021-07-08 02:15:53","2021-07-01","2021-07-01","2022-07-01","1636","Hostinger, UAB","whois.hostinger.com","http://www.hostinger.com","Rabiaa Ayoub","","Rue Damas numero 16 Laari echekh","Nador","Oriental","62000","Morocco","rabiaaayoub0@gmail.com","+212.666871310","","Rabiaa Ayoub","","Rue Damas numero 16 Laari echekh","Nador","Oriental","62000","Morocco","rabiaaayoub0@gmail.com","+212.666871310","","Rabiaa Ayoub","","Rue Damas numero 16 Laari echekh","Nador","Oriental","62000","Morocco","rabiaaayoub0@gmail.com","+212.666871310","","","","","","","","","","","","ns1.dns-parking.com","ns2.dns-parking.com","","","clientTransferProhibited","","",""
"23","famatime.com","2021-07-08 16:41:37","2021-07-05","2021-07-05","2022-07-05","146","GoDaddy.com, LLC","whois.godaddy.com","http://registrar.godaddy.com","El KATI Yassine","","Hay Messaoudia N:151","Taza","Taza","35000","Morocco","market.battler@gmail.com","+212.708340016","","El KATI Yassine","","Hay Messaoudia N:151","Taza","Taza","35000","Morocco","market.battler@gmail.com","+212.708340016","","El KATI Yassine","","Hay Messaoudia N:151","Taza","Taza","35000","Morocco","market.battler@gmail.com","+212.708340016","","","","","","","","","","","","ns1.perfectdns.com","ns2.perfectdns.com","","","clientDeleteProhibited","clientRenewProhibited","clientTransferProhibited","clientUpdateProhibited"
"24","fivewin.store","2021-07-08 15:09:21","2021-07-05","2021-07-05","2022-07-05","146","GoDaddy.com, LLC","whois.godaddy.com","http://registrar.godaddy.com","","","","","tanger","","Morocco","","","","","","","","","","","","","","","","","","","","","","","","","","","","","","","","","","ns15.domaincontrol.com","ns16.domaincontrol.com","","","addPeriod","clientDeleteProhibited","clientRenewProhibited","clientTransferProhibited"
"25","futurmalls.com","2021-07-08 16:38:44","2021-07-05","2021-07-05","2022-07-05","146","GoDaddy.com, LLC","whois.godaddy.com","http://registrar.godaddy.com","","","","","Sous-Massa-Draa","","Morocco","","","","","","","","","","","","","","","","","","","","","","","","","","","","","","","","","","ns55.domaincontrol.com","ns56.domaincontrol.com","","","clientDeleteProhibited","clientRenewProhibited","clientTransferProhibited","clientUpdateProhibited"
"26","gifts-free.net","2021-07-08 15:31:55","2021-07-04","2021-07-04","2022-07-04","76","Nominalia Internet S.L.","whois.nominalia.com","http://www.nominalia.com","REDACTED FOR PRIVACY","REDACTED FOR PRIVACY","REDACTED FOR PRIVACY","REDACTED FOR PRIVACY","ERRACHIDIA","REDACTED FOR PRIVACY","Morocco","","REDACTED.FORPRIVACY","REDACTED.FORPRIVACY","REDACTED FOR PRIVACY","REDACTED FOR PRIVACY","REDACTED FOR PRIVACY","REDACTED FOR PRIVACY","REDACTED FOR PRIVACY","REDACTED FOR PRIVACY","REDACTED FOR PRIVACY","","REDACTED.FORPRIVACY","REDACTED.FORPRIVACY","REDACTED FOR PRIVACY","REDACTED FOR PRIVACY","REDACTED FOR PRIVACY","REDACTED FOR PRIVACY","REDACTED FOR PRIVACY","REDACTED FOR PRIVACY","REDACTED FOR PRIVACY","","REDACTED.FORPRIVACY","REDACTED.FORPRIVACY","","","","","","","","","","","dns1.nominalia.com","dns2.nominalia.com","","","OK","","",""
"27","globneeds.com","2021-07-08 16:37:27","2021-07-05","2021-07-06","2022-07-05","1647","Hosting Concepts B.V. dba Openprovider","whois.registrar.eu","http://www.openprovider.com","REDACTED FOR PRIVACY","globneeds","REDACTED FOR PRIVACY","REDACTED FOR PRIVACY","TadlaAzilal","REDACTED FOR PRIVACY","Morocco","","REDACTED FOR PRIVACY","REDACTED FOR PRIVACY","REDACTED FOR PRIVACY","REDACTED FOR PRIVACY","REDACTED FOR PRIVACY","REDACTED FOR PRIVACY","REDACTED FOR PRIVACY","REDACTED FOR PRIVACY","REDACTED FOR PRIVACY","","REDACTED FOR PRIVACY","REDACTED FOR PRIVACY","REDACTED FOR PRIVACY","REDACTED FOR PRIVACY","REDACTED FOR PRIVACY","REDACTED FOR PRIVACY","REDACTED FOR PRIVACY","REDACTED FOR PRIVACY","REDACTED FOR PRIVACY","","REDACTED FOR PRIVACY","REDACTED FOR PRIVACY","","","","","","","","","","","ns1.dns-parking.com","ns2.dns-parking.com","","","clientTransferProhibited","","",""
"28","gohostbit.com","2021-07-08 16:37:22","2021-07-05","2021-07-05","2022-07-05","76","Nominalia Internet S.L.","whois.nominalia.com","http://www.nominalia.com","REDACTED FOR PRIVACY","REDACTED FOR PRIVACY","REDACTED FOR PRIVACY","REDACTED FOR PRIVACY","meknes","REDACTED FOR PRIVACY","Morocco","","REDACTED.FORPRIVACY","REDACTED.FORPRIVACY","REDACTED FOR PRIVACY","REDACTED FOR PRIVACY","REDACTED FOR PRIVACY","REDACTED FOR PRIVACY","REDACTED FOR PRIVACY","REDACTED FOR PRIVACY","REDACTED FOR PRIVACY","","REDACTED.FORPRIVACY","REDACTED.FORPRIVACY","REDACTED FOR PRIVACY","REDACTED FOR PRIVACY","REDACTED FOR PRIVACY","REDACTED FOR PRIVACY","REDACTED FOR PRIVACY","REDACTED FOR PRIVACY","REDACTED FOR PRIVACY","","REDACTED.FORPRIVACY","REDACTED.FORPRIVACY","","","","","","","","","","","dns1.nominalia.com","dns2.nominalia.com","","","OK","","",""
"29","hallogistique.com","2021-07-08 14:39:09","2021-07-05","2021-07-05","2022-07-05","303","PDR Ltd. d/b/a PublicDomainRegistry.com","whois.publicdomainregistry.com","http://www.publicdomainregistry.com","El Hamichi Najib","Green Web Sarl","Tetouan","Tetouan","01","93000","Morocco","webnajib@hotmail.com","+212.0622560312","","El Hamichi Najib","Green Web Sarl","Tetouan","Tetouan","01","93000","Morocco","webnajib@hotmail.com","+212.0622560312","","El Hamichi Najib","Green Web Sarl","Tetouan","Tetouan","01","93000","Morocco","webnajib@hotmail.com","+212.0622560312","","","","","","","","","","","","ns1.naja7host.com","ns2.naja7host.com","","","clientTransferProhibited","","",""
"30","handmadepouf.com","2021-07-08 14:39:04","2021-07-05","2021-07-07","2022-07-05","146","GoDaddy.com, LLC","whois.godaddy.com","http://registrar.godaddy.com","","","","","fes meknes","","Morocco","","","","","","","","","","","","","","","","","","","","","","","","","","","","","","","","","","ns1.ipage.com","ns2.ipage.com","","","clientDeleteProhibited","clientRenewProhibited","clientTransferProhibited","clientUpdateProhibited"
"31","handy-tools.online","2021-07-08 15:27:13","2021-07-06","2021-07-06","2022-07-06","146","GoDaddy.com, LLC","whois.godaddy.com","http://registrar.godaddy.com","","","","","ait daoud","","Morocco","","","","","","","","","","","","","","","","","","","","","","","","","","","","","","","","","","ns13.domaincontrol.com","ns14.domaincontrol.com","","","addPeriod","clientDeleteProhibited","clientRenewProhibited","clientTransferProhibited"
"32","harshprisoner.online","2021-07-08 15:27:07","2021-07-05","2021-07-05","2022-07-05","625","Name.com, Inc.","whois.name.com","http://www.name.com","","","","","fes meknas","","Morocco","","","","","","","","","","","","","","","","","","","","","","","","","","","","","","","","","","ns1fkl.name.com","ns2fgv.name.com","ns3gmv.name.com","ns4fmw.name.com","addPeriod","clientTransferProhibited","serverTransferProhibited",""
"33","highmode.store","2021-07-08 15:08:37","2021-07-05","2021-07-05","2022-07-05","146","GoDaddy.com, LLC","whois.godaddy.com","http://registrar.godaddy.com","","","","","Marrakesh","","Morocco","","","","","","","","","","","","","","","","","","","","","","","","","","","","","","","","","","ns69.domaincontrol.com","ns70.domaincontrol.com","","","addPeriod","clientDeleteProhibited","clientRenewProhibited","clientTransferProhibited"
"34","home-bak-ing.com","2021-07-08 14:37:25","2021-07-05","2021-07-06","2022-07-05","69","Tucows Domains Inc.","whois.tucows.com","http://domainhelp.opensrs.net","REDACTED FOR PRIVACY","REDACTED FOR PRIVACY","REDACTED FOR PRIVACY","REDACTED FOR PRIVACY","MA","REDACTED FOR PRIVACY","Morocco","","REDACTED FOR PRIVACY","REDACTED FOR PRIVACY","REDACTED FOR PRIVACY","REDACTED FOR PRIVACY","REDACTED FOR PRIVACY","REDACTED FOR PRIVACY","REDACTED FOR PRIVACY","REDACTED FOR PRIVACY","REDACTED FOR PRIVACY","","REDACTED FOR PRIVACY","REDACTED FOR PRIVACY","REDACTED FOR PRIVACY","REDACTED FOR PRIVACY","REDACTED FOR PRIVACY","REDACTED FOR PRIVACY","REDACTED FOR PRIVACY","REDACTED FOR PRIVACY","REDACTED FOR PRIVACY","","REDACTED FOR PRIVACY","REDACTED FOR PRIVACY","","","","","","","","","","","dns.technorail.com","dns2.technorail.com","dns3.arubadns.net","dns4.arubadns.cz","clientTransferProhibited","clientUpdateProhibited","",""
"35","home-bakn-ing.com","2021-07-08 14:37:24","2021-07-05","2021-07-06","2022-07-05","69","Tucows Domains Inc.","whois.tucows.com","http://domainhelp.opensrs.net","REDACTED FOR PRIVACY","REDACTED FOR PRIVACY","REDACTED FOR PRIVACY","REDACTED FOR PRIVACY","MA","REDACTED FOR PRIVACY","Morocco","","REDACTED FOR PRIVACY","REDACTED FOR PRIVACY","REDACTED FOR PRIVACY","REDACTED FOR PRIVACY","REDACTED FOR PRIVACY","REDACTED FOR PRIVACY","REDACTED FOR PRIVACY","REDACTED FOR PRIVACY","REDACTED FOR PRIVACY","","REDACTED FOR PRIVACY","REDACTED FOR PRIVACY","REDACTED FOR PRIVACY","REDACTED FOR PRIVACY","REDACTED FOR PRIVACY","REDACTED FOR PRIVACY","REDACTED FOR PRIVACY","REDACTED FOR PRIVACY","REDACTED FOR PRIVACY","","REDACTED FOR PRIVACY","REDACTED FOR PRIVACY","","","","","","","","","","","dns.technorail.com","dns2.technorail.com","dns3.arubadns.net","dns4.arubadns.cz","clientTransferProhibited","clientUpdateProhibited","",""
"36","hotelmaghrebelarabi.com","2021-07-08 14:37:01","2021-07-05","2021-07-06","2024-07-05","303","PDR Ltd. d/b/a PublicDomainRegistry.com","whois.publicdomainregistry.com","http://www.publicdomainregistry.com","Ayoub Boujida","Sweetfood","QU OLD BOUTAYAB SECT B NADOR","Nador","NAD","93000","Morocco","ayoubboujida@gmail.com","+212.667021958","","Ayoub Boujida","Sweetfood","QU OLD BOUTAYAB SECT B NADOR","Nador","NAD","93000","Morocco","ayoubboujida@gmail.com","+212.667021958","","Ayoub Boujida","Sweetfood","QU OLD BOUTAYAB SECT B NADOR","Nador","NAD","93000","Morocco","ayoubboujida@gmail.com","+212.667021958","","","","","","","","","","","","ns10.naja7host.com","ns9.naja7host.com","","","clientTransferProhibited","","",""
"37","inass.tech","2021-07-08 15:07:44","2021-07-05","2021-07-05","2022-07-05","1913","DOTSERVE INC.","whois.nic.press","http://nic.press","said","said","","","4094","","Morocco","","","","","","","","","","","","","","","","","","","","","","","","","","","","","","","","","","cont603385.earth.orderbox-dns.com","cont603385.mars.orderbox-dns.com","cont603385.mercury.orderbox-dns.com","cont603385.venus.orderbox-dns.com","addPeriod","clientTransferProhibited","serverTransferProhibited",""
"38","ing-home-baek.com","2021-07-08 16:34:13","2021-07-05","2021-07-06","2022-07-05","69","Tucows Domains Inc.","whois.tucows.com","http://domainhelp.opensrs.net","REDACTED FOR PRIVACY","REDACTED FOR PRIVACY","REDACTED FOR PRIVACY","REDACTED FOR PRIVACY","MA","REDACTED FOR PRIVACY","Morocco","","REDACTED FOR PRIVACY","REDACTED FOR PRIVACY","REDACTED FOR PRIVACY","REDACTED FOR PRIVACY","REDACTED FOR PRIVACY","REDACTED FOR PRIVACY","REDACTED FOR PRIVACY","REDACTED FOR PRIVACY","REDACTED FOR PRIVACY","","REDACTED FOR PRIVACY","REDACTED FOR PRIVACY","REDACTED FOR PRIVACY","REDACTED FOR PRIVACY","REDACTED FOR PRIVACY","REDACTED FOR PRIVACY","REDACTED FOR PRIVACY","REDACTED FOR PRIVACY","REDACTED FOR PRIVACY","","REDACTED FOR PRIVACY","REDACTED FOR PRIVACY","","","","","","","","","","","dns.technorail.com","dns2.technorail.com","dns3.arubadns.net","dns4.arubadns.cz","clientTransferProhibited","clientUpdateProhibited","",""
"39","ing-home-bak.com","2021-07-08 16:34:17","2021-07-05","2021-07-06","2022-07-05","69","Tucows Domains Inc.","whois.tucows.com","http://domainhelp.opensrs.net","REDACTED FOR PRIVACY","REDACTED FOR PRIVACY","REDACTED FOR PRIVACY","REDACTED FOR PRIVACY","MA","REDACTED FOR PRIVACY","Morocco","","REDACTED FOR PRIVACY","REDACTED FOR PRIVACY","REDACTED FOR PRIVACY","REDACTED FOR PRIVACY","REDACTED FOR PRIVACY","REDACTED FOR PRIVACY","REDACTED FOR PRIVACY","REDACTED FOR PRIVACY","REDACTED FOR PRIVACY","","REDACTED FOR PRIVACY","REDACTED FOR PRIVACY","REDACTED FOR PRIVACY","REDACTED FOR PRIVACY","REDACTED FOR PRIVACY","REDACTED FOR PRIVACY","REDACTED FOR PRIVACY","REDACTED FOR PRIVACY","REDACTED FOR PRIVACY","","REDACTED FOR PRIVACY","REDACTED FOR PRIVACY","","","","","","","","","","","dns.technorail.com","dns2.technorail.com","dns3.arubadns.net","dns4.arubadns.cz","clientTransferProhibited","clientUpdateProhibited","",""
"40","ing-home-bek.com","2021-07-08 16:34:18","2021-07-05","2021-07-06","2022-07-05","69","Tucows Domains Inc.","whois.tucows.com","http://domainhelp.opensrs.net","REDACTED FOR PRIVACY","REDACTED FOR PRIVACY","REDACTED FOR PRIVACY","REDACTED FOR PRIVACY","MA","REDACTED FOR PRIVACY","Morocco","","REDACTED FOR PRIVACY","REDACTED FOR PRIVACY","REDACTED FOR PRIVACY","REDACTED FOR PRIVACY","REDACTED FOR PRIVACY","REDACTED FOR PRIVACY","REDACTED FOR PRIVACY","REDACTED FOR PRIVACY","REDACTED FOR PRIVACY","","REDACTED FOR PRIVACY","REDACTED FOR PRIVACY","REDACTED FOR PRIVACY","REDACTED FOR PRIVACY","REDACTED FOR PRIVACY","REDACTED FOR PRIVACY","REDACTED FOR PRIVACY","REDACTED FOR PRIVACY","REDACTED FOR PRIVACY","","REDACTED FOR PRIVACY","REDACTED FOR PRIVACY","","","","","","","","","","","dns.technorail.com","dns2.technorail.com","dns3.arubadns.net","dns4.arubadns.cz","clientTransferProhibited","clientUpdateProhibited","",""
"41","inghomebaak.com","2021-07-08 16:34:12","2021-07-05","2021-07-05","2022-07-05","69","Tucows Domains Inc.","whois.tucows.com","http://domainhelp.opensrs.net","REDACTED FOR PRIVACY","REDACTED FOR PRIVACY","REDACTED FOR PRIVACY","REDACTED FOR PRIVACY","MA","REDACTED FOR PRIVACY","Morocco","","REDACTED FOR PRIVACY","REDACTED FOR PRIVACY","REDACTED FOR PRIVACY","REDACTED FOR PRIVACY","REDACTED FOR PRIVACY","REDACTED FOR PRIVACY","REDACTED FOR PRIVACY","REDACTED FOR PRIVACY","REDACTED FOR PRIVACY","","REDACTED FOR PRIVACY","REDACTED FOR PRIVACY","REDACTED FOR PRIVACY","REDACTED FOR PRIVACY","REDACTED FOR PRIVACY","REDACTED FOR PRIVACY","REDACTED FOR PRIVACY","REDACTED FOR PRIVACY","REDACTED FOR PRIVACY","","REDACTED FOR PRIVACY","REDACTED FOR PRIVACY","","","","","","","","","","","dns.technorail.com","dns2.technorail.com","dns3.arubadns.net","dns4.arubadns.cz","clientTransferProhibited","clientUpdateProhibited","",""
"42","inghomebk.com","2021-07-08 16:34:08","2021-07-05","2021-07-05","2022-07-05","69","Tucows Domains Inc.","whois.tucows.com","http://domainhelp.opensrs.net","REDACTED FOR PRIVACY","REDACTED FOR PRIVACY","REDACTED FOR PRIVACY","REDACTED FOR PRIVACY","MA","REDACTED FOR PRIVACY","Morocco","","REDACTED FOR PRIVACY","REDACTED FOR PRIVACY","REDACTED FOR PRIVACY","REDACTED FOR PRIVACY","REDACTED FOR PRIVACY","REDACTED FOR PRIVACY","REDACTED FOR PRIVACY","REDACTED FOR PRIVACY","REDACTED FOR PRIVACY","","REDACTED FOR PRIVACY","REDACTED FOR PRIVACY","REDACTED FOR PRIVACY","REDACTED FOR PRIVACY","REDACTED FOR PRIVACY","REDACTED FOR PRIVACY","REDACTED FOR PRIVACY","REDACTED FOR PRIVACY","REDACTED FOR PRIVACY","","REDACTED FOR PRIVACY","REDACTED FOR PRIVACY","","","","","","","","","","","dns.technorail.com","dns2.technorail.com","dns3.arubadns.net","dns4.arubadns.cz","clientTransferProhibited","clientUpdateProhibited","",""
"43","izmino.com","2021-07-08 16:32:50","2021-07-05","2021-07-05","2022-07-05","1647","Hosting Concepts B.V. dba Openprovider","whois.registrar.eu","http://www.openprovider.com","REDACTED FOR PRIVACY","","REDACTED FOR PRIVACY","REDACTED FOR PRIVACY","TazaAl HoceimaTaounate","REDACTED FOR PRIVACY","Morocco","","REDACTED FOR PRIVACY","REDACTED FOR PRIVACY","REDACTED FOR PRIVACY","REDACTED FOR PRIVACY","REDACTED FOR PRIVACY","REDACTED FOR PRIVACY","REDACTED FOR PRIVACY","REDACTED FOR PRIVACY","REDACTED FOR PRIVACY","","REDACTED FOR PRIVACY","REDACTED FOR PRIVACY","REDACTED FOR PRIVACY","REDACTED FOR PRIVACY","REDACTED FOR PRIVACY","REDACTED FOR PRIVACY","REDACTED FOR PRIVACY","REDACTED FOR PRIVACY","REDACTED FOR PRIVACY","","REDACTED FOR PRIVACY","REDACTED FOR PRIVACY","","","","","","","","","","","ns1.dns-parking.com","ns2.dns-parking.com","","","clientTransferProhibited","","",""
"44","kacadeteng.store","2021-07-08 15:08:38","2021-07-05","2021-07-05","2022-07-05","146","GoDaddy.com, LLC","whois.godaddy.com","http://registrar.godaddy.com","","","","","sous","","Morocco","","","","","","","","","","","","","","","","","","","","","","","","","","","","","","","","","","ns55.domaincontrol.com","ns56.domaincontrol.com","","","addPeriod","clientDeleteProhibited","clientRenewProhibited","clientTransferProhibited"
"45","kelzio.store","2021-07-08 15:09:18","2021-07-05","2021-07-05","2022-07-05","146","GoDaddy.com, LLC","whois.godaddy.com","http://registrar.godaddy.com","","","","","MOROCCO","","Morocco","","","","","","","","","","","","","","","","","","","","","","","","","","","","","","","","","","ns09.domaincontrol.com","ns10.domaincontrol.com","","","addPeriod","clientDeleteProhibited","clientRenewProhibited","clientTransferProhibited"
"46","khairaljanoub.com","2021-07-08 16:29:44","2021-07-05","2021-07-05","2022-07-05","81","Gandi SAS","whois.gandi.net","http://www.gandi.net","REDACTED FOR PRIVACY","LES MOULINS KHAIR AL JANOUB","REDACTED FOR PRIVACY","REDACTED FOR PRIVACY","","REDACTED FOR PRIVACY","Morocco","a7d4983a0f093289baffe82ac98571f8-29031841@contact.gandi.net","REDACTED FOR PRIVACY","REDACTED FOR PRIVACY","REDACTED FOR PRIVACY","REDACTED FOR PRIVACY","REDACTED FOR PRIVACY","REDACTED FOR PRIVACY","REDACTED FOR PRIVACY","REDACTED FOR PRIVACY","REDACTED FOR PRIVACY","77ed509938a734752c1cf57877dc4855-173391@contact.gandi.net","REDACTED FOR PRIVACY","REDACTED FOR PRIVACY","REDACTED FOR PRIVACY","REDACTED FOR PRIVACY","REDACTED FOR PRIVACY","REDACTED FOR PRIVACY","REDACTED FOR PRIVACY","REDACTED FOR PRIVACY","REDACTED FOR PRIVACY","77ed509938a734752c1cf57877dc4855-173391@contact.gandi.net","REDACTED FOR PRIVACY","REDACTED FOR PRIVACY","","","","","","","","","","","dns.menara.ma","dns1.menara.ma","dns2.menara.ma","dns3.menara.ma","clientTransferProhibited","","",""
"47","kirbox.com","2021-07-08 17:41:11","2021-07-05","2021-07-05","2022-07-05","146","GoDaddy.com, LLC","whois.godaddy.com","http://registrar.godaddy.com","","","","","Gharb-Chrarda-Beni Hssen","","Morocco","","","","","","","","","","","","","","","","","","","","","","","","","","","","","","","","","","ns35.domaincontrol.com","ns36.domaincontrol.com","","","clientDeleteProhibited","clientRenewProhibited","clientTransferProhibited","clientUpdateProhibited"
"48","kmtourdakhla.com","2021-07-08 16:29:10","2021-07-05","2021-07-05","2022-07-05","433","OVH sas","whois.ovh.com","http://www.ovh.com","REDACTED FOR PRIVACY","Urban LAB","REDACTED FOR PRIVACY","REDACTED FOR PRIVACY","","REDACTED FOR PRIVACY","Morocco","","REDACTED FOR PRIVACY","REDACTED FOR PRIVACY","REDACTED FOR PRIVACY","REDACTED FOR PRIVACY","REDACTED FOR PRIVACY","REDACTED FOR PRIVACY","REDACTED FOR PRIVACY","REDACTED FOR PRIVACY","REDACTED FOR PRIVACY","","REDACTED FOR PRIVACY","REDACTED FOR PRIVACY","REDACTED FOR PRIVACY","REDACTED FOR PRIVACY","REDACTED FOR PRIVACY","REDACTED FOR PRIVACY","REDACTED FOR PRIVACY","REDACTED FOR PRIVACY","REDACTED FOR PRIVACY","","REDACTED FOR PRIVACY","REDACTED FOR PRIVACY","","","","","","","","","","","dns106.ovh.net","ns106.ovh.net","","","clientDeleteProhibited","clientTransferProhibited","",""
"49","kora-show.life","2021-07-08 15:40:52","2021-07-05","2021-07-05","2022-07-05","1068","NameCheap, Inc.","whois.namecheap.com","http://www.namecheap.com","REDACTED FOR PRIVACY","arabe","REDACTED FOR PRIVACY","REDACTED FOR PRIVACY","rabat sale kenitra","REDACTED FOR PRIVACY","Morocco","","REDACTED FOR PRIVACY","REDACTED FOR PRIVACY","","","","","","","","","","","","","","","","","","","","","","","","","","","","","","","","","","","addPeriod","clientTransferProhibited","",""
"50","ladimir.store","2021-07-08 15:08:37","2021-07-05","2021-07-06","2022-07-05","433","OVH sas","whois.ovh.com","http://www.ovh.com","","","","","","","Morocco","","","","","","","","","","","","","","","","","","","","","","","","","","","","","","","","","","cns45.hostgator.com","cns46.hostgator.com","","","addPeriod","clientDeleteProhibited","clientTransferProhibited","serverTransferProhibited"
"51","leportable.website","2021-07-08 14:52:19","2021-07-05","2021-07-06","2022-07-05","433","OVH sas","whois.ovh.com","http://www.ovh.com","","","","","","","Morocco","","","","","","","","","","","","","","","","","","","","","","","","","","","","","","","","","","cns45.hostgator.com","cns46.hostgator.com","","","addPeriod","clientDeleteProhibited","clientTransferProhibited","serverTransferProhibited"
"52","linkattachment.site","2021-07-08 15:11:19","2021-07-05","2021-07-05","2022-07-05","625","Name.com, Inc.","whois.name.com","http://www.name.com","","","","","fes meknas","","Morocco","","","","","","","","","","","","","","","","","","","","","","","","","","","","","","","","","","ns1fkl.name.com","ns2fgv.name.com","ns3gmv.name.com","ns4fmw.name.com","addPeriod","clientTransferProhibited","serverTransferProhibited",""
"53","live-nicely.com","2021-07-08 16:26:04","2021-07-05","2021-07-05","2022-07-05","1647","Hosting Concepts B.V. dba Openprovider","whois.registrar.eu","http://www.openprovider.com","REDACTED FOR PRIVACY","Ziti.s","REDACTED FOR PRIVACY","REDACTED FOR PRIVACY","Casablanca","REDACTED FOR PRIVACY","Morocco","","REDACTED FOR PRIVACY","REDACTED FOR PRIVACY","REDACTED FOR PRIVACY","REDACTED FOR PRIVACY","REDACTED FOR PRIVACY","REDACTED FOR PRIVACY","REDACTED FOR PRIVACY","REDACTED FOR PRIVACY","REDACTED FOR PRIVACY","","REDACTED FOR PRIVACY","REDACTED FOR PRIVACY","REDACTED FOR PRIVACY","REDACTED FOR PRIVACY","REDACTED FOR PRIVACY","REDACTED FOR PRIVACY","REDACTED FOR PRIVACY","REDACTED FOR PRIVACY","REDACTED FOR PRIVACY","","REDACTED FOR PRIVACY","REDACTED FOR PRIVACY","","","","","","","","","","","ns1.contabo.net","ns2.contabo.net","ns3.contabo.net","","clientTransferProhibited","ok","",""
"54","luxurtop.com","2021-07-08 16:25:02","2021-07-05","2021-07-05","2022-07-05","146","GoDaddy.com, LLC","whois.godaddy.com","http://registrar.godaddy.com","luxurtop","luxurtop","","","NV","","Morocco","","","","","","","","","","","","","","","","","","","","","","","","","","","","","","","","","","ns35.domaincontrol.com","ns36.domaincontrol.com","","","clientDeleteProhibited","clientRenewProhibited","clientTransferProhibited","clientUpdateProhibited"
"55","mail2fax.site","2021-07-08 15:11:13","2021-07-05","2021-07-05","2022-07-05","625","Name.com, Inc.","whois.name.com","http://www.name.com","Mentis Dev","Mentis Dev","","","Tangier","","Morocco","","","","","","","","","","","","","","","","","","","","","","","","","","","","","","","","","","ns1bdg.name.com","ns2dqr.name.com","ns3nrz.name.com","ns4lny.name.com","addPeriod","clientTransferProhibited","serverTransferProhibited",""
"56","mzautomotive.com","2021-07-08 18:00:38","2021-07-05","2021-07-05","2022-07-05","1647","Hosting Concepts B.V. dba Openprovider","whois.registrar.eu","http://www.openprovider.com","REDACTED FOR PRIVACY","Smadlub","REDACTED FOR PRIVACY","REDACTED FOR PRIVACY","Oriental","REDACTED FOR PRIVACY","Morocco","","REDACTED FOR PRIVACY","REDACTED FOR PRIVACY","REDACTED FOR PRIVACY","REDACTED FOR PRIVACY","REDACTED FOR PRIVACY","REDACTED FOR PRIVACY","REDACTED FOR PRIVACY","REDACTED FOR PRIVACY","REDACTED FOR PRIVACY","","REDACTED FOR PRIVACY","REDACTED FOR PRIVACY","REDACTED FOR PRIVACY","REDACTED FOR PRIVACY","REDACTED FOR PRIVACY","REDACTED FOR PRIVACY","REDACTED FOR PRIVACY","REDACTED FOR PRIVACY","REDACTED FOR PRIVACY","","REDACTED FOR PRIVACY","REDACTED FOR PRIVACY","","","","","","","","","","","ns1.dns-parking.com","ns2.dns-parking.com","","","clientTransferProhibited","ok","",""
"57","nafidah.com","2021-07-08 17:57:48","2021-07-05","2021-07-05","2022-07-05","303","PDR Ltd. d/b/a PublicDomainRegistry.com","whois.publicdomainregistry.com","http://www.publicdomainregistry.com","nadia mahrach","nafidah","tetouan  khenyouris 0","tetouan","tetouan","90000","Morocco","lesite24@gmail.com","+212.0630788030","","nadia mahrach","nafidah","tetouan  khenyouris 0","tetouan","tetouan","90000","Morocco","lesite24@gmail.com","+212.0630788030","","nadia mahrach","nafidah","tetouan  khenyouris 0","tetouan","tetouan","90000","Morocco","lesite24@gmail.com","+212.0630788030","","","","","","","","","","","","ns1.serverwassla1.in","ns2.serverwassla1.in","","","clientTransferProhibited","","",""
"58","olibookshop.com","2021-07-08 14:40:10","2021-07-05","2021-07-06","2022-07-05","433","OVH sas","whois.ovh.com","http://www.ovh.com","AYOUCH HAMZA","","26 AV SAINT LOUIS RTE AIN CHKEF FES","FES","","30500","Morocco","","+212.0625062912","","AYOUCH HAMZA","","26 AV SAINT LOUIS RTE AIN CHKEF FES","FES","","30500","Morocco","","+212.625062912","","AYOUCH HAMZA","","26 AV SAINT LOUIS RTE AIN CHKEF FES","FES","","30500","Morocco","","+212.625062912","","","","","","","","","","","","ns1.youcan.shop","ns2.youcan.shop","","","clientDeleteProhibited","clientTransferProhibited","",""
"59","onsitestar.site","2021-07-08 15:10:36","2021-07-05","2021-07-05","2022-07-05","146","GoDaddy.com, LLC","whois.godaddy.com","http://registrar.godaddy.com","","","","","benslimane","","Morocco","","","","","","","","","","","","","","","","","","","","","","","","","","","","","","","","","","ns25.domaincontrol.com","ns26.domaincontrol.com","","","addPeriod","clientDeleteProhibited","clientRenewProhibited","clientTransferProhibited"
"60","pepinieremeknes.com","2021-07-08 17:47:47","2021-07-05","2021-07-05","2022-07-05","303","PDR Ltd. d/b/a PublicDomainRegistry.com","whois.publicdomainregistry.com","http://www.publicdomainregistry.com","aziz toulal","pepinieretoulal","n10 toulal","meknes","toulal","50040","Morocco","p.toulal@gmail.com","+212.632205475","","aziz toulal","pepinieretoulal","n10 toulal","meknes","toulal","50040","Morocco","p.toulal@gmail.com","+212.632205475","","aziz toulal","pepinieretoulal","n10 toulal","meknes","toulal","50040","Morocco","p.toulal@gmail.com","+212.632205475","","","","","","","","","","","","ns1.hedoma.net","ns2.hedoma.net","","","clientTransferProhibited","","",""
"61","popcornhub.club","2021-07-08 18:45:42","2021-07-06","2021-07-06","2022-07-06","146","GoDaddy.com, LLC","whois.godaddy.com","http://registrar.godaddy.com","REDACTED FOR PRIVACY","","REDACTED FOR PRIVACY REDACTED FOR PRIVACY REDACTED FOR PRIVACY","REDACTED FOR PRIVACY","Meknes-Tafilale","REDACTED FOR PRIVACY","Morocco","","REDACTED FOR PRIVACY","REDACTED FOR PRIVACY","REDACTED FOR PRIVACY","REDACTED FOR PRIVACY","REDACTED FOR PRIVACY REDACTED FOR PRIVACY REDACTED FOR PRIVACY","REDACTED FOR PRIVACY","REDACTED FOR PRIVACY","REDACTED FOR PRIVACY","REDACTED FOR PRIVACY","","REDACTED FOR PRIVACY","REDACTED FOR PRIVACY","REDACTED FOR PRIVACY","REDACTED FOR PRIVACY","REDACTED FOR PRIVACY REDACTED FOR PRIVACY REDACTED FOR PRIVACY","REDACTED FOR PRIVACY","REDACTED FOR PRIVACY","REDACTED FOR PRIVACY","REDACTED FOR PRIVACY","","REDACTED FOR PRIVACY","REDACTED FOR PRIVACY","","","","","","","","","","","dns1.p06.nsone.net","dns2.p06.nsone.net","dns3.p06.nsone.net","dns4.p06.nsone.net","addPeriod","clientDeleteProhibited","clientRenewProhibited","clientTransferProhibited"
"62","qimineral.com","2021-07-08 16:13:13","2021-07-05","2021-07-06","2022-07-05","146","GoDaddy.com, LLC","whois.godaddy.com","http://registrar.godaddy.com","","","","","ifrane","","Morocco","","","","","","","","","","","","","","","","","","","","","","","","","","","","","","","","","","ns1.dns-parking.com","ns2.dns-parking.com","","","clientDeleteProhibited","clientRenewProhibited","clientTransferProhibited","clientUpdateProhibited"
"63","rachdaoui.com","2021-07-08 16:12:54","2021-07-05","2021-07-07","2022-07-05","433","OVH sas","whois.ovh.com","http://www.ovh.com","REDACTED FOR PRIVACY","NEXTWI SARL","REDACTED FOR PRIVACY","REDACTED FOR PRIVACY","","REDACTED FOR PRIVACY","Morocco","","REDACTED FOR PRIVACY","REDACTED FOR PRIVACY","REDACTED FOR PRIVACY","REDACTED FOR PRIVACY","REDACTED FOR PRIVACY","REDACTED FOR PRIVACY","REDACTED FOR PRIVACY","REDACTED FOR PRIVACY","REDACTED FOR PRIVACY","","REDACTED FOR PRIVACY","REDACTED FOR PRIVACY","REDACTED FOR PRIVACY","REDACTED FOR PRIVACY","REDACTED FOR PRIVACY","REDACTED FOR PRIVACY","REDACTED FOR PRIVACY","REDACTED FOR PRIVACY","REDACTED FOR PRIVACY","","REDACTED FOR PRIVACY","REDACTED FOR PRIVACY","","","","","","","","","","","dion.ns.cloudflare.com","joan.ns.cloudflare.com","","","clientDeleteProhibited","clientTransferProhibited","",""
"64","rahalate.com","2021-07-08 16:12:44","2021-07-05","","2022-07-05","1068","NameCheap, Inc.","whois.namecheap.com","http://www.namecheap.com","Mehdi Faik","Rahalate","ALLEE KACEM ZHIRI NO 02 RES 12 SALA ALJADIDA","SALE","RABAT","11100","Morocco","mehdifaik01@gmail.com","+212.698272011","","Mehdi Faik","Rahalate","ALLEE KACEM ZHIRI NO 02 RES 12 SALA ALJADIDA","SALE","RABAT","11100","Morocco","mehdifaik01@gmail.com","+212.698272011","","Mehdi Faik","Rahalate","ALLEE KACEM ZHIRI NO 02 RES 12 SALA ALJADIDA","SALE","RABAT","11100","Morocco","mehdifaik01@gmail.com","+212.698272011","","","","","","","","","","","","laila.ns.cloudflare.com","sam.ns.cloudflare.com","","","clientTransferProhibited","","",""
"65","riad-atlasacacia.com","2021-07-08 17:40:24","2021-07-05","2021-07-05","2022-07-05","303","PDR Ltd. d/b/a PublicDomainRegistry.com","whois.publicdomainregistry.com","http://www.publicdomainregistry.com","mohamed taoufiq","system4me","sarl riad sidi mimoune 45 derb sidi m barek sidi mimoune","marrakech","marrakech","40034","Morocco","engineersoft1@gmail.com","+212.524381726","","Maromania Computing","Maromania","App 2 RDC Imm 12","Marrakesh","Marrakesh-Safi","40160","Morocco","registrar@maromania.com","+212.708999807","","Maromania Computing","Maromania","App 2 RDC Imm 12","Marrakesh","Marrakesh-Safi","40160","Morocco","registrar@maromania.com","+212.708999807","","","","","","","","","","","","ns3.maromania.com","ns4.maromania.com","","","clientTransferProhibited","","",""
"66","rsm-power.com","2021-07-08 16:10:06","2021-07-05","2021-07-05","2022-07-05","433","OVH sas","whois.ovh.com","http://www.ovh.com","REDACTED FOR PRIVACY","","REDACTED FOR PRIVACY","REDACTED FOR PRIVACY","","REDACTED FOR PRIVACY","Morocco","","REDACTED FOR PRIVACY","REDACTED FOR PRIVACY","REDACTED FOR PRIVACY","REDACTED FOR PRIVACY","REDACTED FOR PRIVACY","REDACTED FOR PRIVACY","REDACTED FOR PRIVACY","REDACTED FOR PRIVACY","REDACTED FOR PRIVACY","","REDACTED FOR PRIVACY","REDACTED FOR PRIVACY","REDACTED FOR PRIVACY","REDACTED FOR PRIVACY","REDACTED FOR PRIVACY","REDACTED FOR PRIVACY","REDACTED FOR PRIVACY","REDACTED FOR PRIVACY","REDACTED FOR PRIVACY","","REDACTED FOR PRIVACY","REDACTED FOR PRIVACY","","","","","","","","","","","dns106.ovh.net","ns106.ovh.net","","","clientDeleteProhibited","clientTransferProhibited","",""
"67","sanfranciscojewellery.com","2021-07-08 16:09:21","2021-07-05","2021-07-05","2022-07-05","146","GoDaddy.com, LLC","whois.godaddy.com","http://registrar.godaddy.com","","","","","inezgane","","Morocco","","","","","","","","","","","","","","","","","","","","","","","","","","","","","","","","","","ns13.domaincontrol.com","ns14.domaincontrol.com","","","clientDeleteProhibited","clientRenewProhibited","clientTransferProhibited","clientUpdateProhibited"
"68","seagoingen.info","2021-07-08 15:42:32","2021-07-06","2021-07-06","2022-07-06","1068","NameCheap, Inc.","whois.namecheap.com","http://www.namecheap.com","devlopper","devlopper","","","TETOUAN","","Morocco","","","","","","","","","","","","","","","","","","","","","","","","","","","","","","","","","","dns1.registrar-servers.com","dns2.registrar-servers.com","","","addPeriod","clientTransferProhibited","serverTransferProhibited",""
"69","sihaty-hitech.com","2021-07-08 16:06:29","2021-07-05","2021-07-05","2022-07-05","146","GoDaddy.com, LLC","whois.godaddy.com","http://registrar.godaddy.com","Sihaty Hi-Tech","Sihaty Hi-Tech","","","Casablanca","","Morocco","","","","","","","","","","","","","","","","","","","","","","","","","","","","","","","","","","ns09.domaincontrol.com","ns10.domaincontrol.com","","","clientDeleteProhibited","clientRenewProhibited","clientTransferProhibited","clientUpdateProhibited"
"70","skycloudi.com","2021-07-08 16:05:35","2021-07-05","2021-07-05","2022-07-05","76","Nominalia Internet S.L.","whois.nominalia.com","http://www.nominalia.com","REDACTED FOR PRIVACY","REDACTED FOR PRIVACY","REDACTED FOR PRIVACY","REDACTED FOR PRIVACY","meknes","REDACTED FOR PRIVACY","Morocco","","REDACTED.FORPRIVACY","REDACTED.FORPRIVACY","REDACTED FOR PRIVACY","REDACTED FOR PRIVACY","REDACTED FOR PRIVACY","REDACTED FOR PRIVACY","REDACTED FOR PRIVACY","REDACTED FOR PRIVACY","REDACTED FOR PRIVACY","","REDACTED.FORPRIVACY","REDACTED.FORPRIVACY","REDACTED FOR PRIVACY","REDACTED FOR PRIVACY","REDACTED FOR PRIVACY","REDACTED FOR PRIVACY","REDACTED FOR PRIVACY","REDACTED FOR PRIVACY","REDACTED FOR PRIVACY","","REDACTED.FORPRIVACY","REDACTED.FORPRIVACY","","","","","","","","","","","dns1.nominalia.com","dns2.nominalia.com","","","OK","","",""
"71","smmservice.website","2021-07-08 14:52:23","2021-07-06","2021-07-06","2022-07-06","303","PDR Ltd. d/b/a PublicDomainRegistry.com","whois.publicdomainregistry.com","http://www.publicdomainregistry.com","None","None","","","09","","Morocco","","","","","","","","","","","","","","","","","","","","","","","","","","","","","","","","","","ns1.socpanel.com","ns2.socpanel.com","","","addPeriod","clientTransferProhibited","serverTransferProhibited",""
"72","southikers.com","2021-07-08 16:04:38","2021-07-05","2021-07-05","2022-07-05","146","GoDaddy.com, LLC","whois.godaddy.com","http://registrar.godaddy.com","","","","","doukkala","","Morocco","","","","","","","","","","","","","","","","","","","","","","","","","","","","","","","","","","ns59.domaincontrol.com","ns60.domaincontrol.com","","","clientDeleteProhibited","clientRenewProhibited","clientTransferProhibited","clientUpdateProhibited"
"73","sport-partner-consulting.com","2021-07-08 16:04:23","2021-07-05","2021-07-05","2022-07-05","433","OVH sas","whois.ovh.com","http://www.ovh.com","REDACTED FOR PRIVACY","","REDACTED FOR PRIVACY","REDACTED FOR PRIVACY","","REDACTED FOR PRIVACY","Morocco","","REDACTED FOR PRIVACY","REDACTED FOR PRIVACY","REDACTED FOR PRIVACY","REDACTED FOR PRIVACY","REDACTED FOR PRIVACY","REDACTED FOR PRIVACY","REDACTED FOR PRIVACY","REDACTED FOR PRIVACY","REDACTED FOR PRIVACY","","REDACTED FOR PRIVACY","REDACTED FOR PRIVACY","REDACTED FOR PRIVACY","REDACTED FOR PRIVACY","REDACTED FOR PRIVACY","REDACTED FOR PRIVACY","REDACTED FOR PRIVACY","REDACTED FOR PRIVACY","REDACTED FOR PRIVACY","","REDACTED FOR PRIVACY","REDACTED FOR PRIVACY","","","","","","","","","","","dns106.ovh.net","ns106.ovh.net","","","clientDeleteProhibited","clientTransferProhibited","",""
"74","sterling-brands.com","2021-07-08 16:03:56","2021-07-05","2021-07-05","2022-07-05","3240","Infomaniak Network SA","","","REDACTED FOR PRIVACY","","REDACTED FOR PRIVACY","REDACTED FOR PRIVACY","","REDACTED FOR PRIVACY","Morocco","","REDACTED FOR PRIVACY","REDACTED FOR PRIVACY","REDACTED FOR PRIVACY","","REDACTED FOR PRIVACY","REDACTED FOR PRIVACY","","REDACTED FOR PRIVACY","Morocco","","REDACTED FOR PRIVACY","REDACTED FOR PRIVACY","REDACTED FOR PRIVACY","","REDACTED FOR PRIVACY","REDACTED FOR PRIVACY","","REDACTED FOR PRIVACY","Morocco","","REDACTED FOR PRIVACY","REDACTED FOR PRIVACY","REDACTED FOR PRIVACY","","REDACTED FOR PRIVACY","REDACTED FOR PRIVACY","","REDACTED FOR PRIVACY","Morocco","","REDACTED FOR PRIVACY","REDACTED FOR PRIVACY","ns1.youcan.shop","ns2.youcan.shop","","","clientTransferProhibited","ok","",""
"75","sukuna.store","2021-07-08 15:08:20","2021-07-05","2021-07-05","2022-07-05","146","GoDaddy.com, LLC","whois.godaddy.com","http://registrar.godaddy.com","","","","","Meknes","","Morocco","","","","","","","","","","","","","","","","","","","","","","","","","","","","","","","","","","ns1.epizy.com","ns2.epizy.com","","","addPeriod","clientDeleteProhibited","clientRenewProhibited","clientTransferProhibited"
"76","technal-maroc.com","2021-07-08 16:01:36","2021-07-05","2021-07-05","2022-07-05","1647","Hosting Concepts B.V. dba Openprovider","whois.registrar.eu","http://www.openprovider.com","REDACTED FOR PRIVACY","Lmi 64","REDACTED FOR PRIVACY","REDACTED FOR PRIVACY","MarrakechTensiftAl Haouz","REDACTED FOR PRIVACY","Morocco","","REDACTED FOR PRIVACY","REDACTED FOR PRIVACY","REDACTED FOR PRIVACY","REDACTED FOR PRIVACY","REDACTED FOR PRIVACY","REDACTED FOR PRIVACY","REDACTED FOR PRIVACY","REDACTED FOR PRIVACY","REDACTED FOR PRIVACY","","REDACTED FOR PRIVACY","REDACTED FOR PRIVACY","REDACTED FOR PRIVACY","REDACTED FOR PRIVACY","REDACTED FOR PRIVACY","REDACTED FOR PRIVACY","REDACTED FOR PRIVACY","REDACTED FOR PRIVACY","REDACTED FOR PRIVACY","","REDACTED FOR PRIVACY","REDACTED FOR PRIVACY","","","","","","","","","","","ns1.dns-parking.com","ns2.dns-parking.com","","","clientTransferProhibited","ok","",""
"77","telenor.space","2021-07-08 15:09:47","2021-07-05","2021-07-05","2022-07-05","146","GoDaddy.com, LLC","whois.godaddy.com","http://registrar.godaddy.com","","","","","Tangier","","Morocco","","","","","","","","","","","","","","","","","","","","","","","","","","","","","","","","","","ns55.domaincontrol.com","ns56.domaincontrol.com","","","addPeriod","clientDeleteProhibited","clientRenewProhibited","clientTransferProhibited"
"78","theottomanpouf.com","2021-07-08 14:44:17","2021-07-05","2021-07-05","2022-07-05","303","PDR Ltd. d/b/a PublicDomainRegistry.com","whois.publicdomainregistry.com","http://www.publicdomainregistry.com","Charaf Es-salah","Moroccan Organica","iziki 1 N 130 Bloc 17","Marrakech","zone industriel","40000","Morocco","hassangoulali1@gmail.com","+212.624857576","","Maromania Computing","Maromania","App 2 RDC Imm 12","Marrakesh","Marrakesh-Safi","40160","Morocco","registrar@maromania.com","+212.708999807","","Maromania Computing","Maromania","App 2 RDC Imm 12","Marrakesh","Marrakesh-Safi","40160","Morocco","registrar@maromania.com","+212.708999807","","","","","","","","","","","","ns3.maromania.com","ns4.maromania.com","","","clientTransferProhibited","","",""
"79","twitteyourass.com","2021-07-08 15:59:30","2021-07-05","2021-07-05","2022-07-05","168","Register.it SPA","whois.register.it","http://we.register.it","REDACTED FOR PRIVACY","arzgoro","REDACTED FOR PRIVACY","REDACTED FOR PRIVACY","tetouan","REDACTED FOR PRIVACY","Morocco","","REDACTED.FORPRIVACY","REDACTED.FORPRIVACY","REDACTED FOR PRIVACY","REDACTED FOR PRIVACY","REDACTED FOR PRIVACY","REDACTED FOR PRIVACY","REDACTED FOR PRIVACY","REDACTED FOR PRIVACY","REDACTED FOR PRIVACY","","REDACTED.FORPRIVACY","REDACTED.FORPRIVACY","REDACTED FOR PRIVACY","REDACTED FOR PRIVACY","REDACTED FOR PRIVACY","REDACTED FOR PRIVACY","REDACTED FOR PRIVACY","REDACTED FOR PRIVACY","REDACTED FOR PRIVACY","","REDACTED.FORPRIVACY","REDACTED.FORPRIVACY","","","","","","","","","","","ns0.lcn.com","ns1.lcn.com","ns2.lcn.com","","clientDeleteProhibited","clientTransferProhibited","clientUpdateProhibited",""
"80","ultimatefreegenerator.net","2021-07-08 15:29:25","2021-07-04","2021-07-05","2022-07-04","76","Nominalia Internet S.L.","whois.nominalia.com","http://www.nominalia.com","REDACTED FOR PRIVACY","REDACTED FOR PRIVACY","REDACTED FOR PRIVACY","REDACTED FOR PRIVACY","laayoune-boujdor-sakia el hamra","REDACTED FOR PRIVACY","Morocco","","REDACTED.FORPRIVACY","REDACTED.FORPRIVACY","REDACTED FOR PRIVACY","REDACTED FOR PRIVACY","REDACTED FOR PRIVACY","REDACTED FOR PRIVACY","REDACTED FOR PRIVACY","REDACTED FOR PRIVACY","REDACTED FOR PRIVACY","","REDACTED.FORPRIVACY","REDACTED.FORPRIVACY","REDACTED FOR PRIVACY","REDACTED FOR PRIVACY","REDACTED FOR PRIVACY","REDACTED FOR PRIVACY","REDACTED FOR PRIVACY","REDACTED FOR PRIVACY","REDACTED FOR PRIVACY","","REDACTED.FORPRIVACY","REDACTED.FORPRIVACY","","","","","","","","","","","dns1.namecheaphosting.com","dns2.namecheaphosting.com","","","OK","","",""
"81","unlimitedoffers.online","2021-07-08 15:24:32","2021-07-06","2021-07-06","2022-07-06","303","PDR Ltd. d/b/a PublicDomainRegistry.com","whois.publicdomainregistry.com","http://www.publicdomainregistry.com","RIAD MOKHTAR","RIAD MOKHTAR","","","01","","Morocco","","","","","","","","","","","","","","","","","","","","","","","","","","","","","","","","","","ns1.hostgator.com","ns2.hostgator.com","","","addPeriod","clientTransferProhibited","serverTransferProhibited",""
"82","upf-recrut-center.com","2021-07-08 15:58:48","2021-07-05","2021-07-05","2022-07-05","625","Name.com, Inc.","whois.name.com","http://www.name.com","younes yaagoubi","fes marketing service","fes , fes","fes","fes","30000","Morocco","","Non-Public Data","","younes yaagoubi","fes marketing service","fes , fes","fes","fes","30000","Morocco","","Non-Public Data","","younes yaagoubi","fes marketing service","fes , fes","fes","fes","30000","Morocco","","Non-Public Data","","","","","","","","","","","","ns1.hostinggega.net","ns2.hostinggega.net","","","addPeriod","clientTransferProhibited","",""
"83","venusdille.com","2021-07-08 15:58:08","2021-07-05","2021-07-05","2022-07-05","146","GoDaddy.com, LLC","whois.godaddy.com","http://registrar.godaddy.com","","","","","CASABLANCA","","Morocco","","","","","","","","","","","","","","","","","","","","","","","","","","","","","","","","","","ns13.domaincontrol.com","ns14.domaincontrol.com","","","clientDeleteProhibited","clientRenewProhibited","clientTransferProhibited","clientUpdateProhibited"
"84","victobia.tech","2021-07-08 15:06:18","2021-07-05","2021-07-05","2022-07-05","433","OVH sas","whois.ovh.com","http://www.ovh.com","","","","","","","Morocco","","","","","","","","","","","","","","","","","","","","","","","","","","","","","","","","","","dns200.anycast.me","ns200.anycast.me","","","addPeriod","clientDeleteProhibited","clientTransferProhibited","serverTransferProhibited"
"85","welliway.com","2021-07-08 17:31:13","2021-07-05","2021-07-05","2022-07-05","146","GoDaddy.com, LLC","whois.godaddy.com","http://registrar.godaddy.com","","","","","Meknes","","Morocco","","","","","","","","","","","","","","","","","","","","","","","","","","","","","","","","","","ns59.domaincontrol.com","ns60.domaincontrol.com","","","clientDeleteProhibited","clientRenewProhibited","clientTransferProhibited","clientUpdateProhibited"
"86","wellnessinterest.com","2021-07-08 15:56:05","2021-07-05","2021-07-05","2022-07-05","146","GoDaddy.com, LLC","whois.godaddy.com","http://registrar.godaddy.com","","","","","CASABLANCA","","Morocco","","","","","","","","","","","","","","","","","","","","","","","","","","","","","","","","","","ns69.domaincontrol.com","ns70.domaincontrol.com","","","clientDeleteProhibited","clientRenewProhibited","clientTransferProhibited","clientUpdateProhibited"
"87","yaakoubelhbari.com","2021-07-08 15:52:51","2021-07-05","2021-07-05","2022-07-05","1647","Hosting Concepts B.V. dba Openprovider","whois.registrar.eu","http://www.openprovider.com","REDACTED FOR PRIVACY","","REDACTED FOR PRIVACY","REDACTED FOR PRIVACY","TangerTetouan","REDACTED FOR PRIVACY","Morocco","","REDACTED FOR PRIVACY","REDACTED FOR PRIVACY","REDACTED FOR PRIVACY","REDACTED FOR PRIVACY","REDACTED FOR PRIVACY","REDACTED FOR PRIVACY","REDACTED FOR PRIVACY","REDACTED FOR PRIVACY","REDACTED FOR PRIVACY","","REDACTED FOR PRIVACY","REDACTED FOR PRIVACY","REDACTED FOR PRIVACY","REDACTED FOR PRIVACY","REDACTED FOR PRIVACY","REDACTED FOR PRIVACY","REDACTED FOR PRIVACY","REDACTED FOR PRIVACY","REDACTED FOR PRIVACY","","REDACTED FOR PRIVACY","REDACTED FOR PRIVACY","","","","","","","","","","","ns1.dns-parking.com","ns2.dns-parking.com","","","clientTransferProhibited","","",""