"num","domain_name","query_time","create_date","update_date","expiry_date","domain_registrar_id","domain_registrar_name","domain_registrar_whois","domain_registrar_url","registrant_name","registrant_company","registrant_address","registrant_city","registrant_state","registrant_zip","registrant_country","registrant_email","registrant_phone","registrant_fax","administrative_name","administrative_company","administrative_address","administrative_city","administrative_state","administrative_zip","administrative_country","administrative_email","administrative_phone","administrative_fax","technical_name","technical_company","technical_address","technical_city","technical_state","technical_zip","technical_country","technical_email","technical_phone","technical_fax","billing_name","billing_company","billing_address","billing_city","billing_state","billing_zip","billing_country","billing_email","billing_phone","billing_fax","name_server_1","name_server_2","name_server_3","name_server_4","domain_status_1","domain_status_2","domain_status_3","domain_status_4"
"1","belekadigital.com","2021-07-08 16:55:01","2021-07-05","2021-07-05","2022-07-05","303","PDR Ltd. d/b/a PublicDomainRegistry.com","whois.publicdomainregistry.com","http://www.publicdomainregistry.com","Zelio Uetela","","Lacerda de Almeida, 1110 Chamanculo","Maputo","Solteiro","1110","Mozambique","zeliouetela22@gmail.com","+258.847611604","","Zelio Uetela","","Lacerda de Almeida, 1110 Chamanculo","Maputo","Solteiro","1110","Mozambique","zeliouetela22@gmail.com","+258.847611604","","Zelio Uetela","","Lacerda de Almeida, 1110 Chamanculo","Maputo","Solteiro","1110","Mozambique","zeliouetela22@gmail.com","+258.847611604","","","","","","","","","","","","ns808.hostgator.com.br","ns809.hostgator.com.br","","","clientTransferProhibited","","",""
"2","cafeecanela.com","2021-07-08 17:42:28","2021-07-05","2021-07-05","2022-07-05","1647","Hosting Concepts B.V. dba Openprovider","whois.registrar.eu","http://www.openprovider.com","REDACTED FOR PRIVACY","","REDACTED FOR PRIVACY","REDACTED FOR PRIVACY","MAPUTO","REDACTED FOR PRIVACY","Mozambique","","REDACTED FOR PRIVACY","REDACTED FOR PRIVACY","REDACTED FOR PRIVACY","REDACTED FOR PRIVACY","REDACTED FOR PRIVACY","REDACTED FOR PRIVACY","REDACTED FOR PRIVACY","REDACTED FOR PRIVACY","REDACTED FOR PRIVACY","","REDACTED FOR PRIVACY","REDACTED FOR PRIVACY","REDACTED FOR PRIVACY","REDACTED FOR PRIVACY","REDACTED FOR PRIVACY","REDACTED FOR PRIVACY","REDACTED FOR PRIVACY","REDACTED FOR PRIVACY","REDACTED FOR PRIVACY","","REDACTED FOR PRIVACY","REDACTED FOR PRIVACY","","","","","","","","","","","ns1.dns-parking.com","ns2.dns-parking.com","","","clientTransferProhibited","ok","",""
"3","educaremotivar.com","2021-07-08 16:44:24","2021-07-05","2021-07-05","2022-07-05","1647","Hosting Concepts B.V. dba Openprovider","whois.registrar.eu","http://www.openprovider.com","REDACTED FOR PRIVACY","","REDACTED FOR PRIVACY","REDACTED FOR PRIVACY","MAPUTO","REDACTED FOR PRIVACY","Mozambique","","REDACTED FOR PRIVACY","REDACTED FOR PRIVACY","REDACTED FOR PRIVACY","REDACTED FOR PRIVACY","REDACTED FOR PRIVACY","REDACTED FOR PRIVACY","REDACTED FOR PRIVACY","REDACTED FOR PRIVACY","REDACTED FOR PRIVACY","","REDACTED FOR PRIVACY","REDACTED FOR PRIVACY","REDACTED FOR PRIVACY","REDACTED FOR PRIVACY","REDACTED FOR PRIVACY","REDACTED FOR PRIVACY","REDACTED FOR PRIVACY","REDACTED FOR PRIVACY","REDACTED FOR PRIVACY","","REDACTED FOR PRIVACY","REDACTED FOR PRIVACY","","","","","","","","","","","ns1.dns-parking.com","ns2.dns-parking.com","","","clientTransferProhibited","ok","",""
"4","fircado.website","2021-07-08 14:52:23","2021-07-06","2021-07-06","2022-07-06","1636","Hostinger, UAB","whois.hostinger.com","http://www.hostinger.com","5253 Sacandaga Rd","5253 Sacandaga Rd","","","Manica","","Mozambique","","","","","","","","","","","","","","","","","","","","","","","","","","","","","","","","","","seabs21.hostwindsdns.com","seabs22.hostwindsdns.com","","","addPeriod","clientTransferProhibited","serverTransferProhibited",""
"5","glided.website","2021-07-08 14:52:16","2021-07-06","2021-07-06","2022-07-06","1636","Hostinger, UAB","whois.hostinger.com","http://www.hostinger.com","5253 Sacandaga Rd","5253 Sacandaga Rd","","","Manica","","Mozambique","","","","","","","","","","","","","","","","","","","","","","","","","","","","","","","","","","seabs21.hostwindsdns.com","seabs22.hostwindsdns.com","","","addPeriod","clientTransferProhibited","serverTransferProhibited",""
"6","imarylis.com","2021-07-08 16:34:38","2021-07-05","2021-07-05","2022-07-05","303","PDR Ltd. d/b/a PublicDomainRegistry.com","whois.publicdomainregistry.com","http://www.publicdomainregistry.com","Sheila Marilis SA Jesus Xavier","","Av Martires Da Mueda N488 8andar Flat84, 488 Central","Maputo","Maputo","1101","Mozambique","sheilamarilis@gmail.com","+258.258843901420","","Sheila Marilis SA Jesus Xavier","","Av Martires Da Mueda N488 8andar Flat84, 488 Central","Maputo","Maputo","1101","Mozambique","sheilamarilis@gmail.com","+258.258843901420","","Sheila Marilis SA Jesus Xavier","","Av Martires Da Mueda N488 8andar Flat84, 488 Central","Maputo","Maputo","1101","Mozambique","sheilamarilis@gmail.com","+258.258843901420","","","","","","","","","","","","ns40.hostgator.com.br","ns41.hostgator.com.br","","","clientTransferProhibited","","",""
"7","marketingmaker.online","2021-07-08 15:26:24","2021-07-05","2021-07-05","2022-07-05","1636","Hostinger, UAB","whois.hostinger.com","http://www.hostinger.com","Not Applicable","Not Applicable","","","Maputo","","Mozambique","","","","","","","","","","","","","","","","","","","","","","","","","","","","","","","","","","ns1.dns-parking.com","ns2.dns-parking.com","","","addPeriod","clientTransferProhibited","serverTransferProhibited",""
"8","playbeats.site","2021-07-08 15:10:29","2021-07-05","","2022-07-05","1601","Atak Domain Hosting Internet d/b/a Atak Teknoloji","whois.verisign-grs.com","http://www.atakteknoloji.com","fluhfly","fluhfly","","","MZ","","Mozambique","","","","","","","","","","","","","","","","","","","","","","","","","","","","","","","","","","ns1.turbohost.co.mz","ns2.turbohost.co.mz","","","addPeriod","serverTransferProhibited","",""
"9","thechnisterss.com","2021-07-08 14:45:00","2021-07-05","2021-07-06","2022-07-05","1443","Vautron Rechenzentrum AG","whois.antagus.de","http://www.vautron.de","","","","","","","Mozambique","adrqtwtwil@domprivacy.de","","","","","","","","","","adrqtwtwil@domprivacy.de","","","","","","","","","","a4o7tygxoo@domprivacy.de","","","","","","","","","","","","","ns1.contabo.net","ns2.contabo.net","ns3.contabo.net","","OK","","",""
"10","theonlinechoice.site","2021-07-08 15:10:26","2021-07-05","2021-07-05","2022-07-05","1636","Hostinger, UAB","whois.hostinger.com","http://www.hostinger.com","Not Applicable","Not Applicable","","","Maputo","","Mozambique","","","","","","","","","","","","","","","","","","","","","","","","","","","","","","","","","","ns1.dns-parking.com","ns2.dns-parking.com","","","addPeriod","clientTransferProhibited","serverTransferProhibited",""
"11","web-tek.net","2021-07-08 15:29:09","2021-07-04","2021-07-04","2022-07-04","48","eNom, Inc.","whois.enom.com","http://www.enom.com","REDACTED FOR PRIVACY","REDACTED FOR PRIVACY","REDACTED FOR PRIVACY","REDACTED FOR PRIVACY","maputo","REDACTED FOR PRIVACY","Mozambique","","REDACTED FOR PRIVACY","REDACTED FOR PRIVACY","REDACTED FOR PRIVACY","REDACTED FOR PRIVACY","REDACTED FOR PRIVACY","REDACTED FOR PRIVACY","REDACTED FOR PRIVACY","REDACTED FOR PRIVACY","REDACTED FOR PRIVACY","","REDACTED FOR PRIVACY","REDACTED FOR PRIVACY","REDACTED FOR PRIVACY","REDACTED FOR PRIVACY","REDACTED FOR PRIVACY","REDACTED FOR PRIVACY","REDACTED FOR PRIVACY","REDACTED FOR PRIVACY","REDACTED FOR PRIVACY","","REDACTED FOR PRIVACY","REDACTED FOR PRIVACY","","","","","","","","","","","ns5.awardspace.com","ns6.awardspace.com","","","addPeriod","clientTransferProhibited","",""
"12","wingmoon.website","2021-07-08 14:52:09","2021-07-06","2021-07-06","2022-07-06","1636","Hostinger, UAB","whois.hostinger.com","http://www.hostinger.com","5253 Sacandaga Rd","5253 Sacandaga Rd","","","Manica","","Mozambique","","","","","","","","","","","","","","","","","","","","","","","","","","","","","","","","","","seabs21.hostwindsdns.com","seabs22.hostwindsdns.com","","","addPeriod","clientTransferProhibited","serverTransferProhibited",""