"num","domain_name","query_time","create_date","update_date","expiry_date","domain_registrar_id","domain_registrar_name","domain_registrar_whois","domain_registrar_url","registrant_name","registrant_company","registrant_address","registrant_city","registrant_state","registrant_zip","registrant_country","registrant_email","registrant_phone","registrant_fax","administrative_name","administrative_company","administrative_address","administrative_city","administrative_state","administrative_zip","administrative_country","administrative_email","administrative_phone","administrative_fax","technical_name","technical_company","technical_address","technical_city","technical_state","technical_zip","technical_country","technical_email","technical_phone","technical_fax","billing_name","billing_company","billing_address","billing_city","billing_state","billing_zip","billing_country","billing_email","billing_phone","billing_fax","name_server_1","name_server_2","name_server_3","name_server_4","domain_status_1","domain_status_2","domain_status_3","domain_status_4"
"1","jf9977.com","2021-07-08 17:24:03","2021-07-04","2021-07-04","2022-07-04","146","GoDaddy.com, LLC","whois.godaddy.com","http://registrar.godaddy.com","","","","","Yangon","","Myanmar","","","","","","","","","","","","","","","","","","","","","","","","","","","","","","","","","","carioca.ns.cloudflare.com","rob.ns.cloudflare.com","","","clientDeleteProhibited","clientRenewProhibited","clientTransferProhibited","clientUpdateProhibited"
"2","rangoonshop.com","2021-07-08 18:38:07","2021-07-05","2021-07-05","2022-07-05","49","GMO Internet Inc.","whois.discount-domain.com","http://www.onamae.com","Whois Privacy Protection Service by Z.com MM","Whois Privacy Protection Service by Z.com MM","Building 18, 7th floor Myanmar-Info Tech, Hlaing University Campus","Hlaing Township","Yangon","11051","Myanmar","proxy@whoisprotectservice.com","+95.12305237","","Whois Privacy Protection Service by Z.com MM","Whois Privacy Protection Service by Z.com MM","Building 18, 7th floor Myanmar-Info Tech, Hlaing University Campus","Hlaing Township","Yangon","11051","Myanmar","proxy@whoisprotectservice.com","+95.12305237","","Whois Privacy Protection Service by Z.com MM","Whois Privacy Protection Service by Z.com MM","Building 18, 7th floor Myanmar-Info Tech, Hlaing University Campus","Hlaing Township","Yangon","11051","Myanmar","proxy@whoisprotectservice.com","+95.12305237","","","","","","","","","","","","ns-a1.cloud.z.com","ns-a2.cloud.z.com","ns-a3.cloud.z.com","","OK","","",""
"3","shweyadanartheingimyint.com","2021-07-08 16:06:41","2021-07-05","2021-07-05","2022-07-05","82","OnlineNIC, Inc.","whois.onlinenic.com","http://www.onlinenic.com","Kyaw Zay Ya Win","Shwe Yadanar Theingi Myint Co.,Ltd","#121,Strand street,Yone Gyi Quarter,Thanlar Waddy Region1","Monywa","Sagaing","Monywa","Myanmar","hostmaster@myanmars.net","+95.95240177","+1.7079880300","Kyaw Zay Ya Win","Shwe Yadanar Theingi Myint Co.,Ltd","#121,Strand street,Yone Gyi Quarter,Thanlar Waddy Region1","Monywa","Sagaing","Monywa","Myanmar","hostmaster@myanmars.net","+95.95240177","+1.7079880300","Zaw Steven Htut","Myanmars.NET 02","#3/1, Myanmar ICT Park, Hlaing Campus","Yangon","YGN","11052","Myanmar","hostmaster@myanmars.net","+95.18652250","+1.7079880300","","","","","","","","","","","ns1.myanmars.info","ns2.myanmars.info","","","clientTransferProhibited","","",""
"4","smmbeverages.com","2021-07-08 16:05:20","2021-07-05","2021-07-06","2023-07-05","49","GMO Internet Inc.","whois.discount-domain.com","http://www.onamae.com","Whois Privacy Protection Service by Z.com MM","Whois Privacy Protection Service by Z.com MM","Building 18, 7th floor Myanmar-Info Tech, Hlaing University Campus","Hlaing Township","Yangon","11051","Myanmar","proxy@whoisprotectservice.com","+95.12305237","","Whois Privacy Protection Service by Z.com MM","Whois Privacy Protection Service by Z.com MM","Building 18, 7th floor Myanmar-Info Tech, Hlaing University Campus","Hlaing Township","Yangon","11051","Myanmar","proxy@whoisprotectservice.com","+95.12305237","","Whois Privacy Protection Service by Z.com MM","Whois Privacy Protection Service by Z.com MM","Building 18, 7th floor Myanmar-Info Tech, Hlaing University Campus","Hlaing Township","Yangon","11051","Myanmar","proxy@whoisprotectservice.com","+95.12305237","","","","","","","","","","","","ns-a1.cloud.z.com","ns-a2.cloud.z.com","ns-a3.cloud.z.com","","clientTransferProhibited","","",""
"5","xjj9116.com","2021-07-08 18:34:35","2021-07-05","2021-07-05","2022-07-05","146","GoDaddy.com, LLC","whois.godaddy.com","http://registrar.godaddy.com","","","","","Yangon","","Myanmar","","","","","","","","","","","","","","","","","","","","","","","","","","","","","","","","","","carioca.ns.cloudflare.com","rob.ns.cloudflare.com","","","clientDeleteProhibited","clientRenewProhibited","clientTransferProhibited","clientUpdateProhibited"
"6","xjj9919.com","2021-07-08 15:54:25","2021-07-05","2021-07-04","2022-07-05","146","GoDaddy.com, LLC","whois.godaddy.com","http://registrar.godaddy.com","","","","","Yangon","","Myanmar","","","","","","","","","","","","","","","","","","","","","","","","","","","","","","","","","","carioca.ns.cloudflare.com","rob.ns.cloudflare.com","","","clientDeleteProhibited","clientRenewProhibited","clientTransferProhibited","clientUpdateProhibited"