"num","domain_name","query_time","create_date","update_date","expiry_date","domain_registrar_id","domain_registrar_name","domain_registrar_whois","domain_registrar_url","registrant_name","registrant_company","registrant_address","registrant_city","registrant_state","registrant_zip","registrant_country","registrant_email","registrant_phone","registrant_fax","administrative_name","administrative_company","administrative_address","administrative_city","administrative_state","administrative_zip","administrative_country","administrative_email","administrative_phone","administrative_fax","technical_name","technical_company","technical_address","technical_city","technical_state","technical_zip","technical_country","technical_email","technical_phone","technical_fax","billing_name","billing_company","billing_address","billing_city","billing_state","billing_zip","billing_country","billing_email","billing_phone","billing_fax","name_server_1","name_server_2","name_server_3","name_server_4","domain_status_1","domain_status_2","domain_status_3","domain_status_4"
"1","canukirertech.com","2021-07-08 17:46:18","2021-07-05","2021-07-05","2022-07-05","146","GoDaddy.com, LLC","whois.godaddy.com","http://registrar.godaddy.com","","","","","Kavango","","Namibia","","","","","","","","","","","","","","","","","","","","","","","","","","","","","","","","","","ns15.domaincontrol.com","ns16.domaincontrol.com","","","clientDeleteProhibited","clientRenewProhibited","clientTransferProhibited","clientUpdateProhibited"
"2","changer-dreesser.com","2021-07-08 16:53:07","2021-07-05","2021-07-05","2022-07-05","303","PDR Ltd. d/b/a PublicDomainRegistry.com","whois.publicdomainregistry.com","http://www.publicdomainregistry.com","Og Forbez","","TX 75254","Dallas","Texas","75214","Namibia","ogforbesz@protonmail.com","+264.6197203092","","Og Forbez","","TX 75254","Dallas","Texas","75214","Namibia","ogforbesz@protonmail.com","+264.6197203092","","Og Forbez","","TX 75254","Dallas","Texas","75214","Namibia","ogforbesz@protonmail.com","+264.6197203092","","","","","","","","","","","","earth.monovm.com","mars.monovm.com","mercury.monovm.com","venus.monovm.com","clientTransferProhibited","","",""
"3","disnam.com","2021-07-08 16:46:40","2021-07-05","2021-07-05","2022-07-05","48","eNom, Inc.","whois.enom.com","http://www.enom.com","REDACTED FOR PRIVACY","REDACTED FOR PRIVACY","REDACTED FOR PRIVACY","REDACTED FOR PRIVACY","Olympia","REDACTED FOR PRIVACY","Namibia","","REDACTED FOR PRIVACY","REDACTED FOR PRIVACY","REDACTED FOR PRIVACY","REDACTED FOR PRIVACY","REDACTED FOR PRIVACY","REDACTED FOR PRIVACY","REDACTED FOR PRIVACY","REDACTED FOR PRIVACY","REDACTED FOR PRIVACY","","REDACTED FOR PRIVACY","REDACTED FOR PRIVACY","REDACTED FOR PRIVACY","REDACTED FOR PRIVACY","REDACTED FOR PRIVACY","REDACTED FOR PRIVACY","REDACTED FOR PRIVACY","REDACTED FOR PRIVACY","REDACTED FOR PRIVACY","","REDACTED FOR PRIVACY","REDACTED FOR PRIVACY","","","","","","","","","","","ns1.dit3.com","ns2.dit3.com","","","addPeriod","clientTransferProhibited","",""
"4","eddyorlamfunerals.com","2021-07-08 16:44:26","2021-07-05","2021-07-05","2022-07-05","303","PDR Ltd. d/b/a PublicDomainRegistry.com","whois.publicdomainregistry.com","http://www.publicdomainregistry.com","Impeccabletech","Impeccable Technology & Desuigns","TV More street, Windhoek","Windhoek","Khomae","","Namibia","info@impeccable.tech","+264.0817534100","","Impeccabletech","Impeccable Technology & Desuigns","TV More street, Windhoek","Windhoek","Khomae","","Namibia","info@impeccable.tech","+264.0817534100","","Impeccabletech","Impeccable Technology & Desuigns","TV More street, Windhoek","Windhoek","Khomae","","Namibia","info@impeccable.tech","+264.0817534100","","","","","","","","","","","","ns1.bh-73.webhostbox.net","ns2.bh-73.webhostbox.net","","","clientTransferProhibited","","",""
"5","gebr-heinemannn.com","2021-07-08 16:38:13","2021-07-05","2021-07-05","2022-07-05","303","PDR Ltd. d/b/a PublicDomainRegistry.com","whois.publicdomainregistry.com","http://www.publicdomainregistry.com","Og Forbez","","TX 75254","Dallas","Texas","75214","Namibia","ogforbesz@protonmail.com","+264.6197203092","","Og Forbez","","TX 75254","Dallas","Texas","75214","Namibia","ogforbesz@protonmail.com","+264.6197203092","","Og Forbez","","TX 75254","Dallas","Texas","75214","Namibia","ogforbesz@protonmail.com","+264.6197203092","","","","","","","","","","","","earth.monovm.com","mars.monovm.com","mercury.monovm.com","venus.monovm.com","clientTransferProhibited","","",""