"num","domain_name","query_time","create_date","update_date","expiry_date","domain_registrar_id","domain_registrar_name","domain_registrar_whois","domain_registrar_url","registrant_name","registrant_company","registrant_address","registrant_city","registrant_state","registrant_zip","registrant_country","registrant_email","registrant_phone","registrant_fax","administrative_name","administrative_company","administrative_address","administrative_city","administrative_state","administrative_zip","administrative_country","administrative_email","administrative_phone","administrative_fax","technical_name","technical_company","technical_address","technical_city","technical_state","technical_zip","technical_country","technical_email","technical_phone","technical_fax","billing_name","billing_company","billing_address","billing_city","billing_state","billing_zip","billing_country","billing_email","billing_phone","billing_fax","name_server_1","name_server_2","name_server_3","name_server_4","domain_status_1","domain_status_2","domain_status_3","domain_status_4"
"1","2keygames.com","2021-07-08 17:03:55","2021-07-05","2021-07-05","2022-07-05","1250","Trunkoz Technologies Pvt Ltd. d/b/a OwnRegistrar.com","whois.ownregistrar.com","http://www.ownregistrar.com","Lokendra Rai","NA","Khandbari Municipality-2, Sankhuwasabha","Khandbari","Kosi","96900","Nepal","railokendra4@gmail.com","+977.9816305188","","Lokendra Rai","NA","Khandbari Municipality-2, Sankhuwasabha","Khandbari","Kosi","96900","Nepal","railokendra4@gmail.com","+977-9816305188","","Lokendra Rai","NA","Khandbari Municipality-2, Sankhuwasabha","Khandbari","Kosi","96900","Nepal","railokendra4@gmail.com","+977-9816305188","","","","","","","","","","","","dns1.domaininnepal.com","dns2.domaininnepal.com","dns3.domaininnepal.com","dns4.domaininnepal.com","clientRenewProhibited","clientTransferProhibited","clientUpdateProhibited",""
"2","4squarecommercial.com","2021-07-08 17:03:16","2021-07-05","2021-07-05","2022-07-05","82","OnlineNIC, Inc.","whois.onlinenic.com","http://www.onlinenic.com","Webtech Nepal Pvt. Ltd.","4squarecommercial.com","Lazimpat","Kathmandu","3","44600","Nepal","ssangay27@gmail.com","+977.19851004318","+977.19851004318","Sangay Norbu Sherpa","4squarecommercial.com","Lazimpat","Kathmandu","3","44600","Nepal","ssangay27@gmail.com","+977.19851004318","+977.19851004318","Sangay Norbu Sherpa","4squarecommercial.com","Lazimpat","Kathmandu","3","44600","Nepal","ssangay27@gmail.com","+977.19851004318","+977.19851004318","","","","","","","","","","","lady.ns.cloudflare.com","rick.ns.cloudflare.com","","","clientTransferProhibited","","",""
"3","annfsu.com","2021-07-08 16:59:10","2021-07-05","2021-07-05","2022-07-05","1250","Trunkoz Technologies Pvt Ltd. d/b/a OwnRegistrar.com","whois.ownregistrar.com","http://www.ownregistrar.com","ANNFSU ????????????","All Nepal National Free Student Union","Kathmandu","Kathmandu","Bagmati","44600","Nepal","mail.annfsu2022@gmail.com","+977.9843653485","","ANNFSU ????????????","All Nepal National Free Student Union","Kathmandu","Kathmandu","Bagmati","44600","Nepal","mail.annfsu2022@gmail.com","+977-9843653485","","ANNFSU ????????????","All Nepal National Free Student Union","Kathmandu","Kathmandu","Bagmati","44600","Nepal","mail.annfsu2022@gmail.com","+977-9843653485","","","","","","","","","","","","ns1.gurkhahost.com","ns2.gurkhahost.com","ns3.gurkhahost.com","ns4.gurkhahost.com","OK","","",""
"4","bagmatichhadke.com","2021-07-08 16:56:23","2021-07-05","2021-07-05","2022-07-05","1250","Trunkoz Technologies Pvt Ltd. d/b/a OwnRegistrar.com","whois.ownregistrar.com","http://www.ownregistrar.com","Prajwol Bogati","DeepLaxmi Aggregate and Mining Pvt. Ltd.","Old baneshowr","Kathmandu","Bagmati","44600","Nepal","pbogati.pb@gmail.com","+977.9813080889","","Prajwol Bogati","DeepLaxmi Aggregate and Mining Pvt. Ltd.","Old baneshowr","Kathmandu","Bagmati","44600","Nepal","pbogati.pb@gmail.com","+977-9813080889","","Prajwol Bogati","DeepLaxmi Aggregate and Mining Pvt. Ltd.","Old baneshowr","Kathmandu","Bagmati","44600","Nepal","pbogati.pb@gmail.com","+977-9813080889","","","","","","","","","","","","ns1.babal.host","ns2.babal.host","ns3.babal.host","ns4.babal.host","OK","","",""
"5","barabeverage.com","2021-07-08 16:56:00","2021-07-05","2021-07-05","2022-07-05","303","PDR Ltd. d/b/a PublicDomainRegistry.com","whois.publicdomainregistry.com","http://www.publicdomainregistry.com","Jasper Neupane","One Corporation","Samakhusi Gongabu","Kathmandu","Bagmati","44600","Nepal","onetechnepal@gmail.com","+977.9808660844","","Jasper Neupane","One Corporation","Samakhusi Gongabu","Kathmandu","Bagmati","44600","Nepal","onetechnepal@gmail.com","+977.9808660844","","Jasper Neupane","One Corporation","Samakhusi Gongabu","Kathmandu","Bagmati","44600","Nepal","onetechnepal@gmail.com","+977.9808660844","","","","","","","","","","","","ns1.win2.01cloud.com","ns2.win2.01cloud.com","","","clientTransferProhibited","","",""
"6","chipleti.com","2021-07-08 16:52:35","2021-07-05","2021-07-05","2022-07-05","1250","Trunkoz Technologies Pvt Ltd. d/b/a OwnRegistrar.com","whois.ownregistrar.com","http://www.ownregistrar.com","Bishnu Dhakal","DPIL","gpo box 3264 Townplanning (opp Swimming Pool)","kathmandu","Bagmati","00977","Nepal","dhakalcompany@yahoo.co.uk","+977.9851044707","","Bishnu Dhakal","DPIL","gpo box 3264 Townplanning (opp Swimming Pool)","kathmandu","Bagmati","00977","Nepal","dhakalcompany@yahoo.co.uk","+977.9851044707","","Bishnu Dhakal","DPIL","gpo box 3264 Townplanning (opp Swimming Pool)","kathmandu","Bagmati","00977","Nepal","dhakalcompany@yahoo.co.uk","+977.9851044707","","","","","","","","","","","","ns1.bhotojatra.com","ns2.bhotojatra.com","","","clientTransferProhibited","","",""
"7","dharaninstitutehelpdesk.com","2021-07-08 16:47:02","2021-07-05","2021-07-06","2022-07-05","1291","Crazy Domains FZ-LLC","whois.crazydomains.com","http://www.crazydomains.com","NICKESH PAUDEL","","ARNIKO HIGHWAY","BHAKTAPUR","PROVIENCE 3","44800","Nepal","nickeshpaudel@gmail.com","+977.9811077394","","NICKESH PAUDEL","","ARNIKO HIGHWAY","BHAKTAPUR","PROVIENCE 3","44800","Nepal","nickeshpaudel@gmail.com","+977.9811077394","","NICKESH PAUDEL","","ARNIKO HIGHWAY","BHAKTAPUR","PROVIENCE 3","44800","Nepal","nickeshpaudel@gmail.com","+977.9811077394","","","","","","","","","","","","ns8411.hostgator.com","ns8412.hostgator.com","","","OK","","",""
"8","dipsikamultipurpose.com","2021-07-08 16:46:49","2021-07-05","2021-07-05","2022-07-05","303","PDR Ltd. d/b/a PublicDomainRegistry.com","whois.publicdomainregistry.com","http://www.publicdomainregistry.com","Unisha  Baram","Dipsika Multipurpose","Koteshwor Narephat","Kathmandu","Bagmati","44600","Nepal","unishabaram@gmail.com","+977.9863486898","","Unisha  Baram","Dipsika Multipurpose","Koteshwor Narephat","Kathmandu","Bagmati","44600","Nepal","unishabaram@gmail.com","+977.9863486898","","Unisha  Baram","Dipsika Multipurpose","Koteshwor Narephat","Kathmandu","Bagmati","44600","Nepal","unishabaram@gmail.com","+977.9863486898","","","","","","","","","","","","ns1.crazyhostnepal.com","ns2.crazyhostnepal.com","","","clientTransferProhibited","","",""
"9","eshikshalayanepal.com","2021-07-08 16:42:30","2021-07-05","2021-07-05","2022-07-05","303","PDR Ltd. d/b/a PublicDomainRegistry.com","whois.publicdomainregistry.com","http://www.publicdomainregistry.com","Shraddhesh  Acharya","Ally For Teens Internationals","Old Baneshwor - 9","Kathmandu","3","44600","Nepal","shraddhesh.acharya@gmail.com","+977.9813087570","","Shraddhesh  Acharya","Ally For Teens Internationals","Old Baneshwor - 9","Kathmandu","3","44600","Nepal","shraddhesh.acharya@gmail.com","+977.9813087570","","Shraddhesh  Acharya","Ally For Teens Internationals","Old Baneshwor - 9","Kathmandu","3","44600","Nepal","shraddhesh.acharya@gmail.com","+977.9813087570","","","","","","","","","","","","ns1.nephost.net","ns2.nephost.net","ns3.nephost.net","ns4.nephost.net","clientTransferProhibited","","",""
"10","esngoods.online","2021-07-08 15:27:17","2021-07-05","2021-07-05","2022-07-05","146","GoDaddy.com, LLC","whois.godaddy.com","http://registrar.godaddy.com","","","","","Bagmati","","Nepal","","","","","","","","","","","","","","","","","","","","","","","","","","","","","","","","","","ns25.domaincontrol.com","ns26.domaincontrol.com","","","addPeriod","clientDeleteProhibited","clientRenewProhibited","clientTransferProhibited"
"11","fishtailrealty.com","2021-07-08 16:40:41","2021-07-05","2021-07-06","2022-07-05","303","PDR Ltd. d/b/a PublicDomainRegistry.com","whois.publicdomainregistry.com","http://www.publicdomainregistry.com","Mohan Duwal","Mohan Duwal","Kalimati","Kathmandu","Bagmati","44600","Nepal","mohgraphy@gmail.com","+977.9851079675","","Mohan Duwal","Mohan Duwal","Kalimati","Kathmandu","Bagmati","44600","Nepal","mohgraphy@gmail.com","+977.9851079675","","Mohan Duwal","Mohan Duwal","Kalimati","Kathmandu","Bagmati","44600","Nepal","mohgraphy@gmail.com","+977.9851079675","","","","","","","","","","","","ns1.md-5.webhostbox.net","ns2.md-5.webhostbox.net","ohodomain.mercury.orderbox-dns.com","ohodomain.venus.orderbox-dns.com","clientTransferProhibited","","",""
"12","globaltechnepal.com","2021-07-08 17:45:29","2021-07-05","2021-07-05","2022-07-05","303","PDR Ltd. d/b/a PublicDomainRegistry.com","whois.publicdomainregistry.com","http://www.publicdomainregistry.com","Sandip Pudasaini","Tenet Information Technology Pvt. Ltd.","Kathamndu","Kathamandu","Bagmati","00977","Nepal","sandip.pud@gmail.com","+977.9851072979","","Sandip Pudasaini","Tenet Information Technology Pvt. Ltd.","Kathamndu","Kathamandu","Bagmati","00977","Nepal","sandip.pud@gmail.com","+977.9851072979","","Sandip Pudasaini","Tenet Information Technology Pvt. Ltd.","Kathamndu","Kathamandu","Bagmati","00977","Nepal","sandip.pud@gmail.com","+977.9851072979","","","","","","","","","","","","ns1.unified-it.com","ns2.unified-it.com","","","clientTransferProhibited","","",""
"13","gojipatro.com","2021-07-08 16:37:12","2021-07-05","2021-07-06","2022-07-05","303","PDR Ltd. d/b/a PublicDomainRegistry.com","whois.publicdomainregistry.com","http://www.publicdomainregistry.com","Bikashsoft Services Provider","Bikashsoft Technology Pvt. Ltd.","Chuchhepati kathmandu","kathmandu","Bagmati","44600","Nepal","bikashsoft2011@gmail.com","+977.014482321","","Bikashsoft Services Provider","Bikashsoft Technology Pvt. Ltd.","Chuchhepati kathmandu","kathmandu","Bagmati","44600","Nepal","bikashsoft2011@gmail.com","+977.014482321","","Bikashsoft Services Provider","Bikashsoft Technology Pvt. Ltd.","Chuchhepati kathmandu","kathmandu","Bagmati","44600","Nepal","bikashsoft2011@gmail.com","+977.014482321","","","","","","","","","","","","ns1.bikashsoft.com","ns2.bikashsoft.com","","","clientTransferProhibited","","",""
"14","haphomesafca.com","2021-07-08 14:39:00","2021-07-05","2021-07-05","2022-07-05","1250","Trunkoz Technologies Pvt Ltd. d/b/a OwnRegistrar.com","whois.ownregistrar.com","http://www.ownregistrar.com","Saroj Adhikari","Saroj Adhikari","Tokha-10, Kathmandu, NepalTo","Kathmandu","Bagmati","44600","Nepal","sarojadkr@live.com","+977.9849028174","","Saroj Adhikari","Saroj Adhikari","Tokha-10, Kathmandu, NepalTo","Kathmandu","Bagmati","44600","Nepal","sarojadkr@live.com","+977-9849028174","","Saroj Adhikari","Saroj Adhikari","Tokha-10, Kathmandu, NepalTo","Kathmandu","Bagmati","44600","Nepal","sarojadkr@live.com","+977-9849028174","","","","","","","","","","","","cloud.asaroj.com.np","ns1.asaroj.com.np","ns2.asaroj.com.np","","OK","","",""
"15","hopeintonepal.com","2021-07-08 14:37:08","2021-07-05","2021-07-05","2022-07-05","1250","Trunkoz Technologies Pvt Ltd. d/b/a OwnRegistrar.com","whois.ownregistrar.com","http://www.ownregistrar.com","Bijay Manandhar","Codeilo Solutions Pvt. Ltd","DhalkoChettrapati","Kathmadnu","Bagmati","00977","Nepal","domain@codeilo.com","+977.9841379976","","Bijay Manandhar","Codeilo Solutions Pvt. Ltd","DhalkoChettrapati","Kathmadnu","Bagmati","00977","Nepal","domain@codeilo.com","+977-9841379976","","Bijay Manandhar","Codeilo Solutions Pvt. Ltd","DhalkoChettrapati","Kathmadnu","Bagmati","00977","Nepal","domain@codeilo.com","+977-9841379976","","","","","","","","","","","","ns1.nepallink.net","ns2.nepallink.net","ns3.nepallink.net","","clientRenewProhibited","clientTransferProhibited","clientUpdateProhibited",""
"16","janata24.net","2021-07-08 15:30:52","2021-07-04","2021-07-04","2022-07-04","1250","Trunkoz Technologies Pvt Ltd. d/b/a OwnRegistrar.com","whois.ownregistrar.com","http://www.ownregistrar.com","Surendra  Singh","Protech Media Pvt. Ltd","BardibasPashupatinagar","bardibas","Other","45700","Nepal","reportersuren@gmail.com","+977.9844445712","","Surendra  Singh","Protech Media Pvt. Ltd","BardibasPashupatinagar","bardibas","Other","45700","Nepal","reportersuren@gmail.com","+977-9844445712","","Surendra  Singh","Protech Media Pvt. Ltd","BardibasPashupatinagar","bardibas","Other","45700","Nepal","reportersuren@gmail.com","+977-9844445712","","","","","","","","","","","","ns1.domaininnepal.com","ns2.domaininnepal.com","","","OK","","",""
"17","jungeyfood.com","2021-07-08 16:31:10","2021-07-05","2021-07-05","2022-07-05","1250","Trunkoz Technologies Pvt Ltd. d/b/a OwnRegistrar.com","whois.ownregistrar.com","http://www.ownregistrar.com","Bishnu Dhakal","DPIL","gpo box 3264 Townplanning (opp Swimming Pool)","kathmandu","Bagmati","00977","Nepal","dhakalcompany@yahoo.co.uk","+977.9851044707","","Bishnu Dhakal","DPIL","gpo box 3264 Townplanning (opp Swimming Pool)","kathmandu","Bagmati","00977","Nepal","dhakalcompany@yahoo.co.uk","+977.9851044707","","Bishnu Dhakal","DPIL","gpo box 3264 Townplanning (opp Swimming Pool)","kathmandu","Bagmati","00977","Nepal","dhakalcompany@yahoo.co.uk","+977.9851044707","","","","","","","","","","","","ns1.bhotojatra.com","ns2.bhotojatra.com","","","clientTransferProhibited","","",""
"18","juttaplc.com","2021-07-08 16:31:04","2021-07-05","2021-07-05","2022-07-05","303","PDR Ltd. d/b/a PublicDomainRegistry.com","whois.publicdomainregistry.com","http://www.publicdomainregistry.com","Dhurba Joshi","","Kathmandu","kathmandu","Bagmati","44600","Nepal","joshidhurba@gmail.com","+977.9841614319","","Dhurba Joshi","","Kathmandu","kathmandu","Bagmati","44600","Nepal","joshidhurba@gmail.com","+977.9841614319","","Dhurba Joshi","","Kathmandu","kathmandu","Bagmati","44600","Nepal","joshidhurba@gmail.com","+977.9841614319","","","","","","","","","","","","dns3.parkpage.foundationapi.com","dns4.parkpage.foundationapi.com","","","clientTransferProhibited","","",""
"19","krishisarathi.com","2021-07-08 17:13:41","2021-07-05","2021-07-05","2022-07-05","303","PDR Ltd. d/b/a PublicDomainRegistry.com","whois.publicdomainregistry.com","http://www.publicdomainregistry.com","Suman Poudel","","Manamaiju-5, Kathmandu","Kathmandu","Bagmati","00977","Nepal","sumanpoudel91@gmail.com","+977.9801001002","","Suman Poudel","","Manamaiju-5, Kathmandu","Kathmandu","Bagmati","00977","Nepal","sumanpoudel91@gmail.com","+977.9801001002","","Suman Poudel","","Manamaiju-5, Kathmandu","Kathmandu","Bagmati","00977","Nepal","sumanpoudel91@gmail.com","+977.9801001002","","","","","","","","","","","","ns01.000webhost.com","ns02.000webhost.com","","","clientTransferProhibited","","",""
"20","lumbinimart.com","2021-07-08 17:38:43","2021-07-05","2021-07-05","2022-07-05","303","PDR Ltd. d/b/a PublicDomainRegistry.com","whois.publicdomainregistry.com","http://www.publicdomainregistry.com","Ishwar Bhusal","webinnepal.com","Kathmandu, Nepal Butwal, Nepal","Kathmandu","Bagmati","44614","Nepal","itparsad@gmail.com","+977.9817404972","","Ishwar Bhusal","webinnepal.com","Kathmandu, Nepal Butwal, Nepal","Kathmandu","Bagmati","44614","Nepal","itparsad@gmail.com","+977.9817404972","","Ishwar Bhusal","webinnepal.com","Kathmandu, Nepal Butwal, Nepal","Kathmandu","Bagmati","44614","Nepal","itparsad@gmail.com","+977.9817404972","","","","","","","","","","","","ns1.webhostnepal.space","ns2.webhostnepal.space","","","clientTransferProhibited","","",""
"21","mbshnepal.online","2021-07-08 15:26:18","2021-07-05","","2022-07-05","303","PDR Ltd. d/b/a PublicDomainRegistry.com","whois.publicdomainregistry.com","http://www.publicdomainregistry.com","MBS Everest","MBS Everest","","","Bagmati","","Nepal","","","","","","","","","","","","","","","","","","","","","","","","","","","","","","","","","","ohodomain.earth.orderbox-dns.com","ohodomain.mars.orderbox-dns.com","ohodomain.mercury.orderbox-dns.com","ohodomain.venus.orderbox-dns.com","addPeriod","clientTransferProhibited","serverTransferProhibited",""
"22","mbshnepal.site","2021-07-08 15:11:17","2021-07-05","2021-07-05","2022-07-05","303","PDR Ltd. d/b/a PublicDomainRegistry.com","whois.publicdomainregistry.com","http://www.publicdomainregistry.com","MBS Everest","MBS Everest","","","Bagmati","","Nepal","","","","","","","","","","","","","","","","","","","","","","","","","","","","","","","","","","ohodomain.earth.orderbox-dns.com","ohodomain.mars.orderbox-dns.com","ohodomain.mercury.orderbox-dns.com","ohodomain.venus.orderbox-dns.com","addPeriod","clientTransferProhibited","serverTransferProhibited",""
"23","mpatro.com","2021-07-08 17:43:45","2021-07-05","2021-07-05","2022-07-05","303","PDR Ltd. d/b/a PublicDomainRegistry.com","whois.publicdomainregistry.com","http://www.publicdomainregistry.com","Bikashsoft Services Provider","Bikashsoft Technology Pvt. Ltd.","Chuchhepati kathmandu","kathmandu","Bagmati","44600","Nepal","bikashsoft2011@gmail.com","+977.014482321","","Bikashsoft Services Provider","Bikashsoft Technology Pvt. Ltd.","Chuchhepati kathmandu","kathmandu","Bagmati","44600","Nepal","bikashsoft2011@gmail.com","+977.014482321","","Bikashsoft Services Provider","Bikashsoft Technology Pvt. Ltd.","Chuchhepati kathmandu","kathmandu","Bagmati","44600","Nepal","bikashsoft2011@gmail.com","+977.014482321","","","","","","","","","","","","dns3.parkpage.foundationapi.com","dns4.parkpage.foundationapi.com","","","clientTransferProhibited","","",""
"24","msnupgrade.com","2021-07-08 17:56:23","2021-07-05","2021-07-05","2022-07-05","303","PDR Ltd. d/b/a PublicDomainRegistry.com","whois.publicdomainregistry.com","http://www.publicdomainregistry.com","Madan Bohara","Upgrade healthy living","Thimi,bhaktapur Koteshwor","Kathmandu","Bagmati","44600","Nepal","boharamadan5@gmail.com","+977.9867965881","","Madan Bohara","Upgrade healthy living","Thimi,bhaktapur Koteshwor","Kathmandu","Bagmati","44600","Nepal","boharamadan5@gmail.com","+977.9867965881","","Madan Bohara","Upgrade healthy living","Thimi,bhaktapur Koteshwor","Kathmandu","Bagmati","44600","Nepal","boharamadan5@gmail.com","+977.9867965881","","","","","","","","","","","","ns101.webhostnepal.com","ns102.webhostnepal.com","","","clientTransferProhibited","","",""
"25","nayakagaj.com","2021-07-08 14:42:27","2021-07-05","2021-07-05","2022-07-05","146","GoDaddy.com, LLC","whois.godaddy.com","http://registrar.godaddy.com","SoftNEP Pvt Ltd","SoftNEP Pvt Ltd","","","Bagmati","","Nepal","","","","","","","","","","","","","","","","","","","","","","","","","","","","","","","","","","ns1.jetmeup.com","ns2.jetmeup.com","","","clientDeleteProhibited","clientRenewProhibited","clientTransferProhibited","clientUpdateProhibited"
"26","neowears.com","2021-07-08 17:05:02","2021-07-05","2021-07-05","2022-07-05","1250","Trunkoz Technologies Pvt Ltd. d/b/a OwnRegistrar.com","whois.ownregistrar.com","http://www.ownregistrar.com","Ankur Ghimire","Goldenmud Creation Pvt. Ltd.","Chabahil-7","kathmandu","Bagmati","44600","Nepal","ghimireankur9@gmail.com","+977.9843706089","","Ankur Ghimire","Goldenmud Creation Pvt. Ltd.","Chabahil-7","kathmandu","Bagmati","44600","Nepal","ghimireankur9@gmail.com","+977-9843706089","","Ankur Ghimire","Goldenmud Creation Pvt. Ltd.","Chabahil-7","kathmandu","Bagmati","44600","Nepal","ghimireankur9@gmail.com","+977-9843706089","","","","","","","","","","","","ns1.ggz.rbz.mybluehost.me","ns2.ggz.rbz.mybluehost.me","","","OK","","",""
"27","nepalseo.com","2021-07-08 17:52:32","2021-07-05","2021-07-05","2022-07-05","303","PDR Ltd. d/b/a PublicDomainRegistry.com","whois.publicdomainregistry.com","http://www.publicdomainregistry.com","Dhurba Joshi","","Kathmandu","kathmandu","Bagmati","44600","Nepal","joshidhurba@gmail.com","+977.9841614319","","Dhurba Joshi","","Kathmandu","kathmandu","Bagmati","44600","Nepal","joshidhurba@gmail.com","+977.9841614319","","Dhurba Joshi","","Kathmandu","kathmandu","Bagmati","44600","Nepal","joshidhurba@gmail.com","+977.9841614319","","","","","","","","","","","","dns3.parkpage.foundationapi.com","dns4.parkpage.foundationapi.com","","","clientTransferProhibited","","",""
"28","parisuchak.com","2021-07-08 16:16:45","2021-07-05","2021-07-05","2022-07-05","625","Name.com, Inc.","whois.name.com","http://www.name.com","Prashant Chaulagain","Choicemandu Pvt. Ltd.","Old Sinamangal","Kathmandu","Bagmati","02645","Nepal","","Non-Public Data","","Prashant Chaulagain","Choicemandu Pvt. Ltd.","Old Sinamangal","Kathmandu","Bagmati","02645","Nepal","","Non-Public Data","","Prashant Chaulagain","Choicemandu Pvt. Ltd.","Old Sinamangal","Kathmandu","Bagmati","02645","Nepal","","Non-Public Data","","","","","","","","","","","","ns1.digitalocean.com","ns2.digitalocean.com","","","addPeriod","clientTransferProhibited","",""
"29","pasapi.com","2021-07-08 16:16:46","2021-07-05","2021-07-05","2022-07-05","303","PDR Ltd. d/b/a PublicDomainRegistry.com","whois.publicdomainregistry.com","http://www.publicdomainregistry.com","santosh dheke","ssgroup","madhyapur thimi-9, bode, bhaktapur madhyapur thimi-9, bode, bhaktapur","Madhyapur","Bode","44066","Nepal","santoshdheke46@gmail.com","+977.9843527481","","santosh dheke","ssgroup","madhyapur thimi-9, bode, bhaktapur madhyapur thimi-9, bode, bhaktapur","Madhyapur","Bode","44066","Nepal","santoshdheke46@gmail.com","+977.9843527481","","santosh dheke","ssgroup","madhyapur thimi-9, bode, bhaktapur madhyapur thimi-9, bode, bhaktapur","Madhyapur","Bode","44066","Nepal","santoshdheke46@gmail.com","+977.9843527481","","","","","","","","","","","","joaquin.ns.cloudflare.com","venus.ns.cloudflare.com","","","clientTransferProhibited","","",""
"30","photodaraz.com","2021-07-08 16:16:04","2021-07-05","2021-07-05","2022-07-05","1250","Trunkoz Technologies Pvt Ltd. d/b/a OwnRegistrar.com","whois.ownregistrar.com","http://www.ownregistrar.com","Krishna Parajuli","NA","Mankha-7 sindhupalchok Mankha","Balephi","Bagmati","4460","Nepal","krisa.parajuli@gmail.com","+977.9851183562","","Krishna Parajuli","NA","Mankha-7 sindhupalchok Mankha","Balephi","Bagmati","4460","Nepal","krisa.parajuli@gmail.com","+977-9851183562","","Krishna Parajuli","NA","Mankha-7 sindhupalchok Mankha","Balephi","Bagmati","4460","Nepal","krisa.parajuli@gmail.com","+977-9851183562","","","","","","","","","","","","ns1.babal.host","ns2.babal.host","ns3.babal.host","ns4.babal.host","OK","","",""
"31","prestigiofoods.com","2021-07-08 16:14:12","2021-07-05","2021-07-05","2022-07-05","303","PDR Ltd. d/b/a PublicDomainRegistry.com","whois.publicdomainregistry.com","http://www.publicdomainregistry.com","AppBasis Team","AppBasis","Kathmandu","Kathmandu","Bagmati","44600","Nepal","appbasisteam@gmail.com","+977.4381621","","AppBasis Team","AppBasis","Kathmandu","Kathmandu","Bagmati","44600","Nepal","appbasisteam@gmail.com","+977.4381621","","AppBasis Team","AppBasis","Kathmandu","Kathmandu","Bagmati","44600","Nepal","appbasisteam@gmail.com","+977.4381621","","","","","","","","","","","","ns1.appbasis.com","ns2.appbasis.com","","","clientTransferProhibited","","",""
"32","ramavischool.com","2021-07-08 16:12:39","2021-07-05","2021-07-06","2022-07-05","1291","Crazy Domains FZ-LLC","whois.crazydomains.com","http://www.crazydomains.com","SURAJ PANDEYA","","PUTALISADK,KATHMANDU","KATHMANDU","BAGMATI","44600","Nepal","soorazntv@gmail.com","+977.9867001323","","SURAJ PANDEYA","","PUTALISADK,KATHMANDU","KATHMANDU","BAGMATI","44600","Nepal","soorazntv@gmail.com","+977.9867001323","","SURAJ PANDEYA","","PUTALISADK,KATHMANDU","KATHMANDU","BAGMATI","44600","Nepal","soorazntv@gmail.com","+977.9867001323","","","","","","","","","","","","ns1.surajpandeya.com","ns2.surajpandeya.com","","","OK","","",""
"33","restrogunj.com","2021-07-08 17:05:03","2021-07-05","2021-07-05","2022-07-05","303","PDR Ltd. d/b/a PublicDomainRegistry.com","whois.publicdomainregistry.com","http://www.publicdomainregistry.com","Rim Bahadur Bhandari","Restro Cup Cafe","Nepalgunj-10 Nepalgunj-10","Nepalgunj","Bheri","21900","Nepal","rimu97bhandari@gmail.com","+977.9858027000","","Rim Bahadur Bhandari","Restro Cup Cafe","Nepalgunj-10 Nepalgunj-10","Nepalgunj","Bheri","21900","Nepal","rimu97bhandari@gmail.com","+977.9858027000","","Rim Bahadur Bhandari","Restro Cup Cafe","Nepalgunj-10 Nepalgunj-10","Nepalgunj","Bheri","21900","Nepal","rimu97bhandari@gmail.com","+977.9858027000","","","","","","","","","","","","ns101.webhostnepal.com","ns102.webhostnepal.com","","","clientTransferProhibited","","",""
"34","rollingwheelsnepal.com","2021-07-08 16:10:15","2021-07-05","2021-07-05","2022-07-05","1250","Trunkoz Technologies Pvt Ltd. d/b/a OwnRegistrar.com","whois.ownregistrar.com","http://www.ownregistrar.com","Nirupan Karki","NA","Kusunti, Lalitpur-13, Bagmati, Nepal","Lalitpur","Bagmati","44700","Nepal","nirupan.karki17@gmail.com","+977.9849208789","","Nirupan Karki","NA","Kusunti, Lalitpur-13, Bagmati, Nepal","Lalitpur","Bagmati","44700","Nepal","nirupan.karki17@gmail.com","+977-9849208789","","Nirupan Karki","NA","Kusunti, Lalitpur-13, Bagmati, Nepal","Lalitpur","Bagmati","44700","Nepal","nirupan.karki17@gmail.com","+977-9849208789","","","","","","","","","","","","ns1.meroip.com","ns2.meroip.com","ns3.meroip.com","ns4.meroip.com","OK","","",""
"35","schemscollege.com","2021-07-08 17:34:25","2021-07-05","2021-07-05","2022-07-05","303","PDR Ltd. d/b/a PublicDomainRegistry.com","whois.publicdomainregistry.com","http://www.publicdomainregistry.com","Cherie Digital Tech","Cherie Digital Tech Pvt. Ltd","Thankot,","Kathmandu","Bagmati","44600","Nepal","info@cheriedigitaltech.com","+977.9849547535","","Cherie Digital Tech","Cherie Digital Tech Pvt. Ltd","Thankot,","Kathmandu","Bagmati","44600","Nepal","info@cheriedigitaltech.com","+977.9849547535","","Cherie Digital Tech","Cherie Digital Tech Pvt. Ltd","Thankot,","Kathmandu","Bagmati","44600","Nepal","info@cheriedigitaltech.com","+977.9849547535","","","","","","","","","","","","ns1.namastebeercafe.com","ns2.namastebeercafe.com","","","clientTransferProhibited","","",""
"36","shiromanischool.com","2021-07-08 16:07:14","2021-07-05","2021-07-06","2022-07-05","1291","Crazy Domains FZ-LLC","whois.crazydomains.com","http://www.crazydomains.com","SURAJ PANDEYA","","PUTALISADK,KATHMANDU","KATHMANDU","BAGMATI","44600","Nepal","soorazntv@gmail.com","+977.9867001323","","SURAJ PANDEYA","","PUTALISADK,KATHMANDU","KATHMANDU","BAGMATI","44600","Nepal","soorazntv@gmail.com","+977.9867001323","","SURAJ PANDEYA","","PUTALISADK,KATHMANDU","KATHMANDU","BAGMATI","44600","Nepal","soorazntv@gmail.com","+977.9867001323","","","","","","","","","","","","ns1.surajpandeya.com","ns2.surajpandeya.com","","","OK","","",""
"37","sikshasandesh.com","2021-07-08 16:06:38","2021-07-04","2021-07-06","2022-07-04","1479","Namesilo, LLC","whois.namesilo.com","http://www.namesilo.com","Aayusha Pokharel","","Kathmandu New Road","Kathmandu","Bagmati","44600","Nepal","abctv.iyushapokharel@gmail.com","+977.9888047394","","Aayusha Pokharel","","Kathmandu New Road","Kathmandu","Bagmati","44600","Nepal","abctv.iyushapokharel@gmail.com","+977.9888047394","","Aayusha Pokharel","","Kathmandu New Road","Kathmandu","Bagmati","44600","Nepal","abctv.iyushapokharel@gmail.com","+977.9888047394","","","","","","","","","","","","ns1.hamro.cloud","ns2.hamro.cloud","ns3.hamro.cloud","","clientTransferProhibited","","",""
"38","surushrez7.com","2021-07-08 16:02:46","2021-07-05","2021-07-05","2022-07-05","886","Domain.com, LLC","whois.domain.com","http://www.domain.com","REDACTED FOR PRIVACY","REDACTED FOR PRIVACY","REDACTED FOR PRIVACY","REDACTED FOR PRIVACY","NA","REDACTED FOR PRIVACY","Nepal","","REDACTED FOR PRIVACY","REDACTED FOR PRIVACY","REDACTED FOR PRIVACY","REDACTED FOR PRIVACY","REDACTED FOR PRIVACY","REDACTED FOR PRIVACY","REDACTED FOR PRIVACY","REDACTED FOR PRIVACY","REDACTED FOR PRIVACY","","REDACTED FOR PRIVACY","REDACTED FOR PRIVACY","REDACTED FOR PRIVACY","REDACTED FOR PRIVACY","REDACTED FOR PRIVACY","REDACTED FOR PRIVACY","REDACTED FOR PRIVACY","REDACTED FOR PRIVACY","REDACTED FOR PRIVACY","","REDACTED FOR PRIVACY","REDACTED FOR PRIVACY","","","","","","","","","","","ns1.domain.com","ns2.domain.com","","","","","",""
"39","swaniga.com","2021-07-08 17:23:37","2021-07-05","2021-07-05","2022-07-05","625","Name.com, Inc.","whois.name.com","http://www.name.com","Sanjeev Bajracharya","KTH","Swoyambhu","Kathmandu","Kathmandu","44600","Nepal","","Non-Public Data","","Sanjeev Bajracharya","KTH","Swoyambhu","Kathmandu","Kathmandu","44600","Nepal","","Non-Public Data","","Sanjeev Bajracharya","KTH","Swoyambhu","Kathmandu","Kathmandu","44600","Nepal","","Non-Public Data","","","","","","","","","","","","ns1.metroplexwebsolution.com","ns2.metroplexwebsolution.com","","","addPeriod","clientTransferProhibited","",""
"40","tgss-intl.com","2021-07-08 14:45:29","2021-07-05","2021-07-05","2022-07-05","303","PDR Ltd. d/b/a PublicDomainRegistry.com","whois.publicdomainregistry.com","http://www.publicdomainregistry.com","Rajaen Rai","","Urlabari","morang","Kosi","56600","Nepal","razaen.rai@gmail.com","+977.9802750735","","Rajaen Rai","","Urlabari","morang","Kosi","56600","Nepal","razaen.rai@gmail.com","+977.9802750735","","Rajaen Rai","","Urlabari","morang","Kosi","56600","Nepal","razaen.rai@gmail.com","+977.9802750735","","","","","","","","","","","","ns1.jhapatechnical.network","ns2.jhapatechnical.network","","","clientTransferProhibited","","",""
"41","thahajobs.com","2021-07-08 17:15:39","2021-07-05","2021-07-05","2022-07-05","303","PDR Ltd. d/b/a PublicDomainRegistry.com","whois.publicdomainregistry.com","http://www.publicdomainregistry.com","Shandesh Chaudhary","Yess C","Anamnagar-29, Kathmandu","Anamnagar","Bagmati","44600","Nepal","shandeshchy2016@gmail.com","+977.9844911644","","Shandesh Chaudhary","Yess C","Anamnagar-29, Kathmandu","Anamnagar","Bagmati","44600","Nepal","shandeshchy2016@gmail.com","+977.9844911644","","Shandesh Chaudhary","Yess C","Anamnagar-29, Kathmandu","Anamnagar","Bagmati","44600","Nepal","shandeshchy2016@gmail.com","+977.9844911644","","","","","","","","","","","","ns1.shandesh.com.np","ns2.shandesh.com.np","","","clientTransferProhibited","","",""
"42","thenontechnicalguy.com","2021-07-08 14:44:18","2021-07-05","2021-07-05","2022-07-05","1291","Crazy Domains FZ-LLC","whois.crazydomains.com","http://www.crazydomains.com","AMAR NEPAL","","BHARATPUR 11,NAURANGE , PROVINCE 3,CHITWAN,","BHARATPUR, CHITWAN, NEPAL","PROVINCE 3","44200","Nepal","nepalamar11@gmail.com","+977.9845061480","","AMAR NEPAL","","BHARATPUR 11,NAURANGE , PROVINCE 3,CHITWAN,","BHARATPUR, CHITWAN, NEPAL","PROVINCE 3","44200","Nepal","nepalamar11@gmail.com","+977.9845061480","","AMAR NEPAL","","BHARATPUR 11,NAURANGE , PROVINCE 3,CHITWAN,","BHARATPUR, CHITWAN, NEPAL","PROVINCE 3","44200","Nepal","nepalamar11@gmail.com","+977.9845061480","","","","","","","","","","","","ns20.agmwebhosting.com","ns21.agmwebhosting.com","","","clientTransferProhibited","","",""
"43","theskinandhair.com","2021-07-08 14:43:52","2021-07-05","2021-07-05","2022-07-05","303","PDR Ltd. d/b/a PublicDomainRegistry.com","whois.publicdomainregistry.com","http://www.publicdomainregistry.com","Techweb Nepal","Techweb Nepal","Basundhara","Kathmandu","3","44600","Nepal","techwebnepal@gmail.com","+977.9813008463","","Techweb Nepal","Techweb Nepal","Basundhara","Kathmandu","3","44600","Nepal","techwebnepal@gmail.com","+977.9813008463","","Techweb Nepal","Techweb Nepal","Basundhara","Kathmandu","3","44600","Nepal","techwebnepal@gmail.com","+977.9813008463","","","","","","","","","","","","ns1.bluehost.com","ns2.bluehost.com","","","clientTransferProhibited","","",""
"44","tickerspro.com","2021-07-08 14:43:30","2021-07-05","2021-07-05","2022-07-05","1250","Trunkoz Technologies Pvt Ltd. d/b/a OwnRegistrar.com","whois.ownregistrar.com","http://www.ownregistrar.com","Nirupan Karki","NA","Kusunti, Lalitpur-13, Bagmati, Nepal","Lalitpur","Bagmati","44700","Nepal","nirupan.karki17@gmail.com","+977.9849208789","","Nirupan Karki","NA","Kusunti, Lalitpur-13, Bagmati, Nepal","Lalitpur","Bagmati","44700","Nepal","nirupan.karki17@gmail.com","+977-9849208789","","Nirupan Karki","NA","Kusunti, Lalitpur-13, Bagmati, Nepal","Lalitpur","Bagmati","44700","Nepal","nirupan.karki17@gmail.com","+977-9849208789","","","","","","","","","","","","ns1.meroip.com","ns2.meroip.com","ns3.meroip.com","ns4.meroip.com","OK","","",""
"45","triratnanews.com","2021-07-08 16:00:25","2021-07-05","2021-07-06","2022-07-05","1479","Namesilo, LLC","whois.namesilo.com","http://www.namesilo.com","Jiwan Neupane","i-Tech Nepal","Bikash Tower, 2nd Floor Hanumansthan, Anamnagar","Kathmandu","Bagmati","44600","Nepal","admin@itechnepal.net","+977.15705613","","Jiwan Neupane","i-Tech Nepal","Bikash Tower, 2nd Floor Hanumansthan, Anamnagar","Kathmandu","Bagmati","44600","Nepal","admin@itechnepal.net","+977.15705613","","Jiwan Neupane","i-Tech Nepal","Bikash Tower, 2nd Floor Hanumansthan, Anamnagar","Kathmandu","Bagmati","44600","Nepal","admin@itechnepal.net","+977.15705613","","","","","","","","","","","","ns1.hamro.cloud","ns2.hamro.cloud","ns3.hamro.cloud","","clientTransferProhibited","","",""
"46","ujyalosansar.com","2021-07-08 15:59:19","2021-07-05","2021-07-05","2022-07-05","303","PDR Ltd. d/b/a PublicDomainRegistry.com","whois.publicdomainregistry.com","http://www.publicdomainregistry.com","Ram karmacharya","ujyalosansar","kathmandy sindhuli","chandragiri","bagmati","44600","Nepal","ramkarmacharya38@gmail.com","+977.9813337543","","Ram karmacharya","ujyalosansar","kathmandy sindhuli","chandragiri","bagmati","44600","Nepal","ramkarmacharya38@gmail.com","+977.9813337543","","Ram karmacharya","ujyalosansar","kathmandy sindhuli","chandragiri","bagmati","44600","Nepal","ramkarmacharya38@gmail.com","+977.9813337543","","","","","","","","","","","","ns101.webhostnepal.com","ns102.webhostnepal.com","","","clientTransferProhibited","","",""
"47","yesjewellers.com","2021-07-08 15:52:35","2021-07-05","2021-07-05","2022-07-05","625","Name.com, Inc.","whois.name.com","http://www.name.com","Ishant Sitaula","ITsGallery Pvt.Ltd","Anamnagar, Siddharth Marg","Kathmandu","Bagmati","44605","Nepal","","Non-Public Data","","Ishant Sitaula","ITsGallery Pvt.Ltd","Anamnagar, Siddharth Marg","Kathmandu","Bagmati","44605","Nepal","","Non-Public Data","","Ishant Sitaula","ITsGallery Pvt.Ltd","Anamnagar, Siddharth Marg","Kathmandu","Bagmati","44605","Nepal","","Non-Public Data","","","","","","","","","","","","ns1djs.name.com","ns2dhj.name.com","ns3fgh.name.com","ns4clq.name.com","addPeriod","clientTransferProhibited","",""