"num","domain_name","query_time","create_date","update_date","expiry_date","domain_registrar_id","domain_registrar_name","domain_registrar_whois","domain_registrar_url","registrant_name","registrant_company","registrant_address","registrant_city","registrant_state","registrant_zip","registrant_country","registrant_email","registrant_phone","registrant_fax","administrative_name","administrative_company","administrative_address","administrative_city","administrative_state","administrative_zip","administrative_country","administrative_email","administrative_phone","administrative_fax","technical_name","technical_company","technical_address","technical_city","technical_state","technical_zip","technical_country","technical_email","technical_phone","technical_fax","billing_name","billing_company","billing_address","billing_city","billing_state","billing_zip","billing_country","billing_email","billing_phone","billing_fax","name_server_1","name_server_2","name_server_3","name_server_4","domain_status_1","domain_status_2","domain_status_3","domain_status_4"
"1","am-identidad.com","2021-07-08 16:59:49","2021-07-05","2021-07-05","2022-07-05","303","PDR Ltd. d/b/a PublicDomainRegistry.com","whois.publicdomainregistry.com","http://www.publicdomainregistry.com","Diego avalos","Dapel","San miguel","San lorenzo","Central","2160","Paraguay","anibalmartineez98@gmail.com","+595.984262164","","Diego avalos","Dapel","San miguel","San lorenzo","Central","2160","Paraguay","anibalmartineez98@gmail.com","+595.984262164","","Diego avalos","Dapel","San miguel","San lorenzo","Central","2160","Paraguay","anibalmartineez98@gmail.com","+595.984262164","","","","","","","","","","","","ns1.amsociedad.com","ns2.amsociedad.com","","","clientTransferProhibited","","",""
"2","aylinhotel.com","2021-07-08 17:15:23","2021-07-05","2021-07-05","2022-07-05","379","Arsys Internet, S.L. dba NICLINE.COM","whois.nicline.com","http://www.nicline.com","REDACTED FOR PRIVACY","","REDACTED FOR PRIVACY","REDACTED FOR PRIVACY","Caaguazu","REDACTED FOR PRIVACY","Paraguay","whoiscontact@domainconnection.info","REDACTED FOR PRIVACY","REDACTED FOR PRIVACY","REDACTED FOR PRIVACY","REDACTED FOR PRIVACY","REDACTED FOR PRIVACY","REDACTED FOR PRIVACY","REDACTED FOR PRIVACY","REDACTED FOR PRIVACY","REDACTED FOR PRIVACY","whoiscontact@domainconnection.info","REDACTED FOR PRIVACY","REDACTED FOR PRIVACY","REDACTED FOR PRIVACY","REDACTED FOR PRIVACY","REDACTED FOR PRIVACY","REDACTED FOR PRIVACY","REDACTED FOR PRIVACY","REDACTED FOR PRIVACY","REDACTED FOR PRIVACY","whoiscontact@domainconnection.info","REDACTED FOR PRIVACY","REDACTED FOR PRIVACY","","","","","","","","","","","ns49.maxdominios.com","ns50.maxdominios.com","","","addPeriod","clientTransferProhibited","",""
"3","cuponloko.com","2021-07-08 16:49:19","2021-07-05","2021-07-05","2022-07-05","146","GoDaddy.com, LLC","whois.godaddy.com","http://registrar.godaddy.com","Evoluado","Evoluado","","","Central","","Paraguay","","","","","","","","","","","","","","","","","","","","","","","","","","","","","","","","","","ns35.domaincontrol.com","ns36.domaincontrol.com","","","clientDeleteProhibited","clientRenewProhibited","clientTransferProhibited","clientUpdateProhibited"
"4","demodinamo.info","2021-07-08 15:46:15","2021-07-06","2021-07-06","2022-07-06","886","Domain.com, LLC","whois.domain.com","http://www.domain.com","nahuel ayala","nahuel ayala","","","NA","","Paraguay","","","","","","","","","","","","","","","","","","","","","","","","","","","","","","","","","","ns1.netfirms.com","ns2.netfirms.com","","","addPeriod","serverTransferProhibited","",""
"5","felipedeveloper.site","2021-07-08 15:11:26","2021-07-05","2021-07-05","2022-07-05","1636","Hostinger, UAB","whois.hostinger.com","http://www.hostinger.com","AraGroups Eas","AraGroups Eas","","","Asuncion","","Paraguay","","","","","","","","","","","","","","","","","","","","","","","","","","","","","","","","","","ns1.arahost.site","ns2.arahost.site","ns3.arahost.site","ns4.arahost.site","addPeriod","clientTransferProhibited","serverTransferProhibited",""
"6","koangaite.com","2021-07-08 16:29:02","2021-07-05","2021-07-05","2023-07-05","146","GoDaddy.com, LLC","whois.godaddy.com","http://registrar.godaddy.com","Koangaite","Koangaite","","","Asuncion","","Paraguay","","","","","","","","","","","","","","","","","","","","","","","","","","","","","","","","","","ns71.domaincontrol.com","ns72.domaincontrol.com","","","clientDeleteProhibited","clientRenewProhibited","clientTransferProhibited","clientUpdateProhibited"
"7","lavapar.com","2021-07-08 16:27:48","2021-07-04","2021-07-04","2022-07-04","146","GoDaddy.com, LLC","whois.godaddy.com","http://registrar.godaddy.com","Industrias.h.b.f. s.a","Industrias.h.b.f. s.a","","","Central","","Paraguay","","","","","","","","","","","","","","","","","","","","","","","","","","","","","","","","","","ns55.domaincontrol.com","ns56.domaincontrol.com","","","clientDeleteProhibited","clientRenewProhibited","clientTransferProhibited","clientUpdateProhibited"
"8","mmserviciosgenerales.com","2021-07-08 16:20:26","2021-07-04","2021-07-04","2022-07-04","146","GoDaddy.com, LLC","whois.godaddy.com","http://registrar.godaddy.com","","","","","central","","Paraguay","","","","","","","","","","","","","","","","","","","","","","","","","","","","","","","","","","ns1.dns-parking.com","ns2.dns-parking.com","","","clientDeleteProhibited","clientRenewProhibited","clientTransferProhibited","clientUpdateProhibited"
"9","negromate.online","2021-07-08 15:26:13","2021-07-05","2021-07-05","2022-07-05","146","GoDaddy.com, LLC","whois.godaddy.com","http://registrar.godaddy.com","Julio Benitez","Julio Benitez","","","Central","","Paraguay","","","","","","","","","","","","","","","","","","","","","","","","","","","","","","","","","","ns09.domaincontrol.com","ns10.domaincontrol.com","","","addPeriod","clientDeleteProhibited","clientRenewProhibited","clientTransferProhibited"
"10","telecomunicacioneslambare.com","2021-07-08 14:45:47","2021-07-05","2021-07-05","2022-07-05","379","Arsys Internet, S.L. dba NICLINE.COM","whois.nicline.com","http://www.nicline.com","REDACTED FOR PRIVACY","","REDACTED FOR PRIVACY","REDACTED FOR PRIVACY","Capital","REDACTED FOR PRIVACY","Paraguay","whoiscontact@domainconnection.info","REDACTED FOR PRIVACY","REDACTED FOR PRIVACY","REDACTED FOR PRIVACY","REDACTED FOR PRIVACY","REDACTED FOR PRIVACY","REDACTED FOR PRIVACY","REDACTED FOR PRIVACY","REDACTED FOR PRIVACY","REDACTED FOR PRIVACY","whoiscontact@domainconnection.info","REDACTED FOR PRIVACY","REDACTED FOR PRIVACY","REDACTED FOR PRIVACY","REDACTED FOR PRIVACY","REDACTED FOR PRIVACY","REDACTED FOR PRIVACY","REDACTED FOR PRIVACY","REDACTED FOR PRIVACY","REDACTED FOR PRIVACY","whoiscontact@domainconnection.info","REDACTED FOR PRIVACY","REDACTED FOR PRIVACY","","","","","","","","","","","ns-1438.awsdns-51.org","ns-1554.awsdns-02.co.uk","","","addPeriod","clientTransferProhibited","",""
"11","unlok.online","2021-07-08 15:24:27","2021-07-06","2021-07-06","2022-07-06","146","GoDaddy.com, LLC","whois.godaddy.com","http://registrar.godaddy.com","","","","","central","","Paraguay","","","","","","","","","","","","","","","","","","","","","","","","","","","","","","","","","","dns1.p06.nsone.net","dns2.p06.nsone.net","dns3.p06.nsone.net","dns4.p06.nsone.net","addPeriod","clientDeleteProhibited","clientRenewProhibited","clientTransferProhibited"