"num","domain_name","query_time","create_date","update_date","expiry_date","domain_registrar_id","domain_registrar_name","domain_registrar_whois","domain_registrar_url","registrant_name","registrant_company","registrant_address","registrant_city","registrant_state","registrant_zip","registrant_country","registrant_email","registrant_phone","registrant_fax","administrative_name","administrative_company","administrative_address","administrative_city","administrative_state","administrative_zip","administrative_country","administrative_email","administrative_phone","administrative_fax","technical_name","technical_company","technical_address","technical_city","technical_state","technical_zip","technical_country","technical_email","technical_phone","technical_fax","billing_name","billing_company","billing_address","billing_city","billing_state","billing_zip","billing_country","billing_email","billing_phone","billing_fax","name_server_1","name_server_2","name_server_3","name_server_4","domain_status_1","domain_status_2","domain_status_3","domain_status_4"
"1","22betportugal.one","2021-07-08 15:28:38","2021-07-05","","2022-07-05","106","Ascio Technologies, Inc. Danmark - Filial af Ascio technologies, Inc. USA","whois.ascio.com","http://www.ascio.com","REDACTED FOR PRIVACY","MOLARSTAR ENTERPRISE`S , LDA","REDACTED FOR PRIVACY REDACTED FOR PRIVACY REDACTED FOR PRIVACY","REDACTED FOR PRIVACY","PO","REDACTED FOR PRIVACY","Portugal","","REDACTED FOR PRIVACY","REDACTED FOR PRIVACY","REDACTED FOR PRIVACY","REDACTED FOR PRIVACY","REDACTED FOR PRIVACY REDACTED FOR PRIVACY REDACTED FOR PRIVACY","REDACTED FOR PRIVACY","REDACTED FOR PRIVACY","REDACTED FOR PRIVACY","REDACTED FOR PRIVACY","","REDACTED FOR PRIVACY","REDACTED FOR PRIVACY","REDACTED FOR PRIVACY","REDACTED FOR PRIVACY","REDACTED FOR PRIVACY REDACTED FOR PRIVACY REDACTED FOR PRIVACY","REDACTED FOR PRIVACY","REDACTED FOR PRIVACY","REDACTED FOR PRIVACY","REDACTED FOR PRIVACY","","REDACTED FOR PRIVACY","REDACTED FOR PRIVACY","","","","","","","","","","","ns1.amenworld.com","ns2.amenworld.com","","","addPeriod","ok","",""
"2","8-not.com","2021-07-08 17:02:55","2021-07-05","2021-07-05","2022-07-05","168","Register.it SPA","whois.register.it","http://we.register.it","REDACTED FOR PRIVACY","REDACTED FOR PRIVACY","REDACTED FOR PRIVACY","REDACTED FOR PRIVACY","","REDACTED FOR PRIVACY","Portugal","","REDACTED.FORPRIVACY","REDACTED.FORPRIVACY","REDACTED FOR PRIVACY","REDACTED FOR PRIVACY","REDACTED FOR PRIVACY","REDACTED FOR PRIVACY","REDACTED FOR PRIVACY","REDACTED FOR PRIVACY","REDACTED FOR PRIVACY","","REDACTED.FORPRIVACY","REDACTED.FORPRIVACY","REDACTED FOR PRIVACY","REDACTED FOR PRIVACY","REDACTED FOR PRIVACY","REDACTED FOR PRIVACY","REDACTED FOR PRIVACY","REDACTED FOR PRIVACY","REDACTED FOR PRIVACY","","REDACTED.FORPRIVACY","REDACTED.FORPRIVACY","","","","","","","","","","","dns1.host-redirect.com","dns2.host-redirect.com","dns3.host-redirect.com","dns4.host-redirect.com","clientDeleteProhibited","clientTransferProhibited","clientUpdateProhibited",""
"3","activebody.one","2021-07-08 15:28:38","2021-07-05","2021-07-07","2022-07-05","1462","One.com A/S","whois.ripn.net","www.one.com","REDACTED FOR PRIVACY","","REDACTED FOR PRIVACY REDACTED FOR PRIVACY REDACTED FOR PRIVACY","REDACTED FOR PRIVACY","","REDACTED FOR PRIVACY","Portugal","","REDACTED FOR PRIVACY","REDACTED FOR PRIVACY","REDACTED FOR PRIVACY","REDACTED FOR PRIVACY","REDACTED FOR PRIVACY REDACTED FOR PRIVACY REDACTED FOR PRIVACY","REDACTED FOR PRIVACY","REDACTED FOR PRIVACY","REDACTED FOR PRIVACY","REDACTED FOR PRIVACY","","REDACTED FOR PRIVACY","REDACTED FOR PRIVACY","REDACTED FOR PRIVACY","REDACTED FOR PRIVACY","REDACTED FOR PRIVACY REDACTED FOR PRIVACY REDACTED FOR PRIVACY","REDACTED FOR PRIVACY","REDACTED FOR PRIVACY","REDACTED FOR PRIVACY","REDACTED FOR PRIVACY","","REDACTED FOR PRIVACY","REDACTED FOR PRIVACY","","","","","","","","","","","ns01.one.com","ns02.one.com","","","addPeriod","ok","",""
"4","acusticidade.com","2021-07-08 17:01:58","2021-07-05","2021-07-05","2022-07-05","168","Register.it SPA","whois.register.it","http://we.register.it","REDACTED FOR PRIVACY","Teatro Circo De Braga, S.A.","REDACTED FOR PRIVACY","REDACTED FOR PRIVACY","BR","REDACTED FOR PRIVACY","Portugal","","REDACTED.FORPRIVACY","REDACTED.FORPRIVACY","REDACTED FOR PRIVACY","REDACTED FOR PRIVACY","REDACTED FOR PRIVACY","REDACTED FOR PRIVACY","REDACTED FOR PRIVACY","REDACTED FOR PRIVACY","REDACTED FOR PRIVACY","","REDACTED.FORPRIVACY","REDACTED.FORPRIVACY","REDACTED FOR PRIVACY","REDACTED FOR PRIVACY","REDACTED FOR PRIVACY","REDACTED FOR PRIVACY","REDACTED FOR PRIVACY","REDACTED FOR PRIVACY","REDACTED FOR PRIVACY","","REDACTED.FORPRIVACY","REDACTED.FORPRIVACY","","","","","","","","","","","ns1.amenworld.com","ns2.amenworld.com","","","OK","","",""
"5","aleixocar.com","2021-07-08 17:00:23","2021-07-05","2021-07-05","2022-07-05","168","Register.it SPA","whois.register.it","http://we.register.it","REDACTED FOR PRIVACY","FrancoRigor - Unipessoal Lda","REDACTED FOR PRIVACY","REDACTED FOR PRIVACY","","REDACTED FOR PRIVACY","Portugal","","REDACTED.FORPRIVACY","REDACTED.FORPRIVACY","REDACTED FOR PRIVACY","REDACTED FOR PRIVACY","REDACTED FOR PRIVACY","REDACTED FOR PRIVACY","REDACTED FOR PRIVACY","REDACTED FOR PRIVACY","REDACTED FOR PRIVACY","","REDACTED.FORPRIVACY","REDACTED.FORPRIVACY","REDACTED FOR PRIVACY","REDACTED FOR PRIVACY","REDACTED FOR PRIVACY","REDACTED FOR PRIVACY","REDACTED FOR PRIVACY","REDACTED FOR PRIVACY","REDACTED FOR PRIVACY","","REDACTED.FORPRIVACY","REDACTED.FORPRIVACY","","","","","","","","","","","dns1.host-redirect.com","dns2.host-redirect.com","dns3.host-redirect.com","dns4.host-redirect.com","clientDeleteProhibited","clientTransferProhibited","clientUpdateProhibited",""
"6","amigosbibliotecafrau.com","2021-07-08 16:59:34","2021-07-05","2021-07-05","2022-07-05","146","GoDaddy.com, LLC","whois.godaddy.com","http://registrar.godaddy.com","","","","","Lisboa","","Portugal","","","","","","","","","","","","","","","","","","","","","","","","","","","","","","","","","","ns11.domaincontrol.com","ns12.domaincontrol.com","","","clientDeleteProhibited","clientRenewProhibited","clientTransferProhibited","clientUpdateProhibited"
"7","angelmodels-ao.com","2021-07-08 16:59:18","2021-07-05","2021-07-05","2022-07-05","303","PDR Ltd. d/b/a PublicDomainRegistry.com","whois.publicdomainregistry.com","http://www.publicdomainregistry.com","GDPR Masked","GDPR Masked","GDPR Masked","GDPR Masked","PT","GDPR Masked","Portugal","gdpr-masking@gdpr-masked.com","GDPR Masked","GDPR Masked","GDPR Masked","GDPR Masked","GDPR Masked","GDPR Masked","GDPR Masked","GDPR Masked","GDPR Masked","gdpr-masking@gdpr-masked.com","GDPR Masked","GDPR Masked","GDPR Masked","GDPR Masked","GDPR Masked","GDPR Masked","GDPR Masked","GDPR Masked","GDPR Masked","gdpr-masking@gdpr-masked.com","GDPR Masked","GDPR Masked","","","","","","","","","","","ns1.mydnspt.net","ns2.mydnspt.net","ns7.mydnspt.net","ns8.mydnspt.net","clientTransferProhibited","","",""
"8","aplvsoumbocadinhofazmal.com","2021-07-08 16:58:52","2021-07-05","2021-07-05","2022-07-05","168","Register.it SPA","whois.register.it","http://we.register.it","REDACTED FOR PRIVACY","REDACTED FOR PRIVACY","REDACTED FOR PRIVACY","REDACTED FOR PRIVACY","FA","REDACTED FOR PRIVACY","Portugal","","REDACTED.FORPRIVACY","REDACTED.FORPRIVACY","REDACTED FOR PRIVACY","REDACTED FOR PRIVACY","REDACTED FOR PRIVACY","REDACTED FOR PRIVACY","REDACTED FOR PRIVACY","REDACTED FOR PRIVACY","REDACTED FOR PRIVACY","","REDACTED.FORPRIVACY","REDACTED.FORPRIVACY","REDACTED FOR PRIVACY","REDACTED FOR PRIVACY","REDACTED FOR PRIVACY","REDACTED FOR PRIVACY","REDACTED FOR PRIVACY","REDACTED FOR PRIVACY","REDACTED FOR PRIVACY","","REDACTED.FORPRIVACY","REDACTED.FORPRIVACY","","","","","","","","","","","ns1.amenworld.com","ns2.amenworld.com","","","OK","","",""
"9","aragemdeletras.com","2021-07-08 16:58:42","2021-07-05","2021-07-05","2022-07-05","106","Ascio Technologies, Inc. Danmark - Filial af Ascio technologies, Inc. USA","whois.ascio.com","http://www.ascio.com","Not Disclosed","Not Disclosed","Not Disclosed","Not Disclosed","","Not Disclosed","Portugal","","Not Disclosed","Not Disclosed","Not Disclosed","Not Disclosed","Not Disclosed","Not Disclosed","Not Disclosed","Not Disclosed","Not Disclosed","","Not Disclosed","Not Disclosed","Not Disclosed","Not Disclosed","Not Disclosed","Not Disclosed","Not Disclosed","Not Disclosed","Not Disclosed","","Not Disclosed","Not Disclosed","","","","","","","","","","","dns1.123hjemmeside.dk","dns2.123hjemmeside.dk","dns3.123hjemmeside.dk","","OK","","",""
"10","arenasport.info","2021-07-08 15:48:15","2021-07-06","2021-07-06","2022-07-06","2","Network Solutions, LLC","whois.networksolutions.com","http://networksolutions.com","Arena Sport","Arena Sport","","","PT-06","","Portugal","","","","","","","","","","","","","","","","","","","","","","","","","","","","","","","","","","ns6.wixdns.net","ns7.wixdns.net","","","addPeriod","clientTransferProhibited","serverTransferProhibited",""
"11","arthurfeltraco.com","2021-07-08 17:05:31","2021-07-05","2021-07-05","2022-07-05","955","Launchpad, Inc.","whois.launchpad.com","http://www.launchpad.com","GDPR Masked","GDPR Masked","GDPR Masked","GDPR Masked","11","GDPR Masked","Portugal","gdpr-masking@gdpr-masked.com","GDPR Masked","GDPR Masked","GDPR Masked","GDPR Masked","GDPR Masked","GDPR Masked","GDPR Masked","GDPR Masked","GDPR Masked","gdpr-masking@gdpr-masked.com","GDPR Masked","GDPR Masked","GDPR Masked","GDPR Masked","GDPR Masked","GDPR Masked","GDPR Masked","GDPR Masked","GDPR Masked","gdpr-masking@gdpr-masked.com","GDPR Masked","GDPR Masked","","","","","","","","","","","ns6311.hostgator.com","ns6312.hostgator.com","","","clientTransferProhibited","","",""
"12","asarinhafaz.com","2021-07-08 16:57:40","2021-07-05","2021-07-05","2022-07-05","146","GoDaddy.com, LLC","whois.godaddy.com","http://registrar.godaddy.com","","","","","Setubal","","Portugal","","","","","","","","","","","","","","","","","","","","","","","","","","","","","","","","","","ns59.domaincontrol.com","ns60.domaincontrol.com","","","clientDeleteProhibited","clientRenewProhibited","clientTransferProhibited","clientUpdateProhibited"
"13","autentiqcreations.com","2021-07-08 16:57:08","2021-07-06","2021-07-06","2022-07-05","168","Register.it SPA","whois.register.it","http://we.register.it","REDACTED FOR PRIVACY","Rui Santos Freitas Unipessoal LDA","REDACTED FOR PRIVACY","REDACTED FOR PRIVACY","CO","REDACTED FOR PRIVACY","Portugal","","REDACTED.FORPRIVACY","REDACTED.FORPRIVACY","REDACTED FOR PRIVACY","REDACTED FOR PRIVACY","REDACTED FOR PRIVACY","REDACTED FOR PRIVACY","REDACTED FOR PRIVACY","REDACTED FOR PRIVACY","REDACTED FOR PRIVACY","","REDACTED.FORPRIVACY","REDACTED.FORPRIVACY","REDACTED FOR PRIVACY","REDACTED FOR PRIVACY","REDACTED FOR PRIVACY","REDACTED FOR PRIVACY","REDACTED FOR PRIVACY","REDACTED FOR PRIVACY","REDACTED FOR PRIVACY","","REDACTED.FORPRIVACY","REDACTED.FORPRIVACY","","","","","","","","","","","ns1.amenworld.com","ns2.amenworld.com","","","OK","","",""
"14","bangtuga.com","2021-07-08 16:56:16","2021-07-05","2021-07-05","2022-07-05","303","PDR Ltd. d/b/a PublicDomainRegistry.com","whois.publicdomainregistry.com","http://www.publicdomainregistry.com","GDPR Masked","GDPR Masked","GDPR Masked","GDPR Masked","Matosinhos","GDPR Masked","Portugal","gdpr-masking@gdpr-masked.com","GDPR Masked","GDPR Masked","GDPR Masked","GDPR Masked","GDPR Masked","GDPR Masked","GDPR Masked","GDPR Masked","GDPR Masked","gdpr-masking@gdpr-masked.com","GDPR Masked","GDPR Masked","GDPR Masked","GDPR Masked","GDPR Masked","GDPR Masked","GDPR Masked","GDPR Masked","GDPR Masked","gdpr-masking@gdpr-masked.com","GDPR Masked","GDPR Masked","","","","","","","","","","","ns1.pro-x-web.com","ns2.pro-x-web.com","ns3.pro-x-web.com","ns4.pro-x-web.com","clientTransferProhibited","","",""
"15","bonnanzza.online","2021-07-08 15:27:33","2021-07-05","2021-07-05","2022-07-05","146","GoDaddy.com, LLC","whois.godaddy.com","http://registrar.godaddy.com","TZIMIZUM SOCIEDADE UNIPESSOAL LDA","TZIMIZUM SOCIEDADE UNIPESSOAL LDA","","","Porto","","Portugal","","","","","","","","","","","","","","","","","","","","","","","","","","","","","","","","","","ns69.domaincontrol.com","ns70.domaincontrol.com","","","addPeriod","clientDeleteProhibited","clientRenewProhibited","clientTransferProhibited"
"16","brionevers.com","2021-07-08 14:33:52","2021-07-05","2021-07-05","2022-07-05","146","GoDaddy.com, LLC","whois.godaddy.com","http://registrar.godaddy.com","","","","","Dublin","","Portugal","","","","","","","","","","","","","","","","","","","","","","","","","","","","","","","","","","ns09.domaincontrol.com","ns10.domaincontrol.com","","","clientDeleteProhibited","clientRenewProhibited","clientTransferProhibited","clientUpdateProhibited"
"17","bullp100.com","2021-07-08 14:33:33","2021-07-05","2021-07-05","2022-07-05","433","OVH sas","whois.ovh.com","http://www.ovh.com","REDACTED FOR PRIVACY","LaserNet, lda","REDACTED FOR PRIVACY","REDACTED FOR PRIVACY","","REDACTED FOR PRIVACY","Portugal","","REDACTED FOR PRIVACY","REDACTED FOR PRIVACY","REDACTED FOR PRIVACY","REDACTED FOR PRIVACY","REDACTED FOR PRIVACY","REDACTED FOR PRIVACY","REDACTED FOR PRIVACY","REDACTED FOR PRIVACY","REDACTED FOR PRIVACY","","REDACTED FOR PRIVACY","REDACTED FOR PRIVACY","REDACTED FOR PRIVACY","REDACTED FOR PRIVACY","REDACTED FOR PRIVACY","REDACTED FOR PRIVACY","REDACTED FOR PRIVACY","REDACTED FOR PRIVACY","REDACTED FOR PRIVACY","","REDACTED FOR PRIVACY","REDACTED FOR PRIVACY","","","","","","","","","","","dns106.ovh.net","ns106.ovh.net","","","clientDeleteProhibited","clientTransferProhibited","",""
"18","byjoanacarvalho.com","2021-07-08 16:54:39","2021-07-05","2021-07-05","2022-07-05","303","PDR Ltd. d/b/a PublicDomainRegistry.com","whois.publicdomainregistry.com","http://www.publicdomainregistry.com","GDPR Masked","GDPR Masked","GDPR Masked","GDPR Masked","PT","GDPR Masked","Portugal","gdpr-masking@gdpr-masked.com","GDPR Masked","GDPR Masked","GDPR Masked","GDPR Masked","GDPR Masked","GDPR Masked","GDPR Masked","GDPR Masked","GDPR Masked","gdpr-masking@gdpr-masked.com","GDPR Masked","GDPR Masked","GDPR Masked","GDPR Masked","GDPR Masked","GDPR Masked","GDPR Masked","GDPR Masked","GDPR Masked","gdpr-masking@gdpr-masked.com","GDPR Masked","GDPR Masked","","","","","","","","","","","ns1.mydnspt.net","ns2.mydnspt.net","ns7.mydnspt.net","ns8.mydnspt.net","clientTransferProhibited","","",""
"19","cafloule.com","2021-07-08 16:54:20","2021-07-05","2021-07-05","2022-07-05","303","PDR Ltd. d/b/a PublicDomainRegistry.com","whois.publicdomainregistry.com","http://www.publicdomainregistry.com","GDPR Masked","GDPR Masked","GDPR Masked","GDPR Masked","Loule","GDPR Masked","Portugal","gdpr-masking@gdpr-masked.com","GDPR Masked","GDPR Masked","GDPR Masked","GDPR Masked","GDPR Masked","GDPR Masked","GDPR Masked","GDPR Masked","GDPR Masked","gdpr-masking@gdpr-masked.com","GDPR Masked","GDPR Masked","GDPR Masked","GDPR Masked","GDPR Masked","GDPR Masked","GDPR Masked","GDPR Masked","GDPR Masked","gdpr-masking@gdpr-masked.com","GDPR Masked","GDPR Masked","","","","","","","","","","","ns5.awardspace.com","ns6.awardspace.com","","","clientTransferProhibited","","",""
"20","calcasxodo.com","2021-07-08 16:54:28","2021-07-05","2021-07-05","2022-07-05","146","GoDaddy.com, LLC","whois.godaddy.com","http://registrar.godaddy.com","DACS Commerce","DACS Commerce","","","Covilha","","Portugal","","","","","","","","","","","","","","","","","","","","","","","","","","","","","","","","","","ns69.domaincontrol.com","ns70.domaincontrol.com","","","OK","","",""
"21","camilawine.com","2021-07-08 16:54:11","2021-07-05","2021-07-05","2023-07-05","146","GoDaddy.com, LLC","whois.godaddy.com","http://registrar.godaddy.com","Camila wine","Camila wine","","","Madeira","","Portugal","","","","","","","","","","","","","","","","","","","","","","","","","","","","","","","","","","ns25.domaincontrol.com","ns26.domaincontrol.com","","","clientDeleteProhibited","clientRenewProhibited","clientTransferProhibited","clientUpdateProhibited"
"22","cantinhogamming.com","2021-07-08 16:54:01","2021-07-05","2021-07-05","2022-07-05","168","Register.it SPA","whois.register.it","http://we.register.it","REDACTED FOR PRIVACY","REDACTED FOR PRIVACY","REDACTED FOR PRIVACY","REDACTED FOR PRIVACY","SA","REDACTED FOR PRIVACY","Portugal","","REDACTED.FORPRIVACY","REDACTED.FORPRIVACY","REDACTED FOR PRIVACY","REDACTED FOR PRIVACY","REDACTED FOR PRIVACY","REDACTED FOR PRIVACY","REDACTED FOR PRIVACY","REDACTED FOR PRIVACY","REDACTED FOR PRIVACY","","REDACTED.FORPRIVACY","REDACTED.FORPRIVACY","REDACTED FOR PRIVACY","REDACTED FOR PRIVACY","REDACTED FOR PRIVACY","REDACTED FOR PRIVACY","REDACTED FOR PRIVACY","REDACTED FOR PRIVACY","REDACTED FOR PRIVACY","","REDACTED.FORPRIVACY","REDACTED.FORPRIVACY","","","","","","","","","","","ns1.amenworld.com","ns2.amenworld.com","","","OK","","",""
"23","capsula46.com","2021-07-08 16:54:03","2021-07-05","2021-07-05","2022-07-05","69","Tucows Domains Inc.","whois.tucows.com","http://domainhelp.opensrs.net","REDACTED FOR PRIVACY","REDACTED FOR PRIVACY","REDACTED FOR PRIVACY","REDACTED FOR PRIVACY","Lisboa","REDACTED FOR PRIVACY","Portugal","","REDACTED FOR PRIVACY","REDACTED FOR PRIVACY","REDACTED FOR PRIVACY","REDACTED FOR PRIVACY","REDACTED FOR PRIVACY","REDACTED FOR PRIVACY","REDACTED FOR PRIVACY","REDACTED FOR PRIVACY","REDACTED FOR PRIVACY","","REDACTED FOR PRIVACY","REDACTED FOR PRIVACY","REDACTED FOR PRIVACY","REDACTED FOR PRIVACY","REDACTED FOR PRIVACY","REDACTED FOR PRIVACY","REDACTED FOR PRIVACY","REDACTED FOR PRIVACY","REDACTED FOR PRIVACY","","REDACTED FOR PRIVACY","REDACTED FOR PRIVACY","","","","","","","","","","","ns1.arvixeshared.com","ns2.arvixeshared.com","","","clientTransferProhibited","clientUpdateProhibited","",""
"24","catiasilvadesign.com","2021-07-08 16:53:29","2021-07-05","2021-07-05","2022-07-05","1647","Hosting Concepts B.V. dba Openprovider","whois.registrar.eu","http://www.openprovider.com","REDACTED FOR PRIVACY","","REDACTED FOR PRIVACY","REDACTED FOR PRIVACY","Setubal","REDACTED FOR PRIVACY","Portugal","","REDACTED FOR PRIVACY","REDACTED FOR PRIVACY","REDACTED FOR PRIVACY","REDACTED FOR PRIVACY","REDACTED FOR PRIVACY","REDACTED FOR PRIVACY","REDACTED FOR PRIVACY","REDACTED FOR PRIVACY","REDACTED FOR PRIVACY","","REDACTED FOR PRIVACY","REDACTED FOR PRIVACY","REDACTED FOR PRIVACY","REDACTED FOR PRIVACY","REDACTED FOR PRIVACY","REDACTED FOR PRIVACY","REDACTED FOR PRIVACY","REDACTED FOR PRIVACY","REDACTED FOR PRIVACY","","REDACTED FOR PRIVACY","REDACTED FOR PRIVACY","","","","","","","","","","","ns1.dns-parking.com","ns2.dns-parking.com","","","clientTransferProhibited","","",""
"25","cidaliaferreira.com","2021-07-08 17:41:11","2021-07-05","2021-07-05","2026-07-05","303","PDR Ltd. d/b/a PublicDomainRegistry.com","whois.publicdomainregistry.com","http://www.publicdomainregistry.com","GDPR Masked","GDPR Masked","GDPR Masked","GDPR Masked","Portugal","GDPR Masked","Portugal","gdpr-masking@gdpr-masked.com","GDPR Masked","GDPR Masked","GDPR Masked","GDPR Masked","GDPR Masked","GDPR Masked","GDPR Masked","GDPR Masked","GDPR Masked","gdpr-masking@gdpr-masked.com","GDPR Masked","GDPR Masked","GDPR Masked","GDPR Masked","GDPR Masked","GDPR Masked","GDPR Masked","GDPR Masked","GDPR Masked","gdpr-masking@gdpr-masked.com","GDPR Masked","GDPR Masked","","","","","","","","","","","ns1.mydnspt.net","ns2.mydnspt.net","ns7.mydnspt.net","ns8.mydnspt.net","clientTransferProhibited","","",""
"26","clafuti.com","2021-07-08 16:51:27","2021-07-05","2021-07-05","2022-07-05","168","Register.it SPA","whois.register.it","http://we.register.it","Global Domain Privacy","GLOBAL DOMAIN PRIVACY","Parque Multiusos, Areal Gordo Lt. 3A","Faro","Faro","8005-409","Portugal","z21g5kqqzanta20k2@dominiosprivateregistration.com","+351.210081081","","Global Domain Privacy","GLOBAL DOMAIN PRIVACY","Parque Multiusos, Areal Gordo Lt. 3A","Faro","Faro","8005-409","Portugal","z21g5kqqzanta20k2@dominiosprivateregistration.com","+351.210081081","","Global Domain Privacy","GLOBAL DOMAIN PRIVACY","Parque Multiusos, Areal Gordo Lt. 3A","Faro","Faro","8005-409","Portugal","z21g5kqqzanta20k2@dominiosprivateregistration.com","+351.210081081","","","","","","","","","","","","dns1.host-redirect.com","dns2.host-redirect.com","dns3.host-redirect.com","dns4.host-redirect.com","clientDeleteProhibited","clientTransferProhibited","clientUpdateProhibited",""
"27","clafutikidswear.com","2021-07-08 16:51:32","2021-07-05","2021-07-05","2022-07-05","168","Register.it SPA","whois.register.it","http://we.register.it","REDACTED FOR PRIVACY","REDACTED FOR PRIVACY","REDACTED FOR PRIVACY","REDACTED FOR PRIVACY","","REDACTED FOR PRIVACY","Portugal","","REDACTED.FORPRIVACY","REDACTED.FORPRIVACY","REDACTED FOR PRIVACY","REDACTED FOR PRIVACY","REDACTED FOR PRIVACY","REDACTED FOR PRIVACY","REDACTED FOR PRIVACY","REDACTED FOR PRIVACY","REDACTED FOR PRIVACY","","REDACTED.FORPRIVACY","REDACTED.FORPRIVACY","REDACTED FOR PRIVACY","REDACTED FOR PRIVACY","REDACTED FOR PRIVACY","REDACTED FOR PRIVACY","REDACTED FOR PRIVACY","REDACTED FOR PRIVACY","REDACTED FOR PRIVACY","","REDACTED.FORPRIVACY","REDACTED.FORPRIVACY","","","","","","","","","","","dns1.host-redirect.com","dns2.host-redirect.com","dns3.host-redirect.com","dns4.host-redirect.com","clientDeleteProhibited","clientTransferProhibited","clientUpdateProhibited",""
"28","codigosdesign.com","2021-07-08 16:51:02","2021-07-05","2021-07-06","2022-07-05","168","Register.it SPA","whois.register.it","http://we.register.it","REDACTED FOR PRIVACY","REDACTED FOR PRIVACY","REDACTED FOR PRIVACY","REDACTED FOR PRIVACY","BRAGA","REDACTED FOR PRIVACY","Portugal","","REDACTED.FORPRIVACY","REDACTED.FORPRIVACY","REDACTED FOR PRIVACY","REDACTED FOR PRIVACY","REDACTED FOR PRIVACY","REDACTED FOR PRIVACY","REDACTED FOR PRIVACY","REDACTED FOR PRIVACY","REDACTED FOR PRIVACY","","REDACTED.FORPRIVACY","REDACTED.FORPRIVACY","REDACTED FOR PRIVACY","REDACTED FOR PRIVACY","REDACTED FOR PRIVACY","REDACTED FOR PRIVACY","REDACTED FOR PRIVACY","REDACTED FOR PRIVACY","REDACTED FOR PRIVACY","","REDACTED.FORPRIVACY","REDACTED.FORPRIVACY","","","","","","","","","","","ns1.dnscpanel.com","ns2.dnscpanel.com","ns3.dnscpanel.com","","clientDeleteProhibited","clientTransferProhibited","clientUpdateProhibited",""
"29","createvestudio.com","2021-07-08 18:44:55","2021-07-05","2021-07-05","2022-07-05","146","GoDaddy.com, LLC","whois.godaddy.com","http://registrar.godaddy.com","Create.ve","Create.ve","","","Viseu","","Portugal","","","","","","","","","","","","","","","","","","","","","","","","","","","","","","","","","","ns09.domaincontrol.com","ns10.domaincontrol.com","","","clientDeleteProhibited","clientRenewProhibited","clientTransferProhibited","clientUpdateProhibited"
"30","criandoformas.com","2021-07-08 17:27:41","2021-07-05","2021-07-05","2022-07-05","303","PDR Ltd. d/b/a PublicDomainRegistry.com","whois.publicdomainregistry.com","http://www.publicdomainregistry.com","GDPR Masked","GDPR Masked","GDPR Masked","GDPR Masked","Leiria","GDPR Masked","Portugal","gdpr-masking@gdpr-masked.com","GDPR Masked","GDPR Masked","GDPR Masked","GDPR Masked","GDPR Masked","GDPR Masked","GDPR Masked","GDPR Masked","GDPR Masked","gdpr-masking@gdpr-masked.com","GDPR Masked","GDPR Masked","GDPR Masked","GDPR Masked","GDPR Masked","GDPR Masked","GDPR Masked","GDPR Masked","GDPR Masked","gdpr-masking@gdpr-masked.com","GDPR Masked","GDPR Masked","","","","","","","","","","","ns23.shneider-host.ru","ns24.shneider-host.ru","","","clientTransferProhibited","","",""
"31","cursosmonicaoliveira.com","2021-07-08 16:49:17","2021-07-05","2021-07-05","2022-07-05","303","PDR Ltd. d/b/a PublicDomainRegistry.com","whois.publicdomainregistry.com","http://www.publicdomainregistry.com","GDPR Masked","GDPR Masked","GDPR Masked","GDPR Masked","Sao Joao de Ver - St M da Feira","GDPR Masked","Portugal","gdpr-masking@gdpr-masked.com","GDPR Masked","GDPR Masked","GDPR Masked","GDPR Masked","GDPR Masked","GDPR Masked","GDPR Masked","GDPR Masked","GDPR Masked","gdpr-masking@gdpr-masked.com","GDPR Masked","GDPR Masked","GDPR Masked","GDPR Masked","GDPR Masked","GDPR Masked","GDPR Masked","GDPR Masked","GDPR Masked","gdpr-masking@gdpr-masked.com","GDPR Masked","GDPR Masked","","","","","","","","","","","ns1.webhs.org","ns2.webhs.org","ns3.webhs.org","ns4.webhs.org","clientTransferProhibited","","",""
"32","delhidarbartorresvedras.com","2021-07-08 16:47:39","2021-07-05","2021-07-05","2022-07-05","168","Register.it SPA","whois.register.it","http://we.register.it","REDACTED FOR PRIVACY","Manjeet & Kulwant, Lda","REDACTED FOR PRIVACY","REDACTED FOR PRIVACY","Lisboa","REDACTED FOR PRIVACY","Portugal","","REDACTED.FORPRIVACY","REDACTED.FORPRIVACY","REDACTED FOR PRIVACY","REDACTED FOR PRIVACY","REDACTED FOR PRIVACY","REDACTED FOR PRIVACY","REDACTED FOR PRIVACY","REDACTED FOR PRIVACY","REDACTED FOR PRIVACY","","REDACTED.FORPRIVACY","REDACTED.FORPRIVACY","REDACTED FOR PRIVACY","REDACTED FOR PRIVACY","REDACTED FOR PRIVACY","REDACTED FOR PRIVACY","REDACTED FOR PRIVACY","REDACTED FOR PRIVACY","REDACTED FOR PRIVACY","","REDACTED.FORPRIVACY","REDACTED.FORPRIVACY","","","","","","","","","","","dns1.host-redirect.com","dns2.host-redirect.com","dns3.host-redirect.com","dns4.host-redirect.com","clientDeleteProhibited","clientTransferProhibited","clientUpdateProhibited",""
"33","easyhousecondominios.com","2021-07-08 16:44:37","2021-07-05","2021-07-05","2022-07-05","106","Ascio Technologies, Inc. Danmark - Filial af Ascio technologies, Inc. USA","whois.ascio.com","http://www.ascio.com","Not Disclosed","Not Disclosed","Not Disclosed","Not Disclosed","","Not Disclosed","Portugal","","Not Disclosed","Not Disclosed","Not Disclosed","Not Disclosed","Not Disclosed","Not Disclosed","Not Disclosed","Not Disclosed","Not Disclosed","","Not Disclosed","Not Disclosed","Not Disclosed","Not Disclosed","Not Disclosed","Not Disclosed","Not Disclosed","Not Disclosed","Not Disclosed","","Not Disclosed","Not Disclosed","","","","","","","","","","","dns1.123hjemmeside.dk","dns2.123hjemmeside.dk","dns3.123hjemmeside.dk","","OK","","",""
"34","edgarcostapt.com","2021-07-08 16:44:34","2021-07-05","2021-07-05","2022-07-05","146","GoDaddy.com, LLC","whois.godaddy.com","http://registrar.godaddy.com","Predimed","Predimed","","","Granho","","Portugal","","","","","","","","","","","","","","","","","","","","","","","","","","","","","","","","","","ns35.domaincontrol.com","ns36.domaincontrol.com","","","clientDeleteProhibited","clientRenewProhibited","clientTransferProhibited","clientUpdateProhibited"
"35","emptytroubles.com","2021-07-08 16:43:33","2021-07-05","2021-07-05","2022-07-05","433","OVH sas","whois.ovh.com","http://www.ovh.com","REDACTED FOR PRIVACY","","REDACTED FOR PRIVACY","REDACTED FOR PRIVACY","","REDACTED FOR PRIVACY","Portugal","","REDACTED FOR PRIVACY","REDACTED FOR PRIVACY","REDACTED FOR PRIVACY","REDACTED FOR PRIVACY","REDACTED FOR PRIVACY","REDACTED FOR PRIVACY","REDACTED FOR PRIVACY","REDACTED FOR PRIVACY","REDACTED FOR PRIVACY","","REDACTED FOR PRIVACY","REDACTED FOR PRIVACY","REDACTED FOR PRIVACY","REDACTED FOR PRIVACY","REDACTED FOR PRIVACY","REDACTED FOR PRIVACY","REDACTED FOR PRIVACY","REDACTED FOR PRIVACY","REDACTED FOR PRIVACY","","REDACTED FOR PRIVACY","REDACTED FOR PRIVACY","","","","","","","","","","","ns1.emptytroubles.pt","ns2.emptytroubles.pt","","","clientDeleteProhibited","clientTransferProhibited","",""
"36","enews.website","2021-07-08 14:52:24","2021-07-05","2021-07-05","2022-07-05","1647","Hosting Concepts B.V. dba Openprovider","whois.registrar.eu","http://www.openprovider.com","","","","","","","Portugal","","","","","","","","","","","","","","","","","","","","","","","","","","","","","","","","","","dns1.host-redirect.com","dns2.host-redirect.com","dns3.host-redirect.com","dns4.host-redirect.com","addPeriod","clientTransferProhibited","serverTransferProhibited",""
"37","equipacb.com","2021-07-08 16:43:19","2021-07-05","2021-07-05","2022-07-05","168","Register.it SPA","whois.register.it","http://we.register.it","REDACTED FOR PRIVACY","HLH, Lda","REDACTED FOR PRIVACY","REDACTED FOR PRIVACY","","REDACTED FOR PRIVACY","Portugal","","REDACTED.FORPRIVACY","REDACTED.FORPRIVACY","REDACTED FOR PRIVACY","REDACTED FOR PRIVACY","REDACTED FOR PRIVACY","REDACTED FOR PRIVACY","REDACTED FOR PRIVACY","REDACTED FOR PRIVACY","REDACTED FOR PRIVACY","","REDACTED.FORPRIVACY","REDACTED.FORPRIVACY","REDACTED FOR PRIVACY","REDACTED FOR PRIVACY","REDACTED FOR PRIVACY","REDACTED FOR PRIVACY","REDACTED FOR PRIVACY","REDACTED FOR PRIVACY","REDACTED FOR PRIVACY","","REDACTED.FORPRIVACY","REDACTED.FORPRIVACY","","","","","","","","","","","dns1.host-redirect.com","dns2.host-redirect.com","dns3.host-redirect.com","dns4.host-redirect.com","clientDeleteProhibited","clientTransferProhibited","clientUpdateProhibited",""
"38","ericeiraicecream.com","2021-07-08 16:43:10","2021-07-05","2021-07-05","2022-07-05","168","Register.it SPA","whois.register.it","http://we.register.it","REDACTED FOR PRIVACY","Filipe Blanquet","REDACTED FOR PRIVACY","REDACTED FOR PRIVACY","LI","REDACTED FOR PRIVACY","Portugal","","REDACTED.FORPRIVACY","REDACTED.FORPRIVACY","REDACTED FOR PRIVACY","REDACTED FOR PRIVACY","REDACTED FOR PRIVACY","REDACTED FOR PRIVACY","REDACTED FOR PRIVACY","REDACTED FOR PRIVACY","REDACTED FOR PRIVACY","","REDACTED.FORPRIVACY","REDACTED.FORPRIVACY","REDACTED FOR PRIVACY","REDACTED FOR PRIVACY","REDACTED FOR PRIVACY","REDACTED FOR PRIVACY","REDACTED FOR PRIVACY","REDACTED FOR PRIVACY","REDACTED FOR PRIVACY","","REDACTED.FORPRIVACY","REDACTED.FORPRIVACY","","","","","","","","","","","ns1.amenworld.com","ns2.amenworld.com","","","OK","","",""
"39","evafialho.com","2021-07-08 16:42:20","2021-07-05","2021-07-05","2022-07-05","433","OVH sas","whois.ovh.com","http://www.ovh.com","REDACTED FOR PRIVACY","Transmit You, Lda","REDACTED FOR PRIVACY","REDACTED FOR PRIVACY","","REDACTED FOR PRIVACY","Portugal","","REDACTED FOR PRIVACY","REDACTED FOR PRIVACY","REDACTED FOR PRIVACY","REDACTED FOR PRIVACY","REDACTED FOR PRIVACY","REDACTED FOR PRIVACY","REDACTED FOR PRIVACY","REDACTED FOR PRIVACY","REDACTED FOR PRIVACY","","REDACTED FOR PRIVACY","REDACTED FOR PRIVACY","REDACTED FOR PRIVACY","REDACTED FOR PRIVACY","REDACTED FOR PRIVACY","REDACTED FOR PRIVACY","REDACTED FOR PRIVACY","REDACTED FOR PRIVACY","REDACTED FOR PRIVACY","","REDACTED FOR PRIVACY","REDACTED FOR PRIVACY","","","","","","","","","","","dns106.ovh.net","ns106.ovh.net","","","clientDeleteProhibited","clientTransferProhibited","",""
"40","eventeam.gifts","2021-07-08 15:45:48","2021-07-05","2021-07-05","2022-07-05","146","GoDaddy.com, LLC","whois.godaddy.com","http://registrar.godaddy.com","REDACTED FOR PRIVACY","Eventeam","REDACTED FOR PRIVACY","REDACTED FOR PRIVACY","Faro","REDACTED FOR PRIVACY","Portugal","","REDACTED FOR PRIVACY","REDACTED FOR PRIVACY","","","","","","","","","","","","","","","","","","","","","","","","","","","","","","","","","","","addPeriod","clientDeleteProhibited","clientRenewProhibited","clientTransferProhibited"
"41","fcl-nucleo.com","2021-07-08 16:41:13","2021-07-05","2021-07-05","2022-07-05","168","Register.it SPA","whois.register.it","http://we.register.it","REDACTED FOR PRIVACY","Rec","REDACTED FOR PRIVACY","REDACTED FOR PRIVACY","","REDACTED FOR PRIVACY","Portugal","","REDACTED.FORPRIVACY","REDACTED.FORPRIVACY","REDACTED FOR PRIVACY","REDACTED FOR PRIVACY","REDACTED FOR PRIVACY","REDACTED FOR PRIVACY","REDACTED FOR PRIVACY","REDACTED FOR PRIVACY","REDACTED FOR PRIVACY","","REDACTED.FORPRIVACY","REDACTED.FORPRIVACY","REDACTED FOR PRIVACY","REDACTED FOR PRIVACY","REDACTED FOR PRIVACY","REDACTED FOR PRIVACY","REDACTED FOR PRIVACY","REDACTED FOR PRIVACY","REDACTED FOR PRIVACY","","REDACTED.FORPRIVACY","REDACTED.FORPRIVACY","","","","","","","","","","","dns1.host-redirect.com","dns2.host-redirect.com","dns3.host-redirect.com","dns4.host-redirect.com","clientDeleteProhibited","clientTransferProhibited","clientUpdateProhibited",""
"42","fo-steel.com","2021-07-08 16:40:07","2021-07-05","2021-07-05","2026-07-05","303","PDR Ltd. d/b/a PublicDomainRegistry.com","whois.publicdomainregistry.com","http://www.publicdomainregistry.com","GDPR Masked","GDPR Masked","GDPR Masked","GDPR Masked","Portugal","GDPR Masked","Portugal","gdpr-masking@gdpr-masked.com","GDPR Masked","GDPR Masked","GDPR Masked","GDPR Masked","GDPR Masked","GDPR Masked","GDPR Masked","GDPR Masked","GDPR Masked","gdpr-masking@gdpr-masked.com","GDPR Masked","GDPR Masked","GDPR Masked","GDPR Masked","GDPR Masked","GDPR Masked","GDPR Masked","GDPR Masked","GDPR Masked","gdpr-masking@gdpr-masked.com","GDPR Masked","GDPR Masked","","","","","","","","","","","ns5.mydnspt.net","ns6.mydnspt.net","","","clientTransferProhibited","","",""
"43","foxtil.com","2021-07-08 16:39:22","2021-07-05","2021-07-05","2022-07-05","168","Register.it SPA","whois.register.it","http://we.register.it","REDACTED FOR PRIVACY","Ediprinter, Lda","REDACTED FOR PRIVACY","REDACTED FOR PRIVACY","Vila do Conde","REDACTED FOR PRIVACY","Portugal","","REDACTED.FORPRIVACY","REDACTED.FORPRIVACY","REDACTED FOR PRIVACY","REDACTED FOR PRIVACY","REDACTED FOR PRIVACY","REDACTED FOR PRIVACY","REDACTED FOR PRIVACY","REDACTED FOR PRIVACY","REDACTED FOR PRIVACY","","REDACTED.FORPRIVACY","REDACTED.FORPRIVACY","REDACTED FOR PRIVACY","REDACTED FOR PRIVACY","REDACTED FOR PRIVACY","REDACTED FOR PRIVACY","REDACTED FOR PRIVACY","REDACTED FOR PRIVACY","REDACTED FOR PRIVACY","","REDACTED.FORPRIVACY","REDACTED.FORPRIVACY","","","","","","","","","","","ns1.mydnspt.net","ns2.mydnspt.net","ns7.mydnspt.net","ns8.mydnspt.net","clientDeleteProhibited","clientTransferProhibited","clientUpdateProhibited",""
"44","freecryptobonus.space","2021-07-08 15:09:59","2021-07-05","2021-07-05","2022-07-05","1647","Hosting Concepts B.V. dba Openprovider","whois.registrar.eu","http://www.openprovider.com","","","","","","","Portugal","","","","","","","","","","","","","","","","","","","","","","","","","","","","","","","","","","dns1.host-redirect.com","dns2.host-redirect.com","dns3.host-redirect.com","dns4.host-redirect.com","addPeriod","clientTransferProhibited","serverTransferProhibited",""
"45","freecryptobonus.website","2021-07-08 14:52:23","2021-07-05","2021-07-05","2022-07-05","1647","Hosting Concepts B.V. dba Openprovider","whois.registrar.eu","http://www.openprovider.com","","","","","","","Portugal","","","","","","","","","","","","","","","","","","","","","","","","","","","","","","","","","","dns1.host-redirect.com","dns2.host-redirect.com","dns3.host-redirect.com","dns4.host-redirect.com","addPeriod","clientTransferProhibited","serverTransferProhibited",""
"46","front-head.com","2021-07-08 16:38:58","2021-07-05","2021-07-05","2022-07-05","168","Register.it SPA","whois.register.it","http://we.register.it","REDACTED FOR PRIVACY","Front-Head","REDACTED FOR PRIVACY","REDACTED FOR PRIVACY","","REDACTED FOR PRIVACY","Portugal","","REDACTED.FORPRIVACY","REDACTED.FORPRIVACY","REDACTED FOR PRIVACY","REDACTED FOR PRIVACY","REDACTED FOR PRIVACY","REDACTED FOR PRIVACY","REDACTED FOR PRIVACY","REDACTED FOR PRIVACY","REDACTED FOR PRIVACY","","REDACTED.FORPRIVACY","REDACTED.FORPRIVACY","REDACTED FOR PRIVACY","REDACTED FOR PRIVACY","REDACTED FOR PRIVACY","REDACTED FOR PRIVACY","REDACTED FOR PRIVACY","REDACTED FOR PRIVACY","REDACTED FOR PRIVACY","","REDACTED.FORPRIVACY","REDACTED.FORPRIVACY","","","","","","","","","","","dns1.host-redirect.com","dns2.host-redirect.com","dns3.host-redirect.com","dns4.host-redirect.com","clientDeleteProhibited","clientTransferProhibited","clientUpdateProhibited",""
"47","gasos79.online","2021-07-08 15:27:16","2021-07-05","2021-07-05","2022-07-05","625","Name.com, Inc.","whois.name.com","http://www.name.com","","","","","Portugal","","Portugal","","","","","","","","","","","","","","","","","","","","","","","","","","","","","","","","","","mustafa.ns.cloudflare.com","robin.ns.cloudflare.com","","","addPeriod","clientTransferProhibited","serverTransferProhibited",""
"48","generatoreozono.net","2021-07-08 15:32:00","2021-07-04","2021-07-04","2022-07-04","1910","CloudFlare, Inc.","whois.cloudflare.com","http://www.cloudflare.com","DATA REDACTED","DATA REDACTED","DATA REDACTED","DATA REDACTED","Braga","DATA REDACTED","Portugal","","DATA REDACTED","DATA REDACTED","DATA REDACTED","DATA REDACTED","DATA REDACTED","DATA REDACTED","DATA REDACTED","DATA REDACTED","DATA REDACTED","","DATA REDACTED","DATA REDACTED","DATA REDACTED","DATA REDACTED","DATA REDACTED","DATA REDACTED","DATA REDACTED","DATA REDACTED","DATA REDACTED","","DATA REDACTED","DATA REDACTED","DATA REDACTED","DATA REDACTED","DATA REDACTED","DATA REDACTED","DATA REDACTED","DATA REDACTED","DATA REDACTED","","DATA REDACTED","DATA REDACTED","edna.ns.cloudflare.com","greg.ns.cloudflare.com","","","clientTransferProhibited","","",""
"49","gohexavr.com","2021-07-08 16:37:18","2021-07-05","2021-07-05","2024-07-05","303","PDR Ltd. d/b/a PublicDomainRegistry.com","whois.publicdomainregistry.com","http://www.publicdomainregistry.com","GDPR Masked","GDPR Masked","GDPR Masked","GDPR Masked","Portugal","GDPR Masked","Portugal","gdpr-masking@gdpr-masked.com","GDPR Masked","GDPR Masked","GDPR Masked","GDPR Masked","GDPR Masked","GDPR Masked","GDPR Masked","GDPR Masked","GDPR Masked","gdpr-masking@gdpr-masked.com","GDPR Masked","GDPR Masked","GDPR Masked","GDPR Masked","GDPR Masked","GDPR Masked","GDPR Masked","GDPR Masked","GDPR Masked","gdpr-masking@gdpr-masked.com","GDPR Masked","GDPR Masked","","","","","","","","","","","ns46.mydnspt.net","ns47.mydnspt.net","","","clientTransferProhibited","","",""
"50","guesthousepull.com","2021-07-08 16:35:56","2021-07-05","2021-07-05","2022-07-05","303","PDR Ltd. d/b/a PublicDomainRegistry.com","whois.publicdomainregistry.com","http://www.publicdomainregistry.com","GDPR Masked","GDPR Masked","GDPR Masked","GDPR Masked","Vagos","GDPR Masked","Portugal","gdpr-masking@gdpr-masked.com","GDPR Masked","GDPR Masked","GDPR Masked","GDPR Masked","GDPR Masked","GDPR Masked","GDPR Masked","GDPR Masked","GDPR Masked","gdpr-masking@gdpr-masked.com","GDPR Masked","GDPR Masked","GDPR Masked","GDPR Masked","GDPR Masked","GDPR Masked","GDPR Masked","GDPR Masked","GDPR Masked","gdpr-masking@gdpr-masked.com","GDPR Masked","GDPR Masked","","","","","","","","","","","ns1.dnscpanel.com","ns2.dnscpanel.com","ns3.dnscpanel.com","ns4.pro-x-web.com","clientTransferProhibited","","",""
"51","iamsidsaint.com","2021-07-08 16:35:13","2021-07-05","2021-07-05","2023-07-05","146","GoDaddy.com, LLC","whois.godaddy.com","http://registrar.godaddy.com","Sid Saint","Sid Saint","","","Ilha da Madeira","","Portugal","","","","","","","","","","","","","","","","","","","","","","","","","","","","","","","","","","ns09.domaincontrol.com","ns10.domaincontrol.com","","","clientDeleteProhibited","clientRenewProhibited","clientTransferProhibited","clientUpdateProhibited"
"52","indianewsupdate.website","2021-07-08 14:52:15","2021-07-05","2021-07-05","2022-07-05","1647","Hosting Concepts B.V. dba Openprovider","whois.registrar.eu","http://www.openprovider.com","","","","","","","Portugal","","","","","","","","","","","","","","","","","","","","","","","","","","","","","","","","","","dns1.host-redirect.com","dns2.host-redirect.com","dns3.host-redirect.com","dns4.host-redirect.com","addPeriod","clientTransferProhibited","serverTransferProhibited",""
"53","invincibleanarchy.com","2021-07-08 16:33:17","2021-07-05","2021-07-05","2022-07-05","146","GoDaddy.com, LLC","whois.godaddy.com","http://registrar.godaddy.com","DerCraft","DerCraft","","","Porto","","Portugal","","","","","","","","","","","","","","","","","","","","","","","","","","","","","","","","","","ns35.domaincontrol.com","ns36.domaincontrol.com","","","clientDeleteProhibited","clientRenewProhibited","clientTransferProhibited","clientUpdateProhibited"
"54","jtpsteel.com","2021-07-08 16:31:21","2021-07-05","2021-07-05","2022-07-05","303","PDR Ltd. d/b/a PublicDomainRegistry.com","whois.publicdomainregistry.com","http://www.publicdomainregistry.com","GDPR Masked","GDPR Masked","GDPR Masked","GDPR Masked","Pacos de Ferreira","GDPR Masked","Portugal","gdpr-masking@gdpr-masked.com","GDPR Masked","GDPR Masked","GDPR Masked","GDPR Masked","GDPR Masked","GDPR Masked","GDPR Masked","GDPR Masked","GDPR Masked","gdpr-masking@gdpr-masked.com","GDPR Masked","GDPR Masked","GDPR Masked","GDPR Masked","GDPR Masked","GDPR Masked","GDPR Masked","GDPR Masked","GDPR Masked","gdpr-masking@gdpr-masked.com","GDPR Masked","GDPR Masked","","","","","","","","","","","ns1.mydnspt.net","ns2.mydnspt.net","ns7.mydnspt.net","ns8.mydnspt.net","clientTransferProhibited","","",""
"55","kassaportugal.com","2021-07-08 16:30:09","2021-07-05","2021-07-05","2022-07-05","955","Launchpad, Inc.","whois.launchpad.com","http://www.launchpad.com","GDPR Masked","GDPR Masked","GDPR Masked","GDPR Masked","13","GDPR Masked","Portugal","gdpr-masking@gdpr-masked.com","GDPR Masked","GDPR Masked","GDPR Masked","GDPR Masked","GDPR Masked","GDPR Masked","GDPR Masked","GDPR Masked","GDPR Masked","gdpr-masking@gdpr-masked.com","GDPR Masked","GDPR Masked","GDPR Masked","GDPR Masked","GDPR Masked","GDPR Masked","GDPR Masked","GDPR Masked","GDPR Masked","gdpr-masking@gdpr-masked.com","GDPR Masked","GDPR Masked","","","","","","","","","","","ns8449.hostgator.com","ns8450.hostgator.com","","","clientTransferProhibited","","",""
"56","kito-recherche.com","2021-07-08 16:29:15","2021-07-05","2021-07-05","2022-07-05","1647","Hosting Concepts B.V. dba Openprovider","whois.registrar.eu","http://www.openprovider.com","REDACTED FOR PRIVACY","","REDACTED FOR PRIVACY","REDACTED FOR PRIVACY","Leiria","REDACTED FOR PRIVACY","Portugal","","REDACTED FOR PRIVACY","REDACTED FOR PRIVACY","REDACTED FOR PRIVACY","REDACTED FOR PRIVACY","REDACTED FOR PRIVACY","REDACTED FOR PRIVACY","REDACTED FOR PRIVACY","REDACTED FOR PRIVACY","REDACTED FOR PRIVACY","","REDACTED FOR PRIVACY","REDACTED FOR PRIVACY","REDACTED FOR PRIVACY","REDACTED FOR PRIVACY","REDACTED FOR PRIVACY","REDACTED FOR PRIVACY","REDACTED FOR PRIVACY","REDACTED FOR PRIVACY","REDACTED FOR PRIVACY","","REDACTED FOR PRIVACY","REDACTED FOR PRIVACY","","","","","","","","","","","ns1.dns-parking.com","ns2.dns-parking.com","","","clientTransferProhibited","","",""
"57","kroyance.com","2021-07-08 17:59:21","2021-07-05","2021-07-05","2023-07-05","146","GoDaddy.com, LLC","whois.godaddy.com","http://registrar.godaddy.com","","","","","Lisbon","","Portugal","","","","","","","","","","","","","","","","","","","","","","","","","","","","","","","","","","ns55.domaincontrol.com","ns56.domaincontrol.com","","","clientDeleteProhibited","clientRenewProhibited","clientTransferProhibited","clientUpdateProhibited"
"58","licencas-portugal.com","2021-07-08 16:26:39","2021-07-05","2021-07-05","2022-07-05","168","Register.it SPA","whois.register.it","http://we.register.it","REDACTED FOR PRIVACY","Joao","REDACTED FOR PRIVACY","REDACTED FOR PRIVACY","PO","REDACTED FOR PRIVACY","Portugal","","REDACTED.FORPRIVACY","REDACTED.FORPRIVACY","REDACTED FOR PRIVACY","REDACTED FOR PRIVACY","REDACTED FOR PRIVACY","REDACTED FOR PRIVACY","REDACTED FOR PRIVACY","REDACTED FOR PRIVACY","REDACTED FOR PRIVACY","","REDACTED.FORPRIVACY","REDACTED.FORPRIVACY","REDACTED FOR PRIVACY","REDACTED FOR PRIVACY","REDACTED FOR PRIVACY","REDACTED FOR PRIVACY","REDACTED FOR PRIVACY","REDACTED FOR PRIVACY","REDACTED FOR PRIVACY","","REDACTED.FORPRIVACY","REDACTED.FORPRIVACY","","","","","","","","","","","ns1.adworld.cloud","ns2.adworld.cloud","","","OK","","",""
"59","luisakoyama.com","2021-07-08 16:25:16","2021-07-05","2021-07-05","2022-07-05","146","GoDaddy.com, LLC","whois.godaddy.com","http://registrar.godaddy.com","","","","","Lisboa","","Portugal","","","","","","","","","","","","","","","","","","","","","","","","","","","","","","","","","","ns71.domaincontrol.com","ns72.domaincontrol.com","","","clientDeleteProhibited","clientRenewProhibited","clientTransferProhibited","clientUpdateProhibited"
"60","m3stre.site","2021-07-08 15:11:14","2021-07-05","2021-07-05","2022-07-05","625","Name.com, Inc.","whois.name.com","http://www.name.com","","","","","Portugal","","Portugal","","","","","","","","","","","","","","","","","","","","","","","","","","","","","","","","","","mustafa.ns.cloudflare.com","robin.ns.cloudflare.com","","","addPeriod","clientTransferProhibited","serverTransferProhibited",""
"61","machinalapoert.com","2021-07-08 16:24:41","2021-07-05","2021-07-05","2022-07-05","1328","RegistryGate GmbH","whois.registrygate.com","http://www.registrygate.com","REDACTED FOR PRIVACY","REDACTED FOR PRIVACY","REDACTED FOR PRIVACY REDACTED FOR PRIVACY REDACTED FOR PRIVACY","REDACTED FOR PRIVACY","","REDACTED FOR PRIVACY","Portugal","info@domain-contact.org","REDACTED FOR PRIVACY","REDACTED FOR PRIVACY","REDACTED FOR PRIVACY","REDACTED FOR PRIVACY","REDACTED FOR PRIVACY REDACTED FOR PRIVACY REDACTED FOR PRIVACY","REDACTED FOR PRIVACY","REDACTED FOR PRIVACY","REDACTED FOR PRIVACY","REDACTED FOR PRIVACY","info@domain-contact.org","REDACTED FOR PRIVACY","REDACTED FOR PRIVACY","REDACTED FOR PRIVACY","REDACTED FOR PRIVACY","REDACTED FOR PRIVACY REDACTED FOR PRIVACY REDACTED FOR PRIVACY","REDACTED FOR PRIVACY","REDACTED FOR PRIVACY","REDACTED FOR PRIVACY","REDACTED FOR PRIVACY","info@domain-contact.org","REDACTED FOR PRIVACY","REDACTED FOR PRIVACY","REDACTED FOR PRIVACY","REDACTED FOR PRIVACY","REDACTED FOR PRIVACY REDACTED FOR PRIVACY REDACTED FOR PRIVACY","REDACTED FOR PRIVACY","REDACTED FOR PRIVACY","REDACTED FOR PRIVACY","REDACTED FOR PRIVACY","info@domain-contact.org","REDACTED FOR PRIVACY","REDACTED FOR PRIVACY","ns5.kasserver.com","ns6.kasserver.com","","","clientTransferProhibited","","",""
"62","maenonimas.com","2021-07-08 16:24:46","2021-07-05","2021-07-05","2022-07-05","2487","Internet Domain Services BS Corp","whois.publicinterestregistry.net","http://www.internetbs.net","Not disclosed Not disclosed","iDeveloper","Rua Pombal 205 1A","Alcabideche","","2645-074","Portugal","e29421d37b067b8712269e92a65cbb81.gdrp@customers.whoisprivacycorp.com","+351.966133885","","Not disclosed Not disclosed","iDeveloper","Rua Pombal 205 1A","Alcabideche","","2645-074","Portugal","e29421d37b067b8712269e92a65cbb81.gdrp@customers.whoisprivacycorp.com","+351.966133885","","Not disclosed Not disclosed","iDeveloper","Rua Pombal 205 1A","Alcabideche","","2645-074","Portugal","e29421d37b067b8712269e92a65cbb81.gdrp@customers.whoisprivacycorp.com","+351.966133885","","","","","","","","","","","","dana.ns.cloudflare.com","ken.ns.cloudflare.com","","","clientTransferProhibited","ok","",""
"63","maiaonroad.com","2021-07-08 16:23:42","2021-07-05","2021-07-05","2022-07-05","303","PDR Ltd. d/b/a PublicDomainRegistry.com","whois.publicdomainregistry.com","http://www.publicdomainregistry.com","GDPR Masked","GDPR Masked","GDPR Masked","GDPR Masked","Portugal","GDPR Masked","Portugal","gdpr-masking@gdpr-masked.com","GDPR Masked","GDPR Masked","GDPR Masked","GDPR Masked","GDPR Masked","GDPR Masked","GDPR Masked","GDPR Masked","GDPR Masked","gdpr-masking@gdpr-masked.com","GDPR Masked","GDPR Masked","GDPR Masked","GDPR Masked","GDPR Masked","GDPR Masked","GDPR Masked","GDPR Masked","GDPR Masked","gdpr-masking@gdpr-masked.com","GDPR Masked","GDPR Masked","","","","","","","","","","","ns1.mydnspt.net","ns2.mydnspt.net","ns7.mydnspt.net","ns8.mydnspt.net","clientTransferProhibited","","",""
"64","malimarapomls.com","2021-07-08 16:23:32","2021-07-05","2021-07-05","2022-07-05","1328","RegistryGate GmbH","whois.registrygate.com","http://www.registrygate.com","REDACTED FOR PRIVACY","REDACTED FOR PRIVACY","REDACTED FOR PRIVACY REDACTED FOR PRIVACY REDACTED FOR PRIVACY","REDACTED FOR PRIVACY","","REDACTED FOR PRIVACY","Portugal","info@domain-contact.org","REDACTED FOR PRIVACY","REDACTED FOR PRIVACY","REDACTED FOR PRIVACY","REDACTED FOR PRIVACY","REDACTED FOR PRIVACY REDACTED FOR PRIVACY REDACTED FOR PRIVACY","REDACTED FOR PRIVACY","REDACTED FOR PRIVACY","REDACTED FOR PRIVACY","REDACTED FOR PRIVACY","info@domain-contact.org","REDACTED FOR PRIVACY","REDACTED FOR PRIVACY","REDACTED FOR PRIVACY","REDACTED FOR PRIVACY","REDACTED FOR PRIVACY REDACTED FOR PRIVACY REDACTED FOR PRIVACY","REDACTED FOR PRIVACY","REDACTED FOR PRIVACY","REDACTED FOR PRIVACY","REDACTED FOR PRIVACY","info@domain-contact.org","REDACTED FOR PRIVACY","REDACTED FOR PRIVACY","REDACTED FOR PRIVACY","REDACTED FOR PRIVACY","REDACTED FOR PRIVACY REDACTED FOR PRIVACY REDACTED FOR PRIVACY","REDACTED FOR PRIVACY","REDACTED FOR PRIVACY","REDACTED FOR PRIVACY","REDACTED FOR PRIVACY","info@domain-contact.org","REDACTED FOR PRIVACY","REDACTED FOR PRIVACY","ns5.kasserver.com","ns6.kasserver.com","","","clientTransferProhibited","","",""
"65","maximeoptica.com","2021-07-08 16:22:50","2021-07-05","2021-07-06","2022-07-05","168","Register.it SPA","whois.register.it","http://we.register.it","Global Domain Privacy","GLOBAL DOMAIN PRIVACY","Parque Multiusos, Areal Gordo Lt. 3A","Faro","Faro","8005-409","Portugal","z21g5kqqgxxrn1122@dominiosprivateregistration.com","+351.210081081","","Global Domain Privacy","GLOBAL DOMAIN PRIVACY","Parque Multiusos, Areal Gordo Lt. 3A","Faro","Faro","8005-409","Portugal","z21g5kqqgxxrn1122@dominiosprivateregistration.com","+351.210081081","","Global Domain Privacy","GLOBAL DOMAIN PRIVACY","Parque Multiusos, Areal Gordo Lt. 3A","Faro","Faro","8005-409","Portugal","z21g5kqqgxxrn1122@dominiosprivateregistration.com","+351.210081081","","","","","","","","","","","","ns1.dnscpanel.com","ns2.dnscpanel.com","ns3.dnscpanel.com","","OK","","",""
"66","monteseguro.com","2021-07-08 16:19:56","2021-07-05","2021-07-05","2022-07-05","168","Register.it SPA","whois.register.it","http://we.register.it","REDACTED FOR PRIVACY","Monte Seguro","REDACTED FOR PRIVACY","REDACTED FOR PRIVACY","","REDACTED FOR PRIVACY","Portugal","","REDACTED.FORPRIVACY","REDACTED.FORPRIVACY","REDACTED FOR PRIVACY","REDACTED FOR PRIVACY","REDACTED FOR PRIVACY","REDACTED FOR PRIVACY","REDACTED FOR PRIVACY","REDACTED FOR PRIVACY","REDACTED FOR PRIVACY","","REDACTED.FORPRIVACY","REDACTED.FORPRIVACY","REDACTED FOR PRIVACY","REDACTED FOR PRIVACY","REDACTED FOR PRIVACY","REDACTED FOR PRIVACY","REDACTED FOR PRIVACY","REDACTED FOR PRIVACY","REDACTED FOR PRIVACY","","REDACTED.FORPRIVACY","REDACTED.FORPRIVACY","","","","","","","","","","","dns1.host-redirect.com","dns2.host-redirect.com","dns3.host-redirect.com","dns4.host-redirect.com","clientDeleteProhibited","clientTransferProhibited","clientUpdateProhibited",""
"67","morsa.photography","2021-07-08 14:50:02","2021-07-05","2021-07-05","2022-07-05","433","OVH sas","whois.ovh.com","http://www.ovh.com","REDACTED FOR PRIVACY","","REDACTED FOR PRIVACY","REDACTED FOR PRIVACY","","REDACTED FOR PRIVACY","Portugal","","REDACTED FOR PRIVACY","REDACTED FOR PRIVACY","","","","","","","","","","","","","","","","","","","","","","","","","","","","","","","","","","","addPeriod","clientDeleteProhibited","clientTransferProhibited",""
"68","morsaphotography.com","2021-07-08 16:19:41","2021-07-05","2021-07-05","2022-07-05","433","OVH sas","whois.ovh.com","http://www.ovh.com","REDACTED FOR PRIVACY","","REDACTED FOR PRIVACY","REDACTED FOR PRIVACY","","REDACTED FOR PRIVACY","Portugal","","REDACTED FOR PRIVACY","REDACTED FOR PRIVACY","REDACTED FOR PRIVACY","REDACTED FOR PRIVACY","REDACTED FOR PRIVACY","REDACTED FOR PRIVACY","REDACTED FOR PRIVACY","REDACTED FOR PRIVACY","REDACTED FOR PRIVACY","","REDACTED FOR PRIVACY","REDACTED FOR PRIVACY","REDACTED FOR PRIVACY","REDACTED FOR PRIVACY","REDACTED FOR PRIVACY","REDACTED FOR PRIVACY","REDACTED FOR PRIVACY","REDACTED FOR PRIVACY","REDACTED FOR PRIVACY","","REDACTED FOR PRIVACY","REDACTED FOR PRIVACY","","","","","","","","","","","lars.ns.cloudflare.com","lucy.ns.cloudflare.com","","","clientDeleteProhibited","clientTransferProhibited","",""
"69","motionwings.site","2021-07-08 15:11:15","2021-07-05","2021-07-05","2022-07-05","1647","Hosting Concepts B.V. dba Openprovider","whois.registrar.eu","http://www.openprovider.com","MotionWings Tours E Transfers","MotionWings Tours E Transfers","","","","","Portugal","","","","","","","","","","","","","","","","","","","","","","","","","","","","","","","","","","dns1.host-redirect.com","dns2.host-redirect.com","dns3.host-redirect.com","dns4.host-redirect.com","addPeriod","clientTransferProhibited","serverTransferProhibited",""
"70","multieuro.online","2021-07-08 15:26:15","2021-07-05","2021-07-05","2022-07-05","146","GoDaddy.com, LLC","whois.godaddy.com","http://registrar.godaddy.com","TZIMIZUM SOCIEDADE UNIPESSOAL LDA","TZIMIZUM SOCIEDADE UNIPESSOAL LDA","","","Porto","","Portugal","","","","","","","","","","","","","","","","","","","","","","","","","","","","","","","","","","ns69.domaincontrol.com","ns70.domaincontrol.com","","","addPeriod","clientDeleteProhibited","clientRenewProhibited","clientTransferProhibited"
"71","naprimeirapessoa.net","2021-07-08 15:30:25","2021-07-04","2021-07-04","2022-07-04","106","Ascio Technologies, Inc. Danmark - Filial af Ascio technologies, Inc. USA","whois.ascio.com","http://www.ascio.com","Not Disclosed","Not Disclosed","Not Disclosed","Not Disclosed","","Not Disclosed","Portugal","","Not Disclosed","Not Disclosed","Not Disclosed","Not Disclosed","Not Disclosed","Not Disclosed","Not Disclosed","Not Disclosed","Not Disclosed","","Not Disclosed","Not Disclosed","Not Disclosed","Not Disclosed","Not Disclosed","Not Disclosed","Not Disclosed","Not Disclosed","Not Disclosed","","Not Disclosed","Not Disclosed","","","","","","","","","","","dns1.123hjemmeside.dk","dns2.123hjemmeside.dk","dns3.123hjemmeside.dk","","OK","","",""
"72","naudbeach.com","2021-07-08 16:18:17","2021-07-05","2021-07-05","2022-07-05","168","Register.it SPA","whois.register.it","http://we.register.it","REDACTED FOR PRIVACY","MD Global Consulting Lda.","REDACTED FOR PRIVACY","REDACTED FOR PRIVACY","LI","REDACTED FOR PRIVACY","Portugal","","REDACTED.FORPRIVACY","REDACTED.FORPRIVACY","REDACTED FOR PRIVACY","REDACTED FOR PRIVACY","REDACTED FOR PRIVACY","REDACTED FOR PRIVACY","REDACTED FOR PRIVACY","REDACTED FOR PRIVACY","REDACTED FOR PRIVACY","","REDACTED.FORPRIVACY","REDACTED.FORPRIVACY","REDACTED FOR PRIVACY","REDACTED FOR PRIVACY","REDACTED FOR PRIVACY","REDACTED FOR PRIVACY","REDACTED FOR PRIVACY","REDACTED FOR PRIVACY","REDACTED FOR PRIVACY","","REDACTED.FORPRIVACY","REDACTED.FORPRIVACY","","","","","","","","","","","ns1.amenworld.com","ns2.amenworld.com","","","OK","","",""
"73","naudubaibeach.com","2021-07-08 16:18:22","2021-07-05","2021-07-05","2022-07-05","168","Register.it SPA","whois.register.it","http://we.register.it","REDACTED FOR PRIVACY","MD Global Consulting Lda.","REDACTED FOR PRIVACY","REDACTED FOR PRIVACY","LI","REDACTED FOR PRIVACY","Portugal","","REDACTED.FORPRIVACY","REDACTED.FORPRIVACY","REDACTED FOR PRIVACY","REDACTED FOR PRIVACY","REDACTED FOR PRIVACY","REDACTED FOR PRIVACY","REDACTED FOR PRIVACY","REDACTED FOR PRIVACY","REDACTED FOR PRIVACY","","REDACTED.FORPRIVACY","REDACTED.FORPRIVACY","REDACTED FOR PRIVACY","REDACTED FOR PRIVACY","REDACTED FOR PRIVACY","REDACTED FOR PRIVACY","REDACTED FOR PRIVACY","REDACTED FOR PRIVACY","REDACTED FOR PRIVACY","","REDACTED.FORPRIVACY","REDACTED.FORPRIVACY","","","","","","","","","","","ns1.amenworld.com","ns2.amenworld.com","","","OK","","",""
"74","naurestaurant.com","2021-07-08 16:18:18","2021-07-05","2021-07-05","2022-07-05","168","Register.it SPA","whois.register.it","http://we.register.it","REDACTED FOR PRIVACY","MD Global Consulting Lda.","REDACTED FOR PRIVACY","REDACTED FOR PRIVACY","LI","REDACTED FOR PRIVACY","Portugal","","REDACTED.FORPRIVACY","REDACTED.FORPRIVACY","REDACTED FOR PRIVACY","REDACTED FOR PRIVACY","REDACTED FOR PRIVACY","REDACTED FOR PRIVACY","REDACTED FOR PRIVACY","REDACTED FOR PRIVACY","REDACTED FOR PRIVACY","","REDACTED.FORPRIVACY","REDACTED.FORPRIVACY","REDACTED FOR PRIVACY","REDACTED FOR PRIVACY","REDACTED FOR PRIVACY","REDACTED FOR PRIVACY","REDACTED FOR PRIVACY","REDACTED FOR PRIVACY","REDACTED FOR PRIVACY","","REDACTED.FORPRIVACY","REDACTED.FORPRIVACY","","","","","","","","","","","ns1.amenworld.com","ns2.amenworld.com","","","OK","","",""
"75","newsportugal.website","2021-07-08 14:52:18","2021-07-05","2021-07-05","2022-07-05","1647","Hosting Concepts B.V. dba Openprovider","whois.registrar.eu","http://www.openprovider.com","","","","","","","Portugal","","","","","","","","","","","","","","","","","","","","","","","","","","","","","","","","","","dns1.host-redirect.com","dns2.host-redirect.com","dns3.host-redirect.com","dns4.host-redirect.com","addPeriod","clientTransferProhibited","serverTransferProhibited",""
"76","offroad-developments.com","2021-07-08 14:40:34","2021-07-05","2021-07-05","2022-07-05","168","Register.it SPA","whois.register.it","http://we.register.it","REDACTED FOR PRIVACY","Performance Inside","REDACTED FOR PRIVACY","REDACTED FOR PRIVACY","CO","REDACTED FOR PRIVACY","Portugal","","REDACTED.FORPRIVACY","REDACTED.FORPRIVACY","REDACTED FOR PRIVACY","REDACTED FOR PRIVACY","REDACTED FOR PRIVACY","REDACTED FOR PRIVACY","REDACTED FOR PRIVACY","REDACTED FOR PRIVACY","REDACTED FOR PRIVACY","","REDACTED.FORPRIVACY","REDACTED.FORPRIVACY","REDACTED FOR PRIVACY","REDACTED FOR PRIVACY","REDACTED FOR PRIVACY","REDACTED FOR PRIVACY","REDACTED FOR PRIVACY","REDACTED FOR PRIVACY","REDACTED FOR PRIVACY","","REDACTED.FORPRIVACY","REDACTED.FORPRIVACY","","","","","","","","","","","ns1.amenworld.com","ns2.amenworld.com","","","OK","","",""
"77","offroaddevelopments.com","2021-07-08 14:40:29","2021-07-05","2021-07-05","2022-07-05","168","Register.it SPA","whois.register.it","http://we.register.it","REDACTED FOR PRIVACY","Performance Inside","REDACTED FOR PRIVACY","REDACTED FOR PRIVACY","CO","REDACTED FOR PRIVACY","Portugal","","REDACTED.FORPRIVACY","REDACTED.FORPRIVACY","REDACTED FOR PRIVACY","REDACTED FOR PRIVACY","REDACTED FOR PRIVACY","REDACTED FOR PRIVACY","REDACTED FOR PRIVACY","REDACTED FOR PRIVACY","REDACTED FOR PRIVACY","","REDACTED.FORPRIVACY","REDACTED.FORPRIVACY","REDACTED FOR PRIVACY","REDACTED FOR PRIVACY","REDACTED FOR PRIVACY","REDACTED FOR PRIVACY","REDACTED FOR PRIVACY","REDACTED FOR PRIVACY","REDACTED FOR PRIVACY","","REDACTED.FORPRIVACY","REDACTED.FORPRIVACY","","","","","","","","","","","ns1.amenworld.com","ns2.amenworld.com","","","OK","","",""
"78","ok-saude.com","2021-07-08 14:40:23","2021-07-05","2021-07-05","2022-07-05","48","eNom, Inc.","whois.enom.com","http://www.enom.com","REDACTED FOR PRIVACY","REDACTED FOR PRIVACY","REDACTED FOR PRIVACY","REDACTED FOR PRIVACY","Lisboa","REDACTED FOR PRIVACY","Portugal","","REDACTED FOR PRIVACY","REDACTED FOR PRIVACY","REDACTED FOR PRIVACY","REDACTED FOR PRIVACY","REDACTED FOR PRIVACY","REDACTED FOR PRIVACY","REDACTED FOR PRIVACY","REDACTED FOR PRIVACY","REDACTED FOR PRIVACY","","REDACTED FOR PRIVACY","REDACTED FOR PRIVACY","REDACTED FOR PRIVACY","REDACTED FOR PRIVACY","REDACTED FOR PRIVACY","REDACTED FOR PRIVACY","REDACTED FOR PRIVACY","REDACTED FOR PRIVACY","REDACTED FOR PRIVACY","","REDACTED FOR PRIVACY","REDACTED FOR PRIVACY","","","","","","","","","","","ns5.awardspace.com","ns6.awardspace.com","","","addPeriod","clientTransferProhibited","",""
"79","olimpiophotography.com","2021-07-08 14:40:15","2021-07-06","2021-07-06","2022-07-05","168","Register.it SPA","whois.register.it","http://we.register.it","REDACTED FOR PRIVACY","REDACTED FOR PRIVACY","REDACTED FOR PRIVACY","REDACTED FOR PRIVACY","AC","REDACTED FOR PRIVACY","Portugal","","REDACTED.FORPRIVACY","REDACTED.FORPRIVACY","REDACTED FOR PRIVACY","REDACTED FOR PRIVACY","REDACTED FOR PRIVACY","REDACTED FOR PRIVACY","REDACTED FOR PRIVACY","REDACTED FOR PRIVACY","REDACTED FOR PRIVACY","","REDACTED.FORPRIVACY","REDACTED.FORPRIVACY","REDACTED FOR PRIVACY","REDACTED FOR PRIVACY","REDACTED FOR PRIVACY","REDACTED FOR PRIVACY","REDACTED FOR PRIVACY","REDACTED FOR PRIVACY","REDACTED FOR PRIVACY","","REDACTED.FORPRIVACY","REDACTED.FORPRIVACY","","","","","","","","","","","ns1.amenworld.com","ns2.amenworld.com","","","OK","","",""
"80","omniabodycare.com","2021-07-08 14:40:11","2021-07-05","2021-07-05","2022-07-05","168","Register.it SPA","whois.register.it","http://we.register.it","REDACTED FOR PRIVACY","Omnia Body Care, Lda.","REDACTED FOR PRIVACY","REDACTED FOR PRIVACY","","REDACTED FOR PRIVACY","Portugal","","REDACTED.FORPRIVACY","REDACTED.FORPRIVACY","REDACTED FOR PRIVACY","REDACTED FOR PRIVACY","REDACTED FOR PRIVACY","REDACTED FOR PRIVACY","REDACTED FOR PRIVACY","REDACTED FOR PRIVACY","REDACTED FOR PRIVACY","","REDACTED.FORPRIVACY","REDACTED.FORPRIVACY","REDACTED FOR PRIVACY","REDACTED FOR PRIVACY","REDACTED FOR PRIVACY","REDACTED FOR PRIVACY","REDACTED FOR PRIVACY","REDACTED FOR PRIVACY","REDACTED FOR PRIVACY","","REDACTED.FORPRIVACY","REDACTED.FORPRIVACY","","","","","","","","","","","dns1.host-redirect.com","dns2.host-redirect.com","dns3.host-redirect.com","dns4.host-redirect.com","clientDeleteProhibited","clientTransferProhibited","clientUpdateProhibited",""
"81","omniabodycare.online","2021-07-08 15:26:16","2021-07-05","2021-07-05","2022-07-05","1647","Hosting Concepts B.V. dba Openprovider","whois.registrar.eu","http://www.openprovider.com","Omnia Body Care, Lda.","Omnia Body Care, Lda.","","","","","Portugal","","","","","","","","","","","","","","","","","","","","","","","","","","","","","","","","","","dns1.host-redirect.com","dns2.host-redirect.com","dns3.host-redirect.com","dns4.host-redirect.com","addPeriod","clientTransferProhibited","serverTransferProhibited",""
"82","omniabodycare.store","2021-07-08 15:08:28","2021-07-05","2021-07-05","2022-07-05","1647","Hosting Concepts B.V. dba Openprovider","whois.registrar.eu","http://www.openprovider.com","Omnia Body Care, Lda.","Omnia Body Care, Lda.","","","","","Portugal","","","","","","","","","","","","","","","","","","","","","","","","","","","","","","","","","","dns1.host-redirect.com","dns2.host-redirect.com","dns3.host-redirect.com","dns4.host-redirect.com","addPeriod","clientTransferProhibited","serverTransferProhibited",""
"83","omononomo.com","2021-07-08 14:40:08","2021-07-05","2021-07-07","2022-07-05","146","GoDaddy.com, LLC","whois.godaddy.com","http://registrar.godaddy.com","96 Til Infinity, Unipessoal Lda.","96 Til Infinity, Unipessoal Lda.","","","Porto","","Portugal","","","","","","","","","","","","","","","","","","","","","","","","","","","","","","","","","","dns2003a.trouble-free.net","dns2003b.trouble-free.net","","","clientDeleteProhibited","clientRenewProhibited","clientTransferProhibited","clientUpdateProhibited"
"84","outeyroretreat.com","2021-07-08 16:17:21","2021-07-05","2021-07-05","2022-07-05","303","PDR Ltd. d/b/a PublicDomainRegistry.com","whois.publicdomainregistry.com","http://www.publicdomainregistry.com","GDPR Masked","GDPR Masked","GDPR Masked","GDPR Masked","Porto","GDPR Masked","Portugal","gdpr-masking@gdpr-masked.com","GDPR Masked","GDPR Masked","GDPR Masked","GDPR Masked","GDPR Masked","GDPR Masked","GDPR Masked","GDPR Masked","GDPR Masked","gdpr-masking@gdpr-masked.com","GDPR Masked","GDPR Masked","GDPR Masked","GDPR Masked","GDPR Masked","GDPR Masked","GDPR Masked","GDPR Masked","GDPR Masked","gdpr-masking@gdpr-masked.com","GDPR Masked","GDPR Masked","","","","","","","","","","","ns1.mydnspt.net","ns2.mydnspt.net","ns7.mydnspt.net","ns8.mydnspt.net","clientTransferProhibited","","",""
"85","ownlifedigital.com","2021-07-08 16:17:16","2021-07-05","2021-07-05","2022-07-05","146","GoDaddy.com, LLC","whois.godaddy.com","http://registrar.godaddy.com","","","","","Lisboa","","Portugal","","","","","","","","","","","","","","","","","","","","","","","","","","","","","","","","","","ns11.domaincontrol.com","ns12.domaincontrol.com","","","clientDeleteProhibited","clientRenewProhibited","clientTransferProhibited","clientUpdateProhibited"
"86","pack3.space","2021-07-08 15:09:51","2021-07-05","2021-07-05","2022-07-05","146","GoDaddy.com, LLC","whois.godaddy.com","http://registrar.godaddy.com","Nimervima, lda","Nimervima, lda","","","Lisboa","","Portugal","","","","","","","","","","","","","","","","","","","","","","","","","","","","","","","","","","ns15.domaincontrol.com","ns16.domaincontrol.com","","","addPeriod","clientDeleteProhibited","clientRenewProhibited","clientTransferProhibited"
"87","paoemcasaparquedasnacoes.com","2021-07-08 16:17:00","2021-07-05","2021-07-05","2022-07-05","303","PDR Ltd. d/b/a PublicDomainRegistry.com","whois.publicdomainregistry.com","http://www.publicdomainregistry.com","GDPR Masked","GDPR Masked","GDPR Masked","GDPR Masked","","GDPR Masked","Portugal","gdpr-masking@gdpr-masked.com","GDPR Masked","GDPR Masked","GDPR Masked","GDPR Masked","GDPR Masked","GDPR Masked","GDPR Masked","GDPR Masked","GDPR Masked","gdpr-masking@gdpr-masked.com","GDPR Masked","GDPR Masked","GDPR Masked","GDPR Masked","GDPR Masked","GDPR Masked","GDPR Masked","GDPR Masked","GDPR Masked","gdpr-masking@gdpr-masked.com","GDPR Masked","GDPR Masked","","","","","","","","","","","ns1.webhs.org","ns2.webhs.org","ns3.webhs.org","ns4.webhs.org","clientTransferProhibited","","",""
"88","patudopet.com","2021-07-08 16:16:39","2021-07-05","2021-07-06","2022-07-05","1647","Hosting Concepts B.V. dba Openprovider","whois.registrar.eu","http://www.openprovider.com","REDACTED FOR PRIVACY","My Casual Pet","REDACTED FOR PRIVACY","REDACTED FOR PRIVACY","Porto","REDACTED FOR PRIVACY","Portugal","","REDACTED FOR PRIVACY","REDACTED FOR PRIVACY","REDACTED FOR PRIVACY","REDACTED FOR PRIVACY","REDACTED FOR PRIVACY","REDACTED FOR PRIVACY","REDACTED FOR PRIVACY","REDACTED FOR PRIVACY","REDACTED FOR PRIVACY","","REDACTED FOR PRIVACY","REDACTED FOR PRIVACY","REDACTED FOR PRIVACY","REDACTED FOR PRIVACY","REDACTED FOR PRIVACY","REDACTED FOR PRIVACY","REDACTED FOR PRIVACY","REDACTED FOR PRIVACY","REDACTED FOR PRIVACY","","REDACTED FOR PRIVACY","REDACTED FOR PRIVACY","","","","","","","","","","","ns1.dns-parking.com","ns2.dns-parking.com","","","clientTransferProhibited","","",""
"89","pedroantunes.site","2021-07-08 15:10:30","2021-07-05","2021-07-05","2022-07-05","1647","Hosting Concepts B.V. dba Openprovider","whois.registrar.eu","http://www.openprovider.com","Kfixe","Kfixe","","","Viana do Castelo","","Portugal","","","","","","","","","","","","","","","","","","","","","","","","","","","","","","","","","","dns1.host-redirect.com","dns2.host-redirect.com","dns3.host-redirect.com","dns4.host-redirect.com","addPeriod","clientTransferProhibited","serverTransferProhibited",""
"90","phiaylindittrich.com","2021-07-08 16:16:09","2021-07-05","2021-07-05","2022-07-05","1408","united-domains AG","whois.udag.net","http://www.united-domains.de","","","","","","","Portugal","","","","","","","","","","","","","","","","","","","","","","","","","","","","","","","","","","ns.udag.de","ns.udag.net","ns.udag.org","","clientTransferProhibited","","",""
"91","placeofdogs.com","2021-07-08 17:30:34","2021-07-05","2021-07-05","2022-07-05","146","GoDaddy.com, LLC","whois.godaddy.com","http://registrar.godaddy.com","","","","","Setubal","","Portugal","","","","","","","","","","","","","","","","","","","","","","","","","","","","","","","","","","ns09.domaincontrol.com","ns10.domaincontrol.com","","","clientDeleteProhibited","clientRenewProhibited","clientTransferProhibited","clientUpdateProhibited"
"92","plazahotellucchesi.com","2021-07-08 16:15:22","2021-07-05","2021-07-05","2022-07-05","146","GoDaddy.com, LLC","whois.godaddy.com","http://registrar.godaddy.com","Nuno Ricardo Ferreira do Amaral","Nuno Ricardo Ferreira do Amaral","","","Viseu","","Portugal","","","","","","","","","","","","","","","","","","","","","","","","","","","","","","","","","","ns1.ptservidor.net","ns2.ptservidor.net","ns3.ptservidor.net","","clientDeleteProhibited","clientRenewProhibited","clientTransferProhibited","clientUpdateProhibited"
"93","portmoz.com","2021-07-08 16:14:34","2021-07-05","2021-07-05","2022-07-05","113","CSL Computer Service Langenbach GmbH d/b/a joker.com","whois.joker.com","http://www.joker.com","","","","","","","Portugal","","","","","","","","","","","","","","","","","","","","","","","","","","","","","","","","","","x.ns.joker.com","y.ns.joker.com","z.ns.joker.com","","clientTransferProhibited","","",""
"94","pouzstore.com","2021-07-08 16:14:29","2021-07-05","2021-07-06","2022-07-05","1647","Hosting Concepts B.V. dba Openprovider","whois.registrar.eu","http://www.openprovider.com","REDACTED FOR PRIVACY","Pouz Store","REDACTED FOR PRIVACY","REDACTED FOR PRIVACY","Lisboa","REDACTED FOR PRIVACY","Portugal","","REDACTED FOR PRIVACY","REDACTED FOR PRIVACY","REDACTED FOR PRIVACY","REDACTED FOR PRIVACY","REDACTED FOR PRIVACY","REDACTED FOR PRIVACY","REDACTED FOR PRIVACY","REDACTED FOR PRIVACY","REDACTED FOR PRIVACY","","REDACTED FOR PRIVACY","REDACTED FOR PRIVACY","REDACTED FOR PRIVACY","REDACTED FOR PRIVACY","REDACTED FOR PRIVACY","REDACTED FOR PRIVACY","REDACTED FOR PRIVACY","REDACTED FOR PRIVACY","REDACTED FOR PRIVACY","","REDACTED FOR PRIVACY","REDACTED FOR PRIVACY","","","","","","","","","","","ns1.dns-parking.com","ns2.dns-parking.com","","","clientTransferProhibited","","",""
"95","pt-empregos.club","2021-07-08 18:45:37","2021-07-05","2021-07-05","2022-07-05","146","GoDaddy.com, LLC","whois.godaddy.com","http://registrar.godaddy.com","REDACTED FOR PRIVACY","","REDACTED FOR PRIVACY REDACTED FOR PRIVACY REDACTED FOR PRIVACY","REDACTED FOR PRIVACY","Aveiro","REDACTED FOR PRIVACY","Portugal","","REDACTED FOR PRIVACY","REDACTED FOR PRIVACY","REDACTED FOR PRIVACY","REDACTED FOR PRIVACY","REDACTED FOR PRIVACY REDACTED FOR PRIVACY REDACTED FOR PRIVACY","REDACTED FOR PRIVACY","REDACTED FOR PRIVACY","REDACTED FOR PRIVACY","REDACTED FOR PRIVACY","","REDACTED FOR PRIVACY","REDACTED FOR PRIVACY","REDACTED FOR PRIVACY","REDACTED FOR PRIVACY","REDACTED FOR PRIVACY REDACTED FOR PRIVACY REDACTED FOR PRIVACY","REDACTED FOR PRIVACY","REDACTED FOR PRIVACY","REDACTED FOR PRIVACY","REDACTED FOR PRIVACY","","REDACTED FOR PRIVACY","REDACTED FOR PRIVACY","","","","","","","","","","","ns15.domaincontrol.com","ns16.domaincontrol.com","","","addPeriod","clientDeleteProhibited","clientRenewProhibited","clientTransferProhibited"
"96","puxacabos.online","2021-07-08 15:26:09","2021-07-05","2021-07-05","2022-07-05","625","Name.com, Inc.","whois.name.com","http://www.name.com","","","","","Portugal","","Portugal","","","","","","","","","","","","","","","","","","","","","","","","","","","","","","","","","","mustafa.ns.cloudflare.com","robin.ns.cloudflare.com","","","addPeriod","clientTransferProhibited","serverTransferProhibited",""
"97","recargames.com","2021-07-08 16:12:12","2021-07-05","2021-07-05","2022-07-05","433","OVH sas","whois.ovh.com","http://www.ovh.com","REDACTED FOR PRIVACY","TIMWE","REDACTED FOR PRIVACY","REDACTED FOR PRIVACY","","REDACTED FOR PRIVACY","Portugal","","REDACTED FOR PRIVACY","REDACTED FOR PRIVACY","REDACTED FOR PRIVACY","REDACTED FOR PRIVACY","REDACTED FOR PRIVACY","REDACTED FOR PRIVACY","REDACTED FOR PRIVACY","REDACTED FOR PRIVACY","REDACTED FOR PRIVACY","","REDACTED FOR PRIVACY","REDACTED FOR PRIVACY","REDACTED FOR PRIVACY","REDACTED FOR PRIVACY","REDACTED FOR PRIVACY","REDACTED FOR PRIVACY","REDACTED FOR PRIVACY","REDACTED FOR PRIVACY","REDACTED FOR PRIVACY","","REDACTED FOR PRIVACY","REDACTED FOR PRIVACY","","","","","","","","","","","dns200.anycast.me","ns200.anycast.me","","","clientDeleteProhibited","clientTransferProhibited","",""
"98","remontoptimo.com","2021-07-08 17:28:27","2021-07-05","2021-07-05","2022-07-05","433","OVH sas","whois.ovh.com","http://www.ovh.com","REDACTED FOR PRIVACY","","REDACTED FOR PRIVACY","REDACTED FOR PRIVACY","Lisboa","REDACTED FOR PRIVACY","Portugal","","REDACTED FOR PRIVACY","REDACTED FOR PRIVACY","REDACTED FOR PRIVACY","REDACTED FOR PRIVACY","REDACTED FOR PRIVACY","REDACTED FOR PRIVACY","REDACTED FOR PRIVACY","REDACTED FOR PRIVACY","REDACTED FOR PRIVACY","","REDACTED FOR PRIVACY","REDACTED FOR PRIVACY","REDACTED FOR PRIVACY","REDACTED FOR PRIVACY","REDACTED FOR PRIVACY","REDACTED FOR PRIVACY","REDACTED FOR PRIVACY","REDACTED FOR PRIVACY","REDACTED FOR PRIVACY","","REDACTED FOR PRIVACY","REDACTED FOR PRIVACY","","","","","","","","","","","dns106.ovh.net","ns106.ovh.net","","","clientDeleteProhibited","clientTransferProhibited","",""
"99","ruipereira.space","2021-07-08 15:09:49","2021-07-05","2021-07-05","2022-07-05","1647","Hosting Concepts B.V. dba Openprovider","whois.registrar.eu","http://www.openprovider.com","","","","","","","Portugal","","","","","","","","","","","","","","","","","","","","","","","","","","","","","","","","","","ns1.xmhosting.net","ns2.xmhosting.net","","","addPeriod","clientTransferProhibited","serverTransferProhibited",""
"100","runningmasterplan.com","2021-07-08 16:09:53","2021-07-05","2021-07-05","2022-07-05","303","PDR Ltd. d/b/a PublicDomainRegistry.com","whois.publicdomainregistry.com","http://www.publicdomainregistry.com","GDPR Masked","GDPR Masked","GDPR Masked","GDPR Masked","Lisboa","GDPR Masked","Portugal","gdpr-masking@gdpr-masked.com","GDPR Masked","GDPR Masked","GDPR Masked","GDPR Masked","GDPR Masked","GDPR Masked","GDPR Masked","GDPR Masked","GDPR Masked","gdpr-masking@gdpr-masked.com","GDPR Masked","GDPR Masked","GDPR Masked","GDPR Masked","GDPR Masked","GDPR Masked","GDPR Masked","GDPR Masked","GDPR Masked","gdpr-masking@gdpr-masked.com","GDPR Masked","GDPR Masked","","","","","","","","","","","ns1.webhs.org","ns2.webhs.org","ns3.webhs.org","ns4.webhs.org","clientTransferProhibited","","",""
"101","saavedraportela.com","2021-07-08 16:09:48","2021-07-05","2021-07-05","2026-07-05","168","Register.it SPA","whois.register.it","http://we.register.it","REDACTED FOR PRIVACY","Margarida Saavedra Unip LDA","REDACTED FOR PRIVACY","REDACTED FOR PRIVACY","Aveiro","REDACTED FOR PRIVACY","Portugal","","REDACTED.FORPRIVACY","REDACTED.FORPRIVACY","REDACTED FOR PRIVACY","REDACTED FOR PRIVACY","REDACTED FOR PRIVACY","REDACTED FOR PRIVACY","REDACTED FOR PRIVACY","REDACTED FOR PRIVACY","REDACTED FOR PRIVACY","","REDACTED.FORPRIVACY","REDACTED.FORPRIVACY","REDACTED FOR PRIVACY","REDACTED FOR PRIVACY","REDACTED FOR PRIVACY","REDACTED FOR PRIVACY","REDACTED FOR PRIVACY","REDACTED FOR PRIVACY","REDACTED FOR PRIVACY","","REDACTED.FORPRIVACY","REDACTED.FORPRIVACY","","","","","","","","","","","dns1.host-redirect.com","dns2.host-redirect.com","dns3.host-redirect.com","dns4.host-redirect.com","clientDeleteProhibited","clientTransferProhibited","clientUpdateProhibited",""
"102","seedeur.com","2021-07-08 17:25:55","2021-07-05","2021-07-05","2022-07-05","3444","DropCatch.com 1235 LLC","","","Redacted for GDPR privacy","","Redacted for GDPR privacy","Redacted for GDPR privacy","Braga","Redacted for GDPR privacy","Portugal","seedeur.com@namebrightprivacy.com","Redacted for GDPR privacy","Redacted for GDPR privacy","Redacted for GDPR privacy","Redacted for GDPR privacy","Redacted for GDPR privacy","Redacted for GDPR privacy","Redacted for GDPR privacy","Redacted for GDPR privacy","Redacted for GDPR privacy","seedeur.com@namebrightprivacy.com","Redacted for GDPR privacy","Redacted for GDPR privacy","Redacted for GDPR privacy","Redacted for GDPR privacy","Redacted for GDPR privacy","Redacted for GDPR privacy","Redacted for GDPR privacy","Redacted for GDPR privacy","Redacted for GDPR privacy","seedeur.com@namebrightprivacy.com","Redacted for GDPR privacy","Redacted for GDPR privacy","","","","","","","","","","","","","","","clientTransferProhibited","","",""
"103","serportugues.website","2021-07-08 14:52:11","2021-07-05","2021-07-05","2022-07-05","1647","Hosting Concepts B.V. dba Openprovider","whois.registrar.eu","http://www.openprovider.com","","","","","","","Portugal","","","","","","","","","","","","","","","","","","","","","","","","","","","","","","","","","","dns1.host-redirect.com","dns2.host-redirect.com","dns3.host-redirect.com","dns4.host-redirect.com","addPeriod","clientTransferProhibited","serverTransferProhibited",""
"104","sesimbraicecream.com","2021-07-08 16:07:37","2021-07-05","2021-07-05","2022-07-05","168","Register.it SPA","whois.register.it","http://we.register.it","REDACTED FOR PRIVACY","Filipe Blanquet","REDACTED FOR PRIVACY","REDACTED FOR PRIVACY","LI","REDACTED FOR PRIVACY","Portugal","","REDACTED.FORPRIVACY","REDACTED.FORPRIVACY","REDACTED FOR PRIVACY","REDACTED FOR PRIVACY","REDACTED FOR PRIVACY","REDACTED FOR PRIVACY","REDACTED FOR PRIVACY","REDACTED FOR PRIVACY","REDACTED FOR PRIVACY","","REDACTED.FORPRIVACY","REDACTED.FORPRIVACY","REDACTED FOR PRIVACY","REDACTED FOR PRIVACY","REDACTED FOR PRIVACY","REDACTED FOR PRIVACY","REDACTED FOR PRIVACY","REDACTED FOR PRIVACY","REDACTED FOR PRIVACY","","REDACTED.FORPRIVACY","REDACTED.FORPRIVACY","","","","","","","","","","","ns1.amenworld.com","ns2.amenworld.com","","","OK","","",""
"105","sidsaint.com","2021-07-08 18:14:50","2021-07-05","2021-07-05","2023-07-05","146","GoDaddy.com, LLC","whois.godaddy.com","http://registrar.godaddy.com","Sid Saint","Sid Saint","","","Ilha da Madeira","","Portugal","","","","","","","","","","","","","","","","","","","","","","","","","","","","","","","","","","ns71.domaincontrol.com","ns72.domaincontrol.com","","","clientDeleteProhibited","clientRenewProhibited","clientTransferProhibited","clientUpdateProhibited"
"106","solidonlinedeals.com","2021-07-08 16:05:06","2021-07-05","2021-07-05","2022-07-05","168","Register.it SPA","whois.register.it","http://we.register.it","REDACTED FOR PRIVACY","Pedro Miguel Dos Santos Lopes Da Mota Pinto","REDACTED FOR PRIVACY","REDACTED FOR PRIVACY","FA","REDACTED FOR PRIVACY","Portugal","","REDACTED.FORPRIVACY","REDACTED.FORPRIVACY","REDACTED FOR PRIVACY","REDACTED FOR PRIVACY","REDACTED FOR PRIVACY","REDACTED FOR PRIVACY","REDACTED FOR PRIVACY","REDACTED FOR PRIVACY","REDACTED FOR PRIVACY","","REDACTED.FORPRIVACY","REDACTED.FORPRIVACY","REDACTED FOR PRIVACY","REDACTED FOR PRIVACY","REDACTED FOR PRIVACY","REDACTED FOR PRIVACY","REDACTED FOR PRIVACY","REDACTED FOR PRIVACY","REDACTED FOR PRIVACY","","REDACTED.FORPRIVACY","REDACTED.FORPRIVACY","","","","","","","","","","","dns1.plaindns.net","dns2.plaindns.net","","","OK","","",""
"107","somoslamego.com","2021-07-08 16:04:57","2021-07-05","2021-07-05","2022-07-05","168","Register.it SPA","whois.register.it","http://we.register.it","REDACTED FOR PRIVACY","PSD - Lamego","REDACTED FOR PRIVACY","REDACTED FOR PRIVACY","VI","REDACTED FOR PRIVACY","Portugal","","REDACTED.FORPRIVACY","REDACTED.FORPRIVACY","REDACTED FOR PRIVACY","REDACTED FOR PRIVACY","REDACTED FOR PRIVACY","REDACTED FOR PRIVACY","REDACTED FOR PRIVACY","REDACTED FOR PRIVACY","REDACTED FOR PRIVACY","","REDACTED.FORPRIVACY","REDACTED.FORPRIVACY","REDACTED FOR PRIVACY","REDACTED FOR PRIVACY","REDACTED FOR PRIVACY","REDACTED FOR PRIVACY","REDACTED FOR PRIVACY","REDACTED FOR PRIVACY","REDACTED FOR PRIVACY","","REDACTED.FORPRIVACY","REDACTED.FORPRIVACY","","","","","","","","","","","ns1.amenworld.com","ns2.amenworld.com","","","OK","","",""
"108","soumbocadinhofazmal.com","2021-07-08 16:04:45","2021-07-05","2021-07-05","2022-07-05","168","Register.it SPA","whois.register.it","http://we.register.it","REDACTED FOR PRIVACY","REDACTED FOR PRIVACY","REDACTED FOR PRIVACY","REDACTED FOR PRIVACY","FA","REDACTED FOR PRIVACY","Portugal","","REDACTED.FORPRIVACY","REDACTED.FORPRIVACY","REDACTED FOR PRIVACY","REDACTED FOR PRIVACY","REDACTED FOR PRIVACY","REDACTED FOR PRIVACY","REDACTED FOR PRIVACY","REDACTED FOR PRIVACY","REDACTED FOR PRIVACY","","REDACTED.FORPRIVACY","REDACTED.FORPRIVACY","REDACTED FOR PRIVACY","REDACTED FOR PRIVACY","REDACTED FOR PRIVACY","REDACTED FOR PRIVACY","REDACTED FOR PRIVACY","REDACTED FOR PRIVACY","REDACTED FOR PRIVACY","","REDACTED.FORPRIVACY","REDACTED.FORPRIVACY","","","","","","","","","","","ns1.amenworld.com","ns2.amenworld.com","","","OK","","",""
"109","standupboat.com","2021-07-08 16:04:10","2021-07-05","2021-07-05","2022-07-05","168","Register.it SPA","whois.register.it","http://we.register.it","REDACTED FOR PRIVACY","Further Marine , Unipessoal Lda","REDACTED FOR PRIVACY","REDACTED FOR PRIVACY","Lisboa","REDACTED FOR PRIVACY","Portugal","","REDACTED.FORPRIVACY","REDACTED.FORPRIVACY","REDACTED FOR PRIVACY","REDACTED FOR PRIVACY","REDACTED FOR PRIVACY","REDACTED FOR PRIVACY","REDACTED FOR PRIVACY","REDACTED FOR PRIVACY","REDACTED FOR PRIVACY","","REDACTED.FORPRIVACY","REDACTED.FORPRIVACY","REDACTED FOR PRIVACY","REDACTED FOR PRIVACY","REDACTED FOR PRIVACY","REDACTED FOR PRIVACY","REDACTED FOR PRIVACY","REDACTED FOR PRIVACY","REDACTED FOR PRIVACY","","REDACTED.FORPRIVACY","REDACTED.FORPRIVACY","","","","","","","","","","","dns1.host-redirect.com","dns2.host-redirect.com","dns3.host-redirect.com","dns4.host-redirect.com","clientDeleteProhibited","clientTransferProhibited","clientUpdateProhibited",""
"110","temospena.site","2021-07-08 15:10:21","2021-07-05","2021-07-05","2022-07-05","625","Name.com, Inc.","whois.name.com","http://www.name.com","","","","","Portugal","","Portugal","","","","","","","","","","","","","","","","","","","","","","","","","","","","","","","","","","mustafa.ns.cloudflare.com","robin.ns.cloudflare.com","","","addPeriod","clientTransferProhibited","serverTransferProhibited",""
"111","theliftapartments.com","2021-07-08 17:48:04","2021-07-05","2021-07-05","2022-07-05","9","register.com, Inc.","whois.register.com","http://www.register.com","Statutory Masking Enabled","Statutory Masking Enabled","Statutory Masking Enabled","Statutory Masking Enabled","","Statutory Masking Enabled","Portugal","abuse@web.com","Statutory Masking Enabled","Statutory Masking Enabled","Statutory Masking Enabled","Statutory Masking Enabled","Statutory Masking Enabled","Statutory Masking Enabled","Statutory Masking Enabled","Statutory Masking Enabled","Statutory Masking Enabled","abuse@web.com","Statutory Masking Enabled","Statutory Masking Enabled","Statutory Masking Enabled","Statutory Masking Enabled","Statutory Masking Enabled","Statutory Masking Enabled","Statutory Masking Enabled","Statutory Masking Enabled","Statutory Masking Enabled","abuse@web.com","Statutory Masking Enabled","Statutory Masking Enabled","Statutory Masking Enabled","Statutory Masking Enabled","Statutory Masking Enabled","Statutory Masking Enabled","Statutory Masking Enabled","Statutory Masking Enabled","Statutory Masking Enabled","abuse@web.com","Statutory Masking Enabled","Statutory Masking Enabled","ns1.meganameservers.eu","ns2.meganameservers.eu","ns3.meganameservers.eu","","clientTransferProhibited","","",""
"112","tirraat.com","2021-07-08 14:43:16","2021-07-05","2021-07-05","2022-07-05","303","PDR Ltd. d/b/a PublicDomainRegistry.com","whois.publicdomainregistry.com","http://www.publicdomainregistry.com","GDPR Masked","GDPR Masked","GDPR Masked","GDPR Masked","Barreiro","GDPR Masked","Portugal","gdpr-masking@gdpr-masked.com","GDPR Masked","GDPR Masked","GDPR Masked","GDPR Masked","GDPR Masked","GDPR Masked","GDPR Masked","GDPR Masked","GDPR Masked","gdpr-masking@gdpr-masked.com","GDPR Masked","GDPR Masked","GDPR Masked","GDPR Masked","GDPR Masked","GDPR Masked","GDPR Masked","GDPR Masked","GDPR Masked","gdpr-masking@gdpr-masked.com","GDPR Masked","GDPR Masked","","","","","","","","","","","ns1.netprodata.com","ns2.netprodata.com","","","clientTransferProhibited","","",""
"113","transformativemedicines.com","2021-07-08 16:00:41","2021-07-05","2021-07-05","2022-07-05","168","Register.it SPA","whois.register.it","http://we.register.it","REDACTED FOR PRIVACY","Vale Das Lobas, Lda","REDACTED FOR PRIVACY","REDACTED FOR PRIVACY","GU","REDACTED FOR PRIVACY","Portugal","","REDACTED.FORPRIVACY","REDACTED.FORPRIVACY","REDACTED FOR PRIVACY","REDACTED FOR PRIVACY","REDACTED FOR PRIVACY","REDACTED FOR PRIVACY","REDACTED FOR PRIVACY","REDACTED FOR PRIVACY","REDACTED FOR PRIVACY","","REDACTED.FORPRIVACY","REDACTED.FORPRIVACY","REDACTED FOR PRIVACY","REDACTED FOR PRIVACY","REDACTED FOR PRIVACY","REDACTED FOR PRIVACY","REDACTED FOR PRIVACY","REDACTED FOR PRIVACY","REDACTED FOR PRIVACY","","REDACTED.FORPRIVACY","REDACTED.FORPRIVACY","","","","","","","","","","","ns1.amenworld.com","ns2.amenworld.com","","","OK","","",""
"114","unidadepastoralalcacerdosal.com","2021-07-08 15:58:59","2021-07-05","2021-07-05","2022-07-05","168","Register.it SPA","whois.register.it","http://we.register.it","REDACTED FOR PRIVACY","Fabrica Da Igreja Paroquial De Santiago De Alcacer Do Sal","REDACTED FOR PRIVACY","REDACTED FOR PRIVACY","SE","REDACTED FOR PRIVACY","Portugal","","REDACTED.FORPRIVACY","REDACTED.FORPRIVACY","REDACTED FOR PRIVACY","REDACTED FOR PRIVACY","REDACTED FOR PRIVACY","REDACTED FOR PRIVACY","REDACTED FOR PRIVACY","REDACTED FOR PRIVACY","REDACTED FOR PRIVACY","","REDACTED.FORPRIVACY","REDACTED.FORPRIVACY","REDACTED FOR PRIVACY","REDACTED FOR PRIVACY","REDACTED FOR PRIVACY","REDACTED FOR PRIVACY","REDACTED FOR PRIVACY","REDACTED FOR PRIVACY","REDACTED FOR PRIVACY","","REDACTED.FORPRIVACY","REDACTED.FORPRIVACY","","","","","","","","","","","ns1.alba1server.com","ns2.alba1server.com","","","OK","","",""
"115","urbatours.com","2021-07-08 15:58:47","2021-07-05","2021-07-05","2022-07-05","141","Cronon AG","whois.cronon.net","http://www.cronon.net","","","","","","","Portugal","domaincontact@reg.xlink.net","","","","","","","","","","","","","","","","","","","","","","","","","","","","","","","","","docks01.rzone.de","shades03.rzone.de","","","OK","","",""
"116","wildgoose-studio.com","2021-07-08 15:55:36","2021-07-05","2021-07-05","2022-07-05","168","Register.it SPA","whois.register.it","http://we.register.it","REDACTED FOR PRIVACY","REDACTED FOR PRIVACY","REDACTED FOR PRIVACY","REDACTED FOR PRIVACY","SE","REDACTED FOR PRIVACY","Portugal","","REDACTED.FORPRIVACY","REDACTED.FORPRIVACY","REDACTED FOR PRIVACY","REDACTED FOR PRIVACY","REDACTED FOR PRIVACY","REDACTED FOR PRIVACY","REDACTED FOR PRIVACY","REDACTED FOR PRIVACY","REDACTED FOR PRIVACY","","REDACTED.FORPRIVACY","REDACTED.FORPRIVACY","REDACTED FOR PRIVACY","REDACTED FOR PRIVACY","REDACTED FOR PRIVACY","REDACTED FOR PRIVACY","REDACTED FOR PRIVACY","REDACTED FOR PRIVACY","REDACTED FOR PRIVACY","","REDACTED.FORPRIVACY","REDACTED.FORPRIVACY","","","","","","","","","","","ns1.amenworld.com","ns2.amenworld.com","","","OK","","",""
"117","xaminerstats.com","2021-07-08 15:54:46","2021-07-05","2021-07-06","2022-07-05","146","GoDaddy.com, LLC","whois.godaddy.com","http://registrar.godaddy.com","MONZONITO - UNIPESSOAL, LDA","MONZONITO - UNIPESSOAL, LDA","","","Porto","","Portugal","","","","","","","","","","","","","","","","","","","","","","","","","","","","","","","","","","ns405.040services.net","ns406.040services.net","","","clientDeleteProhibited","clientRenewProhibited","clientTransferProhibited","clientUpdateProhibited"
"118","xn--olbombae-9ya.com","2021-07-08 15:53:21","2021-07-05","2021-07-05","2022-07-05","146","GoDaddy.com, LLC","whois.godaddy.com","http://registrar.godaddy.com","Ola Bombae!","Ola Bombae!","","","Lisbon","","Portugal","","","","","","","","","","","","","","","","","","","","","","","","","","","","","","","","","","ns59.domaincontrol.com","ns60.domaincontrol.com","","","clientDeleteProhibited","clientRenewProhibited","clientTransferProhibited","clientUpdateProhibited"
"119","ynltp.com","2021-07-08 14:19:20","2021-07-05","2021-07-05","2023-07-05","168","Register.it SPA","whois.register.it","http://we.register.it","REDACTED FOR PRIVACY","ENGN Technologies","REDACTED FOR PRIVACY","REDACTED FOR PRIVACY","LI","REDACTED FOR PRIVACY","Portugal","","REDACTED.FORPRIVACY","REDACTED.FORPRIVACY","REDACTED FOR PRIVACY","REDACTED FOR PRIVACY","REDACTED FOR PRIVACY","REDACTED FOR PRIVACY","REDACTED FOR PRIVACY","REDACTED FOR PRIVACY","REDACTED FOR PRIVACY","","REDACTED.FORPRIVACY","REDACTED.FORPRIVACY","REDACTED FOR PRIVACY","REDACTED FOR PRIVACY","REDACTED FOR PRIVACY","REDACTED FOR PRIVACY","REDACTED FOR PRIVACY","REDACTED FOR PRIVACY","REDACTED FOR PRIVACY","","REDACTED.FORPRIVACY","REDACTED.FORPRIVACY","","","","","","","","","","","ns1.amenworld.com","ns2.amenworld.com","","","OK","","",""
"120","zeplit.com","2021-07-08 15:50:01","2021-07-05","2021-07-05","2022-07-05","433","OVH sas","whois.ovh.com","http://www.ovh.com","REDACTED FOR PRIVACY","","REDACTED FOR PRIVACY","REDACTED FOR PRIVACY","","REDACTED FOR PRIVACY","Portugal","","REDACTED FOR PRIVACY","REDACTED FOR PRIVACY","REDACTED FOR PRIVACY","REDACTED FOR PRIVACY","REDACTED FOR PRIVACY","REDACTED FOR PRIVACY","REDACTED FOR PRIVACY","REDACTED FOR PRIVACY","REDACTED FOR PRIVACY","","REDACTED FOR PRIVACY","REDACTED FOR PRIVACY","REDACTED FOR PRIVACY","REDACTED FOR PRIVACY","REDACTED FOR PRIVACY","REDACTED FOR PRIVACY","REDACTED FOR PRIVACY","REDACTED FOR PRIVACY","REDACTED FOR PRIVACY","","REDACTED FOR PRIVACY","REDACTED FOR PRIVACY","","","","","","","","","","","dns106.ovh.net","ns106.ovh.net","","","clientDeleteProhibited","clientTransferProhibited","",""