"num","domain_name","query_time","create_date","update_date","expiry_date","domain_registrar_id","domain_registrar_name","domain_registrar_whois","domain_registrar_url","registrant_name","registrant_company","registrant_address","registrant_city","registrant_state","registrant_zip","registrant_country","registrant_email","registrant_phone","registrant_fax","administrative_name","administrative_company","administrative_address","administrative_city","administrative_state","administrative_zip","administrative_country","administrative_email","administrative_phone","administrative_fax","technical_name","technical_company","technical_address","technical_city","technical_state","technical_zip","technical_country","technical_email","technical_phone","technical_fax","billing_name","billing_company","billing_address","billing_city","billing_state","billing_zip","billing_country","billing_email","billing_phone","billing_fax","name_server_1","name_server_2","name_server_3","name_server_4","domain_status_1","domain_status_2","domain_status_3","domain_status_4"
"1","2beonelove.com","2021-07-08 18:58:38","2021-07-08","2021-07-08","2022-07-08","1647","Hosting Concepts B.V. dba Openprovider","whois.registrar.eu","http://www.openprovider.com","REDACTED FOR PRIVACY","WEB CLASS AGENCY S.R.L.","REDACTED FOR PRIVACY","REDACTED FOR PRIVACY","JUD. IASI","REDACTED FOR PRIVACY","Romania","","REDACTED FOR PRIVACY","REDACTED FOR PRIVACY","REDACTED FOR PRIVACY","REDACTED FOR PRIVACY","REDACTED FOR PRIVACY","REDACTED FOR PRIVACY","REDACTED FOR PRIVACY","REDACTED FOR PRIVACY","REDACTED FOR PRIVACY","","REDACTED FOR PRIVACY","REDACTED FOR PRIVACY","REDACTED FOR PRIVACY","REDACTED FOR PRIVACY","REDACTED FOR PRIVACY","REDACTED FOR PRIVACY","REDACTED FOR PRIVACY","REDACTED FOR PRIVACY","REDACTED FOR PRIVACY","","REDACTED FOR PRIVACY","REDACTED FOR PRIVACY","","","","","","","","","","","jimmy.ns.cloudflare.com","oaklyn.ns.cloudflare.com","","","clientTransferProhibited","","",""
"2","activebusinessstrategies.com","2021-07-08 18:43:07","2021-07-05","2021-07-05","2023-07-05","146","GoDaddy.com, LLC","whois.godaddy.com","http://registrar.godaddy.com","","","","","Iasi","","Romania","","","","","","","","","","","","","","","","","","","","","","","","","","","","","","","","","","ns55.domaincontrol.com","ns56.domaincontrol.com","","","clientDeleteProhibited","clientRenewProhibited","clientTransferProhibited","clientUpdateProhibited"
"3","affiliatestore.club","2021-07-08 18:46:31","2021-07-05","2021-07-05","2022-07-05","146","GoDaddy.com, LLC","whois.godaddy.com","http://registrar.godaddy.com","REDACTED FOR PRIVACY","","REDACTED FOR PRIVACY REDACTED FOR PRIVACY REDACTED FOR PRIVACY","REDACTED FOR PRIVACY","","REDACTED FOR PRIVACY","Romania","","REDACTED FOR PRIVACY","REDACTED FOR PRIVACY","REDACTED FOR PRIVACY","REDACTED FOR PRIVACY","REDACTED FOR PRIVACY REDACTED FOR PRIVACY REDACTED FOR PRIVACY","REDACTED FOR PRIVACY","REDACTED FOR PRIVACY","REDACTED FOR PRIVACY","REDACTED FOR PRIVACY","","REDACTED FOR PRIVACY","REDACTED FOR PRIVACY","REDACTED FOR PRIVACY","REDACTED FOR PRIVACY","REDACTED FOR PRIVACY REDACTED FOR PRIVACY REDACTED FOR PRIVACY","REDACTED FOR PRIVACY","REDACTED FOR PRIVACY","REDACTED FOR PRIVACY","REDACTED FOR PRIVACY","","REDACTED FOR PRIVACY","REDACTED FOR PRIVACY","","","","","","","","","","","ns5.l4dns.com","ns6.l4dns.com","","","addPeriod","clientDeleteProhibited","clientRenewProhibited","clientTransferProhibited"
"4","alexonscreen.com","2021-07-08 17:00:27","2021-07-05","2021-07-05","2022-07-05","151","PSI-USA, Inc. dba Domain Robot","whois.psi-usa.info","http://www.psi-usa.info","REDACTED FOR PRIVACY","HOMEMADE ADVERTISING S.R.L.","REDACTED FOR PRIVACY","REDACTED FOR PRIVACY","Bucuresti","REDACTED FOR PRIVACY","Romania","","REDACTED FOR PRIVACY","REDACTED FOR PRIVACY","REDACTED FOR PRIVACY","REDACTED FOR PRIVACY","REDACTED FOR PRIVACY","REDACTED FOR PRIVACY","REDACTED FOR PRIVACY","REDACTED FOR PRIVACY","REDACTED FOR PRIVACY","","REDACTED FOR PRIVACY","REDACTED FOR PRIVACY","REDACTED FOR PRIVACY","REDACTED FOR PRIVACY","REDACTED FOR PRIVACY","REDACTED FOR PRIVACY","REDACTED FOR PRIVACY","REDACTED FOR PRIVACY","REDACTED FOR PRIVACY","","REDACTED FOR PRIVACY","REDACTED FOR PRIVACY","","","","","","","","","","","ns1.mxserver.ro","ns2.mxserver.ro","ns3.mxserver.ro","ns4.mxserver.ro","clientTransferProhibited","","",""
"5","ambulanta.life","2021-07-08 15:40:55","2021-07-05","2021-07-05","2022-07-05","1647","Hosting Concepts B.V. dba Openprovider","whois.registrar.eu","http://www.openprovider.com","REDACTED FOR PRIVACY","Asociatia Ambulanta.Life prin Serviciul Voluntar de Ambulanta","REDACTED FOR PRIVACY","REDACTED FOR PRIVACY","Iasi","REDACTED FOR PRIVACY","Romania","","REDACTED FOR PRIVACY","REDACTED FOR PRIVACY","","","","","","","","","","","","","","","","","","","","","","","","","","","","","","","","","","","addPeriod","clientTransferProhibited","",""
"6","arhitekton.design","2021-07-08 15:47:28","2021-07-05","2021-07-05","2024-07-05","2","Network Solutions, LLC","whois.networksolutions.com","http://networksolutions.com","Arhitekton Ideas","Arhitekton Ideas","","","","","Romania","","","","","","","","","","","","","","","","","","","","","","","","","","","","","","","","","","ns8.wixdns.net","ns9.wixdns.net","","","addPeriod","clientTransferProhibited","serverTransferProhibited",""
"7","atypic.one","2021-07-08 15:28:38","2021-07-05","2021-07-05","2022-07-05","146","GoDaddy.com, LLC","whois.godaddy.com","http://registrar.godaddy.com","REDACTED FOR PRIVACY","Monotone Design & Direction","REDACTED FOR PRIVACY REDACTED FOR PRIVACY REDACTED FOR PRIVACY","REDACTED FOR PRIVACY","Cluj","REDACTED FOR PRIVACY","Romania","","REDACTED FOR PRIVACY","REDACTED FOR PRIVACY","REDACTED FOR PRIVACY","REDACTED FOR PRIVACY","REDACTED FOR PRIVACY REDACTED FOR PRIVACY REDACTED FOR PRIVACY","REDACTED FOR PRIVACY","REDACTED FOR PRIVACY","REDACTED FOR PRIVACY","REDACTED FOR PRIVACY","","REDACTED FOR PRIVACY","REDACTED FOR PRIVACY","REDACTED FOR PRIVACY","REDACTED FOR PRIVACY","REDACTED FOR PRIVACY REDACTED FOR PRIVACY REDACTED FOR PRIVACY","REDACTED FOR PRIVACY","REDACTED FOR PRIVACY","REDACTED FOR PRIVACY","REDACTED FOR PRIVACY","","REDACTED FOR PRIVACY","REDACTED FOR PRIVACY","","","","","","","","","","","ns35.domaincontrol.com","ns36.domaincontrol.com","","","addPeriod","clientDeleteProhibited","clientRenewProhibited","clientTransferProhibited"
"8","bangkokthaicuisine.info","2021-07-08 15:48:16","2021-07-06","2021-07-06","2022-07-06","418","CommuniGal Communication Ltd.","whois.communigal.net","http://www.galcomm.com","","","","","","","Romania","","","","","","","","","","","","","","","","","","","","","","","","","","","","","","","","","","ns15.above.com","ns16.above.com","","","addPeriod","clientTransferProhibited","serverTransferProhibited",""
"9","barasarebucuresti.com","2021-07-08 16:56:00","2021-07-05","2021-07-05","2022-07-05","146","GoDaddy.com, LLC","whois.godaddy.com","http://registrar.godaddy.com","","","","","Sector 1","","Romania","","","","","","","","","","","","","","","","","","","","","","","","","","","","","","","","","","ns35.domaincontrol.com","ns36.domaincontrol.com","","","clientDeleteProhibited","clientRenewProhibited","clientTransferProhibited","clientUpdateProhibited"
"10","bitcoinscamcheck.com","2021-07-08 14:35:21","2021-07-05","2021-07-06","2022-07-05","1647","Hosting Concepts B.V. dba Openprovider","whois.registrar.eu","http://www.openprovider.com","REDACTED FOR PRIVACY","Intertec Europe Srl","REDACTED FOR PRIVACY","REDACTED FOR PRIVACY","Bucuresti","REDACTED FOR PRIVACY","Romania","","REDACTED FOR PRIVACY","REDACTED FOR PRIVACY","REDACTED FOR PRIVACY","REDACTED FOR PRIVACY","REDACTED FOR PRIVACY","REDACTED FOR PRIVACY","REDACTED FOR PRIVACY","REDACTED FOR PRIVACY","REDACTED FOR PRIVACY","","REDACTED FOR PRIVACY","REDACTED FOR PRIVACY","REDACTED FOR PRIVACY","REDACTED FOR PRIVACY","REDACTED FOR PRIVACY","REDACTED FOR PRIVACY","REDACTED FOR PRIVACY","REDACTED FOR PRIVACY","REDACTED FOR PRIVACY","","REDACTED FOR PRIVACY","REDACTED FOR PRIVACY","","","","","","","","","","","ns1.hosterion.com","ns1.hosterion.net","ns2.hosterion.com","ns2.hosterion.net","clientTransferProhibited","ok","",""
"11","bitcoinscamchecker.com","2021-07-08 14:35:10","2021-07-05","2021-07-06","2022-07-05","1647","Hosting Concepts B.V. dba Openprovider","whois.registrar.eu","http://www.openprovider.com","REDACTED FOR PRIVACY","Intertec Europe Srl","REDACTED FOR PRIVACY","REDACTED FOR PRIVACY","Bucuresti","REDACTED FOR PRIVACY","Romania","","REDACTED FOR PRIVACY","REDACTED FOR PRIVACY","REDACTED FOR PRIVACY","REDACTED FOR PRIVACY","REDACTED FOR PRIVACY","REDACTED FOR PRIVACY","REDACTED FOR PRIVACY","REDACTED FOR PRIVACY","REDACTED FOR PRIVACY","","REDACTED FOR PRIVACY","REDACTED FOR PRIVACY","REDACTED FOR PRIVACY","REDACTED FOR PRIVACY","REDACTED FOR PRIVACY","REDACTED FOR PRIVACY","REDACTED FOR PRIVACY","REDACTED FOR PRIVACY","REDACTED FOR PRIVACY","","REDACTED FOR PRIVACY","REDACTED FOR PRIVACY","","","","","","","","","","","ns1.hosterion.com","ns1.hosterion.net","ns2.hosterion.com","ns2.hosterion.net","clientTransferProhibited","ok","",""
"12","blueredgreen.club","2021-07-08 18:46:26","2021-07-05","2021-07-05","2022-07-05","146","GoDaddy.com, LLC","whois.godaddy.com","http://registrar.godaddy.com","REDACTED FOR PRIVACY","","REDACTED FOR PRIVACY REDACTED FOR PRIVACY REDACTED FOR PRIVACY","REDACTED FOR PRIVACY","Buzau","REDACTED FOR PRIVACY","Romania","","REDACTED FOR PRIVACY","REDACTED FOR PRIVACY","REDACTED FOR PRIVACY","REDACTED FOR PRIVACY","REDACTED FOR PRIVACY REDACTED FOR PRIVACY REDACTED FOR PRIVACY","REDACTED FOR PRIVACY","REDACTED FOR PRIVACY","REDACTED FOR PRIVACY","REDACTED FOR PRIVACY","","REDACTED FOR PRIVACY","REDACTED FOR PRIVACY","REDACTED FOR PRIVACY","REDACTED FOR PRIVACY","REDACTED FOR PRIVACY REDACTED FOR PRIVACY REDACTED FOR PRIVACY","REDACTED FOR PRIVACY","REDACTED FOR PRIVACY","REDACTED FOR PRIVACY","REDACTED FOR PRIVACY","","REDACTED FOR PRIVACY","REDACTED FOR PRIVACY","","","","","","","","","","","ns59.domaincontrol.com","ns60.domaincontrol.com","","","addPeriod","clientDeleteProhibited","clientRenewProhibited","clientTransferProhibited"
"13","callofwar2.com","2021-07-08 16:54:14","2021-07-05","2021-07-05","2022-07-05","269","Key-Systems GmbH","whois.rrpproxy.net","http://www.key-systems.net","REDACTED FOR PRIVACY","REDACTED FOR PRIVACY","REDACTED FOR PRIVACY REDACTED FOR PRIVACY REDACTED FOR PRIVACY","REDACTED FOR PRIVACY","Tulcea","REDACTED FOR PRIVACY","Romania","info@domain-contact.org","REDACTED FOR PRIVACY","REDACTED FOR PRIVACY","REDACTED FOR PRIVACY","REDACTED FOR PRIVACY","REDACTED FOR PRIVACY REDACTED FOR PRIVACY REDACTED FOR PRIVACY","REDACTED FOR PRIVACY","REDACTED FOR PRIVACY","REDACTED FOR PRIVACY","REDACTED FOR PRIVACY","info@domain-contact.org","REDACTED FOR PRIVACY","REDACTED FOR PRIVACY","REDACTED FOR PRIVACY","REDACTED FOR PRIVACY","REDACTED FOR PRIVACY REDACTED FOR PRIVACY REDACTED FOR PRIVACY","REDACTED FOR PRIVACY","REDACTED FOR PRIVACY","REDACTED FOR PRIVACY","REDACTED FOR PRIVACY","info@domain-contact.org","REDACTED FOR PRIVACY","REDACTED FOR PRIVACY","REDACTED FOR PRIVACY","REDACTED FOR PRIVACY","REDACTED FOR PRIVACY REDACTED FOR PRIVACY REDACTED FOR PRIVACY","REDACTED FOR PRIVACY","REDACTED FOR PRIVACY","REDACTED FOR PRIVACY","REDACTED FOR PRIVACY","info@domain-contact.org","REDACTED FOR PRIVACY","REDACTED FOR PRIVACY","server1.nsrecord.ro","server2.nsrecord.ro","","","clientTransferProhibited","","",""
"14","daciamoda.com","2021-07-08 16:48:36","2021-07-05","2021-07-05","2022-07-05","69","Tucows Domains Inc.","whois.tucows.com","http://domainhelp.opensrs.net","REDACTED FOR PRIVACY","REDACTED FOR PRIVACY","REDACTED FOR PRIVACY","REDACTED FOR PRIVACY","Sibiu","REDACTED FOR PRIVACY","Romania","","REDACTED FOR PRIVACY","REDACTED FOR PRIVACY","REDACTED FOR PRIVACY","REDACTED FOR PRIVACY","REDACTED FOR PRIVACY","REDACTED FOR PRIVACY","REDACTED FOR PRIVACY","REDACTED FOR PRIVACY","REDACTED FOR PRIVACY","","REDACTED FOR PRIVACY","REDACTED FOR PRIVACY","REDACTED FOR PRIVACY","REDACTED FOR PRIVACY","REDACTED FOR PRIVACY","REDACTED FOR PRIVACY","REDACTED FOR PRIVACY","REDACTED FOR PRIVACY","REDACTED FOR PRIVACY","","REDACTED FOR PRIVACY","REDACTED FOR PRIVACY","","","","","","","","","","","ns1.systemdns.com","ns2.systemdns.com","ns3.systemdns.com","","","","",""
"15","dogdays.site","2021-07-08 15:11:45","2021-07-05","2021-07-05","2022-07-05","146","GoDaddy.com, LLC","whois.godaddy.com","http://registrar.godaddy.com","","","","","Vojvodina","","Romania","","","","","","","","","","","","","","","","","","","","","","","","","","","","","","","","","","ns25.domaincontrol.com","ns26.domaincontrol.com","","","addPeriod","clientDeleteProhibited","clientRenewProhibited","clientTransferProhibited"
"16","eternitateasufletului.com","2021-07-08 16:42:27","2021-07-05","2021-07-05","2024-07-05","1647","Hosting Concepts B.V. dba Openprovider","whois.registrar.eu","http://www.openprovider.com","REDACTED FOR PRIVACY","","REDACTED FOR PRIVACY","REDACTED FOR PRIVACY","Suceava","REDACTED FOR PRIVACY","Romania","","REDACTED FOR PRIVACY","REDACTED FOR PRIVACY","REDACTED FOR PRIVACY","REDACTED FOR PRIVACY","REDACTED FOR PRIVACY","REDACTED FOR PRIVACY","REDACTED FOR PRIVACY","REDACTED FOR PRIVACY","REDACTED FOR PRIVACY","","REDACTED FOR PRIVACY","REDACTED FOR PRIVACY","REDACTED FOR PRIVACY","REDACTED FOR PRIVACY","REDACTED FOR PRIVACY","REDACTED FOR PRIVACY","REDACTED FOR PRIVACY","REDACTED FOR PRIVACY","REDACTED FOR PRIVACY","","REDACTED FOR PRIVACY","REDACTED FOR PRIVACY","","","","","","","","","","","ns1.dns-parking.com","ns2.dns-parking.com","","","clientTransferProhibited","ok","",""
"17","filstal-express.com","2021-07-08 16:40:53","2021-07-05","2021-07-05","2022-07-05","303","PDR Ltd. d/b/a PublicDomainRegistry.com","whois.publicdomainregistry.com","http://www.publicdomainregistry.com","GDPR Masked","GDPR Masked","GDPR Masked","GDPR Masked","Brasov","GDPR Masked","Romania","gdpr-masking@gdpr-masked.com","GDPR Masked","GDPR Masked","GDPR Masked","GDPR Masked","GDPR Masked","GDPR Masked","GDPR Masked","GDPR Masked","GDPR Masked","gdpr-masking@gdpr-masked.com","GDPR Masked","GDPR Masked","GDPR Masked","GDPR Masked","GDPR Masked","GDPR Masked","GDPR Masked","GDPR Masked","GDPR Masked","gdpr-masking@gdpr-masked.com","GDPR Masked","GDPR Masked","","","","","","","","","","","ns.clausweb.ro","ns.registar.ro","ns.romania-webhosting.com","","clientTransferProhibited","","",""
"18","gojirepublic.com","2021-07-08 16:37:20","2021-07-05","2021-07-05","2022-07-05","146","GoDaddy.com, LLC","whois.godaddy.com","http://registrar.godaddy.com","","","","","Brasov","","Romania","","","","","","","","","","","","","","","","","","","","","","","","","","","","","","","","","","ns09.domaincontrol.com","ns10.domaincontrol.com","","","clientDeleteProhibited","clientRenewProhibited","clientTransferProhibited","clientUpdateProhibited"
"19","grandocafe.com","2021-07-08 16:36:24","2021-07-05","2021-07-05","2022-07-05","151","PSI-USA, Inc. dba Domain Robot","whois.psi-usa.info","http://www.psi-usa.info","REDACTED FOR PRIVACY","Carsium Invest SRL","REDACTED FOR PRIVACY","REDACTED FOR PRIVACY","Cluj","REDACTED FOR PRIVACY","Romania","","REDACTED FOR PRIVACY","REDACTED FOR PRIVACY","REDACTED FOR PRIVACY","REDACTED FOR PRIVACY","REDACTED FOR PRIVACY","REDACTED FOR PRIVACY","REDACTED FOR PRIVACY","REDACTED FOR PRIVACY","REDACTED FOR PRIVACY","","REDACTED FOR PRIVACY","REDACTED FOR PRIVACY","REDACTED FOR PRIVACY","REDACTED FOR PRIVACY","REDACTED FOR PRIVACY","REDACTED FOR PRIVACY","REDACTED FOR PRIVACY","REDACTED FOR PRIVACY","REDACTED FOR PRIVACY","","REDACTED FOR PRIVACY","REDACTED FOR PRIVACY","","","","","","","","","","","art.ns.cloudflare.com","molly.ns.cloudflare.com","","","clientTransferProhibited","","",""
"20","ieegorgoistelian.com","2021-07-08 16:34:56","2021-07-05","2021-07-05","2022-07-05","955","Launchpad, Inc.","whois.launchpad.com","http://www.launchpad.com","GDPR Masked","GDPR Masked","GDPR Masked","GDPR Masked","AG","GDPR Masked","Romania","gdpr-masking@gdpr-masked.com","GDPR Masked","GDPR Masked","GDPR Masked","GDPR Masked","GDPR Masked","GDPR Masked","GDPR Masked","GDPR Masked","GDPR Masked","gdpr-masking@gdpr-masked.com","GDPR Masked","GDPR Masked","GDPR Masked","GDPR Masked","GDPR Masked","GDPR Masked","GDPR Masked","GDPR Masked","GDPR Masked","gdpr-masking@gdpr-masked.com","GDPR Masked","GDPR Masked","","","","","","","","","","","ns6265.hostgator.com","ns6266.hostgator.com","","","clientTransferProhibited","","",""
"21","king-poster.com","2021-07-08 14:21:14","2021-07-05","2021-07-05","2022-07-05","151","PSI-USA, Inc. dba Domain Robot","whois.psi-usa.info","http://www.psi-usa.info","REDACTED FOR PRIVACY","IFIX TECH EDPOWER SRL","REDACTED FOR PRIVACY","REDACTED FOR PRIVACY","PH","REDACTED FOR PRIVACY","Romania","","REDACTED FOR PRIVACY","REDACTED FOR PRIVACY","REDACTED FOR PRIVACY","REDACTED FOR PRIVACY","REDACTED FOR PRIVACY","REDACTED FOR PRIVACY","REDACTED FOR PRIVACY","REDACTED FOR PRIVACY","REDACTED FOR PRIVACY","","REDACTED FOR PRIVACY","REDACTED FOR PRIVACY","REDACTED FOR PRIVACY","REDACTED FOR PRIVACY","REDACTED FOR PRIVACY","REDACTED FOR PRIVACY","REDACTED FOR PRIVACY","REDACTED FOR PRIVACY","REDACTED FOR PRIVACY","","REDACTED FOR PRIVACY","REDACTED FOR PRIVACY","","","","","","","","","","","ns1.brainy-tech.ro","ns2.brainy-tech.ro","","","clientTransferProhibited","","",""
"22","lucianfilioreanu.com","2021-07-08 16:25:09","2021-07-05","2021-07-05","2023-07-05","146","GoDaddy.com, LLC","whois.godaddy.com","http://registrar.godaddy.com","","","","","Iasi","","Romania","","","","","","","","","","","","","","","","","","","","","","","","","","","","","","","","","","ns09.domaincontrol.com","ns10.domaincontrol.com","","","clientDeleteProhibited","clientRenewProhibited","clientTransferProhibited","clientUpdateProhibited"
"23","manastireacozia.com","2021-07-08 16:23:31","2021-07-05","2021-07-05","2022-07-05","69","Tucows Domains Inc.","whois.tucows.com","http://domainhelp.opensrs.net","REDACTED FOR PRIVACY","REDACTED FOR PRIVACY","REDACTED FOR PRIVACY","REDACTED FOR PRIVACY","Bucuresti","REDACTED FOR PRIVACY","Romania","","REDACTED FOR PRIVACY","REDACTED FOR PRIVACY","REDACTED FOR PRIVACY","REDACTED FOR PRIVACY","REDACTED FOR PRIVACY","REDACTED FOR PRIVACY","REDACTED FOR PRIVACY","REDACTED FOR PRIVACY","REDACTED FOR PRIVACY","","REDACTED FOR PRIVACY","REDACTED FOR PRIVACY","REDACTED FOR PRIVACY","REDACTED FOR PRIVACY","REDACTED FOR PRIVACY","REDACTED FOR PRIVACY","REDACTED FOR PRIVACY","REDACTED FOR PRIVACY","REDACTED FOR PRIVACY","","REDACTED FOR PRIVACY","REDACTED FOR PRIVACY","","","","","","","","","","","ns1.romarg.com","ns2.romarg.com","ns3.romarg.com","ns4.romarg.com","clientTransferProhibited","clientUpdateProhibited","",""
"24","marire-buze.com","2021-07-08 17:55:57","2021-07-05","2021-07-05","2022-07-05","168","Register.it SPA","whois.register.it","http://we.register.it","REDACTED FOR PRIVACY","REDACTED FOR PRIVACY","REDACTED FOR PRIVACY","REDACTED FOR PRIVACY","Galati","REDACTED FOR PRIVACY","Romania","","REDACTED.FORPRIVACY","REDACTED.FORPRIVACY","REDACTED FOR PRIVACY","REDACTED FOR PRIVACY","REDACTED FOR PRIVACY","REDACTED FOR PRIVACY","REDACTED FOR PRIVACY","REDACTED FOR PRIVACY","REDACTED FOR PRIVACY","","REDACTED.FORPRIVACY","REDACTED.FORPRIVACY","REDACTED FOR PRIVACY","REDACTED FOR PRIVACY","REDACTED FOR PRIVACY","REDACTED FOR PRIVACY","REDACTED FOR PRIVACY","REDACTED FOR PRIVACY","REDACTED FOR PRIVACY","","REDACTED.FORPRIVACY","REDACTED.FORPRIVACY","","","","","","","","","","","ns1.register.it","ns2.register.it","","","OK","","",""
"25","maskingfoil.com","2021-07-08 16:22:56","2021-07-05","2021-07-05","2030-07-05","69","Tucows Domains Inc.","whois.tucows.com","http://domainhelp.opensrs.net","REDACTED FOR PRIVACY","REDACTED FOR PRIVACY","REDACTED FOR PRIVACY","REDACTED FOR PRIVACY","Bucuresti","REDACTED FOR PRIVACY","Romania","","REDACTED FOR PRIVACY","REDACTED FOR PRIVACY","REDACTED FOR PRIVACY","REDACTED FOR PRIVACY","REDACTED FOR PRIVACY","REDACTED FOR PRIVACY","REDACTED FOR PRIVACY","REDACTED FOR PRIVACY","REDACTED FOR PRIVACY","","REDACTED FOR PRIVACY","REDACTED FOR PRIVACY","REDACTED FOR PRIVACY","REDACTED FOR PRIVACY","REDACTED FOR PRIVACY","REDACTED FOR PRIVACY","REDACTED FOR PRIVACY","REDACTED FOR PRIVACY","REDACTED FOR PRIVACY","","REDACTED FOR PRIVACY","REDACTED FOR PRIVACY","","","","","","","","","","","ns1.romarg.com","ns2.romarg.com","ns3.romarg.com","ns4.romarg.com","clientTransferProhibited","clientUpdateProhibited","",""
"26","meseria.com","2021-07-08 17:57:12","2021-07-05","2021-07-05","2023-07-05","1647","Hosting Concepts B.V. dba Openprovider","whois.registrar.eu","http://www.openprovider.com","REDACTED FOR PRIVACY","","REDACTED FOR PRIVACY","REDACTED FOR PRIVACY","prahova","REDACTED FOR PRIVACY","Romania","","REDACTED FOR PRIVACY","REDACTED FOR PRIVACY","REDACTED FOR PRIVACY","REDACTED FOR PRIVACY","REDACTED FOR PRIVACY","REDACTED FOR PRIVACY","REDACTED FOR PRIVACY","REDACTED FOR PRIVACY","REDACTED FOR PRIVACY","","REDACTED FOR PRIVACY","REDACTED FOR PRIVACY","REDACTED FOR PRIVACY","REDACTED FOR PRIVACY","REDACTED FOR PRIVACY","REDACTED FOR PRIVACY","REDACTED FOR PRIVACY","REDACTED FOR PRIVACY","REDACTED FOR PRIVACY","","REDACTED FOR PRIVACY","REDACTED FOR PRIVACY","","","","","","","","","","","ns1.hostico.ro","ns2.hostico.ro","ns3.hostico.ro","ns4.hostico.ro","clientTransferProhibited","ok","",""
"27","minodorahandmad.com","2021-07-08 16:21:20","2021-07-05","2021-07-05","2022-07-05","106","Ascio Technologies, Inc. Danmark - Filial af Ascio technologies, Inc. USA","whois.ascio.com","http://www.ascio.com","Not Disclosed","Not Disclosed","Not Disclosed","Not Disclosed","","Not Disclosed","Romania","","Not Disclosed","Not Disclosed","Not Disclosed","Not Disclosed","Not Disclosed","Not Disclosed","Not Disclosed","Not Disclosed","Not Disclosed","","Not Disclosed","Not Disclosed","Not Disclosed","Not Disclosed","Not Disclosed","Not Disclosed","Not Disclosed","Not Disclosed","Not Disclosed","","Not Disclosed","Not Disclosed","","","","","","","","","","","dns1.123hjemmeside.dk","dns2.123hjemmeside.dk","dns3.123hjemmeside.dk","","OK","","",""
"28","monsieurruchenstein.com","2021-07-08 16:19:52","2021-07-05","2021-07-05","2022-07-05","1647","Hosting Concepts B.V. dba Openprovider","whois.registrar.eu","http://www.openprovider.com","REDACTED FOR PRIVACY","SPACE ROOSTERS S.R.L.","REDACTED FOR PRIVACY","REDACTED FOR PRIVACY","MUNICIPIUL BUCURESTI","REDACTED FOR PRIVACY","Romania","","REDACTED FOR PRIVACY","REDACTED FOR PRIVACY","REDACTED FOR PRIVACY","REDACTED FOR PRIVACY","REDACTED FOR PRIVACY","REDACTED FOR PRIVACY","REDACTED FOR PRIVACY","REDACTED FOR PRIVACY","REDACTED FOR PRIVACY","","REDACTED FOR PRIVACY","REDACTED FOR PRIVACY","REDACTED FOR PRIVACY","REDACTED FOR PRIVACY","REDACTED FOR PRIVACY","REDACTED FOR PRIVACY","REDACTED FOR PRIVACY","REDACTED FOR PRIVACY","REDACTED FOR PRIVACY","","REDACTED FOR PRIVACY","REDACTED FOR PRIVACY","","","","","","","","","","","ns1.hostico.ro","ns2.hostico.ro","ns3.hostico.ro","ns4.hostico.ro","clientTransferProhibited","","",""
"29","movie30t.info","2021-07-08 15:43:22","2021-07-06","2021-07-07","2022-07-06","418","CommuniGal Communication Ltd.","whois.communigal.net","http://www.galcomm.com","","","","","","","Romania","","","","","","","","","","","","","","","","","","","","","","","","","","","","","","","","","","ns15.above.com","ns16.above.com","","","addPeriod","clientTransferProhibited","serverTransferProhibited",""
"30","olxuapay.site","2021-07-08 15:10:31","2021-07-05","2021-07-07","2022-07-05","1606","Limited Liability Company 'Registrar of domain names REG.RU'","whois.reg.ru","http://www.reg.ru","","","","","Moscow","","Romania","rewrrerewr99@bk.ru","+7.9657118967","","","","","","","","","rewrrerewr99@bk.ru","+7.9657118967","","","","","","","","","rewrrerewr99@bk.ru","+7.9657118967","","","","","","","","","rewrrerewr99@bk.ru","+7.9657118967","","blakely.ns.cloudflare.com","dave.ns.cloudflare.com","","","addPeriod","serverHold","serverTransferProhibited",""
"31","princessvangiecateringonlineorder.com","2021-07-08 16:14:13","2021-07-05","2021-07-05","2022-07-05","69","Tucows Domains Inc.","whois.tucows.com","http://domainhelp.opensrs.net","REDACTED FOR PRIVACY","REDACTED FOR PRIVACY","REDACTED FOR PRIVACY","REDACTED FOR PRIVACY","Bucharest","REDACTED FOR PRIVACY","Romania","","REDACTED FOR PRIVACY","REDACTED FOR PRIVACY","REDACTED FOR PRIVACY","REDACTED FOR PRIVACY","REDACTED FOR PRIVACY","REDACTED FOR PRIVACY","REDACTED FOR PRIVACY","REDACTED FOR PRIVACY","REDACTED FOR PRIVACY","","REDACTED FOR PRIVACY","REDACTED FOR PRIVACY","REDACTED FOR PRIVACY","REDACTED FOR PRIVACY","REDACTED FOR PRIVACY","REDACTED FOR PRIVACY","REDACTED FOR PRIVACY","REDACTED FOR PRIVACY","REDACTED FOR PRIVACY","","REDACTED FOR PRIVACY","REDACTED FOR PRIVACY","","","","","","","","","","","ns-1134.awsdns-13.org","ns-1915.awsdns-47.co.uk","ns-476.awsdns-59.com","ns-858.awsdns-43.net","clientTransferProhibited","clientUpdateProhibited","",""
"32","rail-measurement.com","2021-07-08 16:12:46","2021-07-05","2021-07-07","2022-07-05","1727","Papaki Ltd.","whois.eu","http://www.papaki.gr","REDACTED FOR PRIVACY","REDACTED FOR PRIVACY","REDACTED FOR PRIVACY","REDACTED FOR PRIVACY","Sector 2","REDACTED FOR PRIVACY","Romania","","REDACTED FOR PRIVACY","REDACTED FOR PRIVACY","REDACTED FOR PRIVACY","REDACTED FOR PRIVACY","REDACTED FOR PRIVACY","REDACTED FOR PRIVACY","REDACTED FOR PRIVACY","REDACTED FOR PRIVACY","REDACTED FOR PRIVACY","","REDACTED FOR PRIVACY","REDACTED FOR PRIVACY","REDACTED FOR PRIVACY","REDACTED FOR PRIVACY","REDACTED FOR PRIVACY","REDACTED FOR PRIVACY","REDACTED FOR PRIVACY","REDACTED FOR PRIVACY","REDACTED FOR PRIVACY","","REDACTED FOR PRIVACY","REDACTED FOR PRIVACY","","","","","","","","","","","dns1.papaki.gr","dns2.papaki.gr","","","clientTransferProhibited","clientUpdateProhibited","",""
"33","rishuchist.info","2021-07-08 15:42:28","2021-07-06","2021-07-06","2022-07-06","146","GoDaddy.com, LLC","whois.godaddy.com","http://registrar.godaddy.com","","","","","Galati","","Romania","","","","","","","","","","","","","","","","","","","","","","","","","","","","","","","","","","ns43.domaincontrol.com","ns44.domaincontrol.com","","","addPeriod","clientDeleteProhibited","clientRenewProhibited","clientTransferProhibited"
"34","romanian-citi-halls.com","2021-07-08 16:10:15","2021-07-05","2021-07-05","2022-07-05","303","PDR Ltd. d/b/a PublicDomainRegistry.com","whois.publicdomainregistry.com","http://www.publicdomainregistry.com","GDPR Masked","GDPR Masked","GDPR Masked","GDPR Masked","Targoviste, Dambovita","GDPR Masked","Romania","gdpr-masking@gdpr-masked.com","GDPR Masked","GDPR Masked","GDPR Masked","GDPR Masked","GDPR Masked","GDPR Masked","GDPR Masked","GDPR Masked","GDPR Masked","gdpr-masking@gdpr-masked.com","GDPR Masked","GDPR Masked","GDPR Masked","GDPR Masked","GDPR Masked","GDPR Masked","GDPR Masked","GDPR Masked","GDPR Masked","gdpr-masking@gdpr-masked.com","GDPR Masked","GDPR Masked","","","","","","","","","","","ns.clausweb.ro","ns.registar.ro","ns.romania-webhosting.com","","clientTransferProhibited","","",""
"35","romanian-city-halls.com","2021-07-08 16:10:24","2021-07-05","2021-07-05","2022-07-05","303","PDR Ltd. d/b/a PublicDomainRegistry.com","whois.publicdomainregistry.com","http://www.publicdomainregistry.com","GDPR Masked","GDPR Masked","GDPR Masked","GDPR Masked","Targoviste, Dambovita","GDPR Masked","Romania","gdpr-masking@gdpr-masked.com","GDPR Masked","GDPR Masked","GDPR Masked","GDPR Masked","GDPR Masked","GDPR Masked","GDPR Masked","GDPR Masked","GDPR Masked","gdpr-masking@gdpr-masked.com","GDPR Masked","GDPR Masked","GDPR Masked","GDPR Masked","GDPR Masked","GDPR Masked","GDPR Masked","GDPR Masked","GDPR Masked","gdpr-masking@gdpr-masked.com","GDPR Masked","GDPR Masked","","","","","","","","","","","ns.clausweb.ro","ns.registar.ro","ns.romania-webhosting.com","","clientTransferProhibited","","",""
"36","sacimenajeri.com","2021-07-08 16:09:37","2021-07-02","2021-07-05","2022-07-02","48","eNom, Inc.","whois.enom.com","http://www.enom.com","REDACTED FOR PRIVACY","REDACTED FOR PRIVACY","REDACTED FOR PRIVACY","REDACTED FOR PRIVACY","Iasi","REDACTED FOR PRIVACY","Romania","","REDACTED FOR PRIVACY","REDACTED FOR PRIVACY","REDACTED FOR PRIVACY","REDACTED FOR PRIVACY","REDACTED FOR PRIVACY","REDACTED FOR PRIVACY","REDACTED FOR PRIVACY","REDACTED FOR PRIVACY","REDACTED FOR PRIVACY","","REDACTED FOR PRIVACY","REDACTED FOR PRIVACY","REDACTED FOR PRIVACY","REDACTED FOR PRIVACY","REDACTED FOR PRIVACY","REDACTED FOR PRIVACY","REDACTED FOR PRIVACY","REDACTED FOR PRIVACY","REDACTED FOR PRIVACY","","REDACTED FOR PRIVACY","REDACTED FOR PRIVACY","","","","","","","","","","","ns1.servercryo.ro","ns2.servercryo.ro","ns3.servercryo.ro","","clientTransferProhibited","","",""
"37","scoala27timisoara.com","2021-07-08 16:08:25","2021-07-05","2021-07-05","2022-07-05","9","register.com, Inc.","whois.register.com","http://www.register.com","Statutory Masking Enabled","Statutory Masking Enabled","Statutory Masking Enabled","Statutory Masking Enabled","Timis","Statutory Masking Enabled","Romania","abuse@web.com","Statutory Masking Enabled","Statutory Masking Enabled","Statutory Masking Enabled","Statutory Masking Enabled","Statutory Masking Enabled","Statutory Masking Enabled","Statutory Masking Enabled","Statutory Masking Enabled","Statutory Masking Enabled","abuse@web.com","Statutory Masking Enabled","Statutory Masking Enabled","Statutory Masking Enabled","Statutory Masking Enabled","Statutory Masking Enabled","Statutory Masking Enabled","Statutory Masking Enabled","Statutory Masking Enabled","Statutory Masking Enabled","abuse@web.com","Statutory Masking Enabled","Statutory Masking Enabled","Statutory Masking Enabled","Statutory Masking Enabled","Statutory Masking Enabled","Statutory Masking Enabled","Statutory Masking Enabled","Statutory Masking Enabled","Statutory Masking Enabled","abuse@web.com","Statutory Masking Enabled","Statutory Masking Enabled","dns1.register.com","dns2.register.com","","","clientTransferProhibited","","",""
"38","serietvsubita.info","2021-07-08 15:43:22","2021-07-06","2021-07-06","2022-07-06","418","CommuniGal Communication Ltd.","whois.communigal.net","http://www.galcomm.com","","","","","","","Romania","","","","","","","","","","","","","","","","","","","","","","","","","","","","","","","","","","ns15.above.com","ns16.above.com","","","addPeriod","clientTransferProhibited","serverTransferProhibited",""
"39","sidebyside.events","2021-07-08 15:46:57","2021-07-05","2021-07-05","2022-07-05","146","GoDaddy.com, LLC","whois.godaddy.com","http://registrar.godaddy.com","REDACTED FOR PRIVACY","RT11 Brasov","REDACTED FOR PRIVACY","REDACTED FOR PRIVACY","Brasov","REDACTED FOR PRIVACY","Romania","","REDACTED FOR PRIVACY","REDACTED FOR PRIVACY","","","","","","","","","","","","","","","","","","","","","","","","","","","","","","","","","","","addPeriod","","",""
"40","sintetizator.com","2021-07-08 16:06:26","2021-07-05","2021-07-05","2022-07-05","69","Tucows Domains Inc.","whois.tucows.com","http://domainhelp.opensrs.net","REDACTED FOR PRIVACY","REDACTED FOR PRIVACY","REDACTED FOR PRIVACY","REDACTED FOR PRIVACY","Constanta","REDACTED FOR PRIVACY","Romania","","REDACTED FOR PRIVACY","REDACTED FOR PRIVACY","REDACTED FOR PRIVACY","REDACTED FOR PRIVACY","REDACTED FOR PRIVACY","REDACTED FOR PRIVACY","REDACTED FOR PRIVACY","REDACTED FOR PRIVACY","REDACTED FOR PRIVACY","","REDACTED FOR PRIVACY","REDACTED FOR PRIVACY","REDACTED FOR PRIVACY","REDACTED FOR PRIVACY","REDACTED FOR PRIVACY","REDACTED FOR PRIVACY","REDACTED FOR PRIVACY","REDACTED FOR PRIVACY","REDACTED FOR PRIVACY","","REDACTED FOR PRIVACY","REDACTED FOR PRIVACY","","","","","","","","","","","ns1.romarg.com","ns2.romarg.com","ns3.romarg.com","ns4.romarg.com","clientTransferProhibited","clientUpdateProhibited","",""
"41","sistemacuenta.com","2021-07-08 16:06:12","2021-07-05","2021-07-05","2022-07-05","1376","Instra Corporation Pty Ltd.","whois.instra.net","http://www.instra.com","REDACTED FOR PRIVACY","REDACTED FOR PRIVACY","REDACTED FOR PRIVACY REDACTED FOR PRIVACY REDACTED FOR PRIVACY","REDACTED FOR PRIVACY","MARYPORT","REDACTED FOR PRIVACY","Romania","info@domain-contact.org","REDACTED FOR PRIVACY","REDACTED FOR PRIVACY","REDACTED FOR PRIVACY","REDACTED FOR PRIVACY","REDACTED FOR PRIVACY REDACTED FOR PRIVACY REDACTED FOR PRIVACY","REDACTED FOR PRIVACY","REDACTED FOR PRIVACY","REDACTED FOR PRIVACY","REDACTED FOR PRIVACY","info@domain-contact.org","REDACTED FOR PRIVACY","REDACTED FOR PRIVACY","REDACTED FOR PRIVACY","REDACTED FOR PRIVACY","REDACTED FOR PRIVACY REDACTED FOR PRIVACY REDACTED FOR PRIVACY","REDACTED FOR PRIVACY","REDACTED FOR PRIVACY","REDACTED FOR PRIVACY","REDACTED FOR PRIVACY","info@domain-contact.org","REDACTED FOR PRIVACY","REDACTED FOR PRIVACY","REDACTED FOR PRIVACY","REDACTED FOR PRIVACY","REDACTED FOR PRIVACY REDACTED FOR PRIVACY REDACTED FOR PRIVACY","REDACTED FOR PRIVACY","REDACTED FOR PRIVACY","REDACTED FOR PRIVACY","REDACTED FOR PRIVACY","info@domain-contact.org","REDACTED FOR PRIVACY","REDACTED FOR PRIVACY","ns1.instradns.com","ns2.instradns.com","ns3.instradns.com","","OK","","",""
"42","sl-media-consulting.com","2021-07-08 16:05:30","2021-07-05","2021-07-05","2022-07-05","146","GoDaddy.com, LLC","whois.godaddy.com","http://registrar.godaddy.com","SL Media","SL Media","","","Vaslui","","Romania","","","","","","","","","","","","","","","","","","","","","","","","","","","","","","","","","","ns35.domaincontrol.com","ns36.domaincontrol.com","","","clientDeleteProhibited","clientRenewProhibited","clientTransferProhibited","clientUpdateProhibited"
"43","slideshowmaker.net","2021-07-08 15:35:59","2021-07-04","2021-07-04","2022-07-04","146","GoDaddy.com, LLC","whois.godaddy.com","http://registrar.godaddy.com","elvis face","elvis face","","","bucharest","","Romania","","","","","","","","","","","","","","","","","","","","","","","","","","","","","","","","","","ns19.domaincontrol.com","ns20.domaincontrol.com","","","clientDeleteProhibited","clientRenewProhibited","clientTransferProhibited","clientUpdateProhibited"
"44","stomatologiechiajna.com","2021-07-08 16:03:49","2021-07-05","2021-07-05","2022-07-05","168","Register.it SPA","whois.register.it","http://we.register.it","REDACTED FOR PRIVACY","REDACTED FOR PRIVACY","REDACTED FOR PRIVACY","REDACTED FOR PRIVACY","Galati","REDACTED FOR PRIVACY","Romania","","REDACTED.FORPRIVACY","REDACTED.FORPRIVACY","REDACTED FOR PRIVACY","REDACTED FOR PRIVACY","REDACTED FOR PRIVACY","REDACTED FOR PRIVACY","REDACTED FOR PRIVACY","REDACTED FOR PRIVACY","REDACTED FOR PRIVACY","","REDACTED.FORPRIVACY","REDACTED.FORPRIVACY","REDACTED FOR PRIVACY","REDACTED FOR PRIVACY","REDACTED FOR PRIVACY","REDACTED FOR PRIVACY","REDACTED FOR PRIVACY","REDACTED FOR PRIVACY","REDACTED FOR PRIVACY","","REDACTED.FORPRIVACY","REDACTED.FORPRIVACY","","","","","","","","","","","ns1.register.it","ns2.register.it","","","OK","","",""
"45","strixartaccessories.com","2021-07-08 16:03:42","2021-07-05","2021-07-05","2022-07-05","48","eNom, Inc.","whois.enom.com","http://www.enom.com","REDACTED FOR PRIVACY","REDACTED FOR PRIVACY","REDACTED FOR PRIVACY","REDACTED FOR PRIVACY","Mures","REDACTED FOR PRIVACY","Romania","","REDACTED FOR PRIVACY","REDACTED FOR PRIVACY","REDACTED FOR PRIVACY","REDACTED FOR PRIVACY","REDACTED FOR PRIVACY","REDACTED FOR PRIVACY","REDACTED FOR PRIVACY","REDACTED FOR PRIVACY","REDACTED FOR PRIVACY","","REDACTED FOR PRIVACY","REDACTED FOR PRIVACY","REDACTED FOR PRIVACY","REDACTED FOR PRIVACY","REDACTED FOR PRIVACY","REDACTED FOR PRIVACY","REDACTED FOR PRIVACY","REDACTED FOR PRIVACY","REDACTED FOR PRIVACY","","REDACTED FOR PRIVACY","REDACTED FOR PRIVACY","","","","","","","","","","","ns1.mioritichost.com","ns2.mioritichost.com","","","addPeriod","clientTransferProhibited","",""
"46","studiocasaofficialstore.com","2021-07-08 16:03:32","2021-07-05","2021-07-06","2030-07-05","69","Tucows Domains Inc.","whois.tucows.com","http://domainhelp.opensrs.net","REDACTED FOR PRIVACY","REDACTED FOR PRIVACY","REDACTED FOR PRIVACY","REDACTED FOR PRIVACY","Ilfov","REDACTED FOR PRIVACY","Romania","","REDACTED FOR PRIVACY","REDACTED FOR PRIVACY","REDACTED FOR PRIVACY","REDACTED FOR PRIVACY","REDACTED FOR PRIVACY","REDACTED FOR PRIVACY","REDACTED FOR PRIVACY","REDACTED FOR PRIVACY","REDACTED FOR PRIVACY","","REDACTED FOR PRIVACY","REDACTED FOR PRIVACY","REDACTED FOR PRIVACY","REDACTED FOR PRIVACY","REDACTED FOR PRIVACY","REDACTED FOR PRIVACY","REDACTED FOR PRIVACY","REDACTED FOR PRIVACY","REDACTED FOR PRIVACY","","REDACTED FOR PRIVACY","REDACTED FOR PRIVACY","","","","","","","","","","","nsr1.hostingspace.ro","nsr2.hostingspace.ro","","","OK","","",""
"47","stupisan.com","2021-07-08 16:03:34","2021-07-05","2021-07-05","2022-07-05","1647","Hosting Concepts B.V. dba Openprovider","whois.registrar.eu","http://www.openprovider.com","REDACTED FOR PRIVACY","","REDACTED FOR PRIVACY","REDACTED FOR PRIVACY","VASLUI","REDACTED FOR PRIVACY","Romania","","REDACTED FOR PRIVACY","REDACTED FOR PRIVACY","REDACTED FOR PRIVACY","REDACTED FOR PRIVACY","REDACTED FOR PRIVACY","REDACTED FOR PRIVACY","REDACTED FOR PRIVACY","REDACTED FOR PRIVACY","REDACTED FOR PRIVACY","","REDACTED FOR PRIVACY","REDACTED FOR PRIVACY","REDACTED FOR PRIVACY","REDACTED FOR PRIVACY","REDACTED FOR PRIVACY","REDACTED FOR PRIVACY","REDACTED FOR PRIVACY","REDACTED FOR PRIVACY","REDACTED FOR PRIVACY","","REDACTED FOR PRIVACY","REDACTED FOR PRIVACY","","","","","","","","","","","ns1.dns-parking.com","ns2.dns-parking.com","","","clientTransferProhibited","","",""
"48","suntemvocealor.com","2021-07-08 16:03:16","2021-07-05","2021-07-05","2022-07-05","303","PDR Ltd. d/b/a PublicDomainRegistry.com","whois.publicdomainregistry.com","http://www.publicdomainregistry.com","GDPR Masked","GDPR Masked","GDPR Masked","GDPR Masked","Romania","GDPR Masked","Romania","gdpr-masking@gdpr-masked.com","GDPR Masked","GDPR Masked","GDPR Masked","GDPR Masked","GDPR Masked","GDPR Masked","GDPR Masked","GDPR Masked","GDPR Masked","gdpr-masking@gdpr-masked.com","GDPR Masked","GDPR Masked","GDPR Masked","GDPR Masked","GDPR Masked","GDPR Masked","GDPR Masked","GDPR Masked","GDPR Masked","gdpr-masking@gdpr-masked.com","GDPR Masked","GDPR Masked","","","","","","","","","","","ns1.enter-system.com","ns2.enter-system.com","","","clientTransferProhibited","","",""
"49","syncro-log.com","2021-07-08 16:02:18","2021-07-05","2021-07-05","2022-07-05","303","PDR Ltd. d/b/a PublicDomainRegistry.com","whois.publicdomainregistry.com","http://www.publicdomainregistry.com","GDPR Masked","GDPR Masked","GDPR Masked","GDPR Masked","Brasov","GDPR Masked","Romania","gdpr-masking@gdpr-masked.com","GDPR Masked","GDPR Masked","GDPR Masked","GDPR Masked","GDPR Masked","GDPR Masked","GDPR Masked","GDPR Masked","GDPR Masked","gdpr-masking@gdpr-masked.com","GDPR Masked","GDPR Masked","GDPR Masked","GDPR Masked","GDPR Masked","GDPR Masked","GDPR Masked","GDPR Masked","GDPR Masked","gdpr-masking@gdpr-masked.com","GDPR Masked","GDPR Masked","","","","","","","","","","","ns.clausweb.ro","ns.registar.ro","ns.romania-webhosting.com","","clientTransferProhibited","","",""
"50","tamaduitoarealiliana.com","2021-07-08 16:02:02","2021-07-05","2021-07-05","2022-07-05","1515","Webfusion Ltd.","whois.123-reg.co.uk","http://www.123-reg.co.uk","REDACTED FOR PRIVACY","","REDACTED FOR PRIVACY","REDACTED FOR PRIVACY","","REDACTED FOR PRIVACY","Romania","","REDACTED FOR PRIVACY","REDACTED FOR PRIVACY","","","","","","","","","","","","","","","","","","","","","","","","","","","","","","","ns1.host-age.ro","ns2.host-age.ro","ns3.host-age.ro","ns4.host-age.ro","clientDeleteProhibited","clientTransferProhibited","clientUpdateProhibited",""
"51","teeminimal.com","2021-07-08 16:01:21","2021-07-05","2021-07-05","2022-07-05","1910","CloudFlare, Inc.","whois.cloudflare.com","http://www.cloudflare.com","DATA REDACTED","DATA REDACTED","DATA REDACTED","DATA REDACTED","Bucuresti","DATA REDACTED","Romania","","DATA REDACTED","DATA REDACTED","DATA REDACTED","DATA REDACTED","DATA REDACTED","DATA REDACTED","DATA REDACTED","DATA REDACTED","DATA REDACTED","","DATA REDACTED","DATA REDACTED","DATA REDACTED","DATA REDACTED","DATA REDACTED","DATA REDACTED","DATA REDACTED","DATA REDACTED","DATA REDACTED","","DATA REDACTED","DATA REDACTED","DATA REDACTED","DATA REDACTED","DATA REDACTED","DATA REDACTED","DATA REDACTED","DATA REDACTED","DATA REDACTED","","DATA REDACTED","DATA REDACTED","alex.ns.cloudflare.com","dora.ns.cloudflare.com","","","clientTransferProhibited","","",""
"52","telfdynamic.com","2021-07-08 14:45:42","2021-07-05","2021-07-05","2022-07-05","106","Ascio Technologies, Inc. Danmark - Filial af Ascio technologies, Inc. USA","whois.ascio.com","http://www.ascio.com","Not Disclosed","Not Disclosed","Not Disclosed","Not Disclosed","","Not Disclosed","Romania","","Not Disclosed","Not Disclosed","Not Disclosed","Not Disclosed","Not Disclosed","Not Disclosed","Not Disclosed","Not Disclosed","Not Disclosed","","Not Disclosed","Not Disclosed","Not Disclosed","Not Disclosed","Not Disclosed","Not Disclosed","Not Disclosed","Not Disclosed","Not Disclosed","","Not Disclosed","Not Disclosed","","","","","","","","","","","dns1.123hjemmeside.dk","dns2.123hjemmeside.dk","dns3.123hjemmeside.dk","","OK","","",""
"53","theblackboxintelligence.com","2021-07-08 14:45:01","2021-07-05","2021-07-05","2023-07-05","69","Tucows Domains Inc.","whois.tucows.com","http://domainhelp.opensrs.net","REDACTED FOR PRIVACY","REDACTED FOR PRIVACY","REDACTED FOR PRIVACY","REDACTED FOR PRIVACY","Ilfov","REDACTED FOR PRIVACY","Romania","","REDACTED FOR PRIVACY","REDACTED FOR PRIVACY","REDACTED FOR PRIVACY","REDACTED FOR PRIVACY","REDACTED FOR PRIVACY","REDACTED FOR PRIVACY","REDACTED FOR PRIVACY","REDACTED FOR PRIVACY","REDACTED FOR PRIVACY","","REDACTED FOR PRIVACY","REDACTED FOR PRIVACY","REDACTED FOR PRIVACY","REDACTED FOR PRIVACY","REDACTED FOR PRIVACY","REDACTED FOR PRIVACY","REDACTED FOR PRIVACY","REDACTED FOR PRIVACY","REDACTED FOR PRIVACY","","REDACTED FOR PRIVACY","REDACTED FOR PRIVACY","","","","","","","","","","","ns1.romarg.com","ns2.romarg.com","ns3.romarg.com","ns4.romarg.com","clientTransferProhibited","clientUpdateProhibited","",""
"54","trackmeasurement.com","2021-07-08 17:38:12","2021-07-05","2021-07-07","2022-07-05","1727","Papaki Ltd.","whois.eu","http://www.papaki.gr","REDACTED FOR PRIVACY","REDACTED FOR PRIVACY","REDACTED FOR PRIVACY","REDACTED FOR PRIVACY","Sector 2","REDACTED FOR PRIVACY","Romania","","REDACTED FOR PRIVACY","REDACTED FOR PRIVACY","REDACTED FOR PRIVACY","REDACTED FOR PRIVACY","REDACTED FOR PRIVACY","REDACTED FOR PRIVACY","REDACTED FOR PRIVACY","REDACTED FOR PRIVACY","REDACTED FOR PRIVACY","","REDACTED FOR PRIVACY","REDACTED FOR PRIVACY","REDACTED FOR PRIVACY","REDACTED FOR PRIVACY","REDACTED FOR PRIVACY","REDACTED FOR PRIVACY","REDACTED FOR PRIVACY","REDACTED FOR PRIVACY","REDACTED FOR PRIVACY","","REDACTED FOR PRIVACY","REDACTED FOR PRIVACY","","","","","","","","","","","dns1.papaki.gr","dns2.papaki.gr","","","clientTransferProhibited","clientUpdateProhibited","",""
"55","tractareauto.com","2021-07-08 17:30:46","2021-07-05","2021-07-05","2022-07-05","269","Key-Systems GmbH","whois.rrpproxy.net","http://www.key-systems.net","REDACTED FOR PRIVACY","REDACTED FOR PRIVACY","REDACTED FOR PRIVACY REDACTED FOR PRIVACY REDACTED FOR PRIVACY","REDACTED FOR PRIVACY","","REDACTED FOR PRIVACY","Romania","info@domain-contact.org","REDACTED FOR PRIVACY","REDACTED FOR PRIVACY","REDACTED FOR PRIVACY","REDACTED FOR PRIVACY","REDACTED FOR PRIVACY REDACTED FOR PRIVACY REDACTED FOR PRIVACY","REDACTED FOR PRIVACY","REDACTED FOR PRIVACY","REDACTED FOR PRIVACY","REDACTED FOR PRIVACY","info@domain-contact.org","REDACTED FOR PRIVACY","REDACTED FOR PRIVACY","REDACTED FOR PRIVACY","REDACTED FOR PRIVACY","REDACTED FOR PRIVACY REDACTED FOR PRIVACY REDACTED FOR PRIVACY","REDACTED FOR PRIVACY","REDACTED FOR PRIVACY","REDACTED FOR PRIVACY","REDACTED FOR PRIVACY","info@domain-contact.org","REDACTED FOR PRIVACY","REDACTED FOR PRIVACY","REDACTED FOR PRIVACY","REDACTED FOR PRIVACY","REDACTED FOR PRIVACY REDACTED FOR PRIVACY REDACTED FOR PRIVACY","REDACTED FOR PRIVACY","REDACTED FOR PRIVACY","REDACTED FOR PRIVACY","REDACTED FOR PRIVACY","info@domain-contact.org","REDACTED FOR PRIVACY","REDACTED FOR PRIVACY","dns.online.pro","dns2.online.pro","dns3.online.pro","","OK","","",""
"56","tribal-x.com","2021-07-08 16:00:33","2021-07-05","2021-07-05","2022-07-05","151","PSI-USA, Inc. dba Domain Robot","whois.psi-usa.info","http://www.psi-usa.info","REDACTED FOR PRIVACY","SC RODOTEX SRL","REDACTED FOR PRIVACY","REDACTED FOR PRIVACY","Iasi","REDACTED FOR PRIVACY","Romania","","REDACTED FOR PRIVACY","REDACTED FOR PRIVACY","REDACTED FOR PRIVACY","REDACTED FOR PRIVACY","REDACTED FOR PRIVACY","REDACTED FOR PRIVACY","REDACTED FOR PRIVACY","REDACTED FOR PRIVACY","REDACTED FOR PRIVACY","","REDACTED FOR PRIVACY","REDACTED FOR PRIVACY","REDACTED FOR PRIVACY","REDACTED FOR PRIVACY","REDACTED FOR PRIVACY","REDACTED FOR PRIVACY","REDACTED FOR PRIVACY","REDACTED FOR PRIVACY","REDACTED FOR PRIVACY","","REDACTED FOR PRIVACY","REDACTED FOR PRIVACY","","","","","","","","","","","ns1.mxserver.ro","ns2.mxserver.ro","ns3.mxserver.ro","ns4.mxserver.ro","clientTransferProhibited","","",""
"57","ttbd.info","2021-07-08 15:43:31","2021-07-06","2021-07-06","2022-07-06","418","CommuniGal Communication Ltd.","whois.communigal.net","http://www.galcomm.com","","","","","","","Romania","","","","","","","","","","","","","","","","","","","","","","","","","","","","","","","","","","ns15.above.com","ns16.above.com","","","addPeriod","clientTransferProhibited","serverTransferProhibited",""
"58","underworldrise.com","2021-07-08 15:59:00","2021-07-05","2021-07-05","2022-07-05","146","GoDaddy.com, LLC","whois.godaddy.com","http://registrar.godaddy.com","","","","","BUCHAREST","","Romania","","","","","","","","","","","","","","","","","","","","","","","","","","","","","","","","","","ns15.domaincontrol.com","ns16.domaincontrol.com","","","clientDeleteProhibited","clientRenewProhibited","clientTransferProhibited","clientUpdateProhibited"
"59","valentinweb.site","2021-07-08 15:10:19","2021-07-05","","2022-07-05","1345","Key-Systems, LLC","whois.nic.uk","http://www.key-systems.net/","","","","","","","Romania","","","","","","","","","","","","","","","","","","","","","","","","","","","","","","","","","","dns.online.pro","dns2.online.pro","dns3.online.pro","","addPeriod","serverTransferProhibited","",""
"60","viennabookandtravel.com","2021-07-08 15:57:53","2021-07-05","2021-07-07","2022-07-05","151","PSI-USA, Inc. dba Domain Robot","whois.psi-usa.info","http://www.psi-usa.info","REDACTED FOR PRIVACY","110 BPM PRODUCTION STUDIO SRL","REDACTED FOR PRIVACY","REDACTED FOR PRIVACY","Bucuresti","REDACTED FOR PRIVACY","Romania","","REDACTED FOR PRIVACY","REDACTED FOR PRIVACY","REDACTED FOR PRIVACY","REDACTED FOR PRIVACY","REDACTED FOR PRIVACY","REDACTED FOR PRIVACY","REDACTED FOR PRIVACY","REDACTED FOR PRIVACY","REDACTED FOR PRIVACY","","REDACTED FOR PRIVACY","REDACTED FOR PRIVACY","REDACTED FOR PRIVACY","REDACTED FOR PRIVACY","REDACTED FOR PRIVACY","REDACTED FOR PRIVACY","REDACTED FOR PRIVACY","REDACTED FOR PRIVACY","REDACTED FOR PRIVACY","","REDACTED FOR PRIVACY","REDACTED FOR PRIVACY","","","","","","","","","","","amir.ns.cloudflare.com","savanna.ns.cloudflare.com","","","clientTransferProhibited","","",""
"61","vlcapps.com","2021-07-08 15:57:29","2021-07-05","2021-07-05","2022-07-05","1647","Hosting Concepts B.V. dba Openprovider","whois.registrar.eu","http://www.openprovider.com","REDACTED FOR PRIVACY","","REDACTED FOR PRIVACY","REDACTED FOR PRIVACY","Olt","REDACTED FOR PRIVACY","Romania","","REDACTED FOR PRIVACY","REDACTED FOR PRIVACY","REDACTED FOR PRIVACY","REDACTED FOR PRIVACY","REDACTED FOR PRIVACY","REDACTED FOR PRIVACY","REDACTED FOR PRIVACY","REDACTED FOR PRIVACY","REDACTED FOR PRIVACY","","REDACTED FOR PRIVACY","REDACTED FOR PRIVACY","REDACTED FOR PRIVACY","REDACTED FOR PRIVACY","REDACTED FOR PRIVACY","REDACTED FOR PRIVACY","REDACTED FOR PRIVACY","REDACTED FOR PRIVACY","REDACTED FOR PRIVACY","","REDACTED FOR PRIVACY","REDACTED FOR PRIVACY","","","","","","","","","","","ns1.hosterion.com","ns1.hosterion.net","ns2.hosterion.com","ns2.hosterion.net","clientTransferProhibited","","",""
"62","wordpressfreethemes.info","2021-07-08 15:43:23","2021-07-06","2021-07-06","2022-07-06","418","CommuniGal Communication Ltd.","whois.communigal.net","http://www.galcomm.com","","","","","","","Romania","","","","","","","","","","","","","","","","","","","","","","","","","","","","","","","","","","ns15.above.com","ns16.above.com","","","addPeriod","clientTransferProhibited","serverTransferProhibited",""
"63","xdin23000000.com","2021-07-08 17:14:38","2021-07-05","2021-07-05","2022-07-05","303","PDR Ltd. d/b/a PublicDomainRegistry.com","whois.publicdomainregistry.com","http://www.publicdomainregistry.com","GDPR Masked","GDPR Masked","GDPR Masked","GDPR Masked","Salonta","GDPR Masked","Romania","gdpr-masking@gdpr-masked.com","GDPR Masked","GDPR Masked","GDPR Masked","GDPR Masked","GDPR Masked","GDPR Masked","GDPR Masked","GDPR Masked","GDPR Masked","gdpr-masking@gdpr-masked.com","GDPR Masked","GDPR Masked","GDPR Masked","GDPR Masked","GDPR Masked","GDPR Masked","GDPR Masked","GDPR Masked","GDPR Masked","gdpr-masking@gdpr-masked.com","GDPR Masked","GDPR Masked","","","","","","","","","","","ns4.wixdns.net","ns5.wixdns.net","","","clientTransferProhibited","","",""
"64","zap-home.com","2021-07-08 15:50:04","2021-07-05","2021-07-05","2022-07-05","146","GoDaddy.com, LLC","whois.godaddy.com","http://registrar.godaddy.com","Home","Home","","","Fundeni","","Romania","","","","","","","","","","","","","","","","","","","","","","","","","","","","","","","","","","ns25.domaincontrol.com","ns26.domaincontrol.com","","","clientDeleteProhibited","clientRenewProhibited","clientTransferProhibited","clientUpdateProhibited"