"num","domain_name","query_time","create_date","update_date","expiry_date","domain_registrar_id","domain_registrar_name","domain_registrar_whois","domain_registrar_url","registrant_name","registrant_company","registrant_address","registrant_city","registrant_state","registrant_zip","registrant_country","registrant_email","registrant_phone","registrant_fax","administrative_name","administrative_company","administrative_address","administrative_city","administrative_state","administrative_zip","administrative_country","administrative_email","administrative_phone","administrative_fax","technical_name","technical_company","technical_address","technical_city","technical_state","technical_zip","technical_country","technical_email","technical_phone","technical_fax","billing_name","billing_company","billing_address","billing_city","billing_state","billing_zip","billing_country","billing_email","billing_phone","billing_fax","name_server_1","name_server_2","name_server_3","name_server_4","domain_status_1","domain_status_2","domain_status_3","domain_status_4"
"1","2cicoachingsenegal.com","2021-07-08 17:03:52","2021-07-05","2021-07-05","2022-07-05","1364","Kheweul.com SA","whois.domain-registry.nl","http://www.kheweul.com","DP","","Front de terre","dakar","Dakar","00000","Senegal","mtdiaby1@gmail.com","+221.7774490871","","DP","","Front de terre","dakar","Dakar","00000","Senegal","mtdiaby1@gmail.com","+221.7774490871","","DP","","Front de terre","dakar","Dakar","00000","Senegal","mtdiaby1@gmail.com","+221.7774490871","","","","","","","","","","","","ns1.kheweul.net","ns2.kheweul.net","ns3.kheweul.net","ns4.kheweul.net","clientTransferProhibited","","",""
"2","aero-lover.com","2021-07-08 17:01:17","2021-07-05","2021-07-05","2022-07-05","1519","NETIM SARL","whois.netim.com","http://www.netim.com","REDACTED","","REDACTED","REDACTED","","REDACTED","Senegal","","REDACTED","REDACTED","REDACTED","","REDACTED","REDACTED","REDACTED","REDACTED","REDACTED","","REDACTED","REDACTED","REDACTED","","REDACTED","REDACTED","REDACTED","REDACTED","REDACTED","","REDACTED","REDACTED","","","","","","","","","","","ns1.wanekoohost.com","ns2.wanekoohost.com","ns4.wanekoohost.com","ns5.wanekoohost.com","clientTransferProhibited","ok","",""
"3","ajdft.com","2021-07-08 17:00:40","2021-07-05","2021-07-05","2022-07-05","69","Tucows Domains Inc.","whois.tucows.com","http://domainhelp.opensrs.net","REDACTED FOR PRIVACY","REDACTED FOR PRIVACY","REDACTED FOR PRIVACY","REDACTED FOR PRIVACY","XX","REDACTED FOR PRIVACY","Senegal","","REDACTED FOR PRIVACY","REDACTED FOR PRIVACY","REDACTED FOR PRIVACY","REDACTED FOR PRIVACY","REDACTED FOR PRIVACY","REDACTED FOR PRIVACY","REDACTED FOR PRIVACY","REDACTED FOR PRIVACY","REDACTED FOR PRIVACY","","REDACTED FOR PRIVACY","REDACTED FOR PRIVACY","REDACTED FOR PRIVACY","REDACTED FOR PRIVACY","REDACTED FOR PRIVACY","REDACTED FOR PRIVACY","REDACTED FOR PRIVACY","REDACTED FOR PRIVACY","REDACTED FOR PRIVACY","","REDACTED FOR PRIVACY","REDACTED FOR PRIVACY","","","","","","","","","","","ns1.siteground.net","ns2.siteground.net","","","clientTransferProhibited","clientUpdateProhibited","",""
"4","allwish.online","2021-07-08 15:27:46","2021-07-05","2021-07-05","2022-07-05","1636","Hostinger, UAB","whois.hostinger.com","http://www.hostinger.com","Not Applicable","Not Applicable","","","Dakar","","Senegal","","","","","","","","","","","","","","","","","","","","","","","","","","","","","","","","","","ns1.dns-parking.com","ns2.dns-parking.com","","","addPeriod","clientTransferProhibited","serverTransferProhibited",""
"5","amarysobel.com","2021-07-08 16:59:51","2021-07-05","2021-07-05","2022-07-05","146","GoDaddy.com, LLC","whois.godaddy.com","http://registrar.godaddy.com","","","","","dakar","","Senegal","","","","","","","","","","","","","","","","","","","","","","","","","","","","","","","","","","ns35.domaincontrol.com","ns36.domaincontrol.com","","","clientDeleteProhibited","clientRenewProhibited","clientTransferProhibited","clientUpdateProhibited"
"6","biyagui-immomali.com","2021-07-08 14:35:14","2021-07-05","2021-07-05","2022-07-05","1472","LiquidNet Ltd.","whois.liquidnetlimited.com","http://www.liquidnetlimited.com","REDACTED FOR PRIVACY","REDACTED FOR PRIVACY","REDACTED FOR PRIVACY","REDACTED FOR PRIVACY","Dakar","REDACTED FOR PRIVACY","Senegal","","REDACTED FOR PRIVACY","REDACTED FOR PRIVACY","REDACTED FOR PRIVACY","REDACTED FOR PRIVACY","REDACTED FOR PRIVACY","REDACTED FOR PRIVACY","REDACTED FOR PRIVACY","REDACTED FOR PRIVACY","REDACTED FOR PRIVACY","","REDACTED FOR PRIVACY","REDACTED FOR PRIVACY","REDACTED FOR PRIVACY","REDACTED FOR PRIVACY","REDACTED FOR PRIVACY","REDACTED FOR PRIVACY","REDACTED FOR PRIVACY","REDACTED FOR PRIVACY","REDACTED FOR PRIVACY","","REDACTED FOR PRIVACY","REDACTED FOR PRIVACY","","","","","","","","","","","dns1.supremedns.com","dns2.supremedns.com","dns3.supremedns.com","dns4.supremedns.com","clientTransferProhibited","","",""
"7","dakarisyourplayground.com","2021-07-08 14:26:55","2021-07-05","2021-07-05","2022-07-05","81","Gandi SAS","whois.gandi.net","http://www.gandi.net","REDACTED FOR PRIVACY","","REDACTED FOR PRIVACY","REDACTED FOR PRIVACY","","REDACTED FOR PRIVACY","Senegal","7688f3699948061129be24db3d3c9850-29031806@contact.gandi.net","REDACTED FOR PRIVACY","REDACTED FOR PRIVACY","REDACTED FOR PRIVACY","REDACTED FOR PRIVACY","REDACTED FOR PRIVACY","REDACTED FOR PRIVACY","REDACTED FOR PRIVACY","REDACTED FOR PRIVACY","REDACTED FOR PRIVACY","7688f3699948061129be24db3d3c9850-29031806@contact.gandi.net","REDACTED FOR PRIVACY","REDACTED FOR PRIVACY","REDACTED FOR PRIVACY","REDACTED FOR PRIVACY","REDACTED FOR PRIVACY","REDACTED FOR PRIVACY","REDACTED FOR PRIVACY","REDACTED FOR PRIVACY","REDACTED FOR PRIVACY","7688f3699948061129be24db3d3c9850-29031806@contact.gandi.net","REDACTED FOR PRIVACY","REDACTED FOR PRIVACY","","","","","","","","","","","ns-111-c.gandi.net","ns-4-b.gandi.net","ns-49-a.gandi.net","","clientTransferProhibited","","",""
"8","dakarpourtous.com","2021-07-08 16:48:27","2021-07-05","2021-07-05","2022-07-05","1364","Kheweul.com SA","whois.domain-registry.nl","http://www.kheweul.com","DP","","Front de terre","dakar","Dakar","00000","Senegal","mtdiaby1@gmail.com","+221.7774490871","","DP","","Front de terre","dakar","Dakar","00000","Senegal","mtdiaby1@gmail.com","+221.7774490871","","DP","","Front de terre","dakar","Dakar","00000","Senegal","mtdiaby1@gmail.com","+221.7774490871","","","","","","","","","","","","ns1.kheweul.net","ns2.kheweul.net","ns3.kheweul.net","ns4.kheweul.net","clientTransferProhibited","","",""
"9","dakarpourtous.info","2021-07-08 15:44:55","2021-07-06","2021-07-06","2022-07-06","303","PDR Ltd. d/b/a PublicDomainRegistry.com","whois.publicdomainregistry.com","http://www.publicdomainregistry.com","","","","","dakar","","Senegal","","","","","","","","","","","","","","","","","","","","","","","","","","","","","","","","","","ns1.kheweul.net","ns2.kheweul.net","ns3.kheweul.net","ns4.kheweul.net","addPeriod","clientTransferProhibited","serverTransferProhibited",""
"10","diolights.com","2021-07-08 16:46:40","2021-07-05","2021-07-05","2022-07-05","303","PDR Ltd. d/b/a PublicDomainRegistry.com","whois.publicdomainregistry.com","http://www.publicdomainregistry.com","Andy Augustine","","607 Richard tolls avenue, st louis","St. loius","Dakar","63101","Senegal","promatch46@gmail.com","+221.221703352711","","Andy Augustine","","607 Richard tolls avenue, st louis","St. loius","Dakar","63101","Senegal","promatch46@gmail.com","+221.221703352711","","Andy Augustine","","607 Richard tolls avenue, st louis","St. loius","Dakar","63101","Senegal","promatch46@gmail.com","+221.221703352711","","","","","","","","","","","","earth.monovm.com","mars.monovm.com","mercury.monovm.com","venus.monovm.com","clientTransferProhibited","","",""
"11","hffssarl.com","2021-07-08 14:37:56","2021-07-05","2021-07-05","2022-07-05","106","Ascio Technologies, Inc. Danmark - Filial af Ascio technologies, Inc. USA","whois.ascio.com","http://www.ascio.com","Not Disclosed","Not Disclosed","Not Disclosed","Not Disclosed","","Not Disclosed","Senegal","","Not Disclosed","Not Disclosed","Not Disclosed","Not Disclosed","Not Disclosed","Not Disclosed","Not Disclosed","Not Disclosed","Not Disclosed","","Not Disclosed","Not Disclosed","Not Disclosed","Not Disclosed","Not Disclosed","Not Disclosed","Not Disclosed","Not Disclosed","Not Disclosed","","Not Disclosed","Not Disclosed","","","","","","","","","","","dns1.123hjemmeside.dk","dns2.123hjemmeside.dk","dns3.123hjemmeside.dk","","OK","","",""
"12","kasmultimedia.com","2021-07-08 16:30:08","2021-07-05","2021-07-05","2022-07-05","74","Online SAS","whois.bookmyname.com","http://www.bookmyname.com","REDACTED FOR PRIVACY","","REDACTED FOR PRIVACY","REDACTED FOR PRIVACY","","REDACTED FOR PRIVACY","Senegal","30a05bf1ab1bab43.1737171@spamfree.bookmyname.com","REDACTED FOR PRIVACY","REDACTED FOR PRIVACY","Alexandre YEPES","O2SWITCH","222 Boulevard Gustave Flaubert","CLERMONT FERRAND","","63000","France","dns-nospam@o2switch.fr","+33.444446040","+33.444446041","Alexandre YEPES","O2SWITCH","222 Boulevard Gustave Flaubert","CLERMONT FERRAND","","63000","France","dns-nospam@o2switch.fr","+33.444446040","+33.444446041","","","","","","","","","","","ns1.o2switch.net","ns2.o2switch.net","","","clientTransferProhibited","","",""
"13","khafaequipements.com","2021-07-08 16:29:38","2021-07-05","2021-07-05","2022-07-05","106","Ascio Technologies, Inc. Danmark - Filial af Ascio technologies, Inc. USA","whois.ascio.com","http://www.ascio.com","Not Disclosed","Not Disclosed","Not Disclosed","Not Disclosed","Dakar","Not Disclosed","Senegal","","Not Disclosed","Not Disclosed","Not Disclosed","Not Disclosed","Not Disclosed","Not Disclosed","Not Disclosed","Not Disclosed","Not Disclosed","","Not Disclosed","Not Disclosed","Not Disclosed","Not Disclosed","Not Disclosed","Not Disclosed","Not Disclosed","Not Disclosed","Not Disclosed","","Not Disclosed","Not Disclosed","","","","","","","","","","","ns1.ascio.com","ns2.ascio.com","ns3.ascio.com","ns4.ascio.com","OK","","",""
"14","kingsenteurs.com","2021-07-08 16:29:31","2021-07-05","2021-07-05","2022-07-05","886","Domain.com, LLC","whois.domain.com","http://www.domain.com","REDACTED FOR PRIVACY","REDACTED FOR PRIVACY","REDACTED FOR PRIVACY","REDACTED FOR PRIVACY","NA","REDACTED FOR PRIVACY","Senegal","","REDACTED FOR PRIVACY","REDACTED FOR PRIVACY","REDACTED FOR PRIVACY","REDACTED FOR PRIVACY","REDACTED FOR PRIVACY","REDACTED FOR PRIVACY","REDACTED FOR PRIVACY","REDACTED FOR PRIVACY","REDACTED FOR PRIVACY","","REDACTED FOR PRIVACY","REDACTED FOR PRIVACY","REDACTED FOR PRIVACY","REDACTED FOR PRIVACY","REDACTED FOR PRIVACY","REDACTED FOR PRIVACY","REDACTED FOR PRIVACY","REDACTED FOR PRIVACY","REDACTED FOR PRIVACY","","REDACTED FOR PRIVACY","REDACTED FOR PRIVACY","","","","","","","","","","","ns1.sevensys.me","ns2.sevensys.me","","","","","",""
"15","lagestiondutaxi.com","2021-07-08 16:28:15","2021-07-05","2021-07-05","2022-07-05","433","OVH sas","whois.ovh.com","http://www.ovh.com","REDACTED FOR PRIVACY","","REDACTED FOR PRIVACY","REDACTED FOR PRIVACY","","REDACTED FOR PRIVACY","Senegal","","REDACTED FOR PRIVACY","REDACTED FOR PRIVACY","REDACTED FOR PRIVACY","REDACTED FOR PRIVACY","REDACTED FOR PRIVACY","REDACTED FOR PRIVACY","REDACTED FOR PRIVACY","REDACTED FOR PRIVACY","REDACTED FOR PRIVACY","","REDACTED FOR PRIVACY","REDACTED FOR PRIVACY","REDACTED FOR PRIVACY","REDACTED FOR PRIVACY","REDACTED FOR PRIVACY","REDACTED FOR PRIVACY","REDACTED FOR PRIVACY","REDACTED FOR PRIVACY","REDACTED FOR PRIVACY","","REDACTED FOR PRIVACY","REDACTED FOR PRIVACY","","","","","","","","","","","dns106.ovh.net","ns106.ovh.net","","","clientDeleteProhibited","clientTransferProhibited","",""
"16","matechnologies.tech","2021-07-08 15:06:29","2021-07-05","2021-07-05","2022-07-05","1630","Ligne Web Services SARL","whois.nic.fr","http://www.ait.com","","","","","","","Senegal","","","","","","","","","","","","","","","","","","","","","","","","","","","","","","","","","","ns17.lwsdns.com","ns18.lwsdns.com","ns19.lwsdns.com","ns20.lwsdns.com","addPeriod","serverTransferProhibited","",""
"17","mldsolution.com","2021-07-08 17:40:14","2021-07-05","2021-07-05","2022-07-05","1519","NETIM SARL","whois.netim.com","http://www.netim.com","REDACTED","","REDACTED","REDACTED","","REDACTED","Senegal","","REDACTED","REDACTED","REDACTED","","REDACTED","REDACTED","REDACTED","REDACTED","REDACTED","","REDACTED","REDACTED","REDACTED","","REDACTED","REDACTED","REDACTED","REDACTED","REDACTED","","REDACTED","REDACTED","","","","","","","","","","","ns1.wanekoohost.com","ns2.wanekoohost.com","ns4.wanekoohost.com","ns5.wanekoohost.com","clientTransferProhibited","ok","",""
"18","nourphotographie.com","2021-07-08 14:41:14","2021-07-05","2021-07-05","2022-07-05","106","Ascio Technologies, Inc. Danmark - Filial af Ascio technologies, Inc. USA","whois.ascio.com","http://www.ascio.com","Not Disclosed","Not Disclosed","Not Disclosed","Not Disclosed","","Not Disclosed","Senegal","","Not Disclosed","Not Disclosed","Not Disclosed","Not Disclosed","Not Disclosed","Not Disclosed","Not Disclosed","Not Disclosed","Not Disclosed","","Not Disclosed","Not Disclosed","Not Disclosed","Not Disclosed","Not Disclosed","Not Disclosed","Not Disclosed","Not Disclosed","Not Disclosed","","Not Disclosed","Not Disclosed","","","","","","","","","","","dns1.123hjemmeside.dk","dns2.123hjemmeside.dk","dns3.123hjemmeside.dk","","OK","","",""
"19","ocasshop.com","2021-07-08 17:27:23","2021-07-05","2021-07-05","2022-07-05","1519","NETIM SARL","whois.netim.com","http://www.netim.com","REDACTED","","REDACTED","REDACTED","","REDACTED","Senegal","","REDACTED","REDACTED","REDACTED","","REDACTED","REDACTED","REDACTED","REDACTED","REDACTED","","REDACTED","REDACTED","REDACTED","","REDACTED","REDACTED","REDACTED","REDACTED","REDACTED","","REDACTED","REDACTED","","","","","","","","","","","ns1.wanekoohost.com","ns2.wanekoohost.com","ns4.wanekoohost.com","ns5.wanekoohost.com","clientTransferProhibited","ok","",""
"20","sunuhome.space","2021-07-08 15:09:52","2021-07-05","2021-07-05","2022-07-05","1636","Hostinger, UAB","whois.hostinger.com","http://www.hostinger.com","SUNU HOME","SUNU HOME","","","Dakar","","Senegal","","","","","","","","","","","","","","","","","","","","","","","","","","","","","","","","","","ns1.dns-parking.com","ns2.dns-parking.com","","","addPeriod","clientTransferProhibited","serverTransferProhibited",""