"num","domain_name","query_time","create_date","update_date","expiry_date","domain_registrar_id","domain_registrar_name","domain_registrar_whois","domain_registrar_url","registrant_name","registrant_company","registrant_address","registrant_city","registrant_state","registrant_zip","registrant_country","registrant_email","registrant_phone","registrant_fax","administrative_name","administrative_company","administrative_address","administrative_city","administrative_state","administrative_zip","administrative_country","administrative_email","administrative_phone","administrative_fax","technical_name","technical_company","technical_address","technical_city","technical_state","technical_zip","technical_country","technical_email","technical_phone","technical_fax","billing_name","billing_company","billing_address","billing_city","billing_state","billing_zip","billing_country","billing_email","billing_phone","billing_fax","name_server_1","name_server_2","name_server_3","name_server_4","domain_status_1","domain_status_2","domain_status_3","domain_status_4"
"1","365onlinelogin.com","2021-07-08 17:30:50","2021-07-05","2021-07-05","2022-07-05","1868","Eranet International Limited","whois.eranet.com","http://www.eranet.com","REDACTED FOR PRIVACY","REDACTED FOR PRIVACY","REDACTED FOR PRIVACY","REDACTED FOR PRIVACY","Londn","REDACTED FOR PRIVACY","Seychelles","","REDACTED FOR PRIVACY","REDACTED FOR PRIVACY","REDACTED FOR PRIVACY","REDACTED FOR PRIVACY","REDACTED FOR PRIVACY","REDACTED FOR PRIVACY","REDACTED FOR PRIVACY","REDACTED FOR PRIVACY","REDACTED FOR PRIVACY","","REDACTED FOR PRIVACY","REDACTED FOR PRIVACY","REDACTED FOR PRIVACY","REDACTED FOR PRIVACY","REDACTED FOR PRIVACY","REDACTED FOR PRIVACY","REDACTED FOR PRIVACY","REDACTED FOR PRIVACY","REDACTED FOR PRIVACY","","REDACTED FOR PRIVACY","REDACTED FOR PRIVACY","","","","","","","","","","","now1.dns.com","now2.dns.com","","","clientHold","clientTransferProhibited","",""
"2","artauction.life","2021-07-08 15:40:51","2021-07-05","2021-07-05","2022-07-05","472","Dynadot, LLC","whois.dynadot.com","http://www.dynadot.com","REDACTED FOR PRIVACY","","REDACTED FOR PRIVACY","REDACTED FOR PRIVACY","National Cultural Centre","REDACTED FOR PRIVACY","Seychelles","","REDACTED FOR PRIVACY","REDACTED FOR PRIVACY","","","","","","","","","","","","","","","","","","","","","","","","","","","","","","","","","","","addPeriod","clientTransferProhibited","",""
"3","cajoucream.com","2021-07-08 18:20:33","2021-07-05","2021-07-06","2022-07-05","1211","Godomaingo.com LLC","whois.eu","http://www.networksolutions.com","Dmitry Vasilev","Elmaco Ltd.","106 PREMIER BUILDING, ALBERT STREET","Victoria","","00000","Seychelles","domkeeper777@gmail.com","+248.37258630645","+248.037258630645","Dmitry Vasilev","Elmaco Ltd.","106 PREMIER BUILDING, ALBERT STREET","Victoria","","00000","Seychelles","domkeeper777@gmail.com","+248.37258630645","+248.037258630645","Dmitry Vasilev","Elmaco Ltd.","106 PREMIER BUILDING, ALBERT STREET","Victoria","","00000","Seychelles","domkeeper777@gmail.com","+248.37258630645","+248.037258630645","","","","","","","","","","","150.ns1.above.com","150.ns2.above.com","","","OK","","",""
"4","digitalartauction.digital","2021-07-08 15:47:14","2021-07-05","2021-07-05","2022-07-05","472","Dynadot, LLC","whois.dynadot.com","http://www.dynadot.com","REDACTED FOR PRIVACY","","REDACTED FOR PRIVACY","REDACTED FOR PRIVACY","National Cultural Centre","REDACTED FOR PRIVACY","Seychelles","","REDACTED FOR PRIVACY","REDACTED FOR PRIVACY","","","","","","","","","","","","","","","","","","","","","","","","","","","","","","","","","","","addPeriod","clientTransferProhibited","",""
"5","jespro.net","2021-07-08 15:36:17","2021-07-04","2021-07-05","2022-07-04","1069","DropExtra.com, Inc.","it.whois-servers.net","http://namepal.com","Dmitry Vasilev","Elmaco Ltd.","106 PREMIER BUILDING, ALBERT STREET","Victoria","","00000","Seychelles","domkeeper777@gmail.com","+248.37258630645","+248.037258630645","Dmitry Vasilev","Elmaco Ltd.","106 PREMIER BUILDING, ALBERT STREET","Victoria","","00000","Seychelles","domkeeper777@gmail.com","+248.37258630645","+248.037258630645","Dmitry Vasilev","Elmaco Ltd.","106 PREMIER BUILDING, ALBERT STREET","Victoria","","00000","Seychelles","domkeeper777@gmail.com","+248.37258630645","+248.037258630645","","","","","","","","","","","150.ns1.above.com","150.ns2.above.com","","","OK","","",""
"6","moonradiochannel.com","2021-07-08 16:19:51","2021-07-05","2021-07-05","2022-07-05","472","Dynadot, LLC","whois.dynadot.com","http://www.dynadot.com","ceo dlt","","National Cultural Centre","Victoria Mahe","National Cultural Centre","123121","Seychelles","deeplearningtrade.com@gmail.com","+248.123456789","","ceo dlt","","National Cultural Centre","Victoria Mahe","National Cultural Centre","123121","Seychelles","deeplearningtrade.com@gmail.com","+248.123456789","","ceo dlt","","National Cultural Centre","Victoria Mahe","National Cultural Centre","123121","Seychelles","deeplearningtrade.com@gmail.com","+248.123456789","","","","","","","","","","","","ns1.dynadot.com","ns2.dynadot.com","","","clientTransferProhibited","","",""
"7","secureaibhelp.com","2021-07-08 16:08:01","2021-07-05","2021-07-05","2022-07-05","1868","Eranet International Limited","whois.eranet.com","http://www.eranet.com","REDACTED FOR PRIVACY","REDACTED FOR PRIVACY","REDACTED FOR PRIVACY","REDACTED FOR PRIVACY","lagos","REDACTED FOR PRIVACY","Seychelles","","REDACTED FOR PRIVACY","REDACTED FOR PRIVACY","REDACTED FOR PRIVACY","REDACTED FOR PRIVACY","REDACTED FOR PRIVACY","REDACTED FOR PRIVACY","REDACTED FOR PRIVACY","REDACTED FOR PRIVACY","REDACTED FOR PRIVACY","","REDACTED FOR PRIVACY","REDACTED FOR PRIVACY","REDACTED FOR PRIVACY","REDACTED FOR PRIVACY","REDACTED FOR PRIVACY","REDACTED FOR PRIVACY","REDACTED FOR PRIVACY","REDACTED FOR PRIVACY","REDACTED FOR PRIVACY","","REDACTED FOR PRIVACY","REDACTED FOR PRIVACY","","","","","","","","","","","dns1.namecheaphosting.com","dns2.namecheaphosting.com","","","clientTransferProhibited","","",""
"8","votesignals.com","2021-07-08 17:48:18","2021-07-05","2021-07-05","2022-07-05","472","Dynadot, LLC","whois.dynadot.com","http://www.dynadot.com","ceo dlt","","National Cultural Centre","Victoria Mahe","National Cultural Centre","123121","Seychelles","deeplearningtrade.com@gmail.com","+248.123456789","","ceo dlt","","National Cultural Centre","Victoria Mahe","National Cultural Centre","123121","Seychelles","deeplearningtrade.com@gmail.com","+248.123456789","","ceo dlt","","National Cultural Centre","Victoria Mahe","National Cultural Centre","123121","Seychelles","deeplearningtrade.com@gmail.com","+248.123456789","","","","","","","","","","","","ns1.dynadot.com","ns2.dynadot.com","","","clientTransferProhibited","","",""
"9","warcraftlegion.com","2021-07-08 18:05:09","2021-07-05","2021-07-06","2022-07-05","1235","ZigZagNames.com LLC","whois.ripn.net","http://www.networksolutions.com","Dmitry Vasilev","Elmaco Ltd.","106 PREMIER BUILDING, ALBERT STREET","Victoria","","00000","Seychelles","domkeeper777@gmail.com","+248.37258630645","+248.037258630645","Dmitry Vasilev","Elmaco Ltd.","106 PREMIER BUILDING, ALBERT STREET","Victoria","","00000","Seychelles","domkeeper777@gmail.com","+248.37258630645","+248.037258630645","Dmitry Vasilev","Elmaco Ltd.","106 PREMIER BUILDING, ALBERT STREET","Victoria","","00000","Seychelles","domkeeper777@gmail.com","+248.37258630645","+248.037258630645","","","","","","","","","","","150.ns1.above.com","150.ns2.above.com","","","OK","","",""