"num","domain_name","query_time","create_date","update_date","expiry_date","domain_registrar_id","domain_registrar_name","domain_registrar_whois","domain_registrar_url","registrant_name","registrant_company","registrant_address","registrant_city","registrant_state","registrant_zip","registrant_country","registrant_email","registrant_phone","registrant_fax","administrative_name","administrative_company","administrative_address","administrative_city","administrative_state","administrative_zip","administrative_country","administrative_email","administrative_phone","administrative_fax","technical_name","technical_company","technical_address","technical_city","technical_state","technical_zip","technical_country","technical_email","technical_phone","technical_fax","billing_name","billing_company","billing_address","billing_city","billing_state","billing_zip","billing_country","billing_email","billing_phone","billing_fax","name_server_1","name_server_2","name_server_3","name_server_4","domain_status_1","domain_status_2","domain_status_3","domain_status_4"
"1","al-barakha.com","2021-07-08 17:00:40","2021-07-05","2021-07-05","2022-07-05","625","Name.com, Inc.","whois.name.com","http://www.name.com","Rani Creative Solutions (Pvt) Ltd","Rani Creative Solutions (Pvt) Ltd","No. 28, 1/1, Dharmarama Road","Colombo - 06","Western","00600","Sri Lanka","","Non-Public Data","","Rani Creative Solutions (Pvt) Ltd","Rani Creative Solutions (Pvt) Ltd","No. 28, 1/1, Dharmarama Road","Colombo - 06","Western","00600","Sri Lanka","","Non-Public Data","","Rani Creative Solutions (Pvt) Ltd","Rani Creative Solutions (Pvt) Ltd","No. 28, 1/1, Dharmarama Road","Colombo - 06","Western","00600","Sri Lanka","","Non-Public Data","","","","","","","","","","","","ns1.ranihosting.com","ns2.ranihosting.com","","","addPeriod","clientTransferProhibited","",""
"2","anazuregeek.com","2021-07-08 16:59:24","2021-07-05","2021-07-05","2022-07-05","1647","Hosting Concepts B.V. dba Openprovider","whois.registrar.eu","http://www.openprovider.com","REDACTED FOR PRIVACY","","REDACTED FOR PRIVACY","REDACTED FOR PRIVACY","Basnahira","REDACTED FOR PRIVACY","Sri Lanka","","REDACTED FOR PRIVACY","REDACTED FOR PRIVACY","REDACTED FOR PRIVACY","REDACTED FOR PRIVACY","REDACTED FOR PRIVACY","REDACTED FOR PRIVACY","REDACTED FOR PRIVACY","REDACTED FOR PRIVACY","REDACTED FOR PRIVACY","","REDACTED FOR PRIVACY","REDACTED FOR PRIVACY","REDACTED FOR PRIVACY","REDACTED FOR PRIVACY","REDACTED FOR PRIVACY","REDACTED FOR PRIVACY","REDACTED FOR PRIVACY","REDACTED FOR PRIVACY","REDACTED FOR PRIVACY","","REDACTED FOR PRIVACY","REDACTED FOR PRIVACY","","","","","","","","","","","ns1.dns-parking.com","ns2.dns-parking.com","","","clientTransferProhibited","","",""
"3","anubeauty.store","2021-07-08 15:09:31","2021-07-05","2021-07-05","2022-07-05","146","GoDaddy.com, LLC","whois.godaddy.com","http://registrar.godaddy.com","","","","","Vavuniya","","Sri Lanka","","","","","","","","","","","","","","","","","","","","","","","","","","","","","","","","","","ns35.domaincontrol.com","ns36.domaincontrol.com","","","addPeriod","clientDeleteProhibited","clientRenewProhibited","clientTransferProhibited"
"4","artoken.tech","2021-07-08 15:07:55","2021-07-05","2021-07-05","2022-07-05","146","GoDaddy.com, LLC","whois.godaddy.com","http://registrar.godaddy.com","Privacy Protected","Privacy Protected","","","WP","","Sri Lanka","","","","","","","","","","","","","","","","","","","","","","","","","","","","","","","","","","ns71.domaincontrol.com","ns72.domaincontrol.com","","","addPeriod","clientDeleteProhibited","clientRenewProhibited","clientTransferProhibited"
"5","arystonegranites.com","2021-07-08 16:57:48","2021-07-05","2021-07-05","2022-07-05","303","PDR Ltd. d/b/a PublicDomainRegistry.com","whois.publicdomainregistry.com","http://www.publicdomainregistry.com","Thamaranga Siriwardana","Miracle Designs (Pvt) Ltd","No:372, Galle Road,","Rathmalana","Western","00100","Sri Lanka","infinitydigitalinfo@gmail.com","+94.773422555","","Thamaranga Siriwardana","Miracle Designs (Pvt) Ltd","No:372, Galle Road,","Rathmalana","Western","00100","Sri Lanka","infinitydigitalinfo@gmail.com","+94.773422555","","Thamaranga Siriwardana","Miracle Designs (Pvt) Ltd","No:372, Galle Road,","Rathmalana","Western","00100","Sri Lanka","infinitydigitalinfo@gmail.com","+94.773422555","","","","","","","","","","","","ns1.lankahost.net","ns2.lankahost.net","","","clientTransferProhibited","","",""
"6","bluehosters.com","2021-07-08 20:53:28","2021-07-08","2021-07-08","2022-07-08","303","PDR Ltd. d/b/a PublicDomainRegistry.com","whois.publicdomainregistry.com","http://www.publicdomainregistry.com","Mohamed Fawzar","Softene International (Pvt) Ltd","No 132, Kawdana Road","Dehiwala","Western Province","10350","Sri Lanka","in4mfawzar@gmail.com","+94.777345645","","Mohamed Fawzar","Softene International (Pvt) Ltd","No 132, Kawdana Road","Dehiwala","Western Province","10350","Sri Lanka","in4mfawzar@gmail.com","+94.777345645","","Mohamed Fawzar","Softene International (Pvt) Ltd","No 132, Kawdana Road","Dehiwala","Western Province","10350","Sri Lanka","in4mfawzar@gmail.com","+94.777345645","","","","","","","","","","","","ns63.superdnssite.com","ns64.superdnssite.com","","","clientTransferProhibited","","",""
"7","creativemyacademy.com","2021-07-08 16:49:52","2021-07-05","2021-07-05","2022-07-05","106","Ascio Technologies, Inc. Danmark - Filial af Ascio technologies, Inc. USA","whois.ascio.com","http://www.ascio.com","Not Disclosed","Not Disclosed","Not Disclosed","Not Disclosed","","Not Disclosed","Sri Lanka","","Not Disclosed","Not Disclosed","Not Disclosed","Not Disclosed","Not Disclosed","Not Disclosed","Not Disclosed","Not Disclosed","Not Disclosed","","Not Disclosed","Not Disclosed","Not Disclosed","Not Disclosed","Not Disclosed","Not Disclosed","Not Disclosed","Not Disclosed","Not Disclosed","","Not Disclosed","Not Disclosed","","","","","","","","","","","dns1.123hjemmeside.dk","dns2.123hjemmeside.dk","dns3.123hjemmeside.dk","","OK","","",""
"8","dpilogistic.com","2021-07-08 16:45:31","2021-07-05","2021-07-05","2022-07-05","1647","Hosting Concepts B.V. dba Openprovider","whois.registrar.eu","http://www.openprovider.com","REDACTED FOR PRIVACY","","REDACTED FOR PRIVACY","REDACTED FOR PRIVACY","Sabaragamuwa","REDACTED FOR PRIVACY","Sri Lanka","","REDACTED FOR PRIVACY","REDACTED FOR PRIVACY","REDACTED FOR PRIVACY","REDACTED FOR PRIVACY","REDACTED FOR PRIVACY","REDACTED FOR PRIVACY","REDACTED FOR PRIVACY","REDACTED FOR PRIVACY","REDACTED FOR PRIVACY","","REDACTED FOR PRIVACY","REDACTED FOR PRIVACY","REDACTED FOR PRIVACY","REDACTED FOR PRIVACY","REDACTED FOR PRIVACY","REDACTED FOR PRIVACY","REDACTED FOR PRIVACY","REDACTED FOR PRIVACY","REDACTED FOR PRIVACY","","REDACTED FOR PRIVACY","REDACTED FOR PRIVACY","","","","","","","","","","","ns1.dns-parking.com","ns2.dns-parking.com","","","clientTransferProhibited","","",""
"9","ecodeit.com","2021-07-08 18:37:47","2021-07-05","2021-07-05","2022-07-05","839","Realtime Register B.V.","whois.yoursrs.com","http://www.realtimeregister.com","REDACTED FOR PRIVACY","REDACTED FOR PRIVACY","REDACTED FOR PRIVACY","REDACTED FOR PRIVACY","Western","REDACTED FOR PRIVACY","Sri Lanka","","REDACTED FOR PRIVACY","REDACTED FOR PRIVACY","REDACTED FOR PRIVACY","REDACTED FOR PRIVACY","REDACTED FOR PRIVACY","REDACTED FOR PRIVACY","REDACTED FOR PRIVACY","REDACTED FOR PRIVACY","REDACTED FOR PRIVACY","","REDACTED FOR PRIVACY","REDACTED FOR PRIVACY","REDACTED FOR PRIVACY","REDACTED FOR PRIVACY","REDACTED FOR PRIVACY","REDACTED FOR PRIVACY","REDACTED FOR PRIVACY","REDACTED FOR PRIVACY","REDACTED FOR PRIVACY","","REDACTED FOR PRIVACY","REDACTED FOR PRIVACY","","","","","","","","","","","dns66.lankahost.net","dns67.lankahost.net","","","OK","","",""
"10","euphoriakstore.com","2021-07-08 16:42:17","2021-07-05","2021-07-05","2022-07-05","303","PDR Ltd. d/b/a PublicDomainRegistry.com","whois.publicdomainregistry.com","http://www.publicdomainregistry.com","Jennifer Michael","Euphoria kstore","B-27/2/3-Jayantha Weerasekara Mawatha, Colombo 10 0","Colombo 10","01000","01000","Sri Lanka","euphoriakstore.lk@gmail.com","+94.0759516500","","Jennifer Michael","Euphoria kstore","B-27/2/3-Jayantha Weerasekara Mawatha, Colombo 10 0","Colombo 10","01000","01000","Sri Lanka","euphoriakstore.lk@gmail.com","+94.0759516500","","Jennifer Michael","Euphoria kstore","B-27/2/3-Jayantha Weerasekara Mawatha, Colombo 10 0","Colombo 10","01000","01000","Sri Lanka","euphoriakstore.lk@gmail.com","+94.0759516500","","","","","","","","","","","","ns1.lankahost.net","ns2.lankahost.net","","","clientTransferProhibited","","",""
"11","fatburningritual.com","2021-07-08 16:41:24","2021-07-05","2021-07-05","2022-07-05","146","GoDaddy.com, LLC","whois.godaddy.com","http://registrar.godaddy.com","","","","","Western Province","","Sri Lanka","","","","","","","","","","","","","","","","","","","","","","","","","","","","","","","","","","ns-a-1.getresponse.com","ns-a-2.getresponse.com","","","clientDeleteProhibited","clientRenewProhibited","clientTransferProhibited","clientUpdateProhibited"
"12","friendwall.club","2021-07-08 18:46:01","2021-07-05","2021-07-07","2022-07-05","146","GoDaddy.com, LLC","whois.godaddy.com","http://registrar.godaddy.com","REDACTED FOR PRIVACY","","REDACTED FOR PRIVACY REDACTED FOR PRIVACY REDACTED FOR PRIVACY","REDACTED FOR PRIVACY","Uva","REDACTED FOR PRIVACY","Sri Lanka","","REDACTED FOR PRIVACY","REDACTED FOR PRIVACY","REDACTED FOR PRIVACY","REDACTED FOR PRIVACY","REDACTED FOR PRIVACY REDACTED FOR PRIVACY REDACTED FOR PRIVACY","REDACTED FOR PRIVACY","REDACTED FOR PRIVACY","REDACTED FOR PRIVACY","REDACTED FOR PRIVACY","","REDACTED FOR PRIVACY","REDACTED FOR PRIVACY","REDACTED FOR PRIVACY","REDACTED FOR PRIVACY","REDACTED FOR PRIVACY REDACTED FOR PRIVACY REDACTED FOR PRIVACY","REDACTED FOR PRIVACY","REDACTED FOR PRIVACY","REDACTED FOR PRIVACY","REDACTED FOR PRIVACY","","REDACTED FOR PRIVACY","REDACTED FOR PRIVACY","","","","","","","","","","","ns-1489.awsdns-58.org","ns-2019.awsdns-60.co.uk","ns-232.awsdns-29.com","ns-851.awsdns-42.net","addPeriod","clientDeleteProhibited","clientRenewProhibited","clientTransferProhibited"
"13","hrmgo.net","2021-07-08 15:31:08","2021-07-04","2021-07-05","2022-07-04","146","GoDaddy.com, LLC","whois.godaddy.com","http://registrar.godaddy.com","Outdesk","Outdesk","","","WP","","Sri Lanka","","","","","","","","","","","","","","","","","","","","","","","","","","","","","","","","","","ns25.domaincontrol.com","ns26.domaincontrol.com","","","clientDeleteProhibited","clientRenewProhibited","clientTransferProhibited","clientUpdateProhibited"
"14","ideabitz.com","2021-07-08 16:35:07","2021-07-05","2021-07-05","2022-07-05","146","GoDaddy.com, LLC","whois.godaddy.com","http://registrar.godaddy.com","","","","","Ratnapura","","Sri Lanka","","","","","","","","","","","","","","","","","","","","","","","","","","","","","","","","","","ns09.domaincontrol.com","ns10.domaincontrol.com","","","clientDeleteProhibited","clientRenewProhibited","clientTransferProhibited","clientUpdateProhibited"
"15","indesignrepublic.com","2021-07-08 16:34:26","2021-07-05","2021-07-05","2023-07-05","146","GoDaddy.com, LLC","whois.godaddy.com","http://registrar.godaddy.com","","","","","western","","Sri Lanka","","","","","","","","","","","","","","","","","","","","","","","","","","","","","","","","","","ns69.domaincontrol.com","ns70.domaincontrol.com","","","clientDeleteProhibited","clientRenewProhibited","clientTransferProhibited","clientUpdateProhibited"
"16","insourcelabs.com","2021-07-08 16:34:05","2021-07-05","2021-07-05","2022-07-05","1479","Namesilo, LLC","whois.namesilo.com","http://www.namesilo.com","Sachin Gimhan","Insource Labs","268/3 Meegahawaththa","Delgoda","Western Province","11700","Sri Lanka","sachingimhan8@gmail.com","+94.715131363","","Sachin Gimhan","Insource Labs","268/3 Meegahawaththa","Delgoda","Western Province","11700","Sri Lanka","sachingimhan8@gmail.com","+94.715131363","","Sachin Gimhan","Insource Labs","268/3 Meegahawaththa","Delgoda","Western Province","11700","Sri Lanka","sachingimhan8@gmail.com","+94.715131363","","","","","","","","","","","","dns1.provider.lk","dns2.provider.lk","","","clientTransferProhibited","","",""
"17","ivercreatives.com","2021-07-08 16:32:59","2021-07-05","2021-07-05","2022-07-05","1647","Hosting Concepts B.V. dba Openprovider","whois.registrar.eu","http://www.openprovider.com","REDACTED FOR PRIVACY","Iver Creatives","REDACTED FOR PRIVACY","REDACTED FOR PRIVACY","Basnahira","REDACTED FOR PRIVACY","Sri Lanka","","REDACTED FOR PRIVACY","REDACTED FOR PRIVACY","REDACTED FOR PRIVACY","REDACTED FOR PRIVACY","REDACTED FOR PRIVACY","REDACTED FOR PRIVACY","REDACTED FOR PRIVACY","REDACTED FOR PRIVACY","REDACTED FOR PRIVACY","","REDACTED FOR PRIVACY","REDACTED FOR PRIVACY","REDACTED FOR PRIVACY","REDACTED FOR PRIVACY","REDACTED FOR PRIVACY","REDACTED FOR PRIVACY","REDACTED FOR PRIVACY","REDACTED FOR PRIVACY","REDACTED FOR PRIVACY","","REDACTED FOR PRIVACY","REDACTED FOR PRIVACY","","","","","","","","","","","ns1.dns-parking.com","ns2.dns-parking.com","","","clientTransferProhibited","","",""
"18","lankadryfish.com","2021-07-08 16:28:00","2021-07-05","2021-07-07","2022-07-05","146","GoDaddy.com, LLC","whois.godaddy.com","http://registrar.godaddy.com","","","","","NORTHERN","","Sri Lanka","","","","","","","","","","","","","","","","","","","","","","","","","","","","","","","","","","ns77.domaincontrol.com","ns78.domaincontrol.com","","","clientDeleteProhibited","clientRenewProhibited","clientTransferProhibited","clientUpdateProhibited"
"19","lifecarebalangoda.com","2021-07-08 16:26:33","2021-07-05","2021-07-05","2022-07-05","1005","NetEarth One Inc. d/b/a NetEarth","whois.advancedregistrar.com","http://www.netearthone.com","Manju BANDARANAYAKA","Life care hospital","Oluganthota Balangoda","Balangoda","Sl","24500","Sri Lanka","maduramanjub@gmail.com","+94.718559825","","Manju BANDARANAYAKA","Life care hospital","Oluganthota Balangoda","Balangoda","Sl","24500","Sri Lanka","maduramanjub@gmail.com","+94.718559825","","Manju BANDARANAYAKA","Life care hospital","Oluganthota Balangoda","Balangoda","Sl","24500","Sri Lanka","maduramanjub@gmail.com","+94.718559825","","","","","","","","","","","","dns3.webserver.lk","dns4.webserver.lk","","","clientTransferProhibited","","",""
"20","lowdesirelife.com","2021-07-08 16:25:25","2021-07-05","2021-07-05","2022-07-05","81","Gandi SAS","whois.gandi.net","http://www.gandi.net","REDACTED FOR PRIVACY","","REDACTED FOR PRIVACY","REDACTED FOR PRIVACY","","REDACTED FOR PRIVACY","Sri Lanka","40706a738834d27be8aea4c1c04f9601-29034900@contact.gandi.net","REDACTED FOR PRIVACY","REDACTED FOR PRIVACY","REDACTED FOR PRIVACY","REDACTED FOR PRIVACY","REDACTED FOR PRIVACY","REDACTED FOR PRIVACY","REDACTED FOR PRIVACY","REDACTED FOR PRIVACY","REDACTED FOR PRIVACY","40706a738834d27be8aea4c1c04f9601-29034900@contact.gandi.net","REDACTED FOR PRIVACY","REDACTED FOR PRIVACY","REDACTED FOR PRIVACY","REDACTED FOR PRIVACY","REDACTED FOR PRIVACY","REDACTED FOR PRIVACY","REDACTED FOR PRIVACY","REDACTED FOR PRIVACY","REDACTED FOR PRIVACY","40706a738834d27be8aea4c1c04f9601-29034900@contact.gandi.net","REDACTED FOR PRIVACY","REDACTED FOR PRIVACY","","","","","","","","","","","ns-10-a.gandi.net","ns-136-c.gandi.net","ns-202-b.gandi.net","","clientTransferProhibited","","",""
"21","megnotechacademy.com","2021-07-08 16:22:17","2021-07-05","2021-07-05","2022-07-05","146","GoDaddy.com, LLC","whois.godaddy.com","http://registrar.godaddy.com","","","","","Puttalam","","Sri Lanka","","","","","","","","","","","","","","","","","","","","","","","","","","","","","","","","","","ns71.domaincontrol.com","ns72.domaincontrol.com","","","clientDeleteProhibited","clientRenewProhibited","clientTransferProhibited","clientUpdateProhibited"
"22","moonscrafts.com","2021-07-08 18:44:34","2021-07-05","2021-07-05","2022-07-05","146","GoDaddy.com, LLC","whois.godaddy.com","http://registrar.godaddy.com","","","","","western","","Sri Lanka","","","","","","","","","","","","","","","","","","","","","","","","","","","","","","","","","","ns25.domaincontrol.com","ns26.domaincontrol.com","","","clientDeleteProhibited","clientRenewProhibited","clientTransferProhibited","clientUpdateProhibited"
"23","ruwaniliyangolla.com","2021-07-08 16:09:46","2021-07-05","2021-07-05","2022-07-05","1647","Hosting Concepts B.V. dba Openprovider","whois.registrar.eu","http://www.openprovider.com","REDACTED FOR PRIVACY","","REDACTED FOR PRIVACY","REDACTED FOR PRIVACY","Madhyama","REDACTED FOR PRIVACY","Sri Lanka","","REDACTED FOR PRIVACY","REDACTED FOR PRIVACY","REDACTED FOR PRIVACY","REDACTED FOR PRIVACY","REDACTED FOR PRIVACY","REDACTED FOR PRIVACY","REDACTED FOR PRIVACY","REDACTED FOR PRIVACY","REDACTED FOR PRIVACY","","REDACTED FOR PRIVACY","REDACTED FOR PRIVACY","REDACTED FOR PRIVACY","REDACTED FOR PRIVACY","REDACTED FOR PRIVACY","REDACTED FOR PRIVACY","REDACTED FOR PRIVACY","REDACTED FOR PRIVACY","REDACTED FOR PRIVACY","","REDACTED FOR PRIVACY","REDACTED FOR PRIVACY","","","","","","","","","","","ns1.dns-parking.com","ns2.dns-parking.com","","","clientTransferProhibited","","",""
"24","splendidability.com","2021-07-08 16:04:30","2021-07-05","2021-07-05","2023-07-05","146","GoDaddy.com, LLC","whois.godaddy.com","http://registrar.godaddy.com","","","","","northwestern","","Sri Lanka","","","","","","","","","","","","","","","","","","","","","","","","","","","","","","","","","","ns59.domaincontrol.com","ns60.domaincontrol.com","","","clientDeleteProhibited","clientRenewProhibited","clientTransferProhibited","clientUpdateProhibited"
"25","springlk.com","2021-07-08 16:04:27","2021-07-05","2021-07-05","2022-07-05","839","Realtime Register B.V.","whois.yoursrs.com","http://www.realtimeregister.com","REDACTED FOR PRIVACY","REDACTED FOR PRIVACY","REDACTED FOR PRIVACY","REDACTED FOR PRIVACY","Western","REDACTED FOR PRIVACY","Sri Lanka","","REDACTED FOR PRIVACY","REDACTED FOR PRIVACY","REDACTED FOR PRIVACY","REDACTED FOR PRIVACY","REDACTED FOR PRIVACY","REDACTED FOR PRIVACY","REDACTED FOR PRIVACY","REDACTED FOR PRIVACY","REDACTED FOR PRIVACY","","REDACTED FOR PRIVACY","REDACTED FOR PRIVACY","REDACTED FOR PRIVACY","REDACTED FOR PRIVACY","REDACTED FOR PRIVACY","REDACTED FOR PRIVACY","REDACTED FOR PRIVACY","REDACTED FOR PRIVACY","REDACTED FOR PRIVACY","","REDACTED FOR PRIVACY","REDACTED FOR PRIVACY","","","","","","","","","","","dns66.lankahost.net","dns67.lankahost.net","","","OK","","",""
"26","tychet.com","2021-07-08 14:28:05","2021-07-05","2021-07-05","2022-07-05","69","Tucows Domains Inc.","whois.tucows.com","http://domainhelp.opensrs.net","REDACTED FOR PRIVACY","REDACTED FOR PRIVACY","REDACTED FOR PRIVACY","REDACTED FOR PRIVACY","Basnahira","REDACTED FOR PRIVACY","Sri Lanka","","REDACTED FOR PRIVACY","REDACTED FOR PRIVACY","REDACTED FOR PRIVACY","REDACTED FOR PRIVACY","REDACTED FOR PRIVACY","REDACTED FOR PRIVACY","REDACTED FOR PRIVACY","REDACTED FOR PRIVACY","REDACTED FOR PRIVACY","","REDACTED FOR PRIVACY","REDACTED FOR PRIVACY","REDACTED FOR PRIVACY","REDACTED FOR PRIVACY","REDACTED FOR PRIVACY","REDACTED FOR PRIVACY","REDACTED FOR PRIVACY","REDACTED FOR PRIVACY","REDACTED FOR PRIVACY","","REDACTED FOR PRIVACY","REDACTED FOR PRIVACY","","","","","","","","","","","ns1.systemdns.com","ns2.systemdns.com","ns3.systemdns.com","","","","",""
"27","vibve.site","2021-07-08 15:10:23","2021-07-05","2021-07-05","2022-07-05","146","GoDaddy.com, LLC","whois.godaddy.com","http://registrar.godaddy.com","","","","","Sri Lanka","","Sri Lanka","","","","","","","","","","","","","","","","","","","","","","","","","","","","","","","","","","corey.ns.cloudflare.com","lilith.ns.cloudflare.com","","","addPeriod","clientDeleteProhibited","clientRenewProhibited","clientTransferProhibited"
"28","wijewellness.com","2021-07-08 15:55:33","2021-07-05","2021-07-05","2023-07-05","146","GoDaddy.com, LLC","whois.godaddy.com","http://registrar.godaddy.com","","","","","Kalutara","","Sri Lanka","","","","","","","","","","","","","","","","","","","","","","","","","","","","","","","","","","ns13.domaincontrol.com","ns14.domaincontrol.com","","","clientDeleteProhibited","clientRenewProhibited","clientTransferProhibited","clientUpdateProhibited"
"29","zesrolk.com","2021-07-08 15:50:02","2021-07-05","2021-07-05","2022-07-05","146","GoDaddy.com, LLC","whois.godaddy.com","http://registrar.godaddy.com","ME","ME","","","Western Province","","Sri Lanka","","","","","","","","","","","","","","","","","","","","","","","","","","","","","","","","","","ns69.domaincontrol.com","ns70.domaincontrol.com","","","clientDeleteProhibited","clientRenewProhibited","clientTransferProhibited","clientUpdateProhibited"