"num","domain_name","query_time","create_date","update_date","expiry_date","domain_registrar_id","domain_registrar_name","domain_registrar_whois","domain_registrar_url","registrant_name","registrant_company","registrant_address","registrant_city","registrant_state","registrant_zip","registrant_country","registrant_email","registrant_phone","registrant_fax","administrative_name","administrative_company","administrative_address","administrative_city","administrative_state","administrative_zip","administrative_country","administrative_email","administrative_phone","administrative_fax","technical_name","technical_company","technical_address","technical_city","technical_state","technical_zip","technical_country","technical_email","technical_phone","technical_fax","billing_name","billing_company","billing_address","billing_city","billing_state","billing_zip","billing_country","billing_email","billing_phone","billing_fax","name_server_1","name_server_2","name_server_3","name_server_4","domain_status_1","domain_status_2","domain_status_3","domain_status_4"
"1","121313212.space","2021-07-08 15:10:11","2021-07-06","2021-07-06","2022-07-06","886","Domain.com, LLC","whois.domain.com","http://www.domain.com","Hao Ping Chuang","Hao Ping Chuang","","","na","","Taiwan","","","","","","","","","","","","","","","","","","","","","","","","","","","","","","","","","","ns1.digitalocean.com","ns2.digitalocean.com","ns3.digitalocean.com","","addPeriod","serverTransferProhibited","",""
"2","28m7.com","2021-07-08 14:20:56","2021-07-05","2021-07-05","2022-07-05","1529","DomainLocal LLC","whois.domainlocal.com","http://www.domainlocal.com","Redacted for GDPR privacy","si hai hui","Redacted for GDPR privacy","Redacted for GDPR privacy","Taiwan","Redacted for GDPR privacy","Taiwan","28m7.com@namebrightprivacy.com","Redacted for GDPR privacy","Redacted for GDPR privacy","Redacted for GDPR privacy","Redacted for GDPR privacy","Redacted for GDPR privacy","Redacted for GDPR privacy","Redacted for GDPR privacy","Redacted for GDPR privacy","Redacted for GDPR privacy","28m7.com@namebrightprivacy.com","Redacted for GDPR privacy","Redacted for GDPR privacy","Redacted for GDPR privacy","Redacted for GDPR privacy","Redacted for GDPR privacy","Redacted for GDPR privacy","Redacted for GDPR privacy","Redacted for GDPR privacy","Redacted for GDPR privacy","28m7.com@namebrightprivacy.com","Redacted for GDPR privacy","Redacted for GDPR privacy","","","","","","","","","","","","","","","clientTransferProhibited","","",""
"3","567art.com","2021-07-08 18:09:34","2021-07-05","2021-07-05","2022-07-05","146","GoDaddy.com, LLC","whois.godaddy.com","http://registrar.godaddy.com","","","","","Tai \u7063Sheng","","Taiwan","","","","","","","","","","","","","","","","","","","","","","","","","","","","","","","","","","ns55.domaincontrol.com","ns56.domaincontrol.com","","","clientDeleteProhibited","clientRenewProhibited","clientTransferProhibited","clientUpdateProhibited"
"4","9jiuzhan.com","2021-07-08 17:02:37","2021-07-05","2021-07-05","2022-07-05","69","Tucows Domains Inc.","whois.tucows.com","http://domainhelp.opensrs.net","REDACTED FOR PRIVACY","REDACTED FOR PRIVACY","REDACTED FOR PRIVACY","REDACTED FOR PRIVACY","Taipei City","REDACTED FOR PRIVACY","Taiwan","","REDACTED FOR PRIVACY","REDACTED FOR PRIVACY","REDACTED FOR PRIVACY","REDACTED FOR PRIVACY","REDACTED FOR PRIVACY","REDACTED FOR PRIVACY","REDACTED FOR PRIVACY","REDACTED FOR PRIVACY","REDACTED FOR PRIVACY","","REDACTED FOR PRIVACY","REDACTED FOR PRIVACY","REDACTED FOR PRIVACY","REDACTED FOR PRIVACY","REDACTED FOR PRIVACY","REDACTED FOR PRIVACY","REDACTED FOR PRIVACY","REDACTED FOR PRIVACY","REDACTED FOR PRIVACY","","REDACTED FOR PRIVACY","REDACTED FOR PRIVACY","","","","","","","","","","","carl.ns.cloudflare.com","lana.ns.cloudflare.com","","","","","",""
"5","aitech-edu.com","2021-07-08 17:05:12","2021-07-05","2021-07-05","2022-07-05","303","PDR Ltd. d/b/a PublicDomainRegistry.com","whois.publicdomainregistry.com","http://www.publicdomainregistry.com","ZARY ADABAVAZEH","aitech","3F-2, No. 51-9, Guo'an first Road, Xitun Dis., Taichung city, T","Taichung","Taichung","40763","Taiwan","zaryadabavazeh@gmail.com","+886.903907021","","ZARY ADABAVAZEH","aitech","3F-2, No. 51-9, Guo'an first Road, Xitun Dis., Taichung city, T","Taichung","Taichung","40763","Taiwan","zaryadabavazeh@gmail.com","+886.903907021","","ZARY ADABAVAZEH","aitech","3F-2, No. 51-9, Guo'an first Road, Xitun Dis., Taichung city, T","Taichung","Taichung","40763","Taiwan","zaryadabavazeh@gmail.com","+886.903907021","","","","","","","","","","","","ns10.webazin.net","ns9.webazin.net","","","clientTransferProhibited","","",""
"6","alertheavy.com","2021-07-08 17:00:25","2021-07-05","2021-07-05","2023-07-05","146","GoDaddy.com, LLC","whois.godaddy.com","http://registrar.godaddy.com","Ying \u9edeKe Ji Gu Fen You Xian Gong Si","Ying \u9edeKe Ji Gu Fen You Xian Gong Si","","","Taipei","","Taiwan","","","","","","","","","","","","","","","","","","","","","","","","","","","","","","","","","","ns09.domaincontrol.com","ns10.domaincontrol.com","","","clientDeleteProhibited","clientRenewProhibited","clientTransferProhibited","clientUpdateProhibited"
"7","alpexdownload.com","2021-07-08 16:59:58","2021-07-04","2021-07-04","2022-07-04","146","GoDaddy.com, LLC","whois.godaddy.com","http://registrar.godaddy.com","","","","","Tai \u7063 Tai Zhong Shi","","Taiwan","","","","","","","","","","","","","","","","","","","","","","","","","","","","","","","","","","ns59.domaincontrol.com","ns60.domaincontrol.com","","","clientDeleteProhibited","clientRenewProhibited","clientTransferProhibited","clientUpdateProhibited"
"8","alpexweb.com","2021-07-08 16:59:53","2021-07-04","2021-07-04","2022-07-04","146","GoDaddy.com, LLC","whois.godaddy.com","http://registrar.godaddy.com","","","","","Tai \u7063 Tai Zhong Shi","","Taiwan","","","","","","","","","","","","","","","","","","","","","","","","","","","","","","","","","","ns69.domaincontrol.com","ns70.domaincontrol.com","","","clientDeleteProhibited","clientRenewProhibited","clientTransferProhibited","clientUpdateProhibited"
"9","anna-rich.com","2021-07-08 18:06:28","2021-07-05","2021-07-05","2023-07-05","146","GoDaddy.com, LLC","whois.godaddy.com","http://registrar.godaddy.com","","","","","Taiwan","","Taiwan","","","","","","","","","","","","","","","","","","","","","","","","","","","","","","","","","","ns1.bluehost.com","ns2.bluehost.com","","","clientDeleteProhibited","clientRenewProhibited","clientTransferProhibited","clientUpdateProhibited"
"10","art1cafe.com","2021-07-08 16:57:59","2021-07-05","2021-07-05","2023-07-05","146","GoDaddy.com, LLC","whois.godaddy.com","http://registrar.godaddy.com","Li Hao \u570b\u969bYou Xian Gong Si","Li Hao \u570b\u969bYou Xian Gong Si","","","Xin Bei Shi","","Taiwan","","","","","","","","","","","","","","","","","","","","","","","","","","","","","","","","","","ns11.domaincontrol.com","ns12.domaincontrol.com","","","clientDeleteProhibited","clientRenewProhibited","clientTransferProhibited","clientUpdateProhibited"
"11","baby-parks.com","2021-07-08 17:15:53","2021-07-04","2021-07-04","2022-07-04","146","GoDaddy.com, LLC","whois.godaddy.com","http://registrar.godaddy.com","","","","","Tai \u7063","","Taiwan","","","","","","","","","","","","","","","","","","","","","","","","","","","","","","","","","","ns-1291.awsdns-33.org","ns-1653.awsdns-14.co.uk","ns-179.awsdns-22.com","ns-738.awsdns-28.net","clientDeleteProhibited","clientRenewProhibited","clientTransferProhibited","clientUpdateProhibited"
"12","beclinic.store","2021-07-08 15:09:29","2021-07-06","2021-07-06","2022-07-06","146","GoDaddy.com, LLC","whois.godaddy.com","http://registrar.godaddy.com","\u6771Zhi Mei \u8a3aSuo","\u6771Zhi Mei \u8a3aSuo","","","Tai \u7063","","Taiwan","","","","","","","","","","","","","","","","","","","","","","","","","","","","","","","","","","ns2.wixdns.net","ns3.wixdns.net","","","addPeriod","clientDeleteProhibited","clientRenewProhibited","clientTransferProhibited"
"13","bhagavad-tw.com","2021-07-08 14:35:38","2021-07-04","2021-07-05","2026-07-04","146","GoDaddy.com, LLC","whois.godaddy.com","http://registrar.godaddy.com","Zhu Shang \u6578Wei Hang \u92b7Ke Ji Gu Fen You Xian Gong Si","Zhu Shang \u6578Wei Hang \u92b7Ke Ji Gu Fen You Xian Gong Si","","","Tai \u7063Sheng","","Taiwan","","","","","","","","","","","","","","","","","","","","","","","","","","","","","","","","","","gerald.ns.cloudflare.com","kia.ns.cloudflare.com","","","clientDeleteProhibited","clientRenewProhibited","clientTransferProhibited","clientUpdateProhibited"
"14","blacksea-server.com","2021-07-08 14:35:03","2021-07-05","2021-07-05","2022-07-05","1327","Vitalwerks Internet Solutions, LLC DBA No-IP","whois.no-ip.com","http://www.no-ip.com","Chiang, Dabbie","blacksea","No100 Dongjiang Nanjiang Vil  Nanzhuang Township","Miaoli","Taiwan","353","Taiwan","bluepompompurin@gmail.com","+886.919025457","","Chiang, Dabbie","","No100 Dongjiang Nanjiang Vil  Nanzhuang Township","Miaoli","Taiwan","353","Taiwan","bluepompompurin@gmail.com","+886.919025457","","Chiang, Dabbie","blacksea","No100 Dongjiang Nanjiang Vil  Nanzhuang Township","Miaoli","Taiwan","353","Taiwan","bluepompompurin@gmail.com","+886.919025457","","Chiang, Dabbie","blacksea","No100 Dongjiang Nanjiang Vil  Nanzhuang Township","Miaoli","Taiwan","353","Taiwan","bluepompompurin@gmail.com","+886.919025457","","static-1.no-ip.com","static-2.no-ip.com","static-3.no-ip.com","","clientTransferProhibited","","",""
"15","blossooo.com","2021-07-08 14:34:49","2021-07-05","2021-07-05","2024-07-05","146","GoDaddy.com, LLC","whois.godaddy.com","http://registrar.godaddy.com","","","","","Taiwan","","Taiwan","","","","","","","","","","","","","","","","","","","","","","","","","","","","","","","","","","ns09.domaincontrol.com","ns10.domaincontrol.com","","","clientDeleteProhibited","clientRenewProhibited","clientTransferProhibited","clientUpdateProhibited"
"16","cakesbabe.com","2021-07-08 16:54:23","2021-07-04","2021-07-04","2022-07-04","146","GoDaddy.com, LLC","whois.godaddy.com","http://registrar.godaddy.com","Sinlead Inc.,","Sinlead Inc.,","","","Taiwan","","Taiwan","","","","","","","","","","","","","","","","","","","","","","","","","","","","","","","","","","ns09.domaincontrol.com","ns10.domaincontrol.com","","","clientDeleteProhibited","clientRenewProhibited","clientTransferProhibited","clientUpdateProhibited"
"17","careeronlineschool.com","2021-07-08 16:53:57","2021-07-05","2021-07-05","2022-07-05","81","Gandi SAS","whois.gandi.net","http://www.gandi.net","REDACTED FOR PRIVACY","","REDACTED FOR PRIVACY","REDACTED FOR PRIVACY","","REDACTED FOR PRIVACY","Taiwan","fd07dc5b7d24d87b8e074f681bdb0647-29042334@contact.gandi.net","REDACTED FOR PRIVACY","REDACTED FOR PRIVACY","REDACTED FOR PRIVACY","REDACTED FOR PRIVACY","REDACTED FOR PRIVACY","REDACTED FOR PRIVACY","REDACTED FOR PRIVACY","REDACTED FOR PRIVACY","REDACTED FOR PRIVACY","fd07dc5b7d24d87b8e074f681bdb0647-29042334@contact.gandi.net","REDACTED FOR PRIVACY","REDACTED FOR PRIVACY","REDACTED FOR PRIVACY","REDACTED FOR PRIVACY","REDACTED FOR PRIVACY","REDACTED FOR PRIVACY","REDACTED FOR PRIVACY","REDACTED FOR PRIVACY","REDACTED FOR PRIVACY","fd07dc5b7d24d87b8e074f681bdb0647-29042334@contact.gandi.net","REDACTED FOR PRIVACY","REDACTED FOR PRIVACY","","","","","","","","","","","ns-112-b.gandi.net","ns-220-c.gandi.net","ns-74-a.gandi.net","","clientTransferProhibited","","",""
"18","chayeart.com","2021-07-08 16:52:52","2021-07-05","2021-07-04","2024-07-05","146","GoDaddy.com, LLC","whois.godaddy.com","http://registrar.godaddy.com","","","","","Taiwan","","Taiwan","","","","","","","","","","","","","","","","","","","","","","","","","","","","","","","","","","ns1.bluehost.com","ns2.bluehost.com","","","clientDeleteProhibited","clientRenewProhibited","clientTransferProhibited","clientUpdateProhibited"
"19","chiaujiang.com","2021-07-08 18:02:30","2021-07-05","2021-07-05","2023-07-05","146","GoDaddy.com, LLC","whois.godaddy.com","http://registrar.godaddy.com","Qiu \u5d4e\u570b\u969bHang \u92b7You Xian Gong Si","Qiu \u5d4e\u570b\u969bHang \u92b7You Xian Gong Si","","","Tai \u7063","","Taiwan","","","","","","","","","","","","","","","","","","","","","","","","","","","","","","","","","","ns59.domaincontrol.com","ns60.domaincontrol.com","","","clientDeleteProhibited","clientRenewProhibited","clientTransferProhibited","clientUpdateProhibited"
"20","chouys.com","2021-07-08 17:18:41","2021-07-05","2021-07-05","2022-07-05","146","GoDaddy.com, LLC","whois.godaddy.com","http://registrar.godaddy.com","","","","","Tai \u7063Sheng","","Taiwan","","","","","","","","","","","","","","","","","","","","","","","","","","","","","","","","","","ns09.domaincontrol.com","ns10.domaincontrol.com","","","clientDeleteProhibited","clientRenewProhibited","clientTransferProhibited","clientUpdateProhibited"
"21","cookies-art.com","2021-07-08 16:50:13","2021-07-05","2021-07-05","2022-07-05","146","GoDaddy.com, LLC","whois.godaddy.com","http://registrar.godaddy.com","","","","","Ban \u6a4b\u5340","","Taiwan","","","","","","","","","","","","","","","","","","","","","","","","","","","","","","","","","","ns59.domaincontrol.com","ns60.domaincontrol.com","","","clientDeleteProhibited","clientRenewProhibited","clientTransferProhibited","clientUpdateProhibited"
"22","crazeads.com","2021-07-08 18:01:58","2021-07-05","2021-07-05","2022-07-05","146","GoDaddy.com, LLC","whois.godaddy.com","http://registrar.godaddy.com","","","","","Gao Xiong Shi","","Taiwan","","","","","","","","","","","","","","","","","","","","","","","","","","","","","","","","","","ns09.domaincontrol.com","ns10.domaincontrol.com","","","clientDeleteProhibited","clientRenewProhibited","clientTransferProhibited","clientUpdateProhibited"
"23","cyclopsmeals.com","2021-07-08 16:48:39","2021-07-05","2021-07-05","2022-07-05","81","Gandi SAS","whois.gandi.net","http://www.gandi.net","REDACTED FOR PRIVACY","CyclopsMeals","REDACTED FOR PRIVACY","REDACTED FOR PRIVACY","","REDACTED FOR PRIVACY","Taiwan","524954846c0bd2f45ac18c95a36a659b-29036832@contact.gandi.net","REDACTED FOR PRIVACY","REDACTED FOR PRIVACY","REDACTED FOR PRIVACY","REDACTED FOR PRIVACY","REDACTED FOR PRIVACY","REDACTED FOR PRIVACY","REDACTED FOR PRIVACY","REDACTED FOR PRIVACY","REDACTED FOR PRIVACY","524954846c0bd2f45ac18c95a36a659b-29036832@contact.gandi.net","REDACTED FOR PRIVACY","REDACTED FOR PRIVACY","REDACTED FOR PRIVACY","REDACTED FOR PRIVACY","REDACTED FOR PRIVACY","REDACTED FOR PRIVACY","REDACTED FOR PRIVACY","REDACTED FOR PRIVACY","REDACTED FOR PRIVACY","524954846c0bd2f45ac18c95a36a659b-29036832@contact.gandi.net","REDACTED FOR PRIVACY","REDACTED FOR PRIVACY","","","","","","","","","","","anderson.ns.cloudflare.com","molly.ns.cloudflare.com","","","clientTransferProhibited","","",""
"24","danongnet.com","2021-07-08 18:03:10","2021-07-05","2021-07-05","2022-07-05","69","Tucows Domains Inc.","whois.tucows.com","http://domainhelp.opensrs.net","REDACTED FOR PRIVACY","REDACTED FOR PRIVACY","REDACTED FOR PRIVACY","REDACTED FOR PRIVACY","Taoyuan City","REDACTED FOR PRIVACY","Taiwan","","REDACTED FOR PRIVACY","REDACTED FOR PRIVACY","REDACTED FOR PRIVACY","REDACTED FOR PRIVACY","REDACTED FOR PRIVACY","REDACTED FOR PRIVACY","REDACTED FOR PRIVACY","REDACTED FOR PRIVACY","REDACTED FOR PRIVACY","","REDACTED FOR PRIVACY","REDACTED FOR PRIVACY","REDACTED FOR PRIVACY","REDACTED FOR PRIVACY","REDACTED FOR PRIVACY","REDACTED FOR PRIVACY","REDACTED FOR PRIVACY","REDACTED FOR PRIVACY","REDACTED FOR PRIVACY","","REDACTED FOR PRIVACY","REDACTED FOR PRIVACY","","","","","","","","","","","carl.ns.cloudflare.com","lana.ns.cloudflare.com","","","","","",""
"25","dream.taipei","2021-07-08 15:07:55","2021-07-04","2021-07-05","2022-07-04","3830","Chunghwa Telecom Co., Ltd.","","","REDACTED FOR PRIVACY","","REDACTED FOR PRIVACY REDACTED FOR PRIVACY REDACTED FOR PRIVACY","REDACTED FOR PRIVACY","Keelung","REDACTED FOR PRIVACY","Taiwan","","REDACTED FOR PRIVACY","REDACTED FOR PRIVACY","REDACTED FOR PRIVACY","REDACTED FOR PRIVACY","REDACTED FOR PRIVACY REDACTED FOR PRIVACY REDACTED FOR PRIVACY","REDACTED FOR PRIVACY","REDACTED FOR PRIVACY","REDACTED FOR PRIVACY","REDACTED FOR PRIVACY","","REDACTED FOR PRIVACY","REDACTED FOR PRIVACY","REDACTED FOR PRIVACY","REDACTED FOR PRIVACY","REDACTED FOR PRIVACY REDACTED FOR PRIVACY REDACTED FOR PRIVACY","REDACTED FOR PRIVACY","REDACTED FOR PRIVACY","REDACTED FOR PRIVACY","REDACTED FOR PRIVACY","","REDACTED FOR PRIVACY","REDACTED FOR PRIVACY","","","","","","","","","","","ns155.potia.net","ns156.potia.net","","","addPeriod","ok","",""
"26","dypreschool.site","2021-07-08 15:11:33","2021-07-06","2021-07-06","2022-07-06","146","GoDaddy.com, LLC","whois.godaddy.com","http://registrar.godaddy.com","Gong Li You \u5152\u5712","Gong Li You \u5152\u5712","","","\u81fa\u7063","","Taiwan","","","","","","","","","","","","","","","","","","","","","","","","","","","","","","","","","","ns15.domaincontrol.com","ns16.domaincontrol.com","","","addPeriod","clientDeleteProhibited","clientRenewProhibited","clientTransferProhibited"
"27","easherdesign.com","2021-07-08 17:23:46","2021-07-05","2021-07-05","2022-07-05","81","Gandi SAS","whois.gandi.net","http://www.gandi.net","REDACTED FOR PRIVACY","?????????","REDACTED FOR PRIVACY","REDACTED FOR PRIVACY","","REDACTED FOR PRIVACY","Taiwan","087648a9d7479b1d85cc79690f93fdb7-29029839@contact.gandi.net","REDACTED FOR PRIVACY","REDACTED FOR PRIVACY","REDACTED FOR PRIVACY","REDACTED FOR PRIVACY","REDACTED FOR PRIVACY","REDACTED FOR PRIVACY","REDACTED FOR PRIVACY","REDACTED FOR PRIVACY","REDACTED FOR PRIVACY","087648a9d7479b1d85cc79690f93fdb7-29029839@contact.gandi.net","REDACTED FOR PRIVACY","REDACTED FOR PRIVACY","REDACTED FOR PRIVACY","REDACTED FOR PRIVACY","REDACTED FOR PRIVACY","REDACTED FOR PRIVACY","REDACTED FOR PRIVACY","REDACTED FOR PRIVACY","REDACTED FOR PRIVACY","087648a9d7479b1d85cc79690f93fdb7-29029839@contact.gandi.net","REDACTED FOR PRIVACY","REDACTED FOR PRIVACY","","","","","","","","","","","ns-148-b.gandi.net","ns-191-a.gandi.net","ns-227-c.gandi.net","","clientTransferProhibited","","",""
"28","evolutiontwlove.com","2021-07-08 16:42:12","2021-07-05","2021-07-05","2022-07-05","146","GoDaddy.com, LLC","whois.godaddy.com","http://registrar.godaddy.com","","","","","Tai Bei Shi","","Taiwan","","","","","","","","","","","","","","","","","","","","","","","","","","","","","","","","","","ns09.domaincontrol.com","ns10.domaincontrol.com","","","clientDeleteProhibited","clientRenewProhibited","clientTransferProhibited","clientUpdateProhibited"
"29","ezsoon.com","2021-07-08 18:41:55","2021-07-04","2021-07-06","2026-07-04","146","GoDaddy.com, LLC","whois.godaddy.com","http://registrar.godaddy.com","Zhu Shang \u6578Wei Hang \u92b7Ke Ji Gu Fen You Xian Gong Si","Zhu Shang \u6578Wei Hang \u92b7Ke Ji Gu Fen You Xian Gong Si","","","Tai \u7063Sheng","","Taiwan","","","","","","","","","","","","","","","","","","","","","","","","","","","","","","","","","","gerald.ns.cloudflare.com","kia.ns.cloudflare.com","","","clientDeleteProhibited","clientRenewProhibited","clientTransferProhibited","clientUpdateProhibited"
"30","formula-academy.com","2021-07-08 18:20:18","2021-07-05","2021-07-05","2024-07-05","146","GoDaddy.com, LLC","whois.godaddy.com","http://registrar.godaddy.com","Tai Bei Shi Si Li \u9802\u9edeFang Cheng Wen Li Duan Ji \u88dc\","Tai Bei Shi Si Li \u9802\u9edeFang Cheng Wen Li Duan Ji \u88dc\","","","Tai \u7063","","Taiwan","","","","","","","","","","","","","","","","","","","","","","","","","","","","","","","","","","ns55.domaincontrol.com","ns56.domaincontrol.com","","","clientDeleteProhibited","clientRenewProhibited","clientTransferProhibited","clientUpdateProhibited"
"31","futointernational.com","2021-07-08 16:38:51","2021-07-05","2021-07-05","2022-07-05","146","GoDaddy.com, LLC","whois.godaddy.com","http://registrar.godaddy.com","","","","","Peng Hu","","Taiwan","","","","","","","","","","","","","","","","","","","","","","","","","","","","","","","","","","ns71.domaincontrol.com","ns72.domaincontrol.com","","","clientDeleteProhibited","clientRenewProhibited","clientTransferProhibited","clientUpdateProhibited"
"32","ggyygg.space","2021-07-08 15:09:58","2021-07-06","2021-07-06","2022-07-06","146","GoDaddy.com, LLC","whois.godaddy.com","http://registrar.godaddy.com","","","","","Taiwan","","Taiwan","","","","","","","","","","","","","","","","","","","","","","","","","","","","","","","","","","addilyn.ns.cloudflare.com","jason.ns.cloudflare.com","","","addPeriod","serverTransferProhibited","",""
"33","giimb.com","2021-07-08 16:37:45","2021-07-04","2021-07-04","2022-07-04","146","GoDaddy.com, LLC","whois.godaddy.com","http://registrar.godaddy.com","","","","","Da An \u5340","","Taiwan","","","","","","","","","","","","","","","","","","","","","","","","","","","","","","","","","","ns55.domaincontrol.com","ns56.domaincontrol.com","","","clientDeleteProhibited","clientRenewProhibited","clientTransferProhibited","clientUpdateProhibited"
"34","gnhe.net","2021-07-08 15:35:32","2021-07-04","2021-07-04","2022-07-04","1387","1API GmbH","whois.1api.net","http://www.1api.net","REDACTED FOR PRIVACY","REDACTED FOR PRIVACY","REDACTED FOR PRIVACY","REDACTED FOR PRIVACY","Taiwan","REDACTED FOR PRIVACY","Taiwan","","REDACTED FOR PRIVACY","","REDACTED FOR PRIVACY","REDACTED FOR PRIVACY","REDACTED FOR PRIVACY","REDACTED FOR PRIVACY","REDACTED FOR PRIVACY","REDACTED FOR PRIVACY","REDACTED FOR PRIVACY","","REDACTED FOR PRIVACY","","REDACTED FOR PRIVACY","REDACTED FOR PRIVACY","REDACTED FOR PRIVACY","REDACTED FOR PRIVACY","REDACTED FOR PRIVACY","REDACTED FOR PRIVACY","REDACTED FOR PRIVACY","","REDACTED FOR PRIVACY","","","","","","","","","","","","ns1.sugardns.net","ns2.sugardns.net","ns3.sugardns.net","ns4.sugardns.net","clientTransferProhibited","","",""
"35","gowhup.com","2021-07-08 16:37:00","2021-07-05","2021-07-05","2022-07-05","81","Gandi SAS","whois.gandi.net","http://www.gandi.net","REDACTED FOR PRIVACY","","REDACTED FOR PRIVACY","REDACTED FOR PRIVACY","","REDACTED FOR PRIVACY","Taiwan","36a06f9c3613087c2e3e78d927bdd656-29031337@contact.gandi.net","REDACTED FOR PRIVACY","REDACTED FOR PRIVACY","REDACTED FOR PRIVACY","REDACTED FOR PRIVACY","REDACTED FOR PRIVACY","REDACTED FOR PRIVACY","REDACTED FOR PRIVACY","REDACTED FOR PRIVACY","REDACTED FOR PRIVACY","36a06f9c3613087c2e3e78d927bdd656-29031337@contact.gandi.net","REDACTED FOR PRIVACY","REDACTED FOR PRIVACY","REDACTED FOR PRIVACY","REDACTED FOR PRIVACY","REDACTED FOR PRIVACY","REDACTED FOR PRIVACY","REDACTED FOR PRIVACY","REDACTED FOR PRIVACY","REDACTED FOR PRIVACY","36a06f9c3613087c2e3e78d927bdd656-29031337@contact.gandi.net","REDACTED FOR PRIVACY","REDACTED FOR PRIVACY","","","","","","","","","","","alan.ns.cloudflare.com","miki.ns.cloudflare.com","","","clientTransferProhibited","","",""
"36","gpd.world","2021-07-08 14:51:52","2021-07-06","2021-07-06","2022-07-06","146","GoDaddy.com, LLC","whois.godaddy.com","http://registrar.godaddy.com","REDACTED FOR PRIVACY","","REDACTED FOR PRIVACY","REDACTED FOR PRIVACY","Tai Zhong Shi","REDACTED FOR PRIVACY","Taiwan","","REDACTED FOR PRIVACY","REDACTED FOR PRIVACY","","","","","","","","","","","","","","","","","","","","","","","","","","","","","","","","","","","addPeriod","clientDeleteProhibited","clientRenewProhibited","clientTransferProhibited"
"37","hbtamsui.com","2021-07-08 14:38:40","2021-07-05","2021-07-08","2022-07-05","146","GoDaddy.com, LLC","whois.godaddy.com","http://registrar.godaddy.com","\u500bRen","\u500bRen","","","Tai \u7063","","Taiwan","","","","","","","","","","","","","","","","","","","","","","","","","","","","","","","","","","ns35.domaincontrol.com","ns36.domaincontrol.com","","","clientDeleteProhibited","clientRenewProhibited","clientTransferProhibited","clientUpdateProhibited"
"38","hisungchun.com","2021-07-08 14:37:43","2021-07-05","2021-07-05","2022-07-05","69","Tucows Domains Inc.","whois.tucows.com","http://domainhelp.opensrs.net","REDACTED FOR PRIVACY","REDACTED FOR PRIVACY","REDACTED FOR PRIVACY","REDACTED FOR PRIVACY","Taoyuan City","REDACTED FOR PRIVACY","Taiwan","","REDACTED FOR PRIVACY","REDACTED FOR PRIVACY","REDACTED FOR PRIVACY","REDACTED FOR PRIVACY","REDACTED FOR PRIVACY","REDACTED FOR PRIVACY","REDACTED FOR PRIVACY","REDACTED FOR PRIVACY","REDACTED FOR PRIVACY","","REDACTED FOR PRIVACY","REDACTED FOR PRIVACY","REDACTED FOR PRIVACY","REDACTED FOR PRIVACY","REDACTED FOR PRIVACY","REDACTED FOR PRIVACY","REDACTED FOR PRIVACY","REDACTED FOR PRIVACY","REDACTED FOR PRIVACY","","REDACTED FOR PRIVACY","REDACTED FOR PRIVACY","","","","","","","","","","","carl.ns.cloudflare.com","lana.ns.cloudflare.com","","","","","",""
"39","june8select.com","2021-07-08 16:31:09","2021-07-04","2021-07-04","2022-07-04","440","Wild West Domains, LLC","whois.wildwestdomains.com","http://www.wildwestdomains.com","BlushingCheChe","BlushingCheChe","","","Xitun Dist","","Taiwan","","","","","","","","","","","","","","","","","","","","","","","","","","","","","","","","","","ns59.domaincontrol.com","ns60.domaincontrol.com","","","clientDeleteProhibited","clientRenewProhibited","clientTransferProhibited","clientUpdateProhibited"
"40","kkcompany-internal.com","2021-07-08 16:29:21","2021-07-05","2021-07-06","2022-07-05","81","Gandi SAS","whois.gandi.net","http://www.gandi.net","REDACTED FOR PRIVACY","KKBOX Taiwan CO., Ltd.","REDACTED FOR PRIVACY","REDACTED FOR PRIVACY","","REDACTED FOR PRIVACY","Taiwan","09aeedfee314a5ad4504d1d6101326ce-29031400@contact.gandi.net","REDACTED FOR PRIVACY","REDACTED FOR PRIVACY","REDACTED FOR PRIVACY","REDACTED FOR PRIVACY","REDACTED FOR PRIVACY","REDACTED FOR PRIVACY","REDACTED FOR PRIVACY","REDACTED FOR PRIVACY","REDACTED FOR PRIVACY","09aeedfee314a5ad4504d1d6101326ce-29031400@contact.gandi.net","REDACTED FOR PRIVACY","REDACTED FOR PRIVACY","REDACTED FOR PRIVACY","REDACTED FOR PRIVACY","REDACTED FOR PRIVACY","REDACTED FOR PRIVACY","REDACTED FOR PRIVACY","REDACTED FOR PRIVACY","REDACTED FOR PRIVACY","09aeedfee314a5ad4504d1d6101326ce-29031400@contact.gandi.net","REDACTED FOR PRIVACY","REDACTED FOR PRIVACY","","","","","","","","","","","ns-1102.awsdns-09.org","ns-151.awsdns-18.com","ns-1964.awsdns-53.co.uk","ns-756.awsdns-30.net","clientTransferProhibited","","",""
"41","kr-code.site","2021-07-08 15:11:16","2021-07-06","2021-07-06","2022-07-06","146","GoDaddy.com, LLC","whois.godaddy.com","http://registrar.godaddy.com","","","","","Taipei","","Taiwan","","","","","","","","","","","","","","","","","","","","","","","","","","","","","","","","","","ns1.afraid.org","ns2.afraid.org","ns3.afraid.org","ns4.afraid.org","addPeriod","clientDeleteProhibited","clientRenewProhibited","clientTransferProhibited"
"42","larry3clife.com","2021-07-08 16:27:56","2021-07-05","2021-07-04","2022-07-05","440","Wild West Domains, LLC","whois.wildwestdomains.com","http://www.wildwestdomains.com","shopline larry3clife","shopline larry3clife","","","Nantou City","","Taiwan","","","","","","","","","","","","","","","","","","","","","","","","","","","","","","","","","","ns59.domaincontrol.com","ns60.domaincontrol.com","","","clientDeleteProhibited","clientRenewProhibited","clientTransferProhibited","clientUpdateProhibited"
"43","ledasports.com","2021-07-08 16:27:01","2021-07-05","2021-07-05","2022-07-05","81","Gandi SAS","whois.gandi.net","http://www.gandi.net","REDACTED FOR PRIVACY","??????????","REDACTED FOR PRIVACY","REDACTED FOR PRIVACY","","REDACTED FOR PRIVACY","Taiwan","d2ce44e8e103d211cc487d70f226f04f-29033626@contact.gandi.net","REDACTED FOR PRIVACY","REDACTED FOR PRIVACY","REDACTED FOR PRIVACY","REDACTED FOR PRIVACY","REDACTED FOR PRIVACY","REDACTED FOR PRIVACY","REDACTED FOR PRIVACY","REDACTED FOR PRIVACY","REDACTED FOR PRIVACY","d2ce44e8e103d211cc487d70f226f04f-29033626@contact.gandi.net","REDACTED FOR PRIVACY","REDACTED FOR PRIVACY","REDACTED FOR PRIVACY","REDACTED FOR PRIVACY","REDACTED FOR PRIVACY","REDACTED FOR PRIVACY","REDACTED FOR PRIVACY","REDACTED FOR PRIVACY","REDACTED FOR PRIVACY","d2ce44e8e103d211cc487d70f226f04f-29033626@contact.gandi.net","REDACTED FOR PRIVACY","REDACTED FOR PRIVACY","","","","","","","","","","","ns-201-a.gandi.net","ns-244-b.gandi.net","ns-44-c.gandi.net","","clientTransferProhibited","","",""
"44","lifu-id.com","2021-07-08 16:26:34","2021-07-05","2021-07-05","2022-07-05","81","Gandi SAS","whois.gandi.net","http://www.gandi.net","REDACTED FOR PRIVACY","","REDACTED FOR PRIVACY","REDACTED FOR PRIVACY","","REDACTED FOR PRIVACY","Taiwan","8b75bdffdef1ee0efbb6fc7db401a502-29025674@contact.gandi.net","REDACTED FOR PRIVACY","REDACTED FOR PRIVACY","REDACTED FOR PRIVACY","REDACTED FOR PRIVACY","REDACTED FOR PRIVACY","REDACTED FOR PRIVACY","REDACTED FOR PRIVACY","REDACTED FOR PRIVACY","REDACTED FOR PRIVACY","8b75bdffdef1ee0efbb6fc7db401a502-29025674@contact.gandi.net","REDACTED FOR PRIVACY","REDACTED FOR PRIVACY","REDACTED FOR PRIVACY","REDACTED FOR PRIVACY","REDACTED FOR PRIVACY","REDACTED FOR PRIVACY","REDACTED FOR PRIVACY","REDACTED FOR PRIVACY","REDACTED FOR PRIVACY","8b75bdffdef1ee0efbb6fc7db401a502-29025674@contact.gandi.net","REDACTED FOR PRIVACY","REDACTED FOR PRIVACY","","","","","","","","","","","ns-160-a.gandi.net","ns-196-b.gandi.net","ns-6-c.gandi.net","","clientTransferProhibited","","",""
"45","lightextracthk.com","2021-07-08 16:26:25","2021-07-05","2021-07-05","2022-07-05","146","GoDaddy.com, LLC","whois.godaddy.com","http://registrar.godaddy.com","\u51f1Wei You Xian Gong Si","\u51f1Wei You Xian Gong Si","","","Tai \u7063","","Taiwan","","","","","","","","","","","","","","","","","","","","","","","","","","","","","","","","","","ns71.domaincontrol.com","ns72.domaincontrol.com","","","clientDeleteProhibited","clientRenewProhibited","clientTransferProhibited","clientUpdateProhibited"
"46","lkdacv.com","2021-07-08 16:25:57","2021-07-04","2021-07-04","2022-07-04","146","GoDaddy.com, LLC","whois.godaddy.com","http://registrar.godaddy.com","","","","","Da An \u5340","","Taiwan","","","","","","","","","","","","","","","","","","","","","","","","","","","","","","","","","","ns09.domaincontrol.com","ns10.domaincontrol.com","","","clientDeleteProhibited","clientRenewProhibited","clientTransferProhibited","clientUpdateProhibited"
"47","lobeta.club","2021-07-08 18:45:52","2021-07-06","2021-07-06","2023-07-06","146","GoDaddy.com, LLC","whois.godaddy.com","http://registrar.godaddy.com","REDACTED FOR PRIVACY","","REDACTED FOR PRIVACY REDACTED FOR PRIVACY REDACTED FOR PRIVACY","REDACTED FOR PRIVACY","Taiwan","REDACTED FOR PRIVACY","Taiwan","","REDACTED FOR PRIVACY","REDACTED FOR PRIVACY","REDACTED FOR PRIVACY","REDACTED FOR PRIVACY","REDACTED FOR PRIVACY REDACTED FOR PRIVACY REDACTED FOR PRIVACY","REDACTED FOR PRIVACY","REDACTED FOR PRIVACY","REDACTED FOR PRIVACY","REDACTED FOR PRIVACY","","REDACTED FOR PRIVACY","REDACTED FOR PRIVACY","REDACTED FOR PRIVACY","REDACTED FOR PRIVACY","REDACTED FOR PRIVACY REDACTED FOR PRIVACY REDACTED FOR PRIVACY","REDACTED FOR PRIVACY","REDACTED FOR PRIVACY","REDACTED FOR PRIVACY","REDACTED FOR PRIVACY","","REDACTED FOR PRIVACY","REDACTED FOR PRIVACY","","","","","","","","","","","ns13.domaincontrol.com","ns14.domaincontrol.com","","","addPeriod","clientDeleteProhibited","clientRenewProhibited","clientTransferProhibited"
"48","long123.space","2021-07-08 15:09:58","2021-07-05","2021-07-05","2022-07-05","146","GoDaddy.com, LLC","whois.godaddy.com","http://registrar.godaddy.com","","","","","gaoxiongshi","","Taiwan","","","","","","","","","","","","","","","","","","","","","","","","","","","","","","","","","","ns55.domaincontrol.com","ns56.domaincontrol.com","","","addPeriod","clientDeleteProhibited","clientRenewProhibited","clientTransferProhibited"
"49","lsoctw.com","2021-07-08 16:25:17","2021-07-05","2021-07-05","2022-07-05","69","Tucows Domains Inc.","whois.tucows.com","http://domainhelp.opensrs.net","REDACTED FOR PRIVACY","REDACTED FOR PRIVACY","REDACTED FOR PRIVACY","REDACTED FOR PRIVACY","New Taipei City","REDACTED FOR PRIVACY","Taiwan","","REDACTED FOR PRIVACY","REDACTED FOR PRIVACY","REDACTED FOR PRIVACY","REDACTED FOR PRIVACY","REDACTED FOR PRIVACY","REDACTED FOR PRIVACY","REDACTED FOR PRIVACY","REDACTED FOR PRIVACY","REDACTED FOR PRIVACY","","REDACTED FOR PRIVACY","REDACTED FOR PRIVACY","REDACTED FOR PRIVACY","REDACTED FOR PRIVACY","REDACTED FOR PRIVACY","REDACTED FOR PRIVACY","REDACTED FOR PRIVACY","REDACTED FOR PRIVACY","REDACTED FOR PRIVACY","","REDACTED FOR PRIVACY","REDACTED FOR PRIVACY","","","","","","","","","","","aryanna.ns.cloudflare.com","micah.ns.cloudflare.com","","","","","",""
"50","lumi.pink","2021-07-08 15:11:59","2021-07-05","2021-07-05","2031-07-05","93","GKG.NET, INC.","whois.gkg.net","http://www.gkg.net","lumi","lumi","","","Taipei","","Taiwan","","","","","","","","","","","","","","","","","","","","","","","","","","","","","","","","","","nico.ns.cloudflare.com","sreeni.ns.cloudflare.com","","","addPeriod","clientTransferProhibited","serverTransferProhibited",""
"51","lybebe.com","2021-07-08 16:25:02","2021-07-05","2021-07-05","2022-07-05","69","Tucows Domains Inc.","whois.tucows.com","http://domainhelp.opensrs.net","REDACTED FOR PRIVACY","REDACTED FOR PRIVACY","REDACTED FOR PRIVACY","REDACTED FOR PRIVACY","Tainan City","REDACTED FOR PRIVACY","Taiwan","","REDACTED FOR PRIVACY","REDACTED FOR PRIVACY","REDACTED FOR PRIVACY","REDACTED FOR PRIVACY","REDACTED FOR PRIVACY","REDACTED FOR PRIVACY","REDACTED FOR PRIVACY","REDACTED FOR PRIVACY","REDACTED FOR PRIVACY","","REDACTED FOR PRIVACY","REDACTED FOR PRIVACY","REDACTED FOR PRIVACY","REDACTED FOR PRIVACY","REDACTED FOR PRIVACY","REDACTED FOR PRIVACY","REDACTED FOR PRIVACY","REDACTED FOR PRIVACY","REDACTED FOR PRIVACY","","REDACTED FOR PRIVACY","REDACTED FOR PRIVACY","","","","","","","","","","","carl.ns.cloudflare.com","lana.ns.cloudflare.com","","","","","",""
"52","mapin.one","2021-07-08 15:28:37","2021-07-05","2021-07-05","2026-07-05","146","GoDaddy.com, LLC","whois.godaddy.com","http://registrar.godaddy.com","REDACTED FOR PRIVACY","Steven Lee","REDACTED FOR PRIVACY REDACTED FOR PRIVACY REDACTED FOR PRIVACY","REDACTED FOR PRIVACY","80226","REDACTED FOR PRIVACY","Taiwan","","REDACTED FOR PRIVACY","REDACTED FOR PRIVACY","REDACTED FOR PRIVACY","REDACTED FOR PRIVACY","REDACTED FOR PRIVACY REDACTED FOR PRIVACY REDACTED FOR PRIVACY","REDACTED FOR PRIVACY","REDACTED FOR PRIVACY","REDACTED FOR PRIVACY","REDACTED FOR PRIVACY","","REDACTED FOR PRIVACY","REDACTED FOR PRIVACY","REDACTED FOR PRIVACY","REDACTED FOR PRIVACY","REDACTED FOR PRIVACY REDACTED FOR PRIVACY REDACTED FOR PRIVACY","REDACTED FOR PRIVACY","REDACTED FOR PRIVACY","REDACTED FOR PRIVACY","REDACTED FOR PRIVACY","","REDACTED FOR PRIVACY","REDACTED FOR PRIVACY","","","","","","","","","","","ns55.domaincontrol.com","ns56.domaincontrol.com","","","addPeriod","clientDeleteProhibited","clientRenewProhibited","clientTransferProhibited"
"53","mellowactive-onlinegym.com","2021-07-08 16:22:17","2021-07-05","2021-07-05","2022-07-05","69","Tucows Domains Inc.","whois.tucows.com","http://domainhelp.opensrs.net","REDACTED FOR PRIVACY","REDACTED FOR PRIVACY","REDACTED FOR PRIVACY","REDACTED FOR PRIVACY","Taipei City","REDACTED FOR PRIVACY","Taiwan","","REDACTED FOR PRIVACY","REDACTED FOR PRIVACY","REDACTED FOR PRIVACY","REDACTED FOR PRIVACY","REDACTED FOR PRIVACY","REDACTED FOR PRIVACY","REDACTED FOR PRIVACY","REDACTED FOR PRIVACY","REDACTED FOR PRIVACY","","REDACTED FOR PRIVACY","REDACTED FOR PRIVACY","REDACTED FOR PRIVACY","REDACTED FOR PRIVACY","REDACTED FOR PRIVACY","REDACTED FOR PRIVACY","REDACTED FOR PRIVACY","REDACTED FOR PRIVACY","REDACTED FOR PRIVACY","","REDACTED FOR PRIVACY","REDACTED FOR PRIVACY","","","","","","","","","","","carl.ns.cloudflare.com","lana.ns.cloudflare.com","","","","","",""
"54","minaballet.net","2021-07-08 15:30:23","2021-07-04","2021-07-04","2022-07-04","895","Google, Inc.","whois.rrpproxy.net","http://www.google.com","","","","","???","","Taiwan","","","","","","","","","","","","","","","","","","","","","","","","","","","","","","","","","","ns-cloud-e1.googledomains.com","ns-cloud-e2.googledomains.com","ns-cloud-e3.googledomains.com","ns-cloud-e4.googledomains.com","clientTransferProhibited","","",""
"55","miraitex.com","2021-07-08 16:20:34","2021-07-05","2021-07-05","2022-07-05","303","PDR Ltd. d/b/a PublicDomainRegistry.com","whois.publicdomainregistry.com","http://www.publicdomainregistry.com","Chioushr Chen","","3F., No. 22, Aly. 6, Lane 23, JingXing Rd., Wenshan District,","Taipei City","Taipei","116","Taiwan","lisa5203@gmail.com","+886.229332737","","Chioushr Chen","","3F., No. 22, Aly. 6, Lane 23, JingXing Rd., Wenshan District,","Taipei City","Taipei","116","Taiwan","lisa5203@gmail.com","+886.229332737","","Chioushr Chen","","3F., No. 22, Aly. 6, Lane 23, JingXing Rd., Wenshan District,","Taipei City","Taipei","116","Taiwan","lisa5203@gmail.com","+886.229332737","","","","","","","","","","","","dns1.bluehost.com","dns2.bluehost.com","dns3.bluehost.com","dns4.bluehost.com","clientTransferProhibited","","",""
"56","monmon2020h.com","2021-07-08 16:19:58","2021-07-05","2021-07-05","2023-07-05","146","GoDaddy.com, LLC","whois.godaddy.com","http://registrar.godaddy.com","","","","","Tai \u7063","","Taiwan","","","","","","","","","","","","","","","","","","","","","","","","","","","","","","","","","","ns69.domaincontrol.com","ns70.domaincontrol.com","","","clientDeleteProhibited","clientRenewProhibited","clientTransferProhibited","clientUpdateProhibited"
"57","morgan288.com","2021-07-08 08:52:23","2021-07-06","2021-07-05","2022-07-06","146","GoDaddy.com, LLC","whois.godaddy.com","http://registrar.godaddy.com","","","","","Xin Bei Shi","","Taiwan","","","","","","","","","","","","","","","","","","","","","","","","","","","","","","","","","","ns2.wixdns.net","ns3.wixdns.net","","","clientDeleteProhibited","clientRenewProhibited","clientTransferProhibited","clientUpdateProhibited"
"58","myninis.com","2021-07-08 18:22:56","2021-07-05","2021-07-05","2022-07-05","81","Gandi SAS","whois.gandi.net","http://www.gandi.net","REDACTED FOR PRIVACY","","REDACTED FOR PRIVACY","REDACTED FOR PRIVACY","","REDACTED FOR PRIVACY","Taiwan","1db06bd4b8a500f9cd503ac36195880b-29034907@contact.gandi.net","REDACTED FOR PRIVACY","REDACTED FOR PRIVACY","REDACTED FOR PRIVACY","REDACTED FOR PRIVACY","REDACTED FOR PRIVACY","REDACTED FOR PRIVACY","REDACTED FOR PRIVACY","REDACTED FOR PRIVACY","REDACTED FOR PRIVACY","1db06bd4b8a500f9cd503ac36195880b-29034907@contact.gandi.net","REDACTED FOR PRIVACY","REDACTED FOR PRIVACY","REDACTED FOR PRIVACY","REDACTED FOR PRIVACY","REDACTED FOR PRIVACY","REDACTED FOR PRIVACY","REDACTED FOR PRIVACY","REDACTED FOR PRIVACY","REDACTED FOR PRIVACY","1db06bd4b8a500f9cd503ac36195880b-29034907@contact.gandi.net","REDACTED FOR PRIVACY","REDACTED FOR PRIVACY","","","","","","","","","","","ns1.8pa.net","ns2.8pa.net","ns3.8pa.net","ns4.8pa.net","clientTransferProhibited","","",""
"59","nami-clean.com","2021-07-08 16:18:29","2021-07-05","2021-07-05","2022-07-05","48","eNom, Inc.","whois.enom.com","http://www.enom.com","REDACTED FOR PRIVACY","REDACTED FOR PRIVACY","REDACTED FOR PRIVACY","REDACTED FOR PRIVACY","Xinyi Dist","REDACTED FOR PRIVACY","Taiwan","","REDACTED FOR PRIVACY","REDACTED FOR PRIVACY","REDACTED FOR PRIVACY","REDACTED FOR PRIVACY","REDACTED FOR PRIVACY","REDACTED FOR PRIVACY","REDACTED FOR PRIVACY","REDACTED FOR PRIVACY","REDACTED FOR PRIVACY","","REDACTED FOR PRIVACY","REDACTED FOR PRIVACY","REDACTED FOR PRIVACY","REDACTED FOR PRIVACY","REDACTED FOR PRIVACY","REDACTED FOR PRIVACY","REDACTED FOR PRIVACY","REDACTED FOR PRIVACY","REDACTED FOR PRIVACY","","REDACTED FOR PRIVACY","REDACTED FOR PRIVACY","","","","","","","","","","","ns09.twhostdns.com","ns10.twhostdns.com","","","addPeriod","ok","",""
"60","omnimedia.club","2021-07-08 18:45:48","2021-07-05","2021-07-05","2022-07-05","81","Gandi SAS","whois.gandi.net","http://www.gandi.net","REDACTED FOR PRIVACY","Xin Shi Dai Shi Ye You Xian Gong Si","REDACTED FOR PRIVACY REDACTED FOR PRIVACY REDACTED FOR PRIVACY","REDACTED FOR PRIVACY","","REDACTED FOR PRIVACY","Taiwan","","REDACTED FOR PRIVACY","REDACTED FOR PRIVACY","REDACTED FOR PRIVACY","REDACTED FOR PRIVACY","REDACTED FOR PRIVACY REDACTED FOR PRIVACY REDACTED FOR PRIVACY","REDACTED FOR PRIVACY","REDACTED FOR PRIVACY","REDACTED FOR PRIVACY","REDACTED FOR PRIVACY","","REDACTED FOR PRIVACY","REDACTED FOR PRIVACY","REDACTED FOR PRIVACY","REDACTED FOR PRIVACY","REDACTED FOR PRIVACY REDACTED FOR PRIVACY REDACTED FOR PRIVACY","REDACTED FOR PRIVACY","REDACTED FOR PRIVACY","REDACTED FOR PRIVACY","REDACTED FOR PRIVACY","","REDACTED FOR PRIVACY","REDACTED FOR PRIVACY","","","","","","","","","","","ns-131-c.gandi.net","ns-160-a.gandi.net","ns-228-b.gandi.net","","addPeriod","clientTransferProhibited","",""
"61","omwqwq.com","2021-07-08 14:40:07","2021-07-04","2021-07-04","2022-07-04","146","GoDaddy.com, LLC","whois.godaddy.com","http://registrar.godaddy.com","","","","","Da An \u5340","","Taiwan","","","","","","","","","","","","","","","","","","","","","","","","","","","","","","","","","","ns69.domaincontrol.com","ns70.domaincontrol.com","","","clientDeleteProhibited","clientRenewProhibited","clientTransferProhibited","clientUpdateProhibited"
"62","photofy.site","2021-07-08 15:11:48","2021-07-05","2021-07-05","2022-07-05","146","GoDaddy.com, LLC","whois.godaddy.com","http://registrar.godaddy.com","","","","","Taiwan","","Taiwan","","","","","","","","","","","","","","","","","","","","","","","","","","","","","","","","","","ns15.domaincontrol.com","ns16.domaincontrol.com","","","addPeriod","clientDeleteProhibited","clientRenewProhibited","clientTransferProhibited"
"63","pikachubank.com","2021-07-08 16:15:51","2021-07-05","2021-07-05","2022-07-05","81","Gandi SAS","whois.gandi.net","http://www.gandi.net","REDACTED FOR PRIVACY","","REDACTED FOR PRIVACY","REDACTED FOR PRIVACY","","REDACTED FOR PRIVACY","Taiwan","abc317aec841aefe5e8793dc325af1aa-29036937@contact.gandi.net","REDACTED FOR PRIVACY","REDACTED FOR PRIVACY","REDACTED FOR PRIVACY","REDACTED FOR PRIVACY","REDACTED FOR PRIVACY","REDACTED FOR PRIVACY","REDACTED FOR PRIVACY","REDACTED FOR PRIVACY","REDACTED FOR PRIVACY","abc317aec841aefe5e8793dc325af1aa-29036937@contact.gandi.net","REDACTED FOR PRIVACY","REDACTED FOR PRIVACY","REDACTED FOR PRIVACY","REDACTED FOR PRIVACY","REDACTED FOR PRIVACY","REDACTED FOR PRIVACY","REDACTED FOR PRIVACY","REDACTED FOR PRIVACY","REDACTED FOR PRIVACY","abc317aec841aefe5e8793dc325af1aa-29036937@contact.gandi.net","REDACTED FOR PRIVACY","REDACTED FOR PRIVACY","","","","","","","","","","","angela.ns.cloudflare.com","kurt.ns.cloudflare.com","","","clientTransferProhibited","","",""
"64","pikachupay.com","2021-07-08 17:30:41","2021-07-05","2021-07-05","2022-07-05","81","Gandi SAS","whois.gandi.net","http://www.gandi.net","REDACTED FOR PRIVACY","","REDACTED FOR PRIVACY","REDACTED FOR PRIVACY","","REDACTED FOR PRIVACY","Taiwan","ee250e3505c7a49939323c659e24e23c-29036930@contact.gandi.net","REDACTED FOR PRIVACY","REDACTED FOR PRIVACY","REDACTED FOR PRIVACY","REDACTED FOR PRIVACY","REDACTED FOR PRIVACY","REDACTED FOR PRIVACY","REDACTED FOR PRIVACY","REDACTED FOR PRIVACY","REDACTED FOR PRIVACY","ee250e3505c7a49939323c659e24e23c-29036930@contact.gandi.net","REDACTED FOR PRIVACY","REDACTED FOR PRIVACY","REDACTED FOR PRIVACY","REDACTED FOR PRIVACY","REDACTED FOR PRIVACY","REDACTED FOR PRIVACY","REDACTED FOR PRIVACY","REDACTED FOR PRIVACY","REDACTED FOR PRIVACY","ee250e3505c7a49939323c659e24e23c-29036930@contact.gandi.net","REDACTED FOR PRIVACY","REDACTED FOR PRIVACY","","","","","","","","","","","ns-221-b.gandi.net","ns-227-a.gandi.net","ns-240-c.gandi.net","","clientTransferProhibited","","",""
"65","polorfriends.com","2021-07-08 16:15:18","2021-07-05","2021-07-05","2022-07-05","81","Gandi SAS","whois.gandi.net","http://www.gandi.net","REDACTED FOR PRIVACY","","REDACTED FOR PRIVACY","REDACTED FOR PRIVACY","","REDACTED FOR PRIVACY","Taiwan","1e501906b6c08a7ce0f484aa041c883d-29027207@contact.gandi.net","REDACTED FOR PRIVACY","REDACTED FOR PRIVACY","REDACTED FOR PRIVACY","REDACTED FOR PRIVACY","REDACTED FOR PRIVACY","REDACTED FOR PRIVACY","REDACTED FOR PRIVACY","REDACTED FOR PRIVACY","REDACTED FOR PRIVACY","1e501906b6c08a7ce0f484aa041c883d-29027207@contact.gandi.net","REDACTED FOR PRIVACY","REDACTED FOR PRIVACY","REDACTED FOR PRIVACY","REDACTED FOR PRIVACY","REDACTED FOR PRIVACY","REDACTED FOR PRIVACY","REDACTED FOR PRIVACY","REDACTED FOR PRIVACY","REDACTED FOR PRIVACY","1e501906b6c08a7ce0f484aa041c883d-29027207@contact.gandi.net","REDACTED FOR PRIVACY","REDACTED FOR PRIVACY","","","","","","","","","","","ns10.g-dns.com","ns9.g-dns.com","","","clientTransferProhibited","","",""
"66","pufphin.club","2021-07-08 18:45:37","2021-07-05","2021-07-05","2022-07-05","146","GoDaddy.com, LLC","whois.godaddy.com","http://registrar.godaddy.com","REDACTED FOR PRIVACY","","REDACTED FOR PRIVACY REDACTED FOR PRIVACY REDACTED FOR PRIVACY","REDACTED FOR PRIVACY","Xin Bei Shi","REDACTED FOR PRIVACY","Taiwan","","REDACTED FOR PRIVACY","REDACTED FOR PRIVACY","REDACTED FOR PRIVACY","REDACTED FOR PRIVACY","REDACTED FOR PRIVACY REDACTED FOR PRIVACY REDACTED FOR PRIVACY","REDACTED FOR PRIVACY","REDACTED FOR PRIVACY","REDACTED FOR PRIVACY","REDACTED FOR PRIVACY","","REDACTED FOR PRIVACY","REDACTED FOR PRIVACY","REDACTED FOR PRIVACY","REDACTED FOR PRIVACY","REDACTED FOR PRIVACY REDACTED FOR PRIVACY REDACTED FOR PRIVACY","REDACTED FOR PRIVACY","REDACTED FOR PRIVACY","REDACTED FOR PRIVACY","REDACTED FOR PRIVACY","","REDACTED FOR PRIVACY","REDACTED FOR PRIVACY","","","","","","","","","","","ns69.domaincontrol.com","ns70.domaincontrol.com","","","addPeriod","clientDeleteProhibited","clientRenewProhibited","clientTransferProhibited"
"67","rest-place.com","2021-07-08 16:11:06","2021-07-05","2021-07-05","2022-07-05","146","GoDaddy.com, LLC","whois.godaddy.com","http://registrar.godaddy.com","","","","","Gao Xiong Shi","","Taiwan","","","","","","","","","","","","","","","","","","","","","","","","","","","","","","","","","","ns09.domaincontrol.com","ns10.domaincontrol.com","","","clientDeleteProhibited","clientRenewProhibited","clientTransferProhibited","clientUpdateProhibited"
"68","richstake.com","2021-07-08 16:10:48","2021-07-05","2021-07-05","2022-07-05","69","Tucows Domains Inc.","whois.tucows.com","http://domainhelp.opensrs.net","REDACTED FOR PRIVACY","REDACTED FOR PRIVACY","REDACTED FOR PRIVACY","REDACTED FOR PRIVACY","XX","REDACTED FOR PRIVACY","Taiwan","","REDACTED FOR PRIVACY","REDACTED FOR PRIVACY","REDACTED FOR PRIVACY","REDACTED FOR PRIVACY","REDACTED FOR PRIVACY","REDACTED FOR PRIVACY","REDACTED FOR PRIVACY","REDACTED FOR PRIVACY","REDACTED FOR PRIVACY","","REDACTED FOR PRIVACY","REDACTED FOR PRIVACY","REDACTED FOR PRIVACY","REDACTED FOR PRIVACY","REDACTED FOR PRIVACY","REDACTED FOR PRIVACY","REDACTED FOR PRIVACY","REDACTED FOR PRIVACY","REDACTED FOR PRIVACY","","REDACTED FOR PRIVACY","REDACTED FOR PRIVACY","","","","","","","","","","","ns1.siteground.net","ns2.siteground.net","","","clientTransferProhibited","clientUpdateProhibited","",""
"69","ruijun520.com","2021-07-08 16:09:55","2021-07-05","2021-07-05","2022-07-05","146","GoDaddy.com, LLC","whois.godaddy.com","http://registrar.godaddy.com","","","","","Tai \u7063Sheng","","Taiwan","","","","","","","","","","","","","","","","","","","","","","","","","","","","","","","","","","ns55.domaincontrol.com","ns56.domaincontrol.com","","","clientDeleteProhibited","clientRenewProhibited","clientTransferProhibited","clientUpdateProhibited"
"70","rumidance.club","2021-07-08 18:45:40","2021-07-05","2021-07-05","2022-07-05","146","GoDaddy.com, LLC","whois.godaddy.com","http://registrar.godaddy.com","REDACTED FOR PRIVACY","","REDACTED FOR PRIVACY REDACTED FOR PRIVACY REDACTED FOR PRIVACY","REDACTED FOR PRIVACY","Zhong He \u5340","REDACTED FOR PRIVACY","Taiwan","","REDACTED FOR PRIVACY","REDACTED FOR PRIVACY","REDACTED FOR PRIVACY","REDACTED FOR PRIVACY","REDACTED FOR PRIVACY REDACTED FOR PRIVACY REDACTED FOR PRIVACY","REDACTED FOR PRIVACY","REDACTED FOR PRIVACY","REDACTED FOR PRIVACY","REDACTED FOR PRIVACY","","REDACTED FOR PRIVACY","REDACTED FOR PRIVACY","REDACTED FOR PRIVACY","REDACTED FOR PRIVACY","REDACTED FOR PRIVACY REDACTED FOR PRIVACY REDACTED FOR PRIVACY","REDACTED FOR PRIVACY","REDACTED FOR PRIVACY","REDACTED FOR PRIVACY","REDACTED FOR PRIVACY","","REDACTED FOR PRIVACY","REDACTED FOR PRIVACY","","","","","","","","","","","ns71.domaincontrol.com","ns72.domaincontrol.com","","","addPeriod","clientDeleteProhibited","clientRenewProhibited","clientTransferProhibited"
"71","san-toto.com","2021-07-08 14:27:55","2021-07-04","2021-07-08","2024-07-04","146","GoDaddy.com, LLC","whois.godaddy.com","http://registrar.godaddy.com","Zhu Shang \u6578Wei Hang \u92b7Ke Ji Gu Fen You Xian Gong Si","Zhu Shang \u6578Wei Hang \u92b7Ke Ji Gu Fen You Xian Gong Si","","","Tai \u7063Sheng","","Taiwan","","","","","","","","","","","","","","","","","","","","","","","","","","","","","","","","","","gerald.ns.cloudflare.com","kia.ns.cloudflare.com","","","clientDeleteProhibited","clientRenewProhibited","clientTransferProhibited","clientUpdateProhibited"
"72","sarawakpray.online","2021-07-08 15:25:59","2021-07-05","2021-07-05","2022-07-05","146","GoDaddy.com, LLC","whois.godaddy.com","http://registrar.godaddy.com","","","","","Xin Bei Shi","","Taiwan","","","","","","","","","","","","","","","","","","","","","","","","","","","","","","","","","","ns09.domaincontrol.com","ns10.domaincontrol.com","","","addPeriod","clientDeleteProhibited","clientRenewProhibited","clientTransferProhibited"
"73","scorialand.store","2021-07-08 15:08:18","2021-07-06","2021-07-06","2022-07-06","146","GoDaddy.com, LLC","whois.godaddy.com","http://registrar.godaddy.com","","","","","Da Ya \u5340","","Taiwan","","","","","","","","","","","","","","","","","","","","","","","","","","","","","","","","","","ns15.domaincontrol.com","ns16.domaincontrol.com","","","addPeriod","clientDeleteProhibited","clientRenewProhibited","clientTransferProhibited"
"74","shoppingcountdown.com","2021-07-08 18:27:55","2021-07-05","2021-07-05","2026-07-05","146","GoDaddy.com, LLC","whois.godaddy.com","http://registrar.godaddy.com","","","","","Xin Bei Shi","","Taiwan","","","","","","","","","","","","","","","","","","","","","","","","","","","","","","","","","","ns09.domaincontrol.com","ns10.domaincontrol.com","","","clientDeleteProhibited","clientRenewProhibited","clientTransferProhibited","clientUpdateProhibited"
"75","smaacgn.com","2021-07-08 16:05:28","2021-07-05","2021-07-05","2022-07-05","146","GoDaddy.com, LLC","whois.godaddy.com","http://registrar.godaddy.com","","","","","\u9727Feng \u9109","","Taiwan","","","","","","","","","","","","","","","","","","","","","","","","","","","","","","","","","","ns69.domaincontrol.com","ns70.domaincontrol.com","","","clientDeleteProhibited","clientRenewProhibited","clientTransferProhibited","clientUpdateProhibited"
"76","south61-6cafe.com","2021-07-08 16:04:48","2021-07-05","2021-07-05","2022-07-05","81","Gandi SAS","whois.gandi.net","http://www.gandi.net","REDACTED FOR PRIVACY","??????????","REDACTED FOR PRIVACY","REDACTED FOR PRIVACY","","REDACTED FOR PRIVACY","Taiwan","9eb9912d6721e04abab877538aa006ae-29029503@contact.gandi.net","REDACTED FOR PRIVACY","REDACTED FOR PRIVACY","REDACTED FOR PRIVACY","REDACTED FOR PRIVACY","REDACTED FOR PRIVACY","REDACTED FOR PRIVACY","REDACTED FOR PRIVACY","REDACTED FOR PRIVACY","REDACTED FOR PRIVACY","9eb9912d6721e04abab877538aa006ae-29029503@contact.gandi.net","REDACTED FOR PRIVACY","REDACTED FOR PRIVACY","REDACTED FOR PRIVACY","REDACTED FOR PRIVACY","REDACTED FOR PRIVACY","REDACTED FOR PRIVACY","REDACTED FOR PRIVACY","REDACTED FOR PRIVACY","REDACTED FOR PRIVACY","9eb9912d6721e04abab877538aa006ae-29029503@contact.gandi.net","REDACTED FOR PRIVACY","REDACTED FOR PRIVACY","","","","","","","","","","","ns-155-c.gandi.net","ns-168-b.gandi.net","ns-176-a.gandi.net","","clientTransferProhibited","","",""
"77","sunbaicao.com","2021-07-08 16:03:17","2021-07-05","2021-07-04","2023-07-05","146","GoDaddy.com, LLC","whois.godaddy.com","http://registrar.godaddy.com","infinitas","infinitas","","","Taiwan","","Taiwan","","","","","","","","","","","","","","","","","","","","","","","","","","","","","","","","","","ns71.domaincontrol.com","ns72.domaincontrol.com","","","clientDeleteProhibited","clientRenewProhibited","clientTransferProhibited","clientUpdateProhibited"
"78","taiwanherbal.com","2021-07-08 18:31:34","2021-07-05","2021-07-05","2022-07-05","625","Name.com, Inc.","whois.name.com","http://www.name.com","Shih-Di Chen","BCLZ Films & Videos","12th Floor, 746-2 Shung Shing South Road , Nan Tun","Taichung","Taiwan","408","Taiwan","","Non-Public Data","+886.424712858","Shih-Di Chen","BCLZ Films & Videos","12th Floor, 746-2 Shung Shing South Road , Nan Tun","Taichung","Taiwan","408","Taiwan","","Non-Public Data","+886.424712858","Shih-Di Chen","BCLZ Films & Videos","12th Floor, 746-2 Shung Shing South Road , Nan Tun","Taichung","Taiwan","408","Taiwan","","Non-Public Data","+886.424712858","","","","","","","","","","","ns1dhq.name.com","ns2cqs.name.com","ns3bfm.name.com","ns4bty.name.com","addPeriod","clientTransferProhibited","",""
"79","tbd-gaming.com","2021-07-08 17:05:19","2021-07-05","2021-07-05","2023-07-05","146","GoDaddy.com, LLC","whois.godaddy.com","http://registrar.godaddy.com","Taiwan Boardgame Design","Taiwan Boardgame Design","","","Taipei","","Taiwan","","","","","","","","","","","","","","","","","","","","","","","","","","","","","","","","","","ns55.domaincontrol.com","ns56.domaincontrol.com","","","clientDeleteProhibited","clientRenewProhibited","clientTransferProhibited","clientUpdateProhibited"
"80","tianair.space","2021-07-08 15:09:51","2021-07-06","2021-07-06","2022-07-06","146","GoDaddy.com, LLC","whois.godaddy.com","http://registrar.godaddy.com","","","","","gaoxiongshi","","Taiwan","","","","","","","","","","","","","","","","","","","","","","","","","","","","","","","","","","ns35.domaincontrol.com","ns36.domaincontrol.com","","","addPeriod","clientDeleteProhibited","clientRenewProhibited","clientTransferProhibited"
"81","twlsoc.com","2021-07-08 15:59:34","2021-07-05","2021-07-05","2022-07-05","69","Tucows Domains Inc.","whois.tucows.com","http://domainhelp.opensrs.net","REDACTED FOR PRIVACY","REDACTED FOR PRIVACY","REDACTED FOR PRIVACY","REDACTED FOR PRIVACY","New Taipei City","REDACTED FOR PRIVACY","Taiwan","","REDACTED FOR PRIVACY","REDACTED FOR PRIVACY","REDACTED FOR PRIVACY","REDACTED FOR PRIVACY","REDACTED FOR PRIVACY","REDACTED FOR PRIVACY","REDACTED FOR PRIVACY","REDACTED FOR PRIVACY","REDACTED FOR PRIVACY","","REDACTED FOR PRIVACY","REDACTED FOR PRIVACY","REDACTED FOR PRIVACY","REDACTED FOR PRIVACY","REDACTED FOR PRIVACY","REDACTED FOR PRIVACY","REDACTED FOR PRIVACY","REDACTED FOR PRIVACY","REDACTED FOR PRIVACY","","REDACTED FOR PRIVACY","REDACTED FOR PRIVACY","","","","","","","","","","","ezra.ns.cloudflare.com","shaz.ns.cloudflare.com","","","","","",""
"82","vegecreek.com","2021-07-08 15:58:15","2021-07-05","2021-07-05","2022-07-05","69","Tucows Domains Inc.","whois.tucows.com","http://domainhelp.opensrs.net","REDACTED FOR PRIVACY","REDACTED FOR PRIVACY","REDACTED FOR PRIVACY","REDACTED FOR PRIVACY","Taipei City","REDACTED FOR PRIVACY","Taiwan","","REDACTED FOR PRIVACY","REDACTED FOR PRIVACY","REDACTED FOR PRIVACY","REDACTED FOR PRIVACY","REDACTED FOR PRIVACY","REDACTED FOR PRIVACY","REDACTED FOR PRIVACY","REDACTED FOR PRIVACY","REDACTED FOR PRIVACY","","REDACTED FOR PRIVACY","REDACTED FOR PRIVACY","REDACTED FOR PRIVACY","REDACTED FOR PRIVACY","REDACTED FOR PRIVACY","REDACTED FOR PRIVACY","REDACTED FOR PRIVACY","REDACTED FOR PRIVACY","REDACTED FOR PRIVACY","","REDACTED FOR PRIVACY","REDACTED FOR PRIVACY","","","","","","","","","","","carl.ns.cloudflare.com","lana.ns.cloudflare.com","","","","","",""
"83","vqiop.com","2021-07-08 15:57:20","2021-07-04","2021-07-04","2022-07-04","146","GoDaddy.com, LLC","whois.godaddy.com","http://registrar.godaddy.com","","","","","Da An \u5340","","Taiwan","","","","","","","","","","","","","","","","","","","","","","","","","","","","","","","","","","ns69.domaincontrol.com","ns70.domaincontrol.com","","","clientDeleteProhibited","clientRenewProhibited","clientTransferProhibited","clientUpdateProhibited"
"84","wendyslab.com","2021-07-08 15:55:56","2021-07-05","2021-07-05","2022-07-05","48","eNom, Inc.","whois.enom.com","http://www.enom.com","REDACTED FOR PRIVACY","REDACTED FOR PRIVACY","REDACTED FOR PRIVACY","REDACTED FOR PRIVACY","Changhua","REDACTED FOR PRIVACY","Taiwan","","REDACTED FOR PRIVACY","REDACTED FOR PRIVACY","REDACTED FOR PRIVACY","REDACTED FOR PRIVACY","REDACTED FOR PRIVACY","REDACTED FOR PRIVACY","REDACTED FOR PRIVACY","REDACTED FOR PRIVACY","REDACTED FOR PRIVACY","","REDACTED FOR PRIVACY","REDACTED FOR PRIVACY","REDACTED FOR PRIVACY","REDACTED FOR PRIVACY","REDACTED FOR PRIVACY","REDACTED FOR PRIVACY","REDACTED FOR PRIVACY","REDACTED FOR PRIVACY","REDACTED FOR PRIVACY","","REDACTED FOR PRIVACY","REDACTED FOR PRIVACY","","","","","","","","","","","ns1.a2hosting.com","ns2.a2hosting.com","ns3.a2hosting.com","ns4.a2hosting.com","addPeriod","clientTransferProhibited","",""
"85","winnerbettraining.com","2021-07-08 15:55:28","2021-07-05","2021-07-05","2022-07-05","146","GoDaddy.com, LLC","whois.godaddy.com","http://registrar.godaddy.com","","","","","Tai \u7063","","Taiwan","","","","","","","","","","","","","","","","","","","","","","","","","","","","","","","","","","ns71.domaincontrol.com","ns72.domaincontrol.com","","","clientDeleteProhibited","clientRenewProhibited","clientTransferProhibited","clientUpdateProhibited"
"86","wisdom-teaching.com","2021-07-08 15:55:21","2021-07-05","2021-07-05","2023-07-05","146","GoDaddy.com, LLC","whois.godaddy.com","http://registrar.godaddy.com","","","","","Shi Lin \u5340","","Taiwan","","","","","","","","","","","","","","","","","","","","","","","","","","","","","","","","","","ns69.domaincontrol.com","ns70.domaincontrol.com","","","clientDeleteProhibited","clientRenewProhibited","clientTransferProhibited","clientUpdateProhibited"
"87","workmail06.com","2021-07-08 15:55:06","2021-07-05","2021-07-05","2022-07-05","895","Google, Inc.","whois.rrpproxy.net","http://www.google.com","","","","","???","","Taiwan","","","","","","","","","","","","","","","","","","","","","","","","","","","","","","","","","","ns-cloud-e1.googledomains.com","ns-cloud-e2.googledomains.com","ns-cloud-e3.googledomains.com","ns-cloud-e4.googledomains.com","clientTransferProhibited","","",""
"88","xingyangtuition.com","2021-07-08 15:54:31","2021-07-05","2021-07-05","2022-07-05","146","GoDaddy.com, LLC","whois.godaddy.com","http://registrar.godaddy.com","Gao Xiong Shi Si Li \u9d3b\u63daWen Li Duan Ji \u88dc\u7fd2Ban","Gao Xiong Shi Si Li \u9d3b\u63daWen Li Duan Ji \u88dc\u7fd2Ban","","","Tai \u7063","","Taiwan","","","","","","","","","","","","","","","","","","","","","","","","","","","","","","","","","","ns13.domaincontrol.com","ns14.domaincontrol.com","","","clientDeleteProhibited","clientRenewProhibited","clientTransferProhibited","clientUpdateProhibited"
"89","xn--fhqz58dnjh8lmt4k.com","2021-07-08 15:53:23","2021-07-05","2021-07-05","2022-07-05","895","Google, Inc.","whois.rrpproxy.net","http://www.google.com","","","","","???","","Taiwan","","","","","","","","","","","","","","","","","","","","","","","","","","","","","","","","","","ns-cloud-d1.googledomains.com","ns-cloud-d2.googledomains.com","ns-cloud-d3.googledomains.com","ns-cloud-d4.googledomains.com","clientTransferProhibited","","",""
"90","yesman007.com","2021-07-08 15:52:30","2021-07-05","2021-07-05","2023-07-05","146","GoDaddy.com, LLC","whois.godaddy.com","http://registrar.godaddy.com","","","","","Wanhua Dist.","","Taiwan","","","","","","","","","","","","","","","","","","","","","","","","","","","","","","","","","","ns71.domaincontrol.com","ns72.domaincontrol.com","","","clientDeleteProhibited","clientRenewProhibited","clientTransferProhibited","clientUpdateProhibited"
"91","yoyiiltd.com","2021-07-08 15:50:34","2021-07-05","2021-07-05","2022-07-05","69","Tucows Domains Inc.","whois.tucows.com","http://domainhelp.opensrs.net","REDACTED FOR PRIVACY","REDACTED FOR PRIVACY","REDACTED FOR PRIVACY","REDACTED FOR PRIVACY","Taiwan","REDACTED FOR PRIVACY","Taiwan","","REDACTED FOR PRIVACY","REDACTED FOR PRIVACY","REDACTED FOR PRIVACY","REDACTED FOR PRIVACY","REDACTED FOR PRIVACY","REDACTED FOR PRIVACY","REDACTED FOR PRIVACY","REDACTED FOR PRIVACY","REDACTED FOR PRIVACY","","REDACTED FOR PRIVACY","REDACTED FOR PRIVACY","REDACTED FOR PRIVACY","REDACTED FOR PRIVACY","REDACTED FOR PRIVACY","REDACTED FOR PRIVACY","REDACTED FOR PRIVACY","REDACTED FOR PRIVACY","REDACTED FOR PRIVACY","","REDACTED FOR PRIVACY","REDACTED FOR PRIVACY","","","","","","","","","","","grace.ns.cloudflare.com","lloyd.ns.cloudflare.com","","","","","",""
"92","yue-yawan.com","2021-07-08 15:50:28","2021-07-05","2021-07-07","2023-07-05","146","GoDaddy.com, LLC","whois.godaddy.com","http://registrar.godaddy.com","","","","","Xinzhuang District","","Taiwan","","","","","","","","","","","","","","","","","","","","","","","","","","","","","","","","","","ns6591.hostgator.com","ns6592.hostgator.com","","","clientDeleteProhibited","clientRenewProhibited","clientTransferProhibited","clientUpdateProhibited"
"93","yuri.center","2021-07-08 14:16:56","2021-07-05","2021-07-08","2022-07-05","146","GoDaddy.com, LLC","whois.godaddy.com","http://registrar.godaddy.com","REDACTED FOR PRIVACY","Bonio INC.","REDACTED FOR PRIVACY","REDACTED FOR PRIVACY","Taipei","REDACTED FOR PRIVACY","Taiwan","","REDACTED FOR PRIVACY","REDACTED FOR PRIVACY","","","","","","","","","","","","","","","","","","","","","","","","","","","","","","","","","","","addPeriod","clientDeleteProhibited","clientRenewProhibited","clientTransferProhibited"
"94","yuri.services","2021-07-08 14:49:24","2021-07-05","2021-07-08","2022-07-05","146","GoDaddy.com, LLC","whois.godaddy.com","http://registrar.godaddy.com","REDACTED FOR PRIVACY","Bonio INC.","REDACTED FOR PRIVACY","REDACTED FOR PRIVACY","Taipei","REDACTED FOR PRIVACY","Taiwan","","REDACTED FOR PRIVACY","REDACTED FOR PRIVACY","","","","","","","","","","","","","","","","","","","","","","","","","","","","","","","","","","","addPeriod","clientDeleteProhibited","clientRenewProhibited","clientTransferProhibited"
"95","yuri.tools","2021-07-08 15:06:19","2021-07-05","2021-07-08","2022-07-05","146","GoDaddy.com, LLC","whois.godaddy.com","http://registrar.godaddy.com","REDACTED FOR PRIVACY","Bonio INC.","REDACTED FOR PRIVACY","REDACTED FOR PRIVACY","Taipei","REDACTED FOR PRIVACY","Taiwan","","REDACTED FOR PRIVACY","REDACTED FOR PRIVACY","","","","","","","","","","","","","","","","","","","","","","","","","","","","","","","","","","","addPeriod","clientDeleteProhibited","clientRenewProhibited","clientTransferProhibited"
"96","yuteng.info","2021-07-08 15:43:29","2021-07-06","2021-07-06","2022-07-06","84","UK-2 Limited","whois.nic.uk","http://www.uk2group.com","Dong Song Ji Che Hang","Dong Song Ji Che Hang","","","Taiwan","","Taiwan","","","","","","","","","","","","","","","","","","","","","","","","","","","","","","","","","","ns1.sugardns.net","ns2.sugardns.net","ns3.sugardns.net","ns4.sugardns.net","addPeriod","clientTransferProhibited","serverTransferProhibited",""