"num","domain_name","query_time","create_date","update_date","expiry_date","domain_registrar_id","domain_registrar_name","domain_registrar_whois","domain_registrar_url","registrant_name","registrant_company","registrant_address","registrant_city","registrant_state","registrant_zip","registrant_country","registrant_email","registrant_phone","registrant_fax","administrative_name","administrative_company","administrative_address","administrative_city","administrative_state","administrative_zip","administrative_country","administrative_email","administrative_phone","administrative_fax","technical_name","technical_company","technical_address","technical_city","technical_state","technical_zip","technical_country","technical_email","technical_phone","technical_fax","billing_name","billing_company","billing_address","billing_city","billing_state","billing_zip","billing_country","billing_email","billing_phone","billing_fax","name_server_1","name_server_2","name_server_3","name_server_4","domain_status_1","domain_status_2","domain_status_3","domain_status_4"
"1","aseatopassociates.com","2021-07-08 16:57:43","2021-07-05","2021-07-05","2022-07-05","1154","FastDomain Inc.","whois.fastdomain.com","http://www.fastdomain.com","N'VEI-N ALFA","DIBEDOU SARLU","AGOE LOGOPE, RUE DE ZANGUERA, MAISON ALFA","LOME","","20BP120","Togo","damienalfa28@gmail.com","+228.99647010","","N'VEI-N ALFA","DIBEDOU SARLU","AGOE LOGOPE, RUE DE ZANGUERA, MAISON ALFA","LOME","","20BP120","Togo","damienalfa28@gmail.com","+228.99647010","","BLUEHOST INC","BLUEHOST.COM","550 E TIMPANOGOS PKWY","OREM","UTAH","84097","United States","domain@redl.ca","+1.8017659400","+1.8017651992","","","","","","","","","","","ns1.bluehost.com","ns2.bluehost.com","","","clientTransferProhibited","","",""
"2","groupeporno.com","2021-07-08 16:36:07","2021-07-05","2021-07-05","2022-07-05","69","Tucows Domains Inc.","whois.tucows.com","http://domainhelp.opensrs.net","REDACTED FOR PRIVACY","REDACTED FOR PRIVACY","REDACTED FOR PRIVACY","REDACTED FOR PRIVACY","Lome","REDACTED FOR PRIVACY","Togo","","REDACTED FOR PRIVACY","REDACTED FOR PRIVACY","REDACTED FOR PRIVACY","REDACTED FOR PRIVACY","REDACTED FOR PRIVACY","REDACTED FOR PRIVACY","REDACTED FOR PRIVACY","REDACTED FOR PRIVACY","REDACTED FOR PRIVACY","","REDACTED FOR PRIVACY","REDACTED FOR PRIVACY","REDACTED FOR PRIVACY","REDACTED FOR PRIVACY","REDACTED FOR PRIVACY","REDACTED FOR PRIVACY","REDACTED FOR PRIVACY","REDACTED FOR PRIVACY","REDACTED FOR PRIVACY","","REDACTED FOR PRIVACY","REDACTED FOR PRIVACY","","","","","","","","","","","da200a.trouble-free.net","da200b.trouble-free.net","","","OK","","",""
"3","takubymarilyne.store","2021-07-08 15:08:15","2021-07-05","2021-07-05","2022-07-05","81","Gandi SAS","whois.gandi.net","http://www.gandi.net","","","","","","","Togo","","","","","","","","","","","","","","","","","","","","","","","","","","","","","","","","","","ns-107-a.gandi.net","ns-112-c.gandi.net","ns-198-b.gandi.net","","addPeriod","clientTransferProhibited","serverTransferProhibited",""
"4","theodjehounou.com","2021-07-08 14:44:10","2021-07-05","2021-07-05","2022-07-05","433","OVH sas","whois.ovh.com","http://www.ovh.com","REDACTED FOR PRIVACY","Theo Djehounou","REDACTED FOR PRIVACY","REDACTED FOR PRIVACY","","REDACTED FOR PRIVACY","Togo","","REDACTED FOR PRIVACY","REDACTED FOR PRIVACY","REDACTED FOR PRIVACY","REDACTED FOR PRIVACY","REDACTED FOR PRIVACY","REDACTED FOR PRIVACY","REDACTED FOR PRIVACY","REDACTED FOR PRIVACY","REDACTED FOR PRIVACY","","REDACTED FOR PRIVACY","REDACTED FOR PRIVACY","REDACTED FOR PRIVACY","REDACTED FOR PRIVACY","REDACTED FOR PRIVACY","REDACTED FOR PRIVACY","REDACTED FOR PRIVACY","REDACTED FOR PRIVACY","REDACTED FOR PRIVACY","","REDACTED FOR PRIVACY","REDACTED FOR PRIVACY","","","","","","","","","","","dns106.ovh.net","ns106.ovh.net","","","clientDeleteProhibited","clientTransferProhibited","",""
"5","weedah.store","2021-07-08 15:08:11","2021-07-05","2021-07-05","2022-07-05","81","Gandi SAS","whois.gandi.net","http://www.gandi.net","","","","","","","Togo","","","","","","","","","","","","","","","","","","","","","","","","","","","","","","","","","","ns-184-b.gandi.net","ns-39-c.gandi.net","ns-67-a.gandi.net","","addPeriod","clientTransferProhibited","serverTransferProhibited",""