"num","domain_name","query_time","create_date","update_date","expiry_date","domain_registrar_id","domain_registrar_name","domain_registrar_whois","domain_registrar_url","registrant_name","registrant_company","registrant_address","registrant_city","registrant_state","registrant_zip","registrant_country","registrant_email","registrant_phone","registrant_fax","administrative_name","administrative_company","administrative_address","administrative_city","administrative_state","administrative_zip","administrative_country","administrative_email","administrative_phone","administrative_fax","technical_name","technical_company","technical_address","technical_city","technical_state","technical_zip","technical_country","technical_email","technical_phone","technical_fax","billing_name","billing_company","billing_address","billing_city","billing_state","billing_zip","billing_country","billing_email","billing_phone","billing_fax","name_server_1","name_server_2","name_server_3","name_server_4","domain_status_1","domain_status_2","domain_status_3","domain_status_4"
"1","bhavacaribbean.com","2021-07-08 14:35:44","2021-07-05","2021-07-05","2022-07-05","1910","CloudFlare, Inc.","whois.cloudflare.com","http://www.cloudflare.com","DATA REDACTED","DATA REDACTED","DATA REDACTED","DATA REDACTED","Port of Spain","DATA REDACTED","Trinidad and Tobago","","DATA REDACTED","DATA REDACTED","DATA REDACTED","DATA REDACTED","DATA REDACTED","DATA REDACTED","DATA REDACTED","DATA REDACTED","DATA REDACTED","","DATA REDACTED","DATA REDACTED","DATA REDACTED","DATA REDACTED","DATA REDACTED","DATA REDACTED","DATA REDACTED","DATA REDACTED","DATA REDACTED","","DATA REDACTED","DATA REDACTED","DATA REDACTED","DATA REDACTED","DATA REDACTED","DATA REDACTED","DATA REDACTED","DATA REDACTED","DATA REDACTED","","DATA REDACTED","DATA REDACTED","cora.ns.cloudflare.com","sonny.ns.cloudflare.com","","","clientTransferProhibited","","",""
"2","courtshurdledash.com","2021-07-08 16:50:00","2021-07-05","2021-07-05","2022-07-05","146","GoDaddy.com, LLC","whois.godaddy.com","http://registrar.godaddy.com","Webfx Limited","Webfx Limited","","","Port of Spain","","Trinidad and Tobago","","","","","","","","","","","","","","","","","","","","","","","","","","","","","","","","","","ns13.domaincontrol.com","ns14.domaincontrol.com","","","clientDeleteProhibited","clientRenewProhibited","clientTransferProhibited","clientUpdateProhibited"
"3","crashcourse.site","2021-07-08 15:11:49","2021-07-05","2021-07-05","2022-07-05","146","GoDaddy.com, LLC","whois.godaddy.com","http://registrar.godaddy.com","","","","","NONE","","Trinidad and Tobago","","","","","","","","","","","","","","","","","","","","","","","","","","","","","","","","","","cloe.ns.cloudflare.com","clyde.ns.cloudflare.com","","","addPeriod","clientDeleteProhibited","clientRenewProhibited","clientTransferProhibited"
"4","finicasolutions.com","2021-07-08 17:16:22","2021-07-05","2021-07-05","2024-07-05","146","GoDaddy.com, LLC","whois.godaddy.com","http://registrar.godaddy.com","Smartlink Caribbean","Smartlink Caribbean","","","","","Trinidad and Tobago","","","","","","","","","","","","","","","","","","","","","","","","","","","","","","","","","","ns15.domaincontrol.com","ns16.domaincontrol.com","","","clientDeleteProhibited","clientRenewProhibited","clientTransferProhibited","clientUpdateProhibited"
"5","gnenterprises.store","2021-07-08 15:09:23","2021-07-06","2021-07-06","2022-07-06","146","GoDaddy.com, LLC","whois.godaddy.com","http://registrar.godaddy.com","","","","","Couva","","Trinidad and Tobago","","","","","","","","","","","","","","","","","","","","","","","","","","","","","","","","","","ns13.domaincontrol.com","ns14.domaincontrol.com","","","addPeriod","clientDeleteProhibited","clientRenewProhibited","clientTransferProhibited"
"6","kadibasdeo.com","2021-07-08 16:30:56","2021-07-04","2021-07-04","2022-07-04","146","GoDaddy.com, LLC","whois.godaddy.com","http://registrar.godaddy.com","","","","","piarco","","Trinidad and Tobago","","","","","","","","","","","","","","","","","","","","","","","","","","","","","","","","","","ns59.domaincontrol.com","ns60.domaincontrol.com","","","clientDeleteProhibited","clientRenewProhibited","clientTransferProhibited","clientUpdateProhibited"
"7","kallpropertiestt.com","2021-07-08 16:30:21","2021-07-05","2021-07-05","2022-07-05","146","GoDaddy.com, LLC","whois.godaddy.com","http://registrar.godaddy.com","Smart Venture Group","Smart Venture Group","","","NA","","Trinidad and Tobago","","","","","","","","","","","","","","","","","","","","","","","","","","","","","","","","","","ns69.domaincontrol.com","ns70.domaincontrol.com","","","clientDeleteProhibited","clientRenewProhibited","clientTransferProhibited","clientUpdateProhibited"
"8","myttvaccinehotline.com","2021-07-08 16:18:42","2021-07-05","2021-07-05","2022-07-05","146","GoDaddy.com, LLC","whois.godaddy.com","http://registrar.godaddy.com","","","","","Princes Town","","Trinidad and Tobago","","","","","","","","","","","","","","","","","","","","","","","","","","","","","","","","","","ns71.domaincontrol.com","ns72.domaincontrol.com","","","clientDeleteProhibited","clientRenewProhibited","clientTransferProhibited","clientUpdateProhibited"
"9","tellustt.com","2021-07-08 14:45:40","2021-07-04","2021-07-04","2024-07-04","146","GoDaddy.com, LLC","whois.godaddy.com","http://registrar.godaddy.com","LB ENTERPRISE","LB ENTERPRISE","","","na","","Trinidad and Tobago","","","","","","","","","","","","","","","","","","","","","","","","","","","","","","","","","","ns59.domaincontrol.com","ns60.domaincontrol.com","","","clientDeleteProhibited","clientRenewProhibited","clientTransferProhibited","clientUpdateProhibited"
"10","whitcentricdesigns.com","2021-07-08 15:55:46","2021-07-05","2021-07-07","2022-07-05","69","Tucows Domains Inc.","whois.tucows.com","http://domainhelp.opensrs.net","REDACTED FOR PRIVACY","REDACTED FOR PRIVACY","REDACTED FOR PRIVACY","REDACTED FOR PRIVACY","SGE","REDACTED FOR PRIVACY","Trinidad and Tobago","","REDACTED FOR PRIVACY","REDACTED FOR PRIVACY","REDACTED FOR PRIVACY","REDACTED FOR PRIVACY","REDACTED FOR PRIVACY","REDACTED FOR PRIVACY","REDACTED FOR PRIVACY","REDACTED FOR PRIVACY","REDACTED FOR PRIVACY","","REDACTED FOR PRIVACY","REDACTED FOR PRIVACY","REDACTED FOR PRIVACY","REDACTED FOR PRIVACY","REDACTED FOR PRIVACY","REDACTED FOR PRIVACY","REDACTED FOR PRIVACY","REDACTED FOR PRIVACY","REDACTED FOR PRIVACY","","REDACTED FOR PRIVACY","REDACTED FOR PRIVACY","","","","","","","","","","","ns1.digitalbusinesslounge.com","ns2.digitalbusinesslounge.com","","","clientTransferProhibited","clientUpdateProhibited","",""