"num","domain_name","query_time","create_date","update_date","expiry_date","domain_registrar_id","domain_registrar_name","domain_registrar_whois","domain_registrar_url","registrant_name","registrant_company","registrant_address","registrant_city","registrant_state","registrant_zip","registrant_country","registrant_email","registrant_phone","registrant_fax","administrative_name","administrative_company","administrative_address","administrative_city","administrative_state","administrative_zip","administrative_country","administrative_email","administrative_phone","administrative_fax","technical_name","technical_company","technical_address","technical_city","technical_state","technical_zip","technical_country","technical_email","technical_phone","technical_fax","billing_name","billing_company","billing_address","billing_city","billing_state","billing_zip","billing_country","billing_email","billing_phone","billing_fax","name_server_1","name_server_2","name_server_3","name_server_4","domain_status_1","domain_status_2","domain_status_3","domain_status_4"
"1","alysenergie.com","2021-07-08 16:59:45","2021-07-05","2021-07-05","2022-07-05","186","NameScout Corp.","whois.dotmobiregistry.net","http://www.namescout.com","Privacy Hero Inc","Privacy Hero Inc.","Neptune Court, Suite 204, Allegro Rd","Grace Bay","Providenciales","TKCA 1ZZ","Turks and Caicos Islands","rxoja5igoqoux090@privacyhero.company","+1.8666421232","+1.6137061248","Privacy Hero Inc","Privacy Hero Inc.","Neptune Court, Suite 204, Allegro Rd","Grace Bay","Providenciales","TKCA 1ZZ","Turks and Caicos Islands","rxoja5igoqoux090@privacyhero.company","+1.8666421232","+1.6137061248","Privacy Hero Inc","Privacy Hero Inc.","Neptune Court, Suite 204, Allegro Rd","Grace Bay","Providenciales","TKCA 1ZZ","Turks and Caicos Islands","rxoja5igoqoux090@privacyhero.company","+1.8666421232","+1.6137061248","","","","","","","","","","","dns10.hydro.qc.ca","dns20.hydro.qc.ca","","","","","",""
"2","alysenergy.com","2021-07-08 16:59:50","2021-07-05","2021-07-05","2022-07-05","186","NameScout Corp.","whois.dotmobiregistry.net","http://www.namescout.com","Privacy Hero Inc","Privacy Hero Inc.","Neptune Court, Suite 204, Allegro Rd","Grace Bay","Providenciales","TKCA 1ZZ","Turks and Caicos Islands","rxoja5igoqoux090@privacyhero.company","+1.8666421232","+1.6137061248","Privacy Hero Inc","Privacy Hero Inc.","Neptune Court, Suite 204, Allegro Rd","Grace Bay","Providenciales","TKCA 1ZZ","Turks and Caicos Islands","rxoja5igoqoux090@privacyhero.company","+1.8666421232","+1.6137061248","Privacy Hero Inc","Privacy Hero Inc.","Neptune Court, Suite 204, Allegro Rd","Grace Bay","Providenciales","TKCA 1ZZ","Turks and Caicos Islands","rxoja5igoqoux090@privacyhero.company","+1.8666421232","+1.6137061248","","","","","","","","","","","dns10.hydro.qc.ca","dns20.hydro.qc.ca","","","","","",""
"3","automotivematerialspro.com","2021-07-08 16:57:03","2021-07-05","2021-07-05","2023-07-05","186","NameScout Corp.","whois.dotmobiregistry.net","http://www.namescout.com","Privacy Hero Inc","Privacy Hero Inc.","Neptune Court, Suite 204, Allegro Rd","Grace Bay","Providenciales","TKCA 1ZZ","Turks and Caicos Islands","w8youihs5cmdtmxy@privacyhero.company","+1.8666421232","+1.6137061248","Privacy Hero Inc","Privacy Hero Inc.","Neptune Court, Suite 204, Allegro Rd","Grace Bay","Providenciales","TKCA 1ZZ","Turks and Caicos Islands","w8youihs5cmdtmxy@privacyhero.company","+1.8666421232","+1.6137061248","Privacy Hero Inc","Privacy Hero Inc.","Neptune Court, Suite 204, Allegro Rd","Grace Bay","Providenciales","TKCA 1ZZ","Turks and Caicos Islands","w8youihs5cmdtmxy@privacyhero.company","+1.8666421232","+1.6137061248","","","","","","","","","","","dns.internic.ca","dns2.internic.ca","","","","","",""
"4","cleoinnovation.com","2021-07-08 16:51:27","2021-07-05","2021-07-05","2022-07-05","186","NameScout Corp.","whois.dotmobiregistry.net","http://www.namescout.com","Privacy Hero Inc","Privacy Hero Inc.","Neptune Court, Suite 204, Allegro Rd","Grace Bay","Providenciales","TKCA 1ZZ","Turks and Caicos Islands","rxoja5igoqoux090@privacyhero.company","+1.8666421232","+1.6137061248","Privacy Hero Inc","Privacy Hero Inc.","Neptune Court, Suite 204, Allegro Rd","Grace Bay","Providenciales","TKCA 1ZZ","Turks and Caicos Islands","rxoja5igoqoux090@privacyhero.company","+1.8666421232","+1.6137061248","Privacy Hero Inc","Privacy Hero Inc.","Neptune Court, Suite 204, Allegro Rd","Grace Bay","Providenciales","TKCA 1ZZ","Turks and Caicos Islands","rxoja5igoqoux090@privacyhero.company","+1.8666421232","+1.6137061248","","","","","","","","","","","dns10.hydro.qc.ca","dns20.hydro.qc.ca","","","","","",""
"5","ecmfundraiser.com","2021-07-08 05:03:43","2021-07-03","2021-07-06","2022-07-03","600","Rebel.com Corp.","whois.rebel.com","http://www.rebel.com","Privacy Hero Inc","Privacy Hero Inc.","Neptune Court, Suite 204, Allegro Rd","Grace Bay","Providenciales","TKCA 1ZZ","Turks and Caicos Islands","kis12b336kf08k76@privacyhero.company","+1.8664973235","+1.6137061248","Privacy Hero Inc","Privacy Hero Inc.","Neptune Court, Suite 204, Allegro Rd","Grace Bay","Providenciales","TKCA 1ZZ","Turks and Caicos Islands","kis12b336kf08k76@privacyhero.company","+1.8664973235","+1.6137061248","Privacy Hero Inc","Privacy Hero Inc.","Neptune Court, Suite 204, Allegro Rd","Grace Bay","Providenciales","TKCA 1ZZ","Turks and Caicos Islands","kis12b336kf08k76@privacyhero.company","+1.8664973235","+1.6137061248","","","","","","","","","","","dns.rebel.com","dns2.rebel.com","","","","","",""
"6","eqcy.love","2021-07-08 14:47:53","2021-07-05","2021-07-05","2022-07-05","675","Super Registry Inc.","whois.iis.se","http://superregistry.co","Privacy Hero Inc.","Privacy Hero Inc.","","","Providenciales","","Turks and Caicos Islands","","","","","","","","","","","","","","","","","","","","","","","","","","","","","","","","","","dns.rebel.com","dns2.rebel.com","","","addPeriod","clientTransferProhibited","clientUpdateProhibited","serverTransferProhibited"
"7","richzeal.com","2021-07-08 16:10:43","2021-07-05","2021-07-05","2022-07-05","600","Rebel.com Corp.","whois.rebel.com","http://www.rebel.com","Privacy Hero Inc","Privacy Hero Inc.","Neptune Court, Suite 204, Allegro Rd","Grace Bay","Providenciales","TKCA 1ZZ","Turks and Caicos Islands","e8c017ecm0cnamfj@privacyhero.company","+1.8664973235","+1.6137061248","Privacy Hero Inc","Privacy Hero Inc.","Neptune Court, Suite 204, Allegro Rd","Grace Bay","Providenciales","TKCA 1ZZ","Turks and Caicos Islands","e8c017ecm0cnamfj@privacyhero.company","+1.8664973235","+1.6137061248","Privacy Hero Inc","Privacy Hero Inc.","Neptune Court, Suite 204, Allegro Rd","Grace Bay","Providenciales","TKCA 1ZZ","Turks and Caicos Islands","e8c017ecm0cnamfj@privacyhero.company","+1.8664973235","+1.6137061248","","","","","","","","","","","dns.rebel.com","dns2.rebel.com","","","","","",""