"num","domain_name","query_time","create_date","update_date","expiry_date","domain_registrar_id","domain_registrar_name","domain_registrar_whois","domain_registrar_url","registrant_name","registrant_company","registrant_address","registrant_city","registrant_state","registrant_zip","registrant_country","registrant_email","registrant_phone","registrant_fax","administrative_name","administrative_company","administrative_address","administrative_city","administrative_state","administrative_zip","administrative_country","administrative_email","administrative_phone","administrative_fax","technical_name","technical_company","technical_address","technical_city","technical_state","technical_zip","technical_country","technical_email","technical_phone","technical_fax","billing_name","billing_company","billing_address","billing_city","billing_state","billing_zip","billing_country","billing_email","billing_phone","billing_fax","name_server_1","name_server_2","name_server_3","name_server_4","domain_status_1","domain_status_2","domain_status_3","domain_status_4"
"1","256online.com","2021-07-08 17:04:03","2021-07-05","2021-07-05","2022-07-05","48","eNom, Inc.","whois.enom.com","http://www.enom.com","REDACTED FOR PRIVACY","REDACTED FOR PRIVACY","REDACTED FOR PRIVACY","REDACTED FOR PRIVACY","Kampala","REDACTED FOR PRIVACY","Uganda","","REDACTED FOR PRIVACY","REDACTED FOR PRIVACY","REDACTED FOR PRIVACY","REDACTED FOR PRIVACY","REDACTED FOR PRIVACY","REDACTED FOR PRIVACY","REDACTED FOR PRIVACY","REDACTED FOR PRIVACY","REDACTED FOR PRIVACY","","REDACTED FOR PRIVACY","REDACTED FOR PRIVACY","REDACTED FOR PRIVACY","REDACTED FOR PRIVACY","REDACTED FOR PRIVACY","REDACTED FOR PRIVACY","REDACTED FOR PRIVACY","REDACTED FOR PRIVACY","REDACTED FOR PRIVACY","","REDACTED FOR PRIVACY","REDACTED FOR PRIVACY","","","","","","","","","","","ns1004.hostasset.net","ns2004.hostasset.net","","","addPeriod","clientTransferProhibited","",""
"2","appnomu.com","2021-07-08 16:58:43","2021-07-05","2021-07-05","2022-07-05","146","GoDaddy.com, LLC","whois.godaddy.com","http://registrar.godaddy.com","Soft Hostings Limited","Soft Hostings Limited","","","Eastern","","Uganda","","","","","","","","","","","","","","","","","","","","","","","","","","","","","","","","","","ns13.asurahosting.com","ns14.asurahosting.com","","","clientDeleteProhibited","clientRenewProhibited","clientTransferProhibited","clientUpdateProhibited"
"3","beauglam.store","2021-07-08 15:09:29","2021-07-05","2021-07-05","2022-07-05","1636","Hostinger, UAB","whois.hostinger.com","http://www.hostinger.com","Not Applicable","Not Applicable","","","Kampala","","Uganda","","","","","","","","","","","","","","","","","","","","","","","","","","","","","","","","","","ns1.dns-parking.com","ns2.dns-parking.com","","","addPeriod","clientTransferProhibited","serverTransferProhibited",""
"4","boschinteriorsandengineering.com","2021-07-08 14:34:24","2021-07-05","2021-07-05","2022-07-05","303","PDR Ltd. d/b/a PublicDomainRegistry.com","whois.publicdomainregistry.com","http://www.publicdomainregistry.com","Bingi Micheal","Pason Uganda","P.O.box 30246 Kampala","Kampala","Kampala","256","Uganda","bingiafrican@gmail.com","+256.781485673","","Bingi Micheal","Pason Uganda","P.O.box 30246 Kampala","Kampala","Kampala","256","Uganda","bingiafrican@gmail.com","+256.781485673","","Bingi Micheal","Pason Uganda","P.O.box 30246 Kampala","Kampala","Kampala","256","Uganda","bingiafrican@gmail.com","+256.781485673","","","","","","","","","","","","ns1.bh-10.webhostbox.net","ns2.bh-10.webhostbox.net","","","clientTransferProhibited","","",""
"5","brentanos-treefarrn.com","2021-07-08 14:33:59","2021-07-05","2021-07-08","2022-07-05","303","PDR Ltd. d/b/a PublicDomainRegistry.com","whois.publicdomainregistry.com","http://www.publicdomainregistry.com","kelvin dile","","Plot 11/13, Mackenzie Close, Off Mackenzie Vale,","Kololo,","Kampala","759125","Uganda","keleweed@yahoo.com","+256.463463283","","kelvin dile","","Plot 11/13, Mackenzie Close, Off Mackenzie Vale,","Kololo,","Kampala","759125","Uganda","keleweed@yahoo.com","+256.463463283","","kelvin dile","","Plot 11/13, Mackenzie Close, Off Mackenzie Vale,","Kololo,","Kampala","759125","Uganda","keleweed@yahoo.com","+256.463463283","","","","","","","","","","","","earth.monovm.com","mars.monovm.com","mercury.monovm.com","venus.monovm.com","clientDeleteProhibited","clientHold","clientTransferProhibited","clientUpdateProhibited"
"6","cableonepay.com","2021-07-08 08:44:19","2021-07-08","2021-07-08","2022-07-08","1390","Mesh Digital Limited","whois.meshdigital.com","http://www.meshdigital.com","REDACTED FOR PRIVACY","","REDACTED FOR PRIVACY","REDACTED FOR PRIVACY","","REDACTED FOR PRIVACY","Uganda","","REDACTED FOR PRIVACY","REDACTED FOR PRIVACY","","","","","","","","","","","","","","","","","","","","","","","","","","","","","","","ns1.crystalwebhosting.com","ns2.crystalwebhosting.com","","","OK","","",""
"7","caughtoffside.info","2021-07-08 15:46:25","2021-07-06","2021-07-06","2022-07-06","84","UK-2 Limited","whois.nic.uk","http://www.uk2group.com","Sofi-Tech Solutions LTD","Sofi-Tech Solutions LTD","","","Uganda","","Uganda","","","","","","","","","","","","","","","","","","","","","","","","","","","","","","","","","","ns1.sofitechgroup.com","ns2.sofitechgroup.com","ns3.sofitechgroup.com","ns4.sofitechgroup.com","addPeriod","clientTransferProhibited","serverTransferProhibited",""
"8","christianfaithradio.com","2021-07-08 16:51:55","2021-07-05","2021-07-05","2022-07-05","48","eNom, Inc.","whois.enom.com","http://www.enom.com","REDACTED FOR PRIVACY","REDACTED FOR PRIVACY","REDACTED FOR PRIVACY","REDACTED FOR PRIVACY","","REDACTED FOR PRIVACY","Uganda","","REDACTED FOR PRIVACY","REDACTED FOR PRIVACY","REDACTED FOR PRIVACY","REDACTED FOR PRIVACY","REDACTED FOR PRIVACY","REDACTED FOR PRIVACY","REDACTED FOR PRIVACY","REDACTED FOR PRIVACY","REDACTED FOR PRIVACY","","REDACTED FOR PRIVACY","REDACTED FOR PRIVACY","REDACTED FOR PRIVACY","REDACTED FOR PRIVACY","REDACTED FOR PRIVACY","REDACTED FOR PRIVACY","REDACTED FOR PRIVACY","REDACTED FOR PRIVACY","REDACTED FOR PRIVACY","","REDACTED FOR PRIVACY","REDACTED FOR PRIVACY","","","","","","","","","","","dns1.radio.co","dns2.radio.co","dns3.radio.co","","addPeriod","clientTransferProhibited","",""
"9","coach-muga.com","2021-07-08 16:51:07","2021-07-05","2021-07-05","2022-07-05","106","Ascio Technologies, Inc. Danmark - Filial af Ascio technologies, Inc. USA","whois.ascio.com","http://www.ascio.com","Not Disclosed","Not Disclosed","Not Disclosed","Not Disclosed","","Not Disclosed","Uganda","","Not Disclosed","Not Disclosed","Not Disclosed","Not Disclosed","Not Disclosed","Not Disclosed","Not Disclosed","Not Disclosed","Not Disclosed","","Not Disclosed","Not Disclosed","Not Disclosed","Not Disclosed","Not Disclosed","Not Disclosed","Not Disclosed","Not Disclosed","Not Disclosed","","Not Disclosed","Not Disclosed","","","","","","","","","","","dns1.123hjemmeside.dk","dns2.123hjemmeside.dk","dns3.123hjemmeside.dk","","OK","","",""
"10","comolybdenum.com","2021-07-08 01:54:57","2021-07-01","2021-07-01","2022-07-01","1636","Hostinger, UAB","whois.hostinger.com","http://www.hostinger.com","Medblue Laboratory","","kampala uganda ldc plot 12","kampala","Kampala","00000","Uganda","medbluelaboratories@gmail.com","+256.705440179","","Medblue Laboratory","","kampala uganda ldc plot 12","kampala","Kampala","00000","Uganda","medbluelaboratories@gmail.com","+256.705440179","","Medblue Laboratory","","kampala uganda ldc plot 12","kampala","Kampala","00000","Uganda","medbluelaboratories@gmail.com","+256.705440179","","","","","","","","","","","","ns1.dns-parking.com","ns2.dns-parking.com","","","clientTransferProhibited","","",""
"11","crossboard.trade","2021-07-08 14:53:11","2021-07-05","2021-07-06","2022-07-05","303","PDR Ltd. d/b/a PublicDomainRegistry.com","whois.publicdomainregistry.com","http://www.publicdomainregistry.com","REDACTED FOR PRIVACY","Internet Invest, Ltd. dba Imena.ua","REDACTED FOR PRIVACY REDACTED FOR PRIVACY REDACTED FOR PRIVACY","REDACTED FOR PRIVACY","Kyiv","REDACTED FOR PRIVACY","Uganda","","REDACTED FOR PRIVACY","REDACTED FOR PRIVACY","REDACTED FOR PRIVACY","REDACTED FOR PRIVACY","REDACTED FOR PRIVACY REDACTED FOR PRIVACY REDACTED FOR PRIVACY","REDACTED FOR PRIVACY","REDACTED FOR PRIVACY","REDACTED FOR PRIVACY","REDACTED FOR PRIVACY","","REDACTED FOR PRIVACY","REDACTED FOR PRIVACY","REDACTED FOR PRIVACY","REDACTED FOR PRIVACY","REDACTED FOR PRIVACY REDACTED FOR PRIVACY REDACTED FOR PRIVACY","REDACTED FOR PRIVACY","REDACTED FOR PRIVACY","REDACTED FOR PRIVACY","REDACTED FOR PRIVACY","","REDACTED FOR PRIVACY","REDACTED FOR PRIVACY","","","","","","","","","","","ns12.wixdns.net","ns13.wixdns.net","","","addPeriod","clientTransferProhibited","",""
"12","dandm-carhire-uganda.com","2021-07-08 16:48:18","2021-07-05","2021-07-05","2022-07-05","303","PDR Ltd. d/b/a PublicDomainRegistry.com","whois.publicdomainregistry.com","http://www.publicdomainregistry.com","Ronald Kato","","Kampla Uganda","Kampala","Central","256","Uganda","katsrontech9@gmail.com","+256.781544356","","Ronald Kato","","Kampla Uganda","Kampala","Central","256","Uganda","katsrontech9@gmail.com","+256.781544356","","Ronald Kato","","Kampla Uganda","Kampala","Central","256","Uganda","katsrontech9@gmail.com","+256.781544356","","","","","","","","","","","","ns1.hostaculous.biz","ns2.hostaculous.biz","","","clientTransferProhibited","","",""
"13","datatribesystems.com","2021-07-08 16:48:10","2021-07-05","2021-07-05","2022-07-05","1636","Hostinger, UAB","whois.hostinger.com","http://www.hostinger.com","Ronald Otyek","Ronald Otyek","Plot 3, Hanlon Close, Bugolobi","Kampala","Central","16382","Uganda","otyekrj@gmail.com","+256.784333118","","Ronald Otyek","Ronald Otyek","Plot 3, Hanlon Close, Bugolobi","Kampala","Central","16382","Uganda","otyekrj@gmail.com","+256.784333118","","Ronald Otyek","Ronald Otyek","Plot 3, Hanlon Close, Bugolobi","Kampala","Central","16382","Uganda","otyekrj@gmail.com","+256.784333118","","","","","","","","","","","","ns1.dns-parking.com","ns2.dns-parking.com","","","clientTransferProhibited","","",""
"14","delcheacademy.com","2021-07-08 16:47:39","2021-07-05","2021-07-05","2022-07-05","303","PDR Ltd. d/b/a PublicDomainRegistry.com","whois.publicdomainregistry.com","http://www.publicdomainregistry.com","Sumayah swaib Kazibwe","Cyrol Digital Designers","Personal PC Personal PC","Kampala","Ug","68180","Uganda","sumayahswaibk@gmail.com","+256.755906818","","Sumayah swaib Kazibwe","Cyrol Digital Designers","Personal PC Personal PC","Kampala","Ug","68180","Uganda","sumayahswaibk@gmail.com","+256.755906818","","Sumayah swaib Kazibwe","Cyrol Digital Designers","Personal PC Personal PC","Kampala","Ug","68180","Uganda","sumayahswaibk@gmail.com","+256.755906818","","","","","","","","","","","","us1.hostingbangladesh.com","us2.hostingbangladesh.com","","","clientTransferProhibited","","",""
"15","dreamhomeuganda.com","2021-07-08 16:45:15","2021-07-05","2021-07-04","2022-07-05","146","GoDaddy.com, LLC","whois.godaddy.com","http://registrar.godaddy.com","Lwegatech Limited","Lwegatech Limited","","","Uganda","","Uganda","","","","","","","","","","","","","","","","","","","","","","","","","","","","","","","","","","ns3.lwegatech.co","ns4.lwegatech.co","","","clientDeleteProhibited","clientRenewProhibited","clientTransferProhibited","clientUpdateProhibited"
"16","easyearnuganda.online","2021-07-08 15:27:25","2021-07-05","2021-07-05","2022-07-05","1636","Hostinger, UAB","whois.hostinger.com","http://www.hostinger.com","Easy Earn Uganda","Easy Earn Uganda","","","Mpigi","","Uganda","","","","","","","","","","","","","","","","","","","","","","","","","","","","","","","","","","ns1.dns-parking.com","ns2.dns-parking.com","","","addPeriod","clientTransferProhibited","serverTransferProhibited",""
"17","ehegabioenergy.com","2021-07-08 16:44:15","2021-07-05","2021-07-05","2022-07-05","1647","Hosting Concepts B.V. dba Openprovider","whois.registrar.eu","http://www.openprovider.com","REDACTED FOR PRIVACY","Ehega Bioenergy Limited","REDACTED FOR PRIVACY","REDACTED FOR PRIVACY","Kampala","REDACTED FOR PRIVACY","Uganda","","REDACTED FOR PRIVACY","REDACTED FOR PRIVACY","REDACTED FOR PRIVACY","REDACTED FOR PRIVACY","REDACTED FOR PRIVACY","REDACTED FOR PRIVACY","REDACTED FOR PRIVACY","REDACTED FOR PRIVACY","REDACTED FOR PRIVACY","","REDACTED FOR PRIVACY","REDACTED FOR PRIVACY","REDACTED FOR PRIVACY","REDACTED FOR PRIVACY","REDACTED FOR PRIVACY","REDACTED FOR PRIVACY","REDACTED FOR PRIVACY","REDACTED FOR PRIVACY","REDACTED FOR PRIVACY","","REDACTED FOR PRIVACY","REDACTED FOR PRIVACY","","","","","","","","","","","ns1.dns-parking.com","ns2.dns-parking.com","","","clientTransferProhibited","","",""
"18","eiffelmodelsug.com","2021-07-08 16:44:10","2021-07-05","2021-07-05","2022-07-05","1472","LiquidNet Ltd.","whois.liquidnetlimited.com","http://www.liquidnetlimited.com","REDACTED FOR PRIVACY","REDACTED FOR PRIVACY","REDACTED FOR PRIVACY","REDACTED FOR PRIVACY","Kampala","REDACTED FOR PRIVACY","Uganda","","REDACTED FOR PRIVACY","REDACTED FOR PRIVACY","REDACTED FOR PRIVACY","REDACTED FOR PRIVACY","REDACTED FOR PRIVACY","REDACTED FOR PRIVACY","REDACTED FOR PRIVACY","REDACTED FOR PRIVACY","REDACTED FOR PRIVACY","","REDACTED FOR PRIVACY","REDACTED FOR PRIVACY","REDACTED FOR PRIVACY","REDACTED FOR PRIVACY","REDACTED FOR PRIVACY","REDACTED FOR PRIVACY","REDACTED FOR PRIVACY","REDACTED FOR PRIVACY","REDACTED FOR PRIVACY","","REDACTED FOR PRIVACY","REDACTED FOR PRIVACY","","","","","","","","","","","ns1.realtechosting.com","ns2.realtechosting.com","ns3.realtechosting.com","ns4.realtechosting.com","clientTransferProhibited","","",""
"19","emobilebusinessapp.com","2021-07-08 16:43:42","2021-07-05","2021-07-05","2022-07-05","1472","LiquidNet Ltd.","whois.liquidnetlimited.com","http://www.liquidnetlimited.com","REDACTED FOR PRIVACY","REDACTED FOR PRIVACY","REDACTED FOR PRIVACY","REDACTED FOR PRIVACY","Kampala","REDACTED FOR PRIVACY","Uganda","","REDACTED FOR PRIVACY","REDACTED FOR PRIVACY","REDACTED FOR PRIVACY","REDACTED FOR PRIVACY","REDACTED FOR PRIVACY","REDACTED FOR PRIVACY","REDACTED FOR PRIVACY","REDACTED FOR PRIVACY","REDACTED FOR PRIVACY","","REDACTED FOR PRIVACY","REDACTED FOR PRIVACY","REDACTED FOR PRIVACY","REDACTED FOR PRIVACY","REDACTED FOR PRIVACY","REDACTED FOR PRIVACY","REDACTED FOR PRIVACY","REDACTED FOR PRIVACY","REDACTED FOR PRIVACY","","REDACTED FOR PRIVACY","REDACTED FOR PRIVACY","","","","","","","","","","","ns1.realtechosting.com","ns2.realtechosting.com","ns3.realtechosting.com","ns4.realtechosting.com","clientTransferProhibited","","",""
"20","erienconstruction.com","2021-07-08 16:43:04","2021-07-05","2021-07-05","2022-07-05","146","GoDaddy.com, LLC","whois.godaddy.com","http://registrar.godaddy.com","erien construction","erien construction","","","central","","Uganda","","","","","","","","","","","","","","","","","","","","","","","","","","","","","","","","","","ns1.digitalocean.com","ns2.digitalocean.com","ns3.digitalocean.com","","clientDeleteProhibited","clientRenewProhibited","clientTransferProhibited","clientUpdateProhibited"
"21","gretshop.com","2021-07-08 14:27:17","2021-07-05","2021-07-05","2022-07-05","1647","Hosting Concepts B.V. dba Openprovider","whois.registrar.eu","http://www.openprovider.com","REDACTED FOR PRIVACY","Ritram Engineering Services Ltd","REDACTED FOR PRIVACY","REDACTED FOR PRIVACY","Kampala","REDACTED FOR PRIVACY","Uganda","","REDACTED FOR PRIVACY","REDACTED FOR PRIVACY","REDACTED FOR PRIVACY","REDACTED FOR PRIVACY","REDACTED FOR PRIVACY","REDACTED FOR PRIVACY","REDACTED FOR PRIVACY","REDACTED FOR PRIVACY","REDACTED FOR PRIVACY","","REDACTED FOR PRIVACY","REDACTED FOR PRIVACY","REDACTED FOR PRIVACY","REDACTED FOR PRIVACY","REDACTED FOR PRIVACY","REDACTED FOR PRIVACY","REDACTED FOR PRIVACY","REDACTED FOR PRIVACY","REDACTED FOR PRIVACY","","REDACTED FOR PRIVACY","REDACTED FOR PRIVACY","","","","","","","","","","","ns1.dns-parking.com","ns2.dns-parking.com","","","clientTransferProhibited","ok","",""
"22","hustlegret.com","2021-07-08 16:35:29","2021-07-05","2021-07-05","2022-07-05","1647","Hosting Concepts B.V. dba Openprovider","whois.registrar.eu","http://www.openprovider.com","REDACTED FOR PRIVACY","Ritram Engineering Services Ltd","REDACTED FOR PRIVACY","REDACTED FOR PRIVACY","Kampala","REDACTED FOR PRIVACY","Uganda","","REDACTED FOR PRIVACY","REDACTED FOR PRIVACY","REDACTED FOR PRIVACY","REDACTED FOR PRIVACY","REDACTED FOR PRIVACY","REDACTED FOR PRIVACY","REDACTED FOR PRIVACY","REDACTED FOR PRIVACY","REDACTED FOR PRIVACY","","REDACTED FOR PRIVACY","REDACTED FOR PRIVACY","REDACTED FOR PRIVACY","REDACTED FOR PRIVACY","REDACTED FOR PRIVACY","REDACTED FOR PRIVACY","REDACTED FOR PRIVACY","REDACTED FOR PRIVACY","REDACTED FOR PRIVACY","","REDACTED FOR PRIVACY","REDACTED FOR PRIVACY","","","","","","","","","","","ns1.dns-parking.com","ns2.dns-parking.com","","","clientTransferProhibited","ok","",""
"23","kipswift.com","2021-07-08 16:29:24","2021-07-05","2021-07-05","2022-07-05","69","Tucows Domains Inc.","whois.tucows.com","http://domainhelp.opensrs.net","REDACTED FOR PRIVACY","REDACTED FOR PRIVACY","REDACTED FOR PRIVACY","REDACTED FOR PRIVACY","UG","REDACTED FOR PRIVACY","Uganda","","REDACTED FOR PRIVACY","REDACTED FOR PRIVACY","REDACTED FOR PRIVACY","REDACTED FOR PRIVACY","REDACTED FOR PRIVACY","REDACTED FOR PRIVACY","REDACTED FOR PRIVACY","REDACTED FOR PRIVACY","REDACTED FOR PRIVACY","","REDACTED FOR PRIVACY","REDACTED FOR PRIVACY","REDACTED FOR PRIVACY","REDACTED FOR PRIVACY","REDACTED FOR PRIVACY","REDACTED FOR PRIVACY","REDACTED FOR PRIVACY","REDACTED FOR PRIVACY","REDACTED FOR PRIVACY","","REDACTED FOR PRIVACY","REDACTED FOR PRIVACY","","","","","","","","","","","dolly.ns.cloudflare.com","will.ns.cloudflare.com","","","OK","","",""
"24","legitsbiz.com","2021-07-08 16:26:59","2021-07-05","2021-07-05","2022-07-05","625","Name.com, Inc.","whois.name.com","http://www.name.com","Moses Mubiru","Price Media","Ntinda Complex , Ntinda, Uganda","Kampala","Central","00256","Uganda","","Non-Public Data","","Moses Mubiru","Price Media","Ntinda Complex , Ntinda, Uganda","Kampala","Central","00256","Uganda","","Non-Public Data","","Moses Mubiru","Price Media","Ntinda Complex , Ntinda, Uganda","Kampala","Central","00256","Uganda","","Non-Public Data","","","","","","","","","","","","ns1.netfirms.com","ns2.netfirms.com","","","addPeriod","clientTransferProhibited","",""
"25","medipointug.com","2021-07-08 16:22:21","2021-07-05","2021-07-05","2022-07-05","69","Tucows Domains Inc.","whois.tucows.com","http://domainhelp.opensrs.net","REDACTED FOR PRIVACY","REDACTED FOR PRIVACY","REDACTED FOR PRIVACY","REDACTED FOR PRIVACY","Kampala","REDACTED FOR PRIVACY","Uganda","","REDACTED FOR PRIVACY","REDACTED FOR PRIVACY","REDACTED FOR PRIVACY","REDACTED FOR PRIVACY","REDACTED FOR PRIVACY","REDACTED FOR PRIVACY","REDACTED FOR PRIVACY","REDACTED FOR PRIVACY","REDACTED FOR PRIVACY","","REDACTED FOR PRIVACY","REDACTED FOR PRIVACY","REDACTED FOR PRIVACY","REDACTED FOR PRIVACY","REDACTED FOR PRIVACY","REDACTED FOR PRIVACY","REDACTED FOR PRIVACY","REDACTED FOR PRIVACY","REDACTED FOR PRIVACY","","REDACTED FOR PRIVACY","REDACTED FOR PRIVACY","","","","","","","","","","","ns1.systemdns.com","ns2.systemdns.com","ns3.systemdns.com","","clientTransferProhibited","clientUpdateProhibited","",""
"26","omulangirizi.com","2021-07-08 14:40:02","2021-07-05","2021-07-06","2022-07-05","1479","Namesilo, LLC","whois.namesilo.com","http://www.namesilo.com","Egesa Michael","Praise WebHosts","Makindye","Kampala","Central","74704 KLA","Uganda","praisewebhosts@gmail.com","+256.782852435","","Egesa Michael","Praise WebHosts","Makindye","Kampala","Central","74704 KLA","Uganda","praisewebhosts@gmail.com","+256.782852435","","Egesa Michael","Praise WebHosts","Makindye","Kampala","Central","74704 KLA","Uganda","praisewebhosts@gmail.com","+256.782852435","","","","","","","","","","","","ns1.noc39.com","ns2.noc39.com","","","clientTransferProhibited","","",""
"27","realpursuitofexcellence.com","2021-07-08 16:12:11","2021-07-05","2021-07-05","2022-07-05","303","PDR Ltd. d/b/a PublicDomainRegistry.com","whois.publicdomainregistry.com","http://www.publicdomainregistry.com","Harry Sagara","Kidsville News Limited","Suite 6, Airways House","Kampala","Uganda","00256","Uganda","sagaraharry@gmail.com","+256.782758756","","Harry Sagara","Kidsville News Limited","Suite 6, Airways House","Kampala","Uganda","00256","Uganda","sagaraharry@gmail.com","+256.782758756","","Harry Sagara","Kidsville News Limited","Suite 6, Airways House","Kampala","Uganda","00256","Uganda","sagaraharry@gmail.com","+256.782758756","","","","","","","","","","","","ns220.jubileewebhost.com","ns221.jubileewebhost.com","ns222.jubileewebhost.com","ns223.jubileewebhost.com","clientTransferProhibited","","",""
"28","sdkengineeringservices.com","2021-07-08 16:08:13","2021-07-05","2021-07-05","2022-07-05","1472","LiquidNet Ltd.","whois.liquidnetlimited.com","http://www.liquidnetlimited.com","REDACTED FOR PRIVACY","REDACTED FOR PRIVACY","REDACTED FOR PRIVACY","REDACTED FOR PRIVACY","Seeta","REDACTED FOR PRIVACY","Uganda","","REDACTED FOR PRIVACY","REDACTED FOR PRIVACY","REDACTED FOR PRIVACY","REDACTED FOR PRIVACY","REDACTED FOR PRIVACY","REDACTED FOR PRIVACY","REDACTED FOR PRIVACY","REDACTED FOR PRIVACY","REDACTED FOR PRIVACY","","REDACTED FOR PRIVACY","REDACTED FOR PRIVACY","REDACTED FOR PRIVACY","REDACTED FOR PRIVACY","REDACTED FOR PRIVACY","REDACTED FOR PRIVACY","REDACTED FOR PRIVACY","REDACTED FOR PRIVACY","REDACTED FOR PRIVACY","","REDACTED FOR PRIVACY","REDACTED FOR PRIVACY","","","","","","","","","","","dns1.supremepanel.com","dns2.supremepanel.com","","","clientTransferProhibited","","",""
"29","skautoworkshop.com","2021-07-08 16:06:18","2021-07-05","2021-07-05","2022-07-05","1390","Mesh Digital Limited","whois.meshdigital.com","http://www.meshdigital.com","REDACTED FOR PRIVACY","","REDACTED FOR PRIVACY","REDACTED FOR PRIVACY","","REDACTED FOR PRIVACY","Uganda","","REDACTED FOR PRIVACY","REDACTED FOR PRIVACY","","","","","","","","","","","","","","","","","","","","","","","","","","","","","","","ns1.crystalwebhosting.com","ns2.crystalwebhosting.com","","","OK","","",""
"30","ugamic.com","2021-07-08 15:59:22","2021-07-05","2021-07-05","2022-07-05","1390","Mesh Digital Limited","whois.meshdigital.com","http://www.meshdigital.com","REDACTED FOR PRIVACY","","REDACTED FOR PRIVACY","REDACTED FOR PRIVACY","","REDACTED FOR PRIVACY","Uganda","","REDACTED FOR PRIVACY","REDACTED FOR PRIVACY","","","","","","","","","","","","","","","","","","","","","","","","","","","","","","","ns1.crystalwebhosting.com","ns2.crystalwebhosting.com","","","OK","","",""
"31","uganda-insurance.com","2021-07-08 17:15:23","2021-07-05","2021-07-05","2022-07-05","886","Domain.com, LLC","whois.domain.com","http://www.domain.com","REDACTED FOR PRIVACY","REDACTED FOR PRIVACY","REDACTED FOR PRIVACY","REDACTED FOR PRIVACY","NA","REDACTED FOR PRIVACY","Uganda","","REDACTED FOR PRIVACY","REDACTED FOR PRIVACY","REDACTED FOR PRIVACY","REDACTED FOR PRIVACY","REDACTED FOR PRIVACY","REDACTED FOR PRIVACY","REDACTED FOR PRIVACY","REDACTED FOR PRIVACY","REDACTED FOR PRIVACY","","REDACTED FOR PRIVACY","REDACTED FOR PRIVACY","REDACTED FOR PRIVACY","REDACTED FOR PRIVACY","REDACTED FOR PRIVACY","REDACTED FOR PRIVACY","REDACTED FOR PRIVACY","REDACTED FOR PRIVACY","REDACTED FOR PRIVACY","","REDACTED FOR PRIVACY","REDACTED FOR PRIVACY","","","","","","","","","","","ns1.ipage.com","ns2.ipage.com","","","","","",""
"32","v1b3m.tech","2021-07-08 15:06:19","2021-07-05","2021-07-05","2022-07-05","1913","DOTSERVE INC.","whois.nic.press","http://nic.press","","","","","3476","","Uganda","","","","","","","","","","","","","","","","","","","","","","","","","","","","","","","","","","cont603385.earth.orderbox-dns.com","cont603385.mars.orderbox-dns.com","cont603385.mercury.orderbox-dns.com","cont603385.venus.orderbox-dns.com","addPeriod","clientTransferProhibited","serverTransferProhibited",""
"33","zambiacarrentalservices.com","2021-07-08 15:50:11","2021-07-05","2021-07-05","2022-07-05","48","eNom, Inc.","whois.enom.com","http://www.enom.com","REDACTED FOR PRIVACY","REDACTED FOR PRIVACY","REDACTED FOR PRIVACY","REDACTED FOR PRIVACY","","REDACTED FOR PRIVACY","Uganda","","REDACTED FOR PRIVACY","REDACTED FOR PRIVACY","REDACTED FOR PRIVACY","REDACTED FOR PRIVACY","REDACTED FOR PRIVACY","REDACTED FOR PRIVACY","REDACTED FOR PRIVACY","REDACTED FOR PRIVACY","REDACTED FOR PRIVACY","","REDACTED FOR PRIVACY","REDACTED FOR PRIVACY","REDACTED FOR PRIVACY","REDACTED FOR PRIVACY","REDACTED FOR PRIVACY","REDACTED FOR PRIVACY","REDACTED FOR PRIVACY","REDACTED FOR PRIVACY","REDACTED FOR PRIVACY","","REDACTED FOR PRIVACY","REDACTED FOR PRIVACY","","","","","","","","","","","dns10.infopoint.biz","dns11.infopoint.biz","","","addPeriod","clientTransferProhibited","",""