"num","domain_name","query_time","create_date","update_date","expiry_date","domain_registrar_id","domain_registrar_name","domain_registrar_whois","domain_registrar_url","registrant_name","registrant_company","registrant_address","registrant_city","registrant_state","registrant_zip","registrant_country","registrant_email","registrant_phone","registrant_fax","administrative_name","administrative_company","administrative_address","administrative_city","administrative_state","administrative_zip","administrative_country","administrative_email","administrative_phone","administrative_fax","technical_name","technical_company","technical_address","technical_city","technical_state","technical_zip","technical_country","technical_email","technical_phone","technical_fax","billing_name","billing_company","billing_address","billing_city","billing_state","billing_zip","billing_country","billing_email","billing_phone","billing_fax","name_server_1","name_server_2","name_server_3","name_server_4","domain_status_1","domain_status_2","domain_status_3","domain_status_4"
"1","anastasia-uruguay.store","2021-07-08 15:09:37","2021-07-05","2021-07-06","2022-07-05","146","GoDaddy.com, LLC","whois.godaddy.com","http://registrar.godaddy.com","ANASTASIA","ANASTASIA","","","Lavalleja","","Uruguay","","","","","","","","","","","","","","","","","","","","","","","","","","","","","","","","","","ns8.wixdns.net","ns9.wixdns.net","","","addPeriod","clientDeleteProhibited","clientRenewProhibited","clientTransferProhibited"
"2","clannadesign.com","2021-07-08 16:51:29","2021-07-05","2021-07-05","2022-07-05","146","GoDaddy.com, LLC","whois.godaddy.com","http://registrar.godaddy.com","Clanna design","Clanna design","","","Treinta y tres","","Uruguay","","","","","","","","","","","","","","","","","","","","","","","","","","","","","","","","","","ns09.domaincontrol.com","ns10.domaincontrol.com","","","clientDeleteProhibited","clientRenewProhibited","clientTransferProhibited","clientUpdateProhibited"
"3","discondis.com","2021-07-08 16:46:35","2021-07-05","2021-07-05","2023-07-05","146","GoDaddy.com, LLC","whois.godaddy.com","http://registrar.godaddy.com","Zoblic","Zoblic","","","Montevideo","","Uruguay","","","","","","","","","","","","","","","","","","","","","","","","","","","","","","","","","","ns15.domaincontrol.com","ns16.domaincontrol.com","","","clientDeleteProhibited","clientRenewProhibited","clientTransferProhibited","clientUpdateProhibited"
"4","emisorapuertodelbuceo.com","2021-07-08 16:43:39","2021-07-05","2021-07-05","2022-07-05","303","PDR Ltd. d/b/a PublicDomainRegistry.com","whois.publicdomainregistry.com","http://www.publicdomainregistry.com","Ideasweb Uruguay","IDEASWEB","Los Laureles 1014","Pando","Canelones","91000","Uruguay","ideasweburuguay@gmail.com","+598.99429567","","Ideasweb Uruguay","IDEASWEB","Los Laureles 1014","Pando","Canelones","91000","Uruguay","ideasweburuguay@gmail.com","+598.99429567","","Ideasweb Uruguay","IDEASWEB","Los Laureles 1014","Pando","Canelones","91000","Uruguay","ideasweburuguay@gmail.com","+598.99429567","","","","","","","","","","","","ns1.ideasweb-server.com","ns2.ideasweb-server.com","","","clientTransferProhibited","","",""
"5","entienda.tech","2021-07-08 15:07:46","2021-07-05","","2022-07-05","1388","Dattatec.com SRL","whois.dattatec.com","http://www.dattatec.com","Martin Daguerre","Martin Daguerre","","","Montevideo","","Uruguay","","","","","","","","","","","","","","","","","","","","","","","","","","","","","","","","","","ns1.donweb.cl","ns1.donweb.co","ns1.donweb.mx","ns1.donweb.uy","addPeriod","serverTransferProhibited","",""
"6","entremisartes.com","2021-07-08 16:43:28","2021-07-05","2021-07-05","2022-07-05","955","Launchpad, Inc.","whois.launchpad.com","http://www.launchpad.com","Agustina Noya","None","Asuncion 1531","Montevideo","MO","11800","Uruguay","agustinanoya@outlook.com","+598.99041836","","Agustina Noya","None","Asuncion 1531","Montevideo","MO","11800","Uruguay","agustinanoya@outlook.com","+598.99041836","","Agustina Noya","None","Asuncion 1531","Montevideo","MO","11800","Uruguay","agustinanoya@outlook.com","+598.99041836","","","","","","","","","","","","ns4031.hostgator.com","ns4032.hostgator.com","","","clientTransferProhibited","","",""
"7","inspiracionesig.com","2021-07-08 16:33:59","2021-07-05","2021-07-05","2022-07-05","955","Launchpad, Inc.","whois.launchpad.com","http://www.launchpad.com","Andres Alves","None","P. Gomez Figueredo 23","Colonia Del Sacramento","CO","70000","Uruguay","trafficker.uy@gmail.com","+598.94581182","","Andres Alves","None","P. Gomez Figueredo 23","Colonia Del Sacramento","CO","70000","Uruguay","trafficker.uy@gmail.com","+598.94581182","","Andres Alves","None","P. Gomez Figueredo 23","Colonia Del Sacramento","CO","70000","Uruguay","trafficker.uy@gmail.com","+598.94581182","","","","","","","","","","","","ns8503.hostgator.com","ns8504.hostgator.com","","","clientTransferProhibited","","",""
"8","isopopo.com","2021-07-08 16:33:08","2021-07-05","2021-07-05","2022-07-05","146","GoDaddy.com, LLC","whois.godaddy.com","http://registrar.godaddy.com","florencia gonzalez gadea","florencia gonzalez gadea","","","Canelones","","Uruguay","","","","","","","","","","","","","","","","","","","","","","","","","","","","","","","","","","ns55.domaincontrol.com","ns56.domaincontrol.com","","","clientDeleteProhibited","clientRenewProhibited","clientTransferProhibited","clientUpdateProhibited"
"9","pasteleriamia.com","2021-07-08 16:16:49","2021-07-05","2021-07-05","2022-07-05","379","Arsys Internet, S.L. dba NICLINE.COM","whois.nicline.com","http://www.nicline.com","REDACTED FOR PRIVACY","Pasteleria mia","REDACTED FOR PRIVACY","REDACTED FOR PRIVACY","SIN PROVINCIA","REDACTED FOR PRIVACY","Uruguay","whoiscontact@domainconnection.info","REDACTED FOR PRIVACY","REDACTED FOR PRIVACY","REDACTED FOR PRIVACY","REDACTED FOR PRIVACY","REDACTED FOR PRIVACY","REDACTED FOR PRIVACY","REDACTED FOR PRIVACY","REDACTED FOR PRIVACY","REDACTED FOR PRIVACY","whoiscontact@domainconnection.info","REDACTED FOR PRIVACY","REDACTED FOR PRIVACY","REDACTED FOR PRIVACY","REDACTED FOR PRIVACY","REDACTED FOR PRIVACY","REDACTED FOR PRIVACY","REDACTED FOR PRIVACY","REDACTED FOR PRIVACY","REDACTED FOR PRIVACY","whoiscontact@domainconnection.info","REDACTED FOR PRIVACY","REDACTED FOR PRIVACY","","","","","","","","","","","ns25.piensasolutions.com","ns26.piensasolutions.com","","","addPeriod","clientTransferProhibited","",""
"10","sillasmontevideo.com","2021-07-08 16:06:34","2021-07-05","2021-07-05","2022-07-05","303","PDR Ltd. d/b/a PublicDomainRegistry.com","whois.publicdomainregistry.com","http://www.publicdomainregistry.com","Robert Romero","","Robinson, 3385 Montevideo","Montevideo","Montevideo","12000","Uruguay","raromerof@hotmail.com","+598.094500845","","Robert Romero","","Robinson, 3385 Montevideo","Montevideo","Montevideo","12000","Uruguay","raromerof@hotmail.com","+598.094500845","","Robert Romero","","Robinson, 3385 Montevideo","Montevideo","Montevideo","12000","Uruguay","raromerof@hotmail.com","+598.094500845","","","","","","","","","","","","ns54.hostgator.mx","ns55.hostgator.mx","","","clientTransferProhibited","","",""
"11","tabernaculomelo.com","2021-07-08 16:02:10","2021-07-05","2021-07-05","2022-07-05","106","Ascio Technologies, Inc. Danmark - Filial af Ascio technologies, Inc. USA","whois.ascio.com","http://www.ascio.com","Not Disclosed","Not Disclosed","Not Disclosed","Not Disclosed","","Not Disclosed","Uruguay","","Not Disclosed","Not Disclosed","Not Disclosed","Not Disclosed","Not Disclosed","Not Disclosed","Not Disclosed","Not Disclosed","Not Disclosed","","Not Disclosed","Not Disclosed","Not Disclosed","Not Disclosed","Not Disclosed","Not Disclosed","Not Disclosed","Not Disclosed","Not Disclosed","","Not Disclosed","Not Disclosed","","","","","","","","","","","dns1.123hjemmeside.dk","dns2.123hjemmeside.dk","dns3.123hjemmeside.dk","","OK","","",""