"num","domain_name","query_time","create_date","update_date","expiry_date","domain_registrar_id","domain_registrar_name","domain_registrar_whois","domain_registrar_url","registrant_name","registrant_company","registrant_address","registrant_city","registrant_state","registrant_zip","registrant_country","registrant_email","registrant_phone","registrant_fax","administrative_name","administrative_company","administrative_address","administrative_city","administrative_state","administrative_zip","administrative_country","administrative_email","administrative_phone","administrative_fax","technical_name","technical_company","technical_address","technical_city","technical_state","technical_zip","technical_country","technical_email","technical_phone","technical_fax","billing_name","billing_company","billing_address","billing_city","billing_state","billing_zip","billing_country","billing_email","billing_phone","billing_fax","name_server_1","name_server_2","name_server_3","name_server_4","domain_status_1","domain_status_2","domain_status_3","domain_status_4"
"1","dashwarp.com","2021-07-08 16:48:13","2021-07-05","2021-07-05","2022-07-05","2","Network Solutions, LLC","whois.networksolutions.com","http://networksolutions.com","Lorens, Freddy","","Main str 158","Kyiv","Kyiv","01001","Uzbekistan","freddylorens@outlook.com","+380955279562","","Lorens, Freddy","","Main str 158","Kyiv","Kyiv","01001","Uzbekistan","freddylorens@outlook.com","+380955279562","","Lorens, Freddy","","Main str 158","Kyiv","Kyiv","01001","Uzbekistan","freddylorens@outlook.com","+380955279562","","","","","","","","","","","","ns1.brandbucket.com","ns2.brandbucket.com","","","clientTransferProhibited","","",""
"2","eltinco.com","2021-07-08 16:43:45","2021-07-05","2021-07-07","2022-07-05","1387","1API GmbH","whois.1api.net","http://www.1api.net","REDACTED FOR PRIVACY","REDACTED FOR PRIVACY","REDACTED FOR PRIVACY","REDACTED FOR PRIVACY","????????","REDACTED FOR PRIVACY","Uzbekistan","","REDACTED FOR PRIVACY","","REDACTED FOR PRIVACY","REDACTED FOR PRIVACY","REDACTED FOR PRIVACY","REDACTED FOR PRIVACY","REDACTED FOR PRIVACY","REDACTED FOR PRIVACY","REDACTED FOR PRIVACY","","REDACTED FOR PRIVACY","","REDACTED FOR PRIVACY","REDACTED FOR PRIVACY","REDACTED FOR PRIVACY","REDACTED FOR PRIVACY","REDACTED FOR PRIVACY","REDACTED FOR PRIVACY","REDACTED FOR PRIVACY","","REDACTED FOR PRIVACY","","","","","","","","","","","","ns139.namehero.net","ns140.namehero.net","","","clientTransferProhibited","","",""
"3","hilolexpress.com","2021-07-08 14:37:47","2021-07-05","2021-07-05","2022-07-05","1505","Gransy s.r.o. d/b/a subreg.cz","whois.regtons.com","http://regtons.com","Not Disclosed Not Disclosed","","Not Disclosed","Not Disclosed","?????????? ???????","Not Disclosed","Uzbekistan","webproxy@whoisprotection.domains","Not Disclosed","Not Disclosed","Not Disclosed Not Disclosed","","Not Disclosed","Not Disclosed","Not Disclosed","Not Disclosed","Not Disclosed","webproxy@whoisprotection.domains","Not Disclosed","Not Disclosed","Not Disclosed Not Disclosed","","Not Disclosed","Not Disclosed","Not Disclosed","Not Disclosed","Not Disclosed","webproxy@whoisprotection.domains","Not Disclosed","Not Disclosed","","","","","","","","","","","dns1.webspace.uz","dns2.webspace.uz","dns3.webspace.uz","dns4.webspace.uz","OK","","",""
"4","medicpatrol.com","2021-07-08 16:22:23","2021-07-05","2021-07-05","2022-07-05","2","Network Solutions, LLC","whois.networksolutions.com","http://networksolutions.com","Lorens, Freddy","","Main str 158","Kyiv","Kyiv","01001","Uzbekistan","freddylorens@outlook.com","+380955279562","","Lorens, Freddy","","Main str 158","Kyiv","Kyiv","01001","Uzbekistan","freddylorens@outlook.com","+380955279562","","Lorens, Freddy","","Main str 158","Kyiv","Kyiv","01001","Uzbekistan","freddylorens@outlook.com","+380955279562","","","","","","","","","","","","ns1.brandbucket.com","ns2.brandbucket.com","","","","","",""
"5","metermill.com","2021-07-08 16:21:51","2021-07-05","2021-07-05","2022-07-05","2","Network Solutions, LLC","whois.networksolutions.com","http://networksolutions.com","Lorens, Freddy","","Main str 158","Kyiv","Kyiv","01001","Uzbekistan","freddylorens@outlook.com","+380955279562","","Lorens, Freddy","","Main str 158","Kyiv","Kyiv","01001","Uzbekistan","freddylorens@outlook.com","+380955279562","","Lorens, Freddy","","Main str 158","Kyiv","Kyiv","01001","Uzbekistan","freddylorens@outlook.com","+380955279562","","","","","","","","","","","","ns1.brandbucket.com","ns2.brandbucket.com","","","clientTransferProhibited","","",""
"6","poshyouth.com","2021-07-08 16:14:33","2021-07-05","2021-07-05","2022-07-05","2","Network Solutions, LLC","whois.networksolutions.com","http://networksolutions.com","Lorens, Freddy","","Main str 158","Kyiv","Kyiv","01001","Uzbekistan","freddylorens@outlook.com","+380955279562","","Lorens, Freddy","","Main str 158","Kyiv","Kyiv","01001","Uzbekistan","freddylorens@outlook.com","+380955279562","","Lorens, Freddy","","Main str 158","Kyiv","Kyiv","01001","Uzbekistan","freddylorens@outlook.com","+380955279562","","","","","","","","","","","","ns1.brandbucket.com","ns2.brandbucket.com","","","clientTransferProhibited","","",""
"7","regaldevil.com","2021-07-08 16:11:31","2021-07-05","2021-07-05","2022-07-05","2","Network Solutions, LLC","whois.networksolutions.com","http://networksolutions.com","Lorens, Freddy","","Main str 158","Kyiv","Kyiv","01001","Uzbekistan","freddylorens@outlook.com","+380955279562","","Lorens, Freddy","","Main str 158","Kyiv","Kyiv","01001","Uzbekistan","freddylorens@outlook.com","+380955279562","","Lorens, Freddy","","Main str 158","Kyiv","Kyiv","01001","Uzbekistan","freddylorens@outlook.com","+380955279562","","","","","","","","","","","","ns1.brandbucket.com","ns2.brandbucket.com","","","clientTransferProhibited","","",""
"8","rubyhoney.com","2021-07-08 17:46:27","2021-07-05","2021-07-05","2022-07-05","2","Network Solutions, LLC","whois.networksolutions.com","http://networksolutions.com","Lorens, Freddy","","Main str 158","Kyiv","Kyiv","01001","Uzbekistan","freddylorens@outlook.com","+380955279562","","Lorens, Freddy","","Main str 158","Kyiv","Kyiv","01001","Uzbekistan","freddylorens@outlook.com","+380955279562","","Lorens, Freddy","","Main str 158","Kyiv","Kyiv","01001","Uzbekistan","freddylorens@outlook.com","+380955279562","","","","","","","","","","","","ns1.brandbucket.com","ns2.brandbucket.com","","","clientTransferProhibited","","",""
"9","stackapple.com","2021-07-08 01:35:58","2021-07-07","2021-07-07","2022-07-07","2","Network Solutions, LLC","whois.networksolutions.com","http://networksolutions.com","Lorens, Freddy","","Main str 158","Kyiv","Kyiv","01001","Uzbekistan","freddylorens@outlook.com","+380955279562","","Lorens, Freddy","","Main str 158","Kyiv","Kyiv","01001","Uzbekistan","freddylorens@outlook.com","+380955279562","","Lorens, Freddy","","Main str 158","Kyiv","Kyiv","01001","Uzbekistan","freddylorens@outlook.com","+380955279562","","","","","","","","","","","","ns1.brandbucket.com","ns2.brandbucket.com","","","clientTransferProhibited","","",""